"_primaryKey","_firstSeenAt","_lastSeenAt","listingId","vin","stockNumber","year","makeCode","makeName","modelCode","modelName","trim","bodyStyle","listingType","listingTitle","mileage","salePrice","msrp","dealIndicator","kbbFairPurchasePrice","kbbFairPriceLow","kbbFairPriceHigh","exteriorColor","exteriorColorSimple","interiorColor","interiorColorSimple","engineCode","engine","drivetrain","transmissionCode","transmission","transmissionGroup","fuelTypeCode","fuelType","fuelTypeGroup","mpgCity","mpgHighway","displacementUOM","hasLeatherSeats","daysOnMarket","isHot","isNewlyListed","isReducedPrice","isNoHagglePrice","hasSpecialOffer","moneyBackGuarantee","mainImageIsStock","priority","sellerId","sellerName","sellerPhone","sellerRating","sellerReviewCount","sellerWebsite","isPrivateSeller","sellerContractLevel","kbbVehicleId","kbbConsumerRatings","kbbConsumerReviewCount","safetyRecallCount","vhrPreview","options","optionsCount","description","images","imagesCount","sellerAddress","sellerCity","sellerState","sellerZip","listingUrl"
"785133503","2026-07-28 23:59:40.229","2026-07-28 23:59:40.229","785133503","[PREMIUM]","96935",2025,"NISSAN","Nissan","SENTRA","Sentra","SV","SEDAN","Used","Used 2025 Nissan Sentra SV",35270,"[PREMIUM]",,"Great","[PREMIUM]",16360,20710,"Rosewood Metallic","BROWN","Charcoal","BLACK","4CLDR","4-Cylinder","2 wheel drive - front","AUT","Continuously Variable Automatic","Automatic","G","Gasoline","Gas",30,40,2,false,7,false,false,true,,false,,,"30",594833,"[PREMIUM]","[PREMIUM]","[PREMIUM]",459,"[PREMIUM]",false,"PARTNER",475173,3.9,52,0,"[""NO_SALVAGE_TITLE"",""NO_FRAME_DAMAGE"",""NO_FLOOD_WATER_DAMAGE"",""NO_ACCIDENTS_REPORTED"",""ONE_OWNER"",""FREE_REPORT""]","{""exterior"":[""Aluminum Wheels"",""Automatic Headlights"",""Automatic Highbeams"",""Power Mirror(s)"",""ROSEWOOD METALLIC"",""Tires - Front All-Season"",""Tires - Rear All-Season""],""interior"":[""A/C"",""Adjustable Steering Wheel"",""Bucket Seats"",""CHARCOAL  UPGRADED CLOTH SEAT TRIM"",""Cloth Seats"",""Driver Vanity Mirror"",""Intermittent Wipers"",""Pass-Through Rear Seat"",""Passenger Vanity Mirror"",""Power Door Locks"",""Power Windows"",""Rear Bench Seat"",""Rear Defrost"",""Remote Trunk Release"",""Steering Wheel Audio Controls"",""Trip Computer"",""Variable Speed Intermittent Wipers""],""mechanical"":[""4-Wheel Disc Brakes"",""Brake Actuated Limited Slip Differential"",""Front Wheel Drive"",""Power Steering""],""other"":[""Driver Monitoring"",""Front Collision Mitigation"",""H01 NISSAN CONNECT SERVICES  -inc: over-the-air (OTA) updating for headunit firmware via a Wi-Fi WPA2 connection  Wi-Fi Hotspot  NissanConnect Services"",""Rear Collision Mitigation"",""Requires Subscription"",""Smart Device Integration""],""safety"":[""ABS"",""Blind Spot Monitor"",""Brake Assist"",""Child Safety Locks"",""Cross-Traffic Alert"",""Driver Air Bag"",""Front Head Air Bag"",""Front Side Air Bag"",""Knee Air Bag"",""Lane Departure Warning"",""Passenger Air Bag"",""Passenger Air Bag Sensor"",""Rear Head Air Bag"",""Rear Side Air Bag"",""Security System"",""Stability Control"",""Temporary Spare Tire"",""Tire Pressure Monitor"",""Traction Control""],""technology"":[""AM/FM Stereo"",""Adaptive Cruise Control"",""Auxiliary Audio Input"",""Back-Up Camera"",""Bluetooth Connection"",""Cruise Control"",""Immobilizer"",""Keyless Entry"",""Keyless Start"",""MP3 Capability"",""Rear Parking Aid"",""Satellite Radio""]}",65,"At Hertz Car Sales, view our thousands of vehicles with pricing often below market value! Take advantage of no-haggle pricing, our 7 day/250 mile Buy Back Guarantee, as well as a standard 12mth/12K mile limited powertrain warranty on every Certified vehicle. We have financing options for almost every budget and can provide competitive trade-in appraisals at our location. We have additional protection products available to protect your investment, and can ship your car to your door! Contact us today to find out more! Recent Arrival! Priced below KBB Fair Purchase Price!<br><br>**115 POINT INSPECTION**, CVT with Xtronic, Charcoal Cloth. Certified. Certification Program Details: At Hertz Car Sales every retail vehicle undergoes an inspection process to make sure they meet quality standards. Also, all our vehicles come with a free Auto check vehicle history report. 30/40 City/Highway MPG<br><br><br>Visit /santa-clara or call us at  .<br><br>*Price excludes government fees and taxes, any finance charges, any electronic filing charge, and any emission testing charge. The price includes a dealer document preparation charge of $85.","[PREMIUM]",41,"4401 Stevens Creek Boulevard","Santa Clara","CA","95051","[PREMIUM]"
"786425269","2026-07-28 23:59:40.211","2026-07-28 23:59:40.211","786425269","[PREMIUM]","958132P",2025,"KIA","Kia","SOUL","Soul","LX","HATCH","Used","Used 2025 Kia Soul LX w/ LX Technology Package",10231,"[PREMIUM]",,"Great","[PREMIUM]",17520,21770,,,"Black","BLACK","4CLDR","4-Cylinder","2 wheel drive - front","AUT","Continuously Variable Automatic","Automatic","G","Gasoline","Gas",29,35,2,false,5,false,true,false,,false,,,"30",73165177,"[PREMIUM]","[PREMIUM]","[PREMIUM]",1250,"[PREMIUM]",false,"PARTNER",475750,4.4,77,0,"[""NO_SALVAGE_TITLE"",""NO_FRAME_DAMAGE"",""NO_FLOOD_WATER_DAMAGE"",""NO_ACCIDENTS_REPORTED"",""ONE_OWNER"",""FREE_REPORT""]","{""exterior"":[""Automatic Headlights"",""Power Mirror(s)"",""Steel Wheels"",""Tires - Front All-Season"",""Tires - Rear All-Season"",""Wheel Covers""],""interior"":[""AC"",""Adjustable Steering Wheel"",""Bucket Seats"",""Cloth Seats"",""Driver Vanity Mirror"",""Intermittent Wipers"",""Pass-Through Rear Seat"",""Passenger Vanity Mirror"",""Power Door Locks"",""Power Windows"",""Privacy Glass"",""Rear Defrost"",""Steering Wheel Audio Controls"",""Transmission w/Dual Shift Mode"",""Trip Computer"",""Variable Speed Intermittent Wipers""],""mechanical"":[""4 Cylinder Engine"",""4-Wheel Disc Brakes"",""CVT Transmission"",""Front Wheel Drive"",""Gasoline Fuel"",""Power Steering""],""other"":[""Apple CarPlay"",""Smart Device Integration""],""safety"":[""ABS"",""Brake Assist"",""Child Safety Locks"",""Daytime Running Lights"",""Driver Air Bag"",""Front Head Air Bag"",""Front Side Air Bag"",""Lane Keeping Assist"",""Passenger Air Bag"",""Rear Head Air Bag"",""Stability Control"",""Temporary Spare Tire"",""Tire Pressure Monitor"",""Traction Control""],""technology"":[""AM/FM Stereo"",""Auxiliary Audio Input"",""Back-Up Camera"",""Bluetooth"",""Cruise Control"",""Engine Immobilizer"",""Keyless Entry"",""MP3 Player""]}",52,"2025 Kia Soul LX Steel Gray CARFAX One-Owner. Clean CARFAX.<br><br>2025 Kia Soul LX FWD CVT 2.0L I4 DOHC<br><br>THIS VEHICLE IS EQUIPPED WITH THE FOLLOWING OPTIONS AND FEATURES: 4-Wheel Disc Brakes, 6 Speakers, 6.5J x 16 Alloy Wheels, ABS brakes, Air Conditioning, Apple CarPlay &amp; Android Auto, Auto High-beam Headlights, Brake assist, Bumpers: body-color, Compass, Delay-off headlights, Driver door bin, Driver vanity mirror, Dual front impact airbags, Dual front side impact airbags, Electronic Stability Control, Exterior Parking Camera Rear, Front anti-roll bar, Front Bucket Seats, Front Center Armrest, Front reading lights, Front wheel independent suspension, Fully automatic headlights, Illuminated entry, Low tire pressure warning, Occupant sensing airbag, Outside temperature display, Overhead airbag, Overhead console, Panic alarm, Passenger door bin, Passenger vanity mirror, Power door mirrors, Power steering, Power windows, Radio data system, Radio: AM/FM/MP3/HD Audio System, Rear window defroster, Rear window wiper, Remote keyless entry, Speed control, Speed-sensing steering, Split folding rear seat, Steering wheel mounted audio controls, Tachometer, Telescoping steering wheel, Tilt steering wheel, Traction control, Trip computer, Variably intermittent wipers, and Woven &amp; Tricot Cloth Seat Trim. Recent Arrival! Odometer is 10197 miles below market average! 29/35 City/Highway MPG<br><br><br>Price does not include taxes and license fees. Prices include $799 dealer doc fee. Does not include optional accessories of Desert Protection Package $1996, $899 PermaPlate, $299 Door Edge Guards, $199 Nitro and $599 Tint.","[PREMIUM]",26,"7150 W. Sahara","Las Vegas","NV","89117","[PREMIUM]"
"785171897","2026-07-28 23:59:40.207","2026-07-28 23:59:40.207","785171897","[PREMIUM]","SL477599R",2025,"NISSAN","Nissan","NISKICKS","Kicks","Play S","SUV","Certified","Certified 2025 Nissan Kicks Play S",4403,"[PREMIUM]",,"Great","[PREMIUM]",19270,23070,"Fresh Powder","WHITE","Charcoal","BLACK","4CLDR","4-Cylinder","2 wheel drive - front","AUT","Continuously Variable Automatic","Automatic","G","Gasoline","Gas",31,36,1.6,false,19,false,false,false,,false,,,"20",73099641,"[PREMIUM]","[PREMIUM]","[PREMIUM]",3267,"[PREMIUM]",false,"PARTNER",476295,4,73,0,"[""NO_SALVAGE_TITLE"",""NO_FRAME_DAMAGE"",""NO_FLOOD_WATER_DAMAGE"",""NO_ACCIDENTS_REPORTED"",""FREE_REPORT""]","{""exterior"":[""Automatic Headlights"",""Power Mirror(s)"",""Steel Wheels"",""Tires - Front All-Season"",""Tires - Rear All-Season"",""Wheel Covers""],""interior"":[""AC"",""Adjustable Steering Wheel"",""Bucket Seats"",""Cloth Seats"",""Driver Vanity Mirror"",""Intermittent Wipers"",""Pass-Through Rear Seat"",""Passenger Vanity Mirror"",""Power Door Locks"",""Power Windows"",""Rear Defrost"",""Remote Trunk Release"",""Steering Wheel Audio Controls"",""Trip Computer"",""Variable Speed Intermittent Wipers""],""mechanical"":[""4 Cylinder Engine"",""CVT Transmission"",""Front Disc/Rear Drum Brakes"",""Front Wheel Drive"",""Gasoline Fuel"",""Power Steering""],""other"":[""Apple CarPlay"",""Smart Device Integration""],""safety"":[""ABS"",""Blind Spot Monitor"",""Brake Assist"",""Child Safety Locks"",""Cross-Traffic Alert"",""Driver Air Bag"",""Front Head Air Bag"",""Front Side Air Bag"",""Passenger Air Bag"",""Rear Head Air Bag"",""Rear Side Air Bag"",""Stability Control"",""Temporary Spare Tire"",""Tire Pressure Monitor"",""Traction Control""],""technology"":[""AM/FM Stereo"",""Auxiliary Audio Input"",""Back-Up Camera"",""Bluetooth"",""Cruise Control"",""Engine Immobilizer"",""Keyless Entry"",""Keyless Start"",""MP3 Player"",""Rear Parking Aid""]}",54,"Nissan Certified Certified, 16 Steel Wheels with Full Covers, 6 Speakers, ABS brakes, Air Conditioning, AM/FM Audio System, AM/FM radio, Apple CarPlay/Android Auto, Auto High-beam Headlights, Blind Spot Warning, Brake assist, Bumpers: body-color, Carpeted Floor Mats with Cargo Mat, Center Armrest with Storage, Cloth Seat Trim with Single Stitch, Driver door bin, Driver vanity mirror, Drivers Seat Mounted Armrest, Dual front impact airbags, Dual front side impact airbags, Electronic Stability Control, Front anti-roll bar, Front Bucket Seats, Front reading lights, Front wheel independent suspension, Fully automatic headlights, Illuminated entry, Knee airbag, Low tire pressure warning, Occupant sensing airbag, Outside temperature display, Overhead airbag, Panic alarm, Passenger door bin, Passenger vanity mirror, Power door mirrors, Power steering, Power windows, Radio data system, Rear Parking Sensors, Rear reading lights, Rear side impact airbag, Rear window defroster, Rear window wiper, Remote keyless entry, Speed control, Splash Guards Grain (4 Piece), Split folding rear seat, Sport steering wheel, Steering wheel mounted audio controls, Tachometer, Telescoping steering wheel, Tilt steering wheel, Traction control, Trip computer, and Variably intermittent wipers. CARFAX One-Owner. Certified. Fresh Powder 2025 Nissan Kicks Play S Priced below KBB Fair Purchase Price! FWD CVT 1.6L 4-Cylinder DOHC 16V Clean CARFAX.<br>Odometer is 625 miles below market average! 31/36 City/Highway MPG<br>Nissan Certified Details:<br><br>* Transferable Warranty<br>* Warranty Deductible: $100<br>* Limited Warranty: 84 Month/100,000 Mile (whichever occurs first)<br>* 7 Year/100,000 Mile Limited Warranty, 24/7 Hour Roadside Assistance, Carfax Vehicle History Report, Plus 1 Year Pre-Paid Maintenance Included. Gas Powered Nissan Models Only.<br>* 167 Point Inspection<br>* Roadside Assistance<br>* Vehicle History<br><br><br>New disclaimer: Price does not include tax, title and license. Prices include $595 dealer doc fee. Does not include optional accessories of $595 Lifetime Window Tint, $695 Clear Shield Package, $1,595 Karr Security, and $299 Wheel Locks. Used disclaimer: Price does not include tax, title and license. Prices include $595 dealer doc fee. Does not include optional accessories of $595 Lifetime Window Tint, $695 Clear Shield Package, and $1,595 Karr Security.","[PREMIUM]",44,"10305 W Papago FWY","Avondale","AZ","85323","[PREMIUM]"
"786519266","2026-07-28 23:59:40.207","2026-07-28 23:59:40.207","786519266","[PREMIUM]","61769",2025,"NISSAN","Nissan","VERSA","Versa","SV","SEDAN","Used","Used 2025 Nissan Versa SV",27630,"[PREMIUM]",,"Great","[PREMIUM]",15780,18430,"Brilliant Silver Metallic","SILVER","Graphite","GRAY","4CLDR","4-Cylinder","2 wheel drive - front","AUT","Continuously Variable Automatic","Automatic","G","Gasoline","Gas",32,40,1.6,false,4,false,true,false,,false,,,"30",69029511,"[PREMIUM]","[PREMIUM]","[PREMIUM]",388,"[PREMIUM]",false,"PARTNER",474154,4.1,23,0,"[""NO_SALVAGE_TITLE"",""NO_FRAME_DAMAGE"",""NO_FLOOD_WATER_DAMAGE"",""NO_ACCIDENTS_REPORTED"",""ONE_OWNER"",""FREE_REPORT""]","{""exterior"":[""Body-Colored Power Heated Side Mirrors w/Manual Folding"",""Brilliant silver metallic""],""other"":[""Front Disc/Rear Drum Brakes w/4-Wheel ABS  Front Vented Discs  Brake Assist and Hill Hold Control"",""Graphite  Upgraded cloth seat trim""],""safety"":[""Blind Spot Warning (BSW) Blind Spot"",""Tire Specific Low Tire Pressure Warning""],""technology"":[""RearView Monitor Back-Up Camera""]}",7,"At Hertz Car Sales, view our thousands of vehicles with pricing often below market value! Take advantage of no-haggle pricing, our 7 day/250 mile Buy Back Guarantee, as well as a standard 12mth/12K mile limited powertrain warranty on every Certified vehicle. We have financing options for almost every budget and can provide competitive trade-in appraisals at our location. We have additional protection products available to protect your investment, and can ship your car to your door! Contact us today to find out more!<br><br>Recent Arrival! Certified. Brilliant Silver Metallic 2025 Nissan Versa 1.6 SV FWD CVT 1.6L I4 DOHC 16V **115 POINT INSPECTION**.<br><br>32/40 City/Highway MPG<br><br>Certification Program Details: At Hertz Car Sales every retail vehicle undergoes an inspection process to make sure they meet quality standards. Also, all our vehicles come with a free Auto check vehicle history report. Visit /seattle or call us at  .<br><br>*Price excludes government fees and taxes, any finance charges, any electronic filing charge, and any emission testing charge. The price includes a dealer document preparation charge of $200.","[PREMIUM]",42,"14500 1ST AVE S","Burien","WA","98168","[PREMIUM]"
"780729411","2026-07-28 23:59:40.204","2026-07-28 23:59:40.204","780729411","[PREMIUM]","10X805",2025,"NISSAN","Nissan","SENTRA","Sentra","S","SEDAN","Used","Used 2025 Nissan Sentra S",32366,"[PREMIUM]",,"Great","[PREMIUM]",17620,21470,"Gun Metallic","GRAY","Charcoal","BLACK","4CLDR","4-Cylinder","2 wheel drive - front","AUT","Continuously Variable Automatic","Automatic","G","Gasoline","Gas",30,40,2,false,4,false,true,false,,false,,,"30",69766219,"[PREMIUM]","[PREMIUM]","[PREMIUM]",1245,"[PREMIUM]",false,"PARTNER",474447,3.9,52,0,"[""NO_SALVAGE_TITLE"",""NO_ACCIDENTS_REPORTED"",""ONE_OWNER""]","{""exterior"":[""Auto High-beam Headlights"",""Bumpers: body-color"",""Delay-off headlights"",""Fully automatic headlights"",""Power door mirrors"",""Wheels: 16\"" Steel with Full Covers""],""interior"":[""Air Conditioning"",""Carpeted Floor Mats with Trunk Mat"",""Cloth Seat Trim"",""Driver door bin"",""Driver vanity mirror"",""Front Bucket Seats"",""Front Center Armrest"",""Front reading lights"",""Overhead console"",""Passenger door bin"",""Passenger vanity mirror"",""Power windows"",""Rear window defroster"",""Split folding rear seat"",""Steering wheel mounted audio controls"",""Tachometer"",""Telescoping steering wheel"",""Tilt steering wheel"",""Trip computer"",""Variably intermittent wipers""],""mechanical"":[""Four wheel independent suspension"",""Power steering"",""Speed-sensing steering""],""other"":[""ADVANCED SAFETY Tech"",""Front anti-roll bar"",""Illuminated entry"",""NissanConnect featuring Apple CarPlay and Android Auto"",""Outside temperature display"",""Radio: AM/FM with RDS/MP3/Aux-in"",""Rear anti-roll bar"",""xxx \"" WHEELBASE""],""safety"":[""ABS brakes"",""Blind Spot Warning"",""Brake assist"",""Dual front impact airbags"",""Dual front side impact airbags"",""Electronic Stability Control"",""Knee airbag"",""Low tire pressure warning"",""Occupant sensing airbag"",""Overhead airbag"",""Panic alarm"",""Rear side impact airbag"",""Traction control""],""technology"":[""4 Speakers"",""AM/FM radio"",""BACKUP CAMERA"",""REAR PARK ASSIST"",""Radio data system"",""Rear Parking Sensors"",""Remote keyless entry"",""SIRIUSXM RADIO"",""Speed control""]}",59,"2025 Nissan Sentra S Gun Metallic FWD 2.0L I4 DOHC<br>Recent Arrival! Clean CARFAX. CARFAX One Owner.<br><br>Apple CarPlay and Android Auto smartphone connectivity.<br>Blind spot monitoring with rear cross traffic alert.<br>Rearview camera for easier parking.<br>Forward collision warning with autonomous emergency braking.<br>Lane departure warning and driver alertness monitor.<br>Cruise control for highway driving.<br>2.0L 4-cylinder engine with automatic transmission and front-wheel drive.<br>Estimated 30 city / 40 highway MPG.<br>Cloth seating with a 60/40 split-folding rear seat.<br>Manual air conditioning with micron air filter.<br>Power windows and power door locks.<br>Remote keyless entry.<br>Hill-start assist control.<br>16-inch steel wheels with a temporary spare tire.<br>Manual liftgate.<br>Tire pressure monitor with Easy Fill Tire Alert.<br>Child safety rear door locks and LATCH child seat anchors.<br>Seating for 5 with 14.3 cu. ft. of cargo space.","[PREMIUM]",52,"2811 LOCUST ST","Sterling","IL","61081","[PREMIUM]"
"786519291","2026-07-28 23:59:40.200","2026-07-28 23:59:40.200","786519291","[PREMIUM]","48979",2025,"NISSAN","Nissan","SENTRA","Sentra","S","SEDAN","Used","Used 2025 Nissan Sentra S",24164,"[PREMIUM]",,"Great","[PREMIUM]",17470,21320,"Super Black","BLACK","Charcoal","BLACK","4CLDR","4-Cylinder","2 wheel drive - front","AUT","Continuously Variable Automatic","Automatic","G","Gasoline","Gas",30,40,2,false,4,false,true,false,,false,,,"30",73560399,"[PREMIUM]","[PREMIUM]","[PREMIUM]",329,"[PREMIUM]",false,"PARTNER",474447,3.9,52,0,"[""NO_SALVAGE_TITLE"",""NO_FRAME_DAMAGE"",""NO_FLOOD_WATER_DAMAGE"",""NO_ACCIDENTS_REPORTED"",""ONE_OWNER"",""FREE_REPORT""]","{""interior"":[""Charcoal  Cloth seat trim""],""other"":[""Front Disc/Rear Drum Brakes w/4-Wheel ABS  Front Vented Discs  Brake Assist and Hill Hold Control"",""Super black""],""safety"":[""Blind Spot Warning (BSW) Blind Spot"",""Tire Specific Low Tire Pressure Warning""],""technology"":[""RearView Monitor Back-Up Camera""]}",6,"Super Black 2025 Nissan Sentra S FWD CVT with Xtronic 2.0L I4 DOHC CVT with Xtronic, Charcoal Cloth.<br><br>30/40 City/Highway MPG<br><br>*Price excludes government fees and taxes, any finance charges, any electronic filing charge, and any emission testing charge. The price includes a dealer document preparation charge of $85.","[PREMIUM]",43,"970 W MANCHESTER BLVD","Inglewood","CA","90301","[PREMIUM]"
"786415513","2026-07-28 23:59:40.198","2026-07-28 23:59:40.198","786415513","[PREMIUM]","61800",2025,"KIA","Kia","SOUL","Soul","LX","HATCH","Used","Used 2025 Kia Soul LX w/ LX Technology Package",46499,"[PREMIUM]",,"Great","[PREMIUM]",14560,18810,"Inferno Red","RED","Black","BLACK","4CLDR","4-Cylinder","2 wheel drive - front","AUT","Continuously Variable Automatic","Automatic","G","Gasoline","Gas",29,35,2,false,5,true,true,false,,false,,,"30",67884429,"[PREMIUM]","[PREMIUM]","[PREMIUM]",440,"[PREMIUM]",false,"PARTNER",475750,4.4,77,0,"[""NO_SALVAGE_TITLE"",""NO_FRAME_DAMAGE"",""NO_FLOOD_WATER_DAMAGE"",""NO_ACCIDENTS_REPORTED"",""ONE_OWNER"",""FREE_REPORT""]","{""other"":[""4-Wheel Disc Brakes w/4-Wheel ABS  Front Vented Discs  Brake Assist and Hill Hold Control"",""Black  Woven & tricot cloth seat trim"",""Inferno red"",""Lx technology package Blind-Spot Collision-Avoidance Assist  Wheels: 6.5J x 16in Alloy  Lane Change Assist  Rear Cross-Traffic Collision Avoidance Assist ($500.00 value when new)""],""safety"":[""Tire Specific Low Tire Pressure Warning""],""technology"":[""Back-Up Camera""]}",6,"At Hertz Car Sales, view our thousands of vehicles with pricing often below market value! Take advantage of no-haggle pricing, our 7 day/250 mile Buy Back Guarantee, as well as a standard 12mth/12K mile limited powertrain warranty on every Certified vehicle. We have financing options for almost every budget and can provide competitive trade-in appraisals at our location. We have additional protection products available to protect your investment, and can ship your car to your door! Contact us today to find out more! 2025 Kia Soul LX Recent Arrival!<br>29/35 City/Highway MPG<br>Visit /bedford or call us at  .<br><br>*Price excludes government fees and taxes, any finance charges, any electronic filing charge, and any emission testing charge. The price includes a dealer document preparation charge of $225.","[PREMIUM]",22,"3737 Airport Freeway","Bedford","TX","76021","[PREMIUM]"
"786420052","2026-07-28 23:58:20.110","2026-07-28 23:58:20.110","786420052","[PREMIUM]","61757",2025,"NISSAN","Nissan","VERSA","Versa","SV","SEDAN","Used","Used 2025 Nissan Versa SV",20871,"[PREMIUM]",,"Great","[PREMIUM]",16520,19170,"Super Black","BLACK","Graphite","GRAY","4CLDR","4-Cylinder","2 wheel drive - front","AUT","Continuously Variable Automatic","Automatic","G","Gasoline","Gas",32,40,1.6,false,5,false,true,false,,false,,,"30",69029511,"[PREMIUM]","[PREMIUM]","[PREMIUM]",388,"[PREMIUM]",false,"PARTNER",474154,4.1,23,0,"[""NO_SALVAGE_TITLE"",""NO_FRAME_DAMAGE"",""NO_FLOOD_WATER_DAMAGE"",""NO_ACCIDENTS_REPORTED"",""ONE_OWNER"",""FREE_REPORT""]","{""exterior"":[""Body-Colored Power Heated Side Mirrors w/Manual Folding""],""other"":[""Front Disc/Rear Drum Brakes w/4-Wheel ABS  Front Vented Discs  Brake Assist and Hill Hold Control"",""Graphite  Upgraded cloth seat trim"",""Super black""],""safety"":[""Blind Spot Warning (BSW) Blind Spot"",""Tire Specific Low Tire Pressure Warning""],""technology"":[""RearView Monitor Back-Up Camera""]}",7,"At Hertz Car Sales, view our thousands of vehicles with pricing often below market value! Take advantage of no-haggle pricing, our 7 day/250 mile Buy Back Guarantee, as well as a standard 12mth/12K mile limited powertrain warranty on every Certified vehicle. We have financing options for almost every budget and can provide competitive trade-in appraisals at our location. We have additional protection products available to protect your investment, and can ship your car to your door! Contact us today to find out more!<br><br>Recent Arrival! Certified. Super Black Metallic 2025 Nissan Versa 1.6 SV FWD CVT 1.6L I4 DOHC 16V **115 POINT INSPECTION**.<br><br>Odometer is 4023 miles below market average! 32/40 City/Highway MPG<br><br>Certification Program Details: At Hertz Car Sales every retail vehicle undergoes an inspection process to make sure they meet quality standards. Also, all our vehicles come with a free Auto check vehicle history report. Visit /seattle or call us at  .<br><br>*Price excludes government fees and taxes, any finance charges, any electronic filing charge, and any emission testing charge. The price includes a dealer document preparation charge of $200.","[PREMIUM]",43,"14500 1ST AVE S","Burien","WA","98168","[PREMIUM]"
"786420057","2026-07-28 23:58:20.012","2026-07-28 23:58:20.012","786420057","[PREMIUM]","61742",2025,"NISSAN","Nissan","SENTRA","Sentra","SV","SEDAN","Used","Used 2025 Nissan Sentra SV",33517,"[PREMIUM]",,"Great","[PREMIUM]",17010,21360,"Electric Blue Metallic","BLUE","Charcoal","BLACK","4CLDR","4-Cylinder","2 wheel drive - front","AUT","Continuously Variable Automatic","Automatic","G","Gasoline","Gas",30,40,2,false,5,false,true,false,,false,,,"30",69029511,"[PREMIUM]","[PREMIUM]","[PREMIUM]",388,"[PREMIUM]",false,"PARTNER",475173,3.9,52,0,"[""NO_SALVAGE_TITLE"",""NO_FRAME_DAMAGE"",""NO_FLOOD_WATER_DAMAGE"",""NO_ACCIDENTS_REPORTED"",""ONE_OWNER"",""FREE_REPORT""]","{""exterior"":[""Electric blue metallic""],""interior"":[""Charcoal  Upgraded cloth seat trim""],""other"":[""4-Wheel Disc Brakes w/4-Wheel ABS  Front Vented Discs  Brake Assist and Hill Hold Control"",""h01 nissan connect services over-the-air (OTA) updating for headunit firmware via a Wi-Fi WPA2 connection  Wi-Fi Hotspot  NissanConnect Services ($200.00 )""],""safety"":[""Blind Spot Warning (BSW) Blind Spot"",""Tire Specific Low Tire Pressure Warning""]}",6,"At Hertz Car Sales, view our thousands of vehicles with pricing often below market value! Take advantage of no-haggle pricing, our 7 day/250 mile Buy Back Guarantee, as well as a standard 12mth/12K mile limited powertrain warranty on every Certified vehicle. We have financing options for almost every budget and can provide competitive trade-in appraisals at our location. We have additional protection products available to protect your investment, and can ship your car to your door! Contact us today to find out more!<br><br>Recent Arrival! Certified. Electric Blue Metallic 2025 Nissan Sentra SV FWD CVT with Xtronic 2.0L I4 DOHC **115 POINT INSPECTION**, CVT with Xtronic, Charcoal Cloth.<br><br>30/40 City/Highway MPG<br><br>Certification Program Details: At Hertz Car Sales every retail vehicle undergoes an inspection process to make sure they meet quality standards. Also, all our vehicles come with a free Auto check vehicle history report. Visit /seattle or call us at  .<br><br>*Price excludes government fees and taxes, any finance charges, any electronic filing charge, and any emission testing charge. The price includes a dealer document preparation charge of $200.","[PREMIUM]",43,"14500 1ST AVE S","Burien","WA","98168","[PREMIUM]"
"785432525","2026-07-28 23:58:20.008","2026-07-28 23:58:20.008","785432525","[PREMIUM]","SU030836",2025,"HYUND","Hyundai","ELANTR","Elantra","SE","SEDAN","Certified","Certified 2025 Hyundai Elantra SE",9755,"[PREMIUM]",,"Great","[PREMIUM]",18800,21950,"Abyss Black","BLACK","Gray","GRAY","4CLDR","4-Cylinder","2 wheel drive - front","AUT","Continuously Variable Automatic","Automatic","G","Gasoline","Gas",32,41,2,false,16,true,false,false,,false,,,"20",75027,"[PREMIUM]","[PREMIUM]","[PREMIUM]",3196,"[PREMIUM]",false,"PARTNER",474727,4,70,0,"[""NO_SALVAGE_TITLE"",""NO_ACCIDENTS_REPORTED"",""ONE_OWNER""]","{""exterior"":[""15\"" x 6.0J Alloy Wheels"",""Alloy wheels"",""Auto High-beam Headlights"",""Bumpers: body-color"",""Delay-off headlights"",""Fully automatic headlights"",""Power door mirrors"",""Rear Bumper Applique""],""interior"":[""Air Conditioning"",""Cargo Net"",""Cargo Side Bins"",""Carpeted Floor Mats"",""Driver door bin"",""Driver vanity mirror"",""Front Bucket Seats"",""Front Center Armrest"",""Front reading lights"",""Overhead console"",""Passenger door bin"",""Passenger vanity mirror"",""Power windows"",""Premium Cloth Seat Trim"",""Rear window defroster"",""Reversible Cargo Tray"",""Steering wheel mounted audio controls"",""Tachometer"",""Telescoping steering wheel"",""Tilt steering wheel"",""Trip computer"",""Variably intermittent wipers""],""mechanical"":[""4-Wheel Disc Brakes"",""Front wheel independent suspension"",""Power steering"",""Speed-sensing steering""],""other"":[""Apple CarPlay & Android Auto"",""Front anti-roll bar"",""Illuminated entry"",""Option Group 01"",""Outside temperature display"",""Radio: AM/FM/HD Display Audio""],""safety"":[""ABS brakes"",""Brake assist"",""Dual front impact airbags"",""Dual front side impact airbags"",""Electronic Stability Control"",""First Aid Kit"",""Low tire pressure warning"",""Occupant sensing airbag"",""Overhead airbag"",""Panic alarm"",""Rear side impact airbag"",""Security system"",""Traction control""],""technology"":[""6 Speakers"",""AM/FM radio"",""Exterior Parking Camera Rear"",""Remote keyless entry"",""Speed control""]}",58,"CERTIFIED 1-Owner 2025 Hyundai Elantra SE. Clean Carfax- No Accident History! Balance of Certified Hyundai Factory Remaining 5 Year or 60K Miles Bumper to Bumper Warranty + 10 Year or 100K Miles Powertrain Warranty!<br>","[PREMIUM]",17,"1399 S FEDERAL HWY","Deerfield Beach","FL","33441","[PREMIUM]"
"786134270","2026-07-28 23:58:20.008","2026-07-28 23:58:20.008","786134270","[PREMIUM]","64436",2025,"KIA","Kia","SOUL","Soul","LX","HATCH","Used","Used 2025 Kia Soul LX w/ LX Technology Package",36596,"[PREMIUM]",,"Great","[PREMIUM]",15710,19960,"Gravity Gray","GRAY","Black","BLACK","4CLDR","4-Cylinder","2 wheel drive - front","AUT","Continuously Variable Automatic","Automatic","G","Gasoline","Gas",29,35,2,false,5,false,true,false,,false,,,"30",68534567,"[PREMIUM]","[PREMIUM]","[PREMIUM]",331,"[PREMIUM]",false,"PARTNER",475750,4.4,77,0,"[""NO_SALVAGE_TITLE"",""NO_FRAME_DAMAGE"",""NO_FLOOD_WATER_DAMAGE"",""NO_ACCIDENTS_REPORTED"",""ONE_OWNER"",""FREE_REPORT""]","{""other"":[""4-Wheel Disc Brakes w/4-Wheel ABS  Front Vented Discs  Brake Assist and Hill Hold Control"",""Black  Woven & tricot cloth seat trim"",""Gravity gray"",""Lx technology package Blind-Spot Collision-Avoidance Assist  Wheels: 6.5J x 16in Alloy  Lane Change Assist  Rear Cross-Traffic Collision Avoidance Assist ($500.00 )""],""safety"":[""Tire Specific Low Tire Pressure Warning""],""technology"":[""Back-Up Camera""]}",6,"At Hertz Car Sales, view our thousands of vehicles with pricing often below market value! Take advantage of no-haggle pricing, our 7 day/250 mile Buy Back Guarantee, as well as a standard 12mth/12K mile limited powertrain warranty on every Certified vehicle. We have financing options for almost every budget and can provide competitive trade-in appraisals at our location. We have additional protection products available to protect your investment, and can ship your car to your door! Contact us today to find out more!<br><br>Recent Arrival! Certified. Gravity Gray 2025 Kia Soul LX FWD CVT 2.0L I4 DOHC **115 POINT INSPECTION**.<br><br>29/35 City/Highway MPG<br><br>Price Disclaimer: *Plus government fees and taxes, any finance charges, any dealer document processing charge, any electronic filing charge, and any emission testing charge.<br><br>*Price excludes government fees and taxes, any finance charges, any electronic filing charge, and any emission testing charge. The price includes a dealer document preparation charge of $85.","[PREMIUM]",41,"5370 Kearny Mesa Road","San Diego","CA","92111","[PREMIUM]"
"783822877","2026-07-28 23:58:20.003","2026-07-28 23:58:20.003","783822877","[PREMIUM]","43842",2025,"NISSAN","Nissan","SENTRA","Sentra","SV","SEDAN","Used","Used 2025 Nissan Sentra SV",34732,"[PREMIUM]",,"Great","[PREMIUM]",18040,22390,"Gun Metallic","GRAY","Charcoal","BLACK","4CLDR","4-Cylinder","2 wheel drive - front","AUT","Continuously Variable Automatic","Automatic","G","Gasoline","Gas",30,40,2,false,5,false,true,false,,false,,,"30",74407129,"[PREMIUM]","[PREMIUM]","[PREMIUM]",493,"[PREMIUM]",false,"PARTNER",475173,3.9,52,0,"[""NO_SALVAGE_TITLE"",""NO_FRAME_DAMAGE"",""NO_FLOOD_WATER_DAMAGE"",""NO_ACCIDENTS_REPORTED"",""NO_ONE_OWNER"",""FREE_REPORT""]","{""exterior"":[""Aluminum Wheels"",""Automatic Headlights"",""Automatic Highbeams"",""GUN METALLIC"",""Power Mirror(s)"",""Tires - Front All-Season"",""Tires - Rear All-Season""],""interior"":[""A/C"",""Adjustable Steering Wheel"",""Bucket Seats"",""CHARCOAL  UPGRADED CLOTH SEAT TRIM"",""Cloth Seats"",""Driver Vanity Mirror"",""Intermittent Wipers"",""L92 CARPETED FLOOR MATS W/TRUNK MAT"",""Pass-Through Rear Seat"",""Passenger Vanity Mirror"",""Power Door Locks"",""Power Windows"",""Rear Bench Seat"",""Rear Defrost"",""Remote Trunk Release"",""Steering Wheel Audio Controls"",""Trip Computer"",""Variable Speed Intermittent Wipers""],""mechanical"":[""4-Wheel Disc Brakes"",""Brake Actuated Limited Slip Differential"",""Front Wheel Drive"",""Power Steering""],""other"":[""Driver Monitoring"",""Front Collision Mitigation"",""H01 NISSAN CONNECT SERVICES  -inc: over-the-air (OTA) updating for headunit firmware via a Wi-Fi WPA2 connection  Wi-Fi Hotspot  NissanConnect Services"",""Rear Collision Mitigation"",""Requires Subscription"",""Smart Device Integration""],""safety"":[""ABS"",""Blind Spot Monitor"",""Brake Assist"",""Child Safety Locks"",""Cross-Traffic Alert"",""Driver Air Bag"",""Front Head Air Bag"",""Front Side Air Bag"",""Knee Air Bag"",""Lane Departure Warning"",""Passenger Air Bag"",""Passenger Air Bag Sensor"",""Rear Head Air Bag"",""Rear Side Air Bag"",""Security System"",""Stability Control"",""Temporary Spare Tire"",""Tire Pressure Monitor"",""Traction Control""],""technology"":[""AM/FM Stereo"",""Adaptive Cruise Control"",""Auxiliary Audio Input"",""Back-Up Camera"",""Bluetooth Connection"",""Cruise Control"",""Immobilizer"",""Keyless Entry"",""Keyless Start"",""MP3 Capability"",""Rear Parking Aid"",""Satellite Radio""]}",66,"At Hertz Car Sales, view our thousands of vehicles with pricing often below market value! Take advantage of no-haggle pricing, our 7 day/250 mile Buy Back Guarantee, as well as a standard 12mth/12K mile limited powertrain warranty on every Certified vehicle. We have financing options for almost every budget and can provide competitive trade-in appraisals at our location. We have additional protection products available to protect your investment, and can ship your car to your door! Contact us today to find out more!<br><br>Gun Metallic 2025 Nissan Sentra SV FWD CVT with Xtronic 2.0L I4 DOHC<br><br>Recent Arrival! 30/40 City/Highway MPG<br><br><br>Visit /raleigh or call us at  .<br><br>*Price excludes government fees and taxes, any finance charges, any electronic filing charge, and any emission testing charge. The price includes a dealer document preparation charge of $799.","[PREMIUM]",22,"1000 CAPITAL BLVD","Raleigh","NC","27603","[PREMIUM]"
"785555708","2026-07-28 23:58:19.999","2026-07-28 23:58:19.999","785555708","[PREMIUM]","61517",2025,"NISSAN","Nissan","VERSA","Versa","SV","SEDAN","Used","Used 2025 Nissan Versa SV",31357,"[PREMIUM]",,"Great","[PREMIUM]",16420,19070,"Brilliant Silver Metallic","SILVER","Graphite","GRAY","4CLDR","4-Cylinder","2 wheel drive - front","AUT","Continuously Variable Automatic","Automatic","G","Gasoline","Gas",32,40,1.6,false,4,false,true,false,,false,,,"30",69409317,"[PREMIUM]","[PREMIUM]","[PREMIUM]",392,"[PREMIUM]",false,"PARTNER",474154,4.1,23,0,"[""NO_SALVAGE_TITLE"",""NO_FRAME_DAMAGE"",""NO_FLOOD_WATER_DAMAGE"",""NO_ACCIDENTS_REPORTED"",""ONE_OWNER"",""FREE_REPORT""]","{""exterior"":[""Aluminum Wheels"",""Automatic Headlights"",""Automatic Highbeams"",""BRILLIANT SILVER METALLIC"",""Heated Mirrors"",""LED Headlights"",""Power Mirror(s)"",""Tires - Front Performance"",""Tires - Rear Performance""],""interior"":[""A/C"",""Adjustable Steering Wheel"",""Bucket Seats"",""Cloth Seats"",""Driver Vanity Mirror"",""Intermittent Wipers"",""Pass-Through Rear Seat"",""Passenger Vanity Mirror"",""Power Door Locks"",""Power Windows"",""Rear Bench Seat"",""Rear Defrost"",""Remote Trunk Release"",""Steering Wheel Audio Controls"",""Trip Computer"",""Variable Speed Intermittent Wipers""],""mechanical"":[""Front Disc/Rear Drum Brakes"",""Front Wheel Drive"",""Power Steering""],""other"":[""Driver Monitoring"",""Front Collision Mitigation"",""GRAPHITE  UPGRADED CLOTH SEAT TRIM"",""L93 CARPETED FLOOR MATS & TRUNK MAT (5-PIECE SET)"",""Rear Collision Mitigation"",""Smart Device Integration""],""safety"":[""ABS"",""Blind Spot Monitor"",""Brake Assist"",""Child Safety Locks"",""Cross-Traffic Alert"",""Daytime Running Lights"",""Driver Air Bag"",""Front Head Air Bag"",""Front Side Air Bag"",""Knee Air Bag"",""Lane Departure Warning"",""Passenger Air Bag"",""Passenger Air Bag Sensor"",""Rear Head Air Bag"",""Rear Side Air Bag"",""Stability Control"",""Temporary Spare Tire"",""Tire Pressure Monitor"",""Traction Control""],""technology"":[""AM/FM Stereo"",""Auxiliary Audio Input"",""Back-Up Camera"",""Bluetooth Connection"",""Cruise Control"",""Immobilizer"",""Keyless Entry"",""Keyless Start"",""MP3 Capability"",""Rear Parking Aid""]}",63,"Recent Arrival! Certified. Brilliant Silver Metallic 2025 Nissan Versa 1.6 SV FWD CVT 1.6L I4 DOHC 16V<br><br>32/40 City/Highway MPG<br><br>Certification Program Details: At Hertz Car Sales every retail vehicle undergoes an inspection process to make sure they meet quality standards. Also, all our vehicles come with a free Auto check vehicle history report. Visit /bonita-springs or call us at  .<br><br>*Price excludes government fees and taxes, any finance charges, any electronic filing charge, and any emission testing charge. The price includes a dealer document preparation charge of $995.","[PREMIUM]",41,"28480 S TAMIAMI TRL","Bonita Springs","FL","34134","[PREMIUM]"
"786420056","2026-07-28 23:58:19.997","2026-07-28 23:58:19.997","786420056","[PREMIUM]","61759",2025,"NISSAN","Nissan","SENTRA","Sentra","SV","SEDAN","Used","Used 2025 Nissan Sentra SV",39286,"[PREMIUM]",,"Great","[PREMIUM]",16730,21080,"Gun Metallic","GRAY","Charcoal","BLACK","4CLDR","4-Cylinder","2 wheel drive - front","AUT","Continuously Variable Automatic","Automatic","G","Gasoline","Gas",30,40,2,false,5,false,true,false,,false,,,"30",69029511,"[PREMIUM]","[PREMIUM]","[PREMIUM]",388,"[PREMIUM]",false,"PARTNER",475173,3.9,52,0,"[""NO_SALVAGE_TITLE"",""NO_FRAME_DAMAGE"",""NO_FLOOD_WATER_DAMAGE"",""NO_ACCIDENTS_REPORTED"",""ONE_OWNER"",""FREE_REPORT""]","{""exterior"":[""Gun metallic""],""interior"":[""Charcoal  Upgraded cloth seat trim""],""other"":[""4-Wheel Disc Brakes w/4-Wheel ABS  Front Vented Discs  Brake Assist and Hill Hold Control"",""h01 nissan connect services over-the-air (OTA) updating for headunit firmware via a Wi-Fi WPA2 connection  Wi-Fi Hotspot  NissanConnect Services ($200.00 )""],""safety"":[""Blind Spot Warning (BSW) Blind Spot"",""Tire Specific Low Tire Pressure Warning""]}",6,"At Hertz Car Sales, view our thousands of vehicles with pricing often below market value! Take advantage of no-haggle pricing, our 7 day/250 mile Buy Back Guarantee, as well as a standard 12mth/12K mile limited powertrain warranty on every Certified vehicle. We have financing options for almost every budget and can provide competitive trade-in appraisals at our location. We have additional protection products available to protect your investment, and can ship your car to your door! Contact us today to find out more!<br><br>Recent Arrival! Certified. Gun Metallic 2025 Nissan Sentra SV FWD CVT with Xtronic 2.0L I4 DOHC **115 POINT INSPECTION**, CVT with Xtronic, Charcoal Cloth.<br><br>30/40 City/Highway MPG<br><br>Certification Program Details: At Hertz Car Sales every retail vehicle undergoes an inspection process to make sure they meet quality standards. Also, all our vehicles come with a free Auto check vehicle history report. Visit /seattle or call us at  .<br><br>*Price excludes government fees and taxes, any finance charges, any electronic filing charge, and any emission testing charge. The price includes a dealer document preparation charge of $200.","[PREMIUM]",22,"14500 1ST AVE S","Burien","WA","98168","[PREMIUM]"
"784786699","2026-07-28 23:57:19.985","2026-07-28 23:57:19.985","784786699","[PREMIUM]","76941",2025,"KIA","Kia","SOUL","Soul","LX","HATCH","Used","Used 2025 Kia Soul LX w/ LX Technology Package",30907,"[PREMIUM]",,"Great","[PREMIUM]",15610,19860,"Steel Gray","GRAY","Black","BLACK","4CLDR","4-Cylinder","2 wheel drive - front","AUT","Continuously Variable Automatic","Automatic","G","Gasoline","Gas",29,35,2,false,5,false,true,false,,false,,,"30",67999839,"[PREMIUM]","[PREMIUM]","[PREMIUM]",640,"[PREMIUM]",false,"PARTNER",475750,4.4,77,0,"[""NO_SALVAGE_TITLE"",""NO_FRAME_DAMAGE"",""NO_FLOOD_WATER_DAMAGE"",""NO_ACCIDENTS_REPORTED"",""ONE_OWNER"",""FREE_REPORT""]","{""exterior"":[""Automatic Headlights"",""Automatic Highbeams"",""Power Mirror(s)"",""Tires - Front All-Season"",""Tires - Rear All-Season""],""interior"":[""A/C"",""Adjustable Steering Wheel"",""Bucket Seats"",""CARPETED FLOOR MATS"",""Cloth Seats"",""Driver Vanity Mirror"",""Intermittent Wipers"",""Pass-Through Rear Seat"",""Passenger Vanity Mirror"",""Power Door Locks"",""Power Windows"",""Privacy Glass"",""Rear Bench Seat"",""Rear Defrost"",""Steering Wheel Audio Controls"",""Trip Computer"",""Variable Speed Intermittent Wipers""],""mechanical"":[""4-Wheel Disc Brakes"",""Front Wheel Drive"",""Power Steering""],""other"":[""BLACK  WOVEN & TRICOT CLOTH SEAT TRIM"",""Cruise Control Steering Assist"",""Driver Monitoring"",""Front Collision Mitigation"",""LX TECHNOLOGY PACKAGE  -inc: Blind-Spot Collision-Avoidance Assist  Wheels: 6.5J x 16\"" Alloy  Lane Change Assist  Rear Cross-Traffic Collision Avoidance Assist"",""STEEL GRAY"",""Smart Device Integration""],""safety"":[""ABS"",""Brake Assist"",""Child Safety Locks"",""Daytime Running Lights"",""Driver Air Bag"",""Front Head Air Bag"",""Front Side Air Bag"",""Lane Departure Warning"",""Lane Keeping Assist"",""Passenger Air Bag"",""Passenger Air Bag Sensor"",""Rear Head Air Bag"",""Stability Control"",""Temporary Spare Tire"",""Tire Pressure Monitor"",""Traction Control""],""technology"":[""AM/FM Stereo"",""Auxiliary Audio Input"",""Back-Up Camera"",""Bluetooth Connection"",""Cruise Control"",""HD Radio"",""Immobilizer"",""Keyless Entry"",""MP3 Capability""]}",57,"At Hertz Car Sales, view our thousands of vehicles with pricing often below market value! Take advantage of no-haggle pricing, our 7 day/250 mile Buy Back Guarantee, as well as a standard 12mth/12K mile limited powertrain warranty on every Certified vehicle. We have financing options for almost every budget and can provide competitive trade-in appraisals at our location. We have additional protection products available to protect your investment, and can ship your car to your door! Contact us today to find out more!<br><br>Recent Arrival! Certified. Steel Gray 2025 Kia Soul LX FWD CVT 2.0L I4 DOHC<br><br>Odometer is 2541 miles below market average! 29/35 City/Highway MPG<br><br>Certification Program Details: At Hertz Car Sales every retail vehicle undergoes an inspection process to make sure they meet quality standards. Also, all our vehicles come with a free Auto check vehicle history report. Visit /houston or call us at  .<br><br>*Price excludes government fees and taxes, any finance charges, any electronic filing charge, and any emission testing charge. The price includes a dealer document preparation charge of $225.","[PREMIUM]",41,"16825 Katy Freeway","Houston","TX","77094","[PREMIUM]"
"768859595","2026-07-28 23:57:19.813","2026-07-28 23:57:19.813","768859595","[PREMIUM]","76957",2025,"NISSAN","Nissan","VERSA","Versa","SV","SEDAN","Used","Used 2025 Nissan Versa SV",41514,"[PREMIUM]",,"Great","[PREMIUM]",15200,17850,"Brilliant Silver Metallic","SILVER","Graphite","GRAY","4CLDR","4-Cylinder","2 wheel drive - front","AUT","Continuously Variable Automatic","Automatic","G","Gasoline","Gas",32,40,1.6,false,4,false,true,false,,false,,,"30",67999839,"[PREMIUM]","[PREMIUM]","[PREMIUM]",640,"[PREMIUM]",false,"PARTNER",474154,4.1,23,0,"[""NO_SALVAGE_TITLE"",""NO_FRAME_DAMAGE"",""NO_FLOOD_WATER_DAMAGE"",""NO_ACCIDENTS_REPORTED"",""ONE_OWNER"",""FREE_REPORT""]","{""exterior"":[""Aluminum Wheels"",""Automatic Headlights"",""Automatic Highbeams"",""BRILLIANT SILVER METALLIC"",""Heated Mirrors"",""LED Headlights"",""Power Mirror(s)"",""Tires - Front Performance"",""Tires - Rear Performance""],""interior"":[""A/C"",""Adjustable Steering Wheel"",""Bucket Seats"",""Cloth Seats"",""Driver Vanity Mirror"",""Intermittent Wipers"",""Pass-Through Rear Seat"",""Passenger Vanity Mirror"",""Power Door Locks"",""Power Windows"",""Rear Bench Seat"",""Rear Defrost"",""Remote Trunk Release"",""Steering Wheel Audio Controls"",""Trip Computer"",""Variable Speed Intermittent Wipers""],""mechanical"":[""Front Disc/Rear Drum Brakes"",""Front Wheel Drive"",""Power Steering""],""other"":[""Driver Monitoring"",""Front Collision Mitigation"",""GRAPHITE  UPGRADED CLOTH SEAT TRIM"",""L93 CARPETED FLOOR MATS & TRUNK MAT (5-PIECE SET)"",""Rear Collision Mitigation"",""Smart Device Integration""],""safety"":[""ABS"",""Blind Spot Monitor"",""Brake Assist"",""Child Safety Locks"",""Cross-Traffic Alert"",""Daytime Running Lights"",""Driver Air Bag"",""Front Head Air Bag"",""Front Side Air Bag"",""Knee Air Bag"",""Lane Departure Warning"",""Passenger Air Bag"",""Passenger Air Bag Sensor"",""Rear Head Air Bag"",""Rear Side Air Bag"",""Stability Control"",""Temporary Spare Tire"",""Tire Pressure Monitor"",""Traction Control""],""technology"":[""AM/FM Stereo"",""Auxiliary Audio Input"",""Back-Up Camera"",""Bluetooth Connection"",""Cruise Control"",""Immobilizer"",""Keyless Entry"",""Keyless Start"",""MP3 Capability"",""Rear Parking Aid""]}",63,"At Hertz Car Sales, view our thousands of vehicles with pricing often below market value! Take advantage of no-haggle pricing, our 7 day/250 mile Buy Back Guarantee, as well as a standard 12mth/12K mile limited powertrain warranty on every Certified vehicle. We have financing options for almost every budget and can provide competitive trade-in appraisals at our location. We have additional protection products available to protect your investment, and can ship your car to your door! Contact us today to find out more!<br><br>Recent Arrival! Certified. Brilliant Silver Metallic 2025 Nissan Versa 1.6 SV FWD CVT 1.6L I4 DOHC 16V<br><br>32/40 City/Highway MPG<br><br>Certification Program Details: At Hertz Car Sales every retail vehicle undergoes an inspection process to make sure they meet quality standards. Also, all our vehicles come with a free Auto check vehicle history report. Visit /houston or call us at  .<br><br>*Price excludes government fees and taxes, any finance charges, any electronic filing charge, and any emission testing charge. The price includes a dealer document preparation charge of $225.","[PREMIUM]",41,"16825 Katy Freeway","Houston","TX","77094","[PREMIUM]"
"786342777","2026-07-28 23:57:19.812","2026-07-28 23:57:19.812","786342777","[PREMIUM]","60536",2025,"NISSAN","Nissan","SENTRA","Sentra","SV","SEDAN","Used","Used 2025 Nissan Sentra SV",16934,"[PREMIUM]",,"Great","[PREMIUM]",17910,22260,"Electric Blue Metallic","BLUE","Charcoal","BLACK","4CLDR","4-Cylinder","2 wheel drive - front","AUT","Continuously Variable Automatic","Automatic","G","Gasoline","Gas",30,40,2,false,3,false,true,false,,false,,,"30",69597567,"[PREMIUM]","[PREMIUM]","[PREMIUM]",408,"[PREMIUM]",false,"PARTNER",475173,3.9,52,0,"[""NO_SALVAGE_TITLE"",""NO_FRAME_DAMAGE"",""NO_FLOOD_WATER_DAMAGE"",""NO_ACCIDENTS_REPORTED"",""ONE_OWNER"",""FREE_REPORT""]","{""exterior"":[""Electric blue metallic""],""interior"":[""Charcoal  Upgraded cloth seat trim""],""other"":[""4-Wheel Disc Brakes w/4-Wheel ABS  Front Vented Discs  Brake Assist and Hill Hold Control"",""h01 nissan connect services over-the-air (OTA) updating for headunit firmware via a Wi-Fi WPA2 connection  Wi-Fi Hotspot  NissanConnect Services ($200.00 value when new)""],""safety"":[""Blind Spot Warning (BSW) Blind Spot"",""Tire Specific Low Tire Pressure Warning""]}",6,"At Hertz Car Sales, view our thousands of vehicles with pricing often below market value! Take advantage of no-haggle pricing, our 7 day/250 mile Buy Back Guarantee, as well as a standard 12mth/12K mile limited powertrain warranty on every Certified vehicle. We have financing options for almost every budget and can provide competitive trade-in appraisals at our location. We have additional protection products available to protect your investment, and can ship your car to your door! Contact us today to find out more!<br><br>Recent Arrival! Certified. Electric Blue Metallic 2025 Nissan Sentra SV FWD CVT with Xtronic 2.0L I4 DOHC CVT with Xtronic, Charcoal Cloth.<br><br>Odometer is 7278 miles below market average! 30/40 City/Highway MPG<br><br>Certification Program Details: At Hertz Car Sales every retail vehicle undergoes an inspection process to make sure they meet quality standards. Also, all our vehicles come with a free Auto check vehicle history report. Visit /bell-road or call us at  .<br><br>*Price excludes government fees and taxes, any finance charges, any electronic filing charge, and any emission testing charge. The price includes a dealer document preparation charge of $649.","[PREMIUM]",22,"1133 W BELL RD","Phoenix","AZ","85023","[PREMIUM]"
"783182927","2026-07-28 23:57:19.811","2026-07-28 23:57:19.811","783182927","[PREMIUM]","54916",2025,"NISSAN","Nissan","VERSA","Versa","SV","SEDAN","Used","Used 2025 Nissan Versa SV",23119,"[PREMIUM]",,"Great","[PREMIUM]",17010,19660,"Gun Metallic","GRAY","Graphite","GRAY","4CLDR","4-Cylinder","2 wheel drive - front","AUT","Continuously Variable Automatic","Automatic","G","Gasoline","Gas",32,40,1.6,false,4,false,true,false,,false,,,"30",67817129,"[PREMIUM]","[PREMIUM]","[PREMIUM]",0,"[PREMIUM]",false,"PARTNER",474154,4.1,23,0,"[""NO_SALVAGE_TITLE"",""NO_FRAME_DAMAGE"",""NO_FLOOD_WATER_DAMAGE"",""NO_ACCIDENTS_REPORTED"",""ONE_OWNER"",""FREE_REPORT""]","{""exterior"":[""Aluminum Wheels"",""Automatic Headlights"",""Automatic Highbeams"",""GUN METALLIC"",""Heated Mirrors"",""LED Headlights"",""Power Mirror(s)"",""Tires - Front Performance"",""Tires - Rear Performance""],""interior"":[""A/C"",""Adjustable Steering Wheel"",""Bucket Seats"",""Cloth Seats"",""Driver Vanity Mirror"",""Intermittent Wipers"",""Pass-Through Rear Seat"",""Passenger Vanity Mirror"",""Power Door Locks"",""Power Windows"",""Rear Bench Seat"",""Rear Defrost"",""Remote Trunk Release"",""Steering Wheel Audio Controls"",""Trip Computer"",""Variable Speed Intermittent Wipers""],""mechanical"":[""Front Disc/Rear Drum Brakes"",""Front Wheel Drive"",""Power Steering""],""other"":[""Driver Monitoring"",""Front Collision Mitigation"",""GRAPHITE  UPGRADED CLOTH SEAT TRIM"",""L93 CARPETED FLOOR MATS & TRUNK MAT (5-PIECE SET)"",""Rear Collision Mitigation"",""Smart Device Integration""],""safety"":[""ABS"",""Blind Spot Monitor"",""Brake Assist"",""Child Safety Locks"",""Cross-Traffic Alert"",""Daytime Running Lights"",""Driver Air Bag"",""Front Head Air Bag"",""Front Side Air Bag"",""Knee Air Bag"",""Lane Departure Warning"",""Passenger Air Bag"",""Passenger Air Bag Sensor"",""Rear Head Air Bag"",""Rear Side Air Bag"",""Stability Control"",""Temporary Spare Tire"",""Tire Pressure Monitor"",""Traction Control""],""technology"":[""AM/FM Stereo"",""Auxiliary Audio Input"",""Back-Up Camera"",""Bluetooth Connection"",""Cruise Control"",""Immobilizer"",""Keyless Entry"",""Keyless Start"",""MP3 Capability"",""Rear Parking Aid""]}",63,"At Hertz Car Sales, view our thousands of vehicles with pricing often below market value! Take advantage of no-haggle pricing, our 7 day/250 mile Buy Back Guarantee, as well as a standard 12mth/12K mile limited powertrain warranty on every Certified vehicle. We have financing options for almost every budget and can provide competitive trade-in appraisals at our location. We have additional protection products available to protect your investment, and can ship your car to your door! Contact us today to find out more!<br><br>Recent Arrival! Certified. Gun Metallic 2025 Nissan Versa 1.6 SV FWD CVT 1.6L I4 DOHC 16V<br><br>Odometer is 6878 miles below market average! 32/40 City/Highway MPG<br><br>Certification Program Details: At Hertz Car Sales every retail vehicle undergoes an inspection process to make sure they meet quality standards. Also, all our vehicles come with a free Auto check vehicle history report. Visit /detroit or call us at  .<br><br>*Price excludes government fees and taxes, any finance charges, any electronic filing charge, and any emission testing charge. The price includes a dealer document preparation charge of $280.","[PREMIUM]",22,"23955 Allen Road","Woodhaven","MI","48183","[PREMIUM]"
"786519267","2026-07-28 23:57:19.808","2026-07-28 23:57:19.808","786519267","[PREMIUM]","61743",2025,"NISSAN","Nissan","SENTRA","Sentra","S","SEDAN","Used","Used 2025 Nissan Sentra S",37401,"[PREMIUM]",,"Great","[PREMIUM]",16340,20190,"Gun Metallic","GRAY","Charcoal","BLACK","4CLDR","4-Cylinder","2 wheel drive - front","AUT","Continuously Variable Automatic","Automatic","G","Gasoline","Gas",30,40,2,false,4,false,true,false,,false,,,"30",69029511,"[PREMIUM]","[PREMIUM]","[PREMIUM]",388,"[PREMIUM]",false,"PARTNER",474447,3.9,52,0,"[""NO_SALVAGE_TITLE"",""NO_FRAME_DAMAGE"",""NO_FLOOD_WATER_DAMAGE"",""NO_ACCIDENTS_REPORTED"",""ONE_OWNER"",""FREE_REPORT""]","{""exterior"":[""Gun metallic""],""interior"":[""Charcoal  Cloth seat trim""],""other"":[""Front Disc/Rear Drum Brakes w/4-Wheel ABS  Front Vented Discs  Brake Assist and Hill Hold Control""],""safety"":[""Blind Spot Warning (BSW) Blind Spot"",""Tire Specific Low Tire Pressure Warning""],""technology"":[""RearView Monitor Back-Up Camera""]}",6,"At Hertz Car Sales, view our thousands of vehicles with pricing often below market value! Take advantage of no-haggle pricing, our 7 day/250 mile Buy Back Guarantee, as well as a standard 12mth/12K mile limited powertrain warranty on every Certified vehicle. We have financing options for almost every budget and can provide competitive trade-in appraisals at our location. We have additional protection products available to protect your investment, and can ship your car to your door! Contact us today to find out more!<br><br>Recent Arrival! Certified. Gun Metallic 2025 Nissan Sentra S FWD CVT with Xtronic 2.0L I4 DOHC **115 POINT INSPECTION**, CVT with Xtronic, Charcoal Cloth.<br><br>30/40 City/Highway MPG<br><br>Certification Program Details: At Hertz Car Sales every retail vehicle undergoes an inspection process to make sure they meet quality standards. Also, all our vehicles come with a free Auto check vehicle history report. Visit /seattle or call us at  .<br><br>*Price excludes government fees and taxes, any finance charges, any electronic filing charge, and any emission testing charge. The price includes a dealer document preparation charge of $200.","[PREMIUM]",22,"14500 1ST AVE S","Burien","WA","98168","[PREMIUM]"
"786496107","2026-07-28 23:57:19.807","2026-07-28 23:57:19.807","786496107","[PREMIUM]","58634",2025,"NISSAN","Nissan","SENTRA","Sentra","SV","SEDAN","Used","Used 2025 Nissan Sentra SV",34572,"[PREMIUM]",,"Great","[PREMIUM]",17500,21850,"Rosewood Metallic","BROWN","Charcoal","BLACK","4CLDR","4-Cylinder","2 wheel drive - front","AUT","Continuously Variable Automatic","Automatic","G","Gasoline","Gas",30,40,2,false,4,false,true,false,,false,,,"30",69376345,"[PREMIUM]","[PREMIUM]","[PREMIUM]",329,"[PREMIUM]",false,"PARTNER",475173,3.9,52,0,"[""NO_SALVAGE_TITLE"",""NO_FRAME_DAMAGE"",""NO_FLOOD_WATER_DAMAGE"",""NO_ACCIDENTS_REPORTED"",""ONE_OWNER"",""FREE_REPORT""]","{""exterior"":[""Rosewood metallic""],""interior"":[""Charcoal  Upgraded cloth seat trim""],""other"":[""4-Wheel Disc Brakes w/4-Wheel ABS  Front Vented Discs  Brake Assist and Hill Hold Control"",""h01 nissan connect services over-the-air (OTA) updating for headunit firmware via a Wi-Fi WPA2 connection  Wi-Fi Hotspot  NissanConnect Services ($200.00 )""],""safety"":[""Blind Spot Warning (BSW) Blind Spot"",""Tire Specific Low Tire Pressure Warning""]}",6,"At Hertz Car Sales, view our thousands of vehicles with pricing often below market value! Take advantage of no-haggle pricing, our 7 day/250 mile Buy Back Guarantee, as well as a standard 12mth/12K mile limited powertrain warranty on every Certified vehicle. We have financing options for almost every budget and can provide competitive trade-in appraisals at our location. We have additional protection products available to protect your investment, and can ship your car to your door! Contact us today to find out more!<br><br>Recent Arrival! Certified. Rosewood Metallic 2025 Nissan Sentra SV FWD CVT with Xtronic 2.0L I4 DOHC CVT with Xtronic, Charcoal Cloth.<br><br>30/40 City/Highway MPG<br><br>Certification Program Details: At Hertz Car Sales every retail vehicle undergoes an inspection process to make sure they meet quality standards. Also, all our vehicles come with a free Auto check vehicle history report. Visit /smithtown or call us at  .<br><br>*Price excludes government fees and taxes, any finance charges, any electronic filing charge, and any emission testing charge. The price includes a dealer document preparation charge of $175.","[PREMIUM]",41,"390 E Middle Country Road","Smithtown","NY","11787","[PREMIUM]"
"786485571","2026-07-28 23:57:19.804","2026-07-28 23:57:19.804","786485571","[PREMIUM]","58605",2025,"NISSAN","Nissan","ALTIMA","Altima","2.5 SV","SEDAN","Used","Used 2025 Nissan Altima 2.5 SV",23251,"[PREMIUM]",,"Great","[PREMIUM]",20060,22960,"Glacier White","WHITE","Charcoal","BLACK","4CLDR","4-Cylinder","2 wheel drive - front","AUT","Continuously Variable Automatic","Automatic","G","Gasoline","Gas",27,39,2.5,false,4,false,true,false,,false,,,"30",69376345,"[PREMIUM]","[PREMIUM]","[PREMIUM]",329,"[PREMIUM]",false,"PARTNER",475672,4.1,60,0,"[""NO_SALVAGE_TITLE"",""NO_FRAME_DAMAGE"",""NO_FLOOD_WATER_DAMAGE"",""NO_ACCIDENTS_REPORTED"",""ONE_OWNER"",""FREE_REPORT""]","{""interior"":[""Charcoal  Cloth seat trim""],""other"":[""4-Wheel Disc Brakes w/4-Wheel ABS  Front Vented Discs  Brake Assist and Hill Hold Control"",""Glacier white""],""safety"":[""Blind Spot Warning (BSW) Blind Spot"",""Tire Pressure Monitoring System Tire Specific Low Tire Pressure Warning""],""technology"":[""RearView Monitor Back-Up Camera""]}",6,"At Hertz Car Sales, view our thousands of vehicles with pricing often below market value! Take advantage of no-haggle pricing, our 7 day/250 mile Buy Back Guarantee, as well as a standard 12mth/12K mile limited powertrain warranty on every Certified vehicle. We have financing options for almost every budget and can provide competitive trade-in appraisals at our location. We have additional protection products available to protect your investment, and can ship your car to your door! Contact us today to find out more!<br><br>Recent Arrival! Certified. Glacier White 2025 Nissan Altima 2.5 SV FWD CVT with Xtronic 2.5L 4-Cylinder DOHC 16V CVT with Xtronic.<br><br>Odometer is 8254 miles below market average! 27/39 City/Highway MPG<br><br>Certification Program Details: At Hertz Car Sales every retail vehicle undergoes an inspection process to make sure they meet quality standards. Also, all our vehicles come with a free Auto check vehicle history report. Visit /smithtown or call us at  .<br><br>*Price excludes government fees and taxes, any finance charges, any electronic filing charge, and any emission testing charge. The price includes a dealer document preparation charge of $175.","[PREMIUM]",43,"390 E Middle Country Road","Smithtown","NY","11787","[PREMIUM]"
"786232369","2026-07-28 23:57:19.803","2026-07-28 23:57:19.803","786232369","[PREMIUM]","TS7243406",2025,"KIA","Kia","SOUL","Soul","S","HATCH","Used","Used 2025 Kia Soul S",22000,"[PREMIUM]",,"Great","[PREMIUM]",17890,21390,"Clear White/Black Roof","WHITE","Black","BLACK","4CLDR","4-Cylinder","2 wheel drive - front","AUT","Continuously Variable Automatic","Automatic","G","Gasoline","Gas",29,35,2,false,6,false,true,false,,false,,,"30",74774453,"[PREMIUM]","[PREMIUM]","[PREMIUM]",12378,"[PREMIUM]",false,"PARTNER",474293,4.4,77,0,"[""NO_SALVAGE_TITLE"",""NO_ACCIDENTS_REPORTED"",""ONE_OWNER""]","{""exterior"":[""6.5J x 16\"" Alloy Wheels"",""Auto High-beam Headlights"",""Bumpers: body-color"",""Delay-off headlights"",""Fully automatic headlights"",""Power door mirrors"",""Rear window wiper""],""interior"":[""Air Conditioning"",""Carpeted Floor Mats"",""Driver door bin"",""Driver vanity mirror"",""Front Bucket Seats"",""Front Center Armrest"",""Front reading lights"",""Overhead console"",""Passenger door bin"",""Passenger vanity mirror"",""Power windows"",""Rear window defroster"",""Split folding rear seat"",""Steering wheel mounted audio controls"",""Tachometer"",""Telescoping steering wheel"",""Tilt steering wheel"",""Trip computer"",""Variably intermittent wipers"",""Woven & Tricot Cloth Seat Trim""],""mechanical"":[""4-Wheel Disc Brakes"",""Front wheel independent suspension"",""Power steering"",""Speed-sensing steering""],""other"":[""Apple CarPlay & Android Auto"",""Front anti-roll bar"",""Illuminated entry"",""Outside temperature display"",""Radio: AM/FM/MP3/HD Audio System""],""safety"":[""ABS brakes"",""Brake assist"",""Dual front impact airbags"",""Dual front side impact airbags"",""Electronic Stability Control"",""Low tire pressure warning"",""Occupant sensing airbag"",""Overhead airbag"",""Panic alarm"",""Traction control""],""technology"":[""6 Speakers"",""Compass"",""Exterior Parking Camera Rear"",""Navigation System"",""Radio data system"",""Remote keyless entry"",""Speed control""]}",53,"The 2025 Kia Soul S puts practical capability and everyday comfort within reach, delivering a vehicle that adapts to your lifestyle without compromise.<br><br>This compact crossover is built with features that matter:<br><br>- Radio: AM/FM/MP3/HD Audio System<br>- Apple CarPlay &amp; Android Auto<br>- Navigation System<br>- Auto High-beam Headlights<br>- Fully automatic headlights<br>- Delay-off headlights<br>- Exterior Parking Camera Rear<br>- Power door mirrors<br>- 6.5J x 16 Alloy Wheels<br>- Brake assist<br>- Electronic Stability Control<br>- Traction control<br>- 4-Wheel Disc Brakes with ABS<br>- Dual front impact airbags<br>- Split folding rear seat<br><br>The Soul S combines efficiency with everyday practicality. Its 2.0L four-cylinder engine delivers 29 MPG in the city and 35 MPG on the highway, making fuel stops less frequent and budgeting more predictable. Power steering, power windows, and remote keyless entry handle routine tasks with ease, while the telescoping steering wheel and tilt steering column ensure a comfortable driving position for any body type.<br><br>Safety receives genuine attention here. The vehicle includes multiple airbag systems, Electronic Stability Control, and traction control to help you navigate various road conditions. The Exterior Parking Camera Rear and auto High-beam Headlights add practical assistance when you need it most. Speed-sensing steering and a front anti-roll bar contribute to controlled, confident handling.<br><br>Inside, the environment feels thoughtfully designed. The front bucket seats with woven and tricot cloth trim provide comfort during daily commutes, while the split folding rear seat adapts to your cargo needs. Climate control, full power accessories, and steering wheel-mounted audio controls keep distractions minimal and convenience high. The navigation system, combined with Apple CarPlay and Android Auto integration, keeps you connected and informed.<br><br>The white exterior with black roof presents a clean, modern profile that works in any setting. Carpeted floor mats protect the interior, and the collection of thoughtful details trip computer, compass, outside temperature display, and illuminated entry demonstrate that this vehicle is designed for real-world ownership.<br><br>We invite you to experience the Soul S firsthand and discover how it fits your daily needs.","[PREMIUM]",40,"13429 STATESVILLE RD","Huntersville","NC","28078","[PREMIUM]"
"786476217","2026-07-28 23:56:39.648","2026-07-28 23:56:39.648","786476217","[PREMIUM]","80915",2025,"CHEV","Chevrolet","CHETRAX","Trax","LT","SUV","Used","Used 2025 Chevrolet Trax LT",35238,"[PREMIUM]",,"Great","[PREMIUM]",19160,20860,"Mosaic Black Metallic","BLACK","Jet Black With Blue Accents","BLACK","3CLDR","3-Cylinder Turbo","2 wheel drive - front","AUT","6-Speed Automatic","Automatic","G","Gasoline","Gas",28,32,1.2,false,4,false,true,false,,false,,,"30",67249309,"[PREMIUM]","[PREMIUM]","[PREMIUM]",572,"[PREMIUM]",false,"PARTNER",475660,4.6,22,0,"[""NO_SALVAGE_TITLE"",""NO_FRAME_DAMAGE"",""NO_FLOOD_WATER_DAMAGE"",""NO_ACCIDENTS_REPORTED"",""ONE_OWNER"",""FREE_REPORT""]","{""exterior"":[""Mosaic black metallic""],""interior"":[""Seats  Front bucket""],""mechanical"":[""Axle  3.50 final drive ratio"",""Transmission  6-speed automatic""],""other"":[""Audio system  11in diagonal hd color touchscreen AM/FM stereo. Additional features for compatible phones include: Bluetooth audio streaming for 2 active devices  voice command pass-through to phone  wireless Apple CarPlay and wireless Android Auto capable"",""Brakes  4-wheel antilock  4-wheel disc"",""Engine  Ecotec 1.2l turbo dohc di with variable valve timing (vvt) E85-compatible (137 hp 102 kW @ 5000 rpm  162 lb-ft torque 219 N-m @ 2500 rpm)"",""Jet black with blue accents  Cloth/evotex seat trim"",""Lt preferred equipment group Includes Standard Equipment"",""Wheels  17in (43.2 cm) gray-painted machined aluminum""],""technology"":[""HD Rear Vision Camera""]}",11,"At Hertz Car Sales, view our thousands of vehicles with pricing often below market value! Take advantage of no-haggle pricing, our 7 day/250 mile Buy Back Guarantee, as well as a standard 12mth/12K mile limited powertrain warranty on every Certified vehicle. We have financing options for almost every budget and can provide competitive trade-in appraisals at our location. We have additional protection products available to protect your investment, and can ship your car to your door! Contact us today to find out more!<br><br>Recent Arrival! Mosaic Black Metallic 2025 Chevrolet Trax LT FWD 6-Speed Automatic 1.2L I3 DI Turbocharged DOHC 12V LEV3-ULEV70 137hp<br><br>Certification Program Details: Our Hertz Certified vehicles undergo an inspection process to make sure they meet Hertz Car Sales quality standards. Also, they come with a 12Mo/12K mile LTD warranty and 7day/250miles buy back guarantee.<br><br>28/32 City/Highway MPG<br><br>Certified.<br><br>Visit /riverside or call us at  !<br><br>Awards:<br>* Car and Driver 10 Best<br>Car and Driver, January 2017.<br><br>*Price excludes government fees and taxes, any finance charges, any electronic filing charge, and any emission testing charge. The price includes a dealer document preparation charge of $85.","[PREMIUM]",43,"7750 Indiana Ave.","Riverside","CA","92504","[PREMIUM]"
"786414465","2026-07-28 23:56:19.493","2026-07-28 23:56:19.493","786414465","[PREMIUM]","66810",2025,"NISSAN","Nissan","SENTRA","Sentra","SV","SEDAN","Used","Used 2025 Nissan Sentra SV",21396,"[PREMIUM]",,"Great","[PREMIUM]",18220,22570,"Electric Blue Metallic","BLUE","Charcoal","BLACK","4CLDR","4-Cylinder","2 wheel drive - front","AUT","Continuously Variable Automatic","Automatic","G","Gasoline","Gas",30,40,2,false,5,false,true,false,,false,,,"30",444962,"[PREMIUM]","[PREMIUM]","[PREMIUM]",629,"[PREMIUM]",false,"PARTNER",475173,3.9,52,0,"[""NO_SALVAGE_TITLE"",""NO_FRAME_DAMAGE"",""NO_FLOOD_WATER_DAMAGE"",""NO_ACCIDENTS_REPORTED"",""ONE_OWNER"",""FREE_REPORT""]","{""exterior"":[""Electric blue metallic""],""interior"":[""Charcoal  Upgraded cloth seat trim""],""other"":[""4-Wheel Disc Brakes w/4-Wheel ABS  Front Vented Discs  Brake Assist and Hill Hold Control"",""h01 nissan connect services over-the-air (OTA) updating for headunit firmware via a Wi-Fi WPA2 connection  Wi-Fi Hotspot  NissanConnect Services ($200.00 )""],""safety"":[""Blind Spot Warning (BSW) Blind Spot"",""Tire Specific Low Tire Pressure Warning""]}",6,"At Hertz Car Sales, view our thousands of vehicles with pricing often below market value! Take advantage of no-haggle pricing, our 7 day/250 mile Buy Back Guarantee, as well as a standard 12mth/12K mile limited powertrain warranty on every Certified vehicle. We have financing options for almost every budget and can provide competitive trade-in appraisals at our location. We have additional protection products available to protect your investment, and can ship your car to your door! Contact us today to find out more!<br><br>Recent Arrival! Certified. CVT with Xtronic, Charcoal Cloth. Electric Blue Metallic 2025 Nissan Sentra SV FWD CVT with Xtronic 2.0L I4 DOHC<br><br>Odometer is 5284 miles below market average! 30/40 City/Highway MPG<br><br>Certification Program Details: At Hertz Car Sales every retail vehicle undergoes an inspection process to make sure they meet quality standards. Also, all our vehicles come with a free Auto check vehicle history report. Visit /philadelphia or call us at  .<br><br>*Price excludes government fees and taxes, any finance charges, any electronic filing charge, and any emission testing charge. The price includes a dealer document preparation charge of $490.","[PREMIUM]",45,"6815 Essington Ave","Philadelphia","PA","19153","[PREMIUM]"
"784743345","2026-07-28 23:56:19.488","2026-07-28 23:56:19.488","784743345","[PREMIUM]","43855",2025,"NISSAN","Nissan","SENTRA","Sentra","S","SEDAN","Used","Used 2025 Nissan Sentra S",29003,"[PREMIUM]",,"Great","[PREMIUM]",18030,21880,"Super Black","BLACK","Charcoal","BLACK","4CLDR","4-Cylinder","2 wheel drive - front","AUT","Continuously Variable Automatic","Automatic","G","Gasoline","Gas",30,40,2,false,4,false,true,false,,false,,,"30",74407129,"[PREMIUM]","[PREMIUM]","[PREMIUM]",493,"[PREMIUM]",false,"PARTNER",474447,3.9,52,0,"[""NO_SALVAGE_TITLE"",""NO_FRAME_DAMAGE"",""NO_FLOOD_WATER_DAMAGE"",""NO_ACCIDENTS_REPORTED"",""ONE_OWNER"",""FREE_REPORT""]","{""exterior"":[""Automatic Headlights"",""Automatic Highbeams"",""Power Mirror(s)"",""Steel Wheels"",""Tires - Front All-Season"",""Tires - Rear All-Season"",""Wheel Covers""],""interior"":[""A/C"",""Adjustable Steering Wheel"",""Bucket Seats"",""CHARCOAL  CLOTH SEAT TRIM"",""Cloth Seats"",""Driver Vanity Mirror"",""Intermittent Wipers"",""Pass-Through Rear Seat"",""Passenger Vanity Mirror"",""Power Door Locks"",""Power Windows"",""Rear Bench Seat"",""Rear Defrost"",""Remote Trunk Release"",""Steering Wheel Audio Controls"",""Trip Computer"",""Variable Speed Intermittent Wipers""],""mechanical"":[""Brake Actuated Limited Slip Differential"",""Front Disc/Rear Drum Brakes"",""Front Wheel Drive"",""Power Steering""],""other"":[""Driver Monitoring"",""Front Collision Mitigation"",""Rear Collision Mitigation"",""SUPER BLACK"",""Smart Device Integration""],""safety"":[""ABS"",""Blind Spot Monitor"",""Brake Assist"",""Child Safety Locks"",""Cross-Traffic Alert"",""Driver Air Bag"",""Front Head Air Bag"",""Front Side Air Bag"",""Knee Air Bag"",""Lane Departure Warning"",""Passenger Air Bag"",""Passenger Air Bag Sensor"",""Rear Head Air Bag"",""Rear Side Air Bag"",""Stability Control"",""Temporary Spare Tire"",""Tire Pressure Monitor"",""Traction Control""],""technology"":[""AM/FM Stereo"",""Auxiliary Audio Input"",""Back-Up Camera"",""Bluetooth Connection"",""Cruise Control"",""Immobilizer"",""Keyless Entry"",""Keyless Start"",""MP3 Capability"",""Rear Parking Aid""]}",61,"At Hertz Car Sales, view our thousands of vehicles with pricing often below market value! Take advantage of no-haggle pricing, our 7 day/250 mile Buy Back Guarantee, as well as a standard 12mth/12K mile limited powertrain warranty on every Certified vehicle. We have financing options for almost every budget and can provide competitive trade-in appraisals at our location. We have additional protection products available to protect your investment, and can ship your car to your door! Contact us today to find out more!<br><br>Super Black 2025 Nissan Sentra S FWD CVT with Xtronic 2.0L I4 DOHC<br><br>Recent Arrival! 30/40 City/Highway MPG<br><br><br>Visit /raleigh or call us at  .<br><br>*Price excludes government fees and taxes, any finance charges, any electronic filing charge, and any emission testing charge. The price includes a dealer document preparation charge of $799.","[PREMIUM]",22,"1000 CAPITAL BLVD","Raleigh","NC","27603","[PREMIUM]"
"786414464","2026-07-28 23:56:19.486","2026-07-28 23:56:19.486","786414464","[PREMIUM]","66795",2025,"HYUND","Hyundai","ELANTR","Elantra","SEL","SEDAN","Used","Used 2025 Hyundai Elantra SEL",27850,"[PREMIUM]",,"Great","[PREMIUM]",18580,22780,"Fluid Metal","GRAY","Gray","GRAY","4CLDR","4-Cylinder","2 wheel drive - front","AUT","Continuously Variable Automatic","Automatic","G","Gasoline","Gas",30,39,2,false,5,true,true,false,,false,,,"30",444962,"[PREMIUM]","[PREMIUM]","[PREMIUM]",629,"[PREMIUM]",false,"PARTNER",474157,4,70,0,"[""NO_SALVAGE_TITLE"",""NO_FRAME_DAMAGE"",""NO_FLOOD_WATER_DAMAGE"",""NO_ACCIDENTS_REPORTED"",""ONE_OWNER"",""FREE_REPORT""]","{""exterior"":[""Body-Colored Power Heated Side Mirrors w/Manual Folding""],""interior"":[""Express Open/Close Sliding And Tilting Glass 1st Row Sunroof w/Sunshade"",""Gray  Premium cloth seat trim"",""Heated Front Bucket Seats -inc: 6-way adjustable driver's seat and 4-way adjustable front passenger seat"",""Leather Steering Wheel""],""other"":[""4-Wheel Disc Brakes w/4-Wheel ABS  Front Vented Discs  Brake Assist  Hill Hold Control and Electric Parking Brake"",""Blind Spot Collision Warning (BCW) Blind Spot"",""Fluid metal"",""Leather/Metal-Look Gear Shifter Material"",""Option group 01 standard equipment"",""Turn-By-Turn Navigation Directions""],""safety"":[""Tire Pressure Monitoring System Tire Specific Low Tire Pressure Warning""],""technology"":[""Back-Up Camera""]}",13,"At Hertz Car Sales, view our thousands of vehicles with pricing often below market value! Take advantage of no-haggle pricing, our 7 day/250 mile Buy Back Guarantee, as well as a standard 12mth/12K mile limited powertrain warranty on every Certified vehicle. We have financing options for almost every budget and can provide competitive trade-in appraisals at our location. We have additional protection products available to protect your investment, and can ship your car to your door! Contact us today to find out more!<br><br>Recent Arrival! Certified. Fluid Metal 2025 Hyundai Elantra SEL Convenience FWD CVT I4<br><br>30/39 City/Highway MPG<br><br>Certification Program Details: At Hertz Car Sales every retail vehicle undergoes an inspection process to make sure they meet quality standards. Also, all our vehicles come with a free Auto check vehicle history report. Visit /philadelphia or call us at  .<br><br>*Price excludes government fees and taxes, any finance charges, any electronic filing charge, and any emission testing charge. The price includes a dealer document preparation charge of $490.","[PREMIUM]",47,"6815 Essington Ave","Philadelphia","PA","19153","[PREMIUM]"
"786414463","2026-07-28 23:56:09.312","2026-07-28 23:56:09.312","786414463","[PREMIUM]","66781",2025,"NISSAN","Nissan","SENTRA","Sentra","SV","SEDAN","Used","Used 2025 Nissan Sentra SV",23288,"[PREMIUM]",,"Great","[PREMIUM]",18130,22480,"Electric Blue Metallic","BLUE","Charcoal","BLACK","4CLDR","4-Cylinder","2 wheel drive - front","AUT","Continuously Variable Automatic","Automatic","G","Gasoline","Gas",30,40,2,false,5,false,true,false,,false,,,"30",444962,"[PREMIUM]","[PREMIUM]","[PREMIUM]",629,"[PREMIUM]",false,"PARTNER",475173,3.9,52,0,"[""NO_SALVAGE_TITLE"",""NO_FRAME_DAMAGE"",""NO_FLOOD_WATER_DAMAGE"",""NO_ACCIDENTS_REPORTED"",""ONE_OWNER"",""FREE_REPORT""]","{""exterior"":[""Electric blue metallic""],""interior"":[""Charcoal  Upgraded cloth seat trim""],""other"":[""4-Wheel Disc Brakes w/4-Wheel ABS  Front Vented Discs  Brake Assist and Hill Hold Control"",""h01 nissan connect services over-the-air (OTA) updating for headunit firmware via a Wi-Fi WPA2 connection  Wi-Fi Hotspot  NissanConnect Services ($200.00 )""],""safety"":[""Blind Spot Warning (BSW) Blind Spot"",""Tire Specific Low Tire Pressure Warning""]}",6,"At Hertz Car Sales, view our thousands of vehicles with pricing often below market value! Take advantage of no-haggle pricing, our 7 day/250 mile Buy Back Guarantee, as well as a standard 12mth/12K mile limited powertrain warranty on every Certified vehicle. We have financing options for almost every budget and can provide competitive trade-in appraisals at our location. We have additional protection products available to protect your investment, and can ship your car to your door! Contact us today to find out more!<br><br>Recent Arrival! Certified. CVT with Xtronic, Charcoal Cloth. Electric Blue Metallic 2025 Nissan Sentra SV FWD CVT with Xtronic 2.0L I4 DOHC<br><br>Odometer is 3298 miles below market average! 30/40 City/Highway MPG<br><br>Certification Program Details: At Hertz Car Sales every retail vehicle undergoes an inspection process to make sure they meet quality standards. Also, all our vehicles come with a free Auto check vehicle history report. Visit /philadelphia or call us at  .<br><br>*Price excludes government fees and taxes, any finance charges, any electronic filing charge, and any emission testing charge. The price includes a dealer document preparation charge of $490.","[PREMIUM]",36,"6815 Essington Ave","Philadelphia","PA","19153","[PREMIUM]"
"786515048","2026-07-28 23:56:09.309","2026-07-28 23:56:09.309","786515048","[PREMIUM]","19406",2024,"HYUND","Hyundai","HYUKONA","Kona","SEL","SUV","Used","Used 2024 Hyundai Kona SEL",54281,"[PREMIUM]",,"Great","[PREMIUM]",18820,22020,"Yellow","YELLOW","Black","BLACK","4CLDR","4-Cylinder","All wheel drive","AUT","Continuously Variable Automatic","Automatic","G","Gasoline","Gas",27,29,2,false,4,false,true,false,,false,,,"30",70750827,"[PREMIUM]","[PREMIUM]","[PREMIUM]",3611,"[PREMIUM]",false,"PARTNER",467578,3.5,14,0,"[""NO_SALVAGE_TITLE"",""ACCIDENTS_REPORTED"",""ONE_OWNER""]","{""exterior"":[""Alloy wheels"",""Auto High-beam Headlights"",""Bumpers: body-color"",""Delay-off headlights"",""Fully automatic headlights"",""Heated door mirrors"",""Power door mirrors"",""Rear window wiper"",""Spoiler"",""Turn signal indicator mirrors""],""interior"":[""Air Conditioning"",""Cloth Seat Trim"",""Driver door bin"",""Driver vanity mirror"",""Front Bucket Seats"",""Front Center Armrest"",""Front dual zone A/C"",""Front reading lights"",""Leather Shift Knob"",""Leather steering wheel"",""Passenger door bin"",""Passenger vanity mirror"",""Power driver seat"",""Power windows"",""Rear seat center armrest"",""Rear window defroster"",""Split folding rear seat"",""Steering wheel mounted audio controls"",""Tachometer"",""Telescoping steering wheel"",""Tilt steering wheel"",""Trip computer"",""Variably intermittent wipers""],""mechanical"":[""4-Wheel Disc Brakes"",""All-Wheel Drive"",""Four wheel independent suspension"",""Power steering"",""Speed-sensing steering""],""other"":[""*** SEL ***"",""6.052 Axle Ratio"",""ALWAYS CALL TO CHECK AVAILABILITY!"",""ANDROID AUTO"",""APPLE CAR PLAY"",""Apple CarPlay & Android Auto"",""Emergency communication system: Bluelink+"",""Front anti-roll bar"",""Illuminated entry"",""Option Group 01"",""Outside temperature display"",""Rear anti-roll bar"",""Wheels: 18\"" x 7.0J Glossy Black Alloy""],""safety"":[""ABS brakes"",""Brake assist"",""Dual front impact airbags"",""Dual front side impact airbags"",""Electronic Stability Control"",""Low tire pressure warning"",""Occupant sensing airbag"",""Overhead airbag"",""Panic alarm"",""Security system"",""Traction control""],""technology"":[""6 Speakers"",""AM/FM radio: SiriusXM"",""Automatic temperature control"",""BACKUP CAMERA"",""BLUETOOTH"",""Exterior Parking Camera Rear"",""Radio: AM/FM/HD Radio/SiriusXM Audio System"",""Remote keyless entry"",""Speed control""]}",71,"ALWAYS CALL TO CHECK AVAILABILITY!, BLUETOOTH, APPLE CAR PLAY, ANDROID AUTO, BACKUP CAMERA, All-Wheel Drive, *** SEL ***, Heated door mirrors.<br><br><br>Priced below KBB Fair Purchase Price! 2024 Hyundai Kona SEL Yellow AWD CVT 2.0L I4 DOHC 16V<br><br>Recent Arrival! 27/29 City/Highway MPG<br><br><br>Big City Cars works with over 50 banks &amp; lenders who are ready to approve you today. Good credit, bad credit, or no credit automotive loans as well as Buy Here Pay Here options. Let the team at Big City Cars get you into the quality used car, truck, van, or SUV that you deserve. With over 300 vehicles available at our dealership, we're confident that you'll find the perfect vehicle. Visit us today to experience our customer-focused approach to car financing. Discover why Big City Cars is your trusted destination for affordable auto solutions. At Big City Cars, we approve you and not your credit.<br><br><br>ALWAYS CALL TO CHECK AVAILABILITY!, Option Group 01, Heated door mirrors, 4-Wheel Disc Brakes, 6 Speakers, 6.052 Axle Ratio, ABS brakes, Air Conditioning, Alloy wheels, AM/FM radio: SiriusXM, Apple CarPlay &amp; Android Auto, Auto High-beam Headlights, Automatic temperature control, Brake assist, Bumpers: body-color, Cloth Seat Trim, Delay-off headlights, Driver door bin, Driver vanity mirror, Dual front impact airbags, Dual front side impact airbags, Electronic Stability Control, Emergency communication system: Bluelink+, Exterior Parking Camera Rear, Four wheel independent suspension, Front anti-roll bar, Front Bucket Seats, Front Center Armrest, Front dual zone A/C, Front reading lights, Fully automatic headlights, Illuminated entry, Leather Shift Knob, Leather steering wheel, Low tire pressure warning, Occupant sensing airbag, Outside temperature display, Overhead airbag, Panic alarm, Passenger door bin, Passenger vanity mirror, Power door mirrors, Power driver seat, Power steering, Power windows, Radio: AM/FM/HD Radio/SiriusXM Audio System, Rear anti-roll bar, Rear seat center armrest, Rear window defroster, Rear window wiper, Remote keyless entry, Security system, Speed control, Speed-sensing steering, Split folding rear seat, Spoiler, Steering wheel mounted audio controls, Tachometer, Telescoping steering wheel, Tilt steering wheel, Traction control, Trip computer, Turn signal indicator mirrors, Variably intermittent wipers, and Wheels: 18 x 7.0J Glossy Black Alloy.","[PREMIUM]",45,"4910 LIMA RD","Fort Wayne","IN","46808","[PREMIUM]"
"786415685","2026-07-28 23:56:09.306","2026-07-28 23:56:09.306","786415685","[PREMIUM]","59817",2025,"NISSAN","Nissan","SENTRA","Sentra","SV","SEDAN","Used","Used 2025 Nissan Sentra SV",15580,"[PREMIUM]",,"Good","[PREMIUM]",17370,21720,"Fresh Powder","WHITE","Charcoal","BLACK","4CLDR","4-Cylinder","2 wheel drive - front","AUT","Continuously Variable Automatic","Automatic","G","Gasoline","Gas",30,40,2,false,5,false,true,false,,false,,,"30",69984331,"[PREMIUM]","[PREMIUM]","[PREMIUM]",583,"[PREMIUM]",false,"PARTNER",475173,3.9,52,0,"[""NO_SALVAGE_TITLE"",""NO_FRAME_DAMAGE"",""NO_FLOOD_WATER_DAMAGE"",""NO_ACCIDENTS_REPORTED"",""ONE_OWNER"",""FREE_REPORT""]","{""interior"":[""Charcoal  Upgraded cloth seat trim""],""other"":[""4-Wheel Disc Brakes w/4-Wheel ABS  Front Vented Discs  Brake Assist and Hill Hold Control"",""Fresh powder"",""h01 nissan connect services over-the-air (OTA) updating for headunit firmware via a Wi-Fi WPA2 connection  Wi-Fi Hotspot  NissanConnect Services ($200.00 )""],""safety"":[""Blind Spot Warning (BSW) Blind Spot"",""Tire Specific Low Tire Pressure Warning""]}",6,"At Hertz Car Sales, view our thousands of vehicles with pricing often below market value! Take advantage of no-haggle pricing, our 7 day/250 mile Buy Back Guarantee, as well as a standard 12mth/12K mile limited powertrain warranty on every Certified vehicle. We have financing options for almost every budget and can provide competitive trade-in appraisals at our location. We have additional protection products available to protect your investment, and can ship your car to your door! Contact us today to find out more!<br><br>Recent Arrival! Certified. CVT with Xtronic, Charcoal Cloth. Fresh Powder 2025 Nissan Sentra SV FWD CVT with Xtronic 2.0L I4 DOHC<br><br>Odometer is 7773 miles below market average! 30/40 City/Highway MPG<br><br>Certification Program Details: At Hertz Car Sales every retail vehicle undergoes an inspection process to make sure they meet quality standards. Also, all our vehicles come with a free Auto check vehicle history report. Visit /baltimore or call us at  .<br><br>*Price excludes government fees and taxes, any finance charges, any electronic filing charge, and any emission testing charge. The price includes a dealer document preparation charge of $800.","[PREMIUM]",22,"8115 BELAIR RD","Nottingham","MD","21236","[PREMIUM]"
"782106676","2026-07-28 23:55:09.155","2026-07-28 23:55:09.155","782106676","[PREMIUM]","V026428A",2024,"VOLKS","Volkswagen","VOLKSTAOS","Taos","S","SUV","Certified","Certified 2024 Volkswagen Taos S",9860,"[PREMIUM]",,"Great","[PREMIUM]",19530,22230,"Deep Black","BLACK","Black","BLACK","4CLDR","4-Cylinder Turbo","2 wheel drive - front","AUT","8-Speed Automatic","Automatic","G","Gasoline","Gas",28,36,1.5,false,55,false,false,true,,false,,,"30",68459095,"[PREMIUM]","[PREMIUM]","[PREMIUM]",2015,"[PREMIUM]",false,"PARTNER",468593,3.6,47,0,"[""NO_SALVAGE_TITLE"",""NO_ACCIDENTS_REPORTED"",""ONE_OWNER""]","{""exterior"":[""Alloy wheels"",""Auto High-beam Headlights"",""Bumpers: body-color"",""Delay-off headlights"",""Fully automatic headlights"",""Power door mirrors"",""Rear window wiper"",""Spoiler"",""Wheels: 17\"" Silver Painted Alloy""],""interior"":[""Air Conditioning"",""Cloth Seating Surfaces"",""Driver door bin"",""Driver vanity mirror"",""Front Bucket Seats"",""Front Center Armrest"",""Front reading lights"",""Heated steering wheel"",""Leather Shift Knob"",""Overhead console"",""Passenger door bin"",""Passenger vanity mirror"",""Power windows"",""Rear seat center armrest"",""Rear window defroster"",""Split folding rear seat"",""Steering wheel mounted audio controls"",""Tachometer"",""Telescoping steering wheel"",""Tilt steering wheel"",""Trip computer"",""Variably intermittent wipers""],""mechanical"":[""3.23 Axle Ratio"",""4-Wheel Disc Brakes"",""Front wheel independent suspension"",""Power steering"",""Speed-sensing steering""],""other"":[""**120 POINT INSPECTION**"",""**CLEAN CARFAX**"",""**LOCAL TRADE**"",""**ONE OWNER**"",""Emergency communication system: VW Car-Net Safe & Secure 5-year"",""Front Strut Rear Torsion Beam Suspension"",""Front anti-roll bar"",""Illuminated entry"",""Outside temperature display"",""Rear anti-roll bar"",""Roof rack: rails only"",""Rubber Mats Kit (SNM)""],""safety"":[""ABS brakes"",""Active Blind Spot Monitor"",""Brake assist"",""Dual front impact airbags"",""Dual front side impact airbags"",""Electronic Stability Control"",""Low tire pressure warning"",""Occupant sensing airbag"",""Overhead airbag"",""Panic alarm"",""Traction control""],""technology"":[""**BACKUP CAMERA**"",""**BLUETOOTH**"",""6 Speakers"",""AM/FM radio"",""Compass"",""Exterior Parking Camera Rear"",""Radio data system"",""Radio: Composition Color AM/FM"",""Rain sensing wipers"",""Remote keyless entry"",""Speed control""]}",70,"This 2024 Volkswagen Taos 1.5T S combines practical design with everyday reliability, offering a well-rounded compact SUV that handles both city driving and highway travel with confidence.<br><br>- 120 Point Inspection<br>- Backup Camera<br>- Bluetooth<br>- Clean CARFAX<br>- Local Trade<br>- One Owner<br>- 17 Silver Painted Alloy Wheels<br>- Heated Steering Wheel<br>- Active Blind Spot Monitor<br>- Rain Sensing Wipers<br>- Rear Seat Center Armrest<br>- Power Door Mirrors<br>- Roof Rack Rails<br>- Auto High-beam Headlights<br>- Monster Mats and Heavy Duty Trunk Liner with VW CarGo Blocks<br><br>With just under 10,000 miles on the odometer, this single-owner Taos presents an excellent opportunity to own a nearly new vehicle. The 1.5L turbocharged engine delivers 158 horsepower while achieving an efficient 28 city and 36 highway MPG. The eight-speed automatic transmission provides smooth acceleration and responsive handling for both commuting and weekend getaways. The black exterior finish gives this SUV a sophisticated appearance that works in any setting.<br><br>Inside, you'll find a comfortable and thoughtfully equipped cabin designed for practicality. The Composition Color AM/FM radio with Bluetooth connectivity keeps you connected to your digital life, while steering wheel-mounted audio controls let you manage functions without taking your hands off the wheel. Heated steering wheel and illuminated entry features add comfort and convenience to your daily drives. The split-folding rear seat expands your cargo versatility when you need to transport larger items.<br><br>Volkswagen Certified Pre-Owned protection provides peace of mind with every mile. This vehicle includes a 100+ Point Dealer Inspection, 2 Years of Roadside Assistance, a CARFAX Vehicle History Report, $50 Warranty Deductible, 3 Month SiriusXM Trial, and a 2-Years/24,000-Miles (whichever occurs first) VW Certified Pre-Owned Limited Warranty beginning on the CPO sale date, or the expiration date of the New Vehicle Limited Warranty (whichever occurs first). The High-Voltage Battery Limited Warranty (EV models) is 8-Years/100,000 miles (whichever occurs first) starting at the original in-service date.<br><br>Safety technology is embedded throughout this Taos, featuring dual front and side impact airbags, active blind spot monitoring, brake assist, electronic stability control, and traction control. The rear exterior parking camera and rain-sensing wipers enhance visibility and safety in various driving conditions. Anti-roll bars front and rear contribute to confident handling on winding roads.<br><br>The factory-installed Monster Mats and heavy-duty trunk liner with VW CarGo blocks protect your interior investment while making cleanup effortless. Alloy wheels and a roof rack add both visual appeal and practical functionality. This combination of thoughtful features makes the Taos an ideal choice for buyers seeking substance over flash.<br><br>We invite you to schedule a test drive and experience how this 2024 Volkswagen Taos 1.5T S can fit seamlessly into your lifestyle.","[PREMIUM]",26,"3001 Okeechobee Blvd","West Palm Beach","FL","33409","[PREMIUM]"
"786421492","2026-07-28 23:54:58.996","2026-07-28 23:54:58.996","786421492","[PREMIUM]","48988",2025,"NISSAN","Nissan","ALTIMA","Altima","2.5 SV","SEDAN","Used","Used 2025 Nissan Altima 2.5 SV",30448,"[PREMIUM]",,"Great","[PREMIUM]",18740,21640,"Super Black","BLACK","Charcoal","BLACK","4CLDR","4-Cylinder","2 wheel drive - front","AUT","Continuously Variable Automatic","Automatic","G","Gasoline","Gas",27,39,2.5,false,5,false,true,false,,false,,,"30",73560399,"[PREMIUM]","[PREMIUM]","[PREMIUM]",329,"[PREMIUM]",false,"PARTNER",475672,4.1,60,0,"[""NO_SALVAGE_TITLE"",""NO_FRAME_DAMAGE"",""NO_FLOOD_WATER_DAMAGE"",""NO_ACCIDENTS_REPORTED"",""FREE_REPORT""]","{""interior"":[""Charcoal  Cloth seat trim""],""other"":[""4-Wheel Disc Brakes w/4-Wheel ABS  Front Vented Discs  Brake Assist and Hill Hold Control"",""Super black""],""safety"":[""Blind Spot Warning (BSW) Blind Spot"",""Tire Pressure Monitoring System Tire Specific Low Tire Pressure Warning""],""technology"":[""RearView Monitor Back-Up Camera""]}",6,"Super Black Clearcoat 2025 Nissan Altima 2.5 SV FWD CVT with Xtronic 2.5L 4-Cylinder DOHC 16V CVT with Xtronic.<br><br>27/39 City/Highway MPG<br><br>*Price excludes government fees and taxes, any finance charges, any electronic filing charge, and any emission testing charge. The price includes a dealer document preparation charge of $85.","[PREMIUM]",44,"970 W MANCHESTER BLVD","Inglewood","CA","90301","[PREMIUM]"
"786420723","2026-07-28 23:54:48.857","2026-07-28 23:54:48.857","786420723","[PREMIUM]","48974",2025,"KIA","Kia","SOUL","Soul","LX","HATCH","Used","Used 2025 Kia Soul LX w/ LX Technology Package",28810,"[PREMIUM]",,"Great","[PREMIUM]",16200,20450,"Mars Orange","ORANGE","Black","BLACK","4CLDR","4-Cylinder","2 wheel drive - front","AUT","Continuously Variable Automatic","Automatic","G","Gasoline","Gas",29,35,2,false,5,false,true,false,,false,,,"30",73560399,"[PREMIUM]","[PREMIUM]","[PREMIUM]",329,"[PREMIUM]",false,"PARTNER",475750,4.4,77,0,"[""NO_SALVAGE_TITLE"",""NO_FRAME_DAMAGE"",""NO_FLOOD_WATER_DAMAGE"",""NO_ACCIDENTS_REPORTED"",""ONE_OWNER"",""FREE_REPORT""]","{""other"":[""4-Wheel Disc Brakes w/4-Wheel ABS  Front Vented Discs  Brake Assist and Hill Hold Control"",""Black  Woven & tricot cloth seat trim"",""Lx technology package Blind-Spot Collision-Avoidance Assist  Wheels: 6.5J x 16in Alloy  Lane Change Assist  Rear Cross-Traffic Collision Avoidance Assist ($500.00 )"",""Mars orange""],""safety"":[""Tire Specific Low Tire Pressure Warning""],""technology"":[""Back-Up Camera""]}",6,"Mars Orange 2025 Kia Soul LX FWD CVT 2.0L I4 DOHC<br><br>29/35 City/Highway MPG<br><br>*Price excludes government fees and taxes, any finance charges, any electronic filing charge, and any emission testing charge. The price includes a dealer document preparation charge of $85.","[PREMIUM]",43,"970 W MANCHESTER BLVD","Inglewood","CA","90301","[PREMIUM]"
"783900870","2026-07-28 23:54:48.856","2026-07-28 23:54:48.856","783900870","[PREMIUM]","64440",2025,"NISSAN","Nissan","VERSA","Versa","SV","SEDAN","Used","Used 2025 Nissan Versa SV",25339,"[PREMIUM]",,"Great","[PREMIUM]",16910,19560,"Super Black","BLACK","Graphite","GRAY","4CLDR","4-Cylinder","2 wheel drive - front","AUT","Continuously Variable Automatic","Automatic","G","Gasoline","Gas",32,40,1.6,false,5,false,true,false,,false,,,"30",68534567,"[PREMIUM]","[PREMIUM]","[PREMIUM]",331,"[PREMIUM]",false,"PARTNER",474154,4.1,23,0,"[""NO_SALVAGE_TITLE"",""NO_FRAME_DAMAGE"",""NO_FLOOD_WATER_DAMAGE"",""NO_ACCIDENTS_REPORTED"",""ONE_OWNER"",""FREE_REPORT""]","{""exterior"":[""Body-Colored Power Heated Side Mirrors w/Manual Folding""],""other"":[""Front Disc/Rear Drum Brakes w/4-Wheel ABS  Front Vented Discs  Brake Assist and Hill Hold Control"",""Graphite  Upgraded cloth seat trim"",""Super black""],""safety"":[""Blind Spot Warning (BSW) Blind Spot"",""Tire Specific Low Tire Pressure Warning""],""technology"":[""RearView Monitor Back-Up Camera""]}",7,"At Hertz Car Sales, view our thousands of vehicles with pricing often below market value! Take advantage of no-haggle pricing, our 7 day/250 mile Buy Back Guarantee, as well as a standard 12mth/12K mile limited powertrain warranty on every Certified vehicle. We have financing options for almost every budget and can provide competitive trade-in appraisals at our location. We have additional protection products available to protect your investment, and can ship your car to your door! Contact us today to find out more!<br><br>Recent Arrival! Certified. Super Black Metallic 2025 Nissan Versa 1.6 SV FWD CVT 1.6L I4 DOHC 16V **115 POINT INSPECTION**.<br><br>32/40 City/Highway MPG<br><br>Price Disclaimer: *Plus government fees and taxes, any finance charges, any dealer document processing charge, any electronic filing charge, and any emission testing charge.<br><br>*Price excludes government fees and taxes, any finance charges, any electronic filing charge, and any emission testing charge. The price includes a dealer document preparation charge of $85.","[PREMIUM]",41,"5370 Kearny Mesa Road","San Diego","CA","92111","[PREMIUM]"
"786017808","2026-07-28 23:52:38.690","2026-07-28 23:52:38.690","786017808","[PREMIUM]","260740B",1999,"CHEV","Chevrolet","CORV","Corvette","Coupe","COUPE","Used","Used 1999 Chevrolet Corvette Coupe w/ Memory Pkg",74170,"[PREMIUM]",,,"[PREMIUM]",0,0,"Arctic White","WHITE","Black","BLACK","8CLDR","8-Cylinder","2 wheel drive - rear","AUT","4-Speed Automatic","Automatic","G","Gasoline","Gas",17,25,5.7,false,10,false,false,false,,false,,,"20",584745,"[PREMIUM]","[PREMIUM]","[PREMIUM]",2657,"[PREMIUM]",false,"PARTNER",5131,4.9,743,0,"[""NO_SALVAGE_TITLE"",""NO_ACCIDENTS_REPORTED"",""NO_ONE_OWNER""]","{""exterior"":[""Aluminum Wheels"",""FOG LAMPS"",""Heated Mirrors"",""Power Mirror(s)"",""Tires - Front Performance"",""Tires - Rear Performance""],""interior"":[""6-WAY PWR PASSENGER SEAT"",""A/C"",""ADJUSTABLE SPORT BUCKET SEATS"",""Adjustable Steering Wheel"",""Bucket Seats"",""Driver Illuminated Vanity Mirror"",""Driver Vanity Mirror"",""ELECTRONIC DUAL ZONE AIR CONDITIONING"",""FRONT FLOOR MATS"",""Front Reading Lamps"",""Intermittent Wipers"",""LEATHER SEAT TRIM  (STD)"",""LUGGAGE SHADE & PARCEL NET"",""Leather Seats"",""Leather Steering Wheel"",""PWR TELESCOPIC STEERING COLUMN"",""Passenger Illuminated Visor Mirror"",""Passenger Vanity Mirror"",""Power Door Locks"",""Power Driver Seat"",""Power Windows"",""Rear Defrost"",""Remote Trunk Release""],""mechanical"":[""4-SPEED ELECTRONICALLY-CONTROLLED AUTOMATIC TRANSMISSION W/OD  (STD)"",""4-Wheel Disc Brakes"",""5.7L (346) SFI V8 ENGINE  (STD)"",""ACTIVE HANDLING SYSTEM  -inc: automatic brake application for correcting oversteer/ understeer"",""CALIFORNIA EMISSION EQUIPMENT"",""Power Steering"",""Rear Wheel Drive""],""other"":[""Locking/Limited Slip Differential"",""MEMORY PKG  -inc: memory of outside rearview mirror positions  radio/HVAC/pwr driver seat settings"",""PERFORMANCE RATIO AXLE  -inc: 3.15 axle ratio"",""PREFERRED EQUIPMENT GROUP  -inc: base vehicle"",""TWILIGHT SENTINEL"",""Targa Roof""],""safety"":[""ABS"",""Daytime Running Lights"",""Driver Air Bag"",""Passenger Air Bag"",""Security System"",""Tire Pressure Monitor"",""Traction Control""],""technology"":[""AM/FM Stereo"",""Cassette"",""Cruise Control"",""HEADS-UP DISPLAY"",""Immobilizer"",""Keyless Entry"",""Premium Sound System"",""REMOTE CD CHANGER""]}",57,"C6<br>LOTS OF CUSTOM !!!!!!!!!!!!!!!!!!!!!!!!!!!!!<br>WAS PART OF THE CORVETTE CLUB !!!!!!!<br>LOADED VERY VERY CLEAN<br>IMMACULANT !!!!!!!!!!!!<br>PERFECT!!!!<br><br><br>WE PRICE THIS VEHICLE TO BE THE LOWEST PRICE IN THE WESTERN REGION!!! WE ARE HOME OF THE SUN CITY TRADES!!! Second key, floormats and owner's manual may not be available on all pre owned vehicles. All prices and availability subject to change without notice. Contact Liberty Buick for details.<br><br>Clean CARFAX.<br><br><br>Arctic White 1999 Chevrolet Corvette RWD 4-Speed Automatic with Overdrive 5.7L V8 SFI<br><br>Recent Arrival!<br><br><br>This Chevrolet Corvette is equipped with the following features: Memory Package (Memory Mirrors &amp; Driver's Seat), Preferred Equipment Group 1SA, 3.15 Performance Axle Ratio, 4-Wheel Disc Brakes, 6 Speakers, 6-Way Power Passenger Seat, ABS brakes, Active Handling System, Air Conditioning, Alloy wheels, AM/FM radio, Block heater, Bumpers: body-color, Cassette, Driver vanity mirror, Dual front impact airbags, Dual Zone Electronic Air Conditioning, Fog Lamps, Four wheel independent suspension, Front anti-roll bar, Front Bucket Seats, Front Center Armrest w/Storage, Front Floor Mats, Front reading lights, Head-Up Display Instrumentation, Heated door mirrors, Illuminated entry, Leather Adjustable Sport Bucket Seats, Leather Bucket Seats, Leather Seat Trim, Leather Shift Knob, Leather steering wheel, Luggage Shade &amp; Parcel Net, Outside temperature display, Panic alarm, Passenger vanity mirror, Power door mirrors, Power driver seat, Power steering, Power windows, Rear anti-roll bar, Rear window defroster, Remote keyless entry, Security system, Speed control, Speed-sensing steering, Sport steering wheel, Tachometer, Tilt &amp; Telescopic Steering Wheel Column, Tilt steering wheel, Traction control, Trip computer, Twilight Sentinel Lighting, Variably intermittent wipers, and Voltmeter.","[PREMIUM]",61,"8737 West Bell Road","Peoria","AZ","85382","[PREMIUM]"
"783515035","2026-07-28 23:52:38.669","2026-07-28 23:52:38.669","783515035","[PREMIUM]","74451",2025,"KIA","Kia","SOUL","Soul","LX","HATCH","Used","Used 2025 Kia Soul LX w/ LX Technology Package",20802,"[PREMIUM]",,"Great","[PREMIUM]",17560,21810,"Snow White Pearl","WHITE","Black","BLACK","4CLDR","4-Cylinder","2 wheel drive - front","AUT","Continuously Variable Automatic","Automatic","G","Gasoline","Gas",29,35,2,false,5,false,true,false,,false,,,"30",67249337,"[PREMIUM]","[PREMIUM]","[PREMIUM]",530,"[PREMIUM]",false,"PARTNER",475750,4.4,77,0,"[""NO_SALVAGE_TITLE"",""NO_FRAME_DAMAGE"",""NO_FLOOD_WATER_DAMAGE"",""NO_ACCIDENTS_REPORTED"",""ONE_OWNER"",""FREE_REPORT""]","{""other"":[""4-Wheel Disc Brakes w/4-Wheel ABS  Front Vented Discs  Brake Assist and Hill Hold Control"",""Black  Woven & tricot cloth seat trim"",""Lx technology package Blind-Spot Collision-Avoidance Assist  Wheels: 6.5J x 16in Alloy  Lane Change Assist  Rear Cross-Traffic Collision Avoidance Assist ($500.00 value when new)"",""Snow white pearl ($345.00 value when new)""],""safety"":[""Tire Specific Low Tire Pressure Warning""],""technology"":[""Back-Up Camera""]}",6,"At Hertz Car Sales, view our thousands of vehicles with pricing often below market value! Take advantage of no-haggle pricing, our 7 day/250 mile Buy Back Guarantee, as well as a standard 12mth/12K mile limited powertrain warranty on every Certified vehicle. We have financing options for almost every budget and can provide competitive trade-in appraisals at our location. We have additional protection products available to protect your investment, and can ship your car to your door! Contact us today to find out more!<br><br>Recent Arrival! Certified. Snow White Pearl 2025 Kia Soul LX FWD CVT 2.0L I4 DOHC<br><br>Odometer is 1563 miles below market average! 29/35 City/Highway MPG<br><br>Certification Program Details: At Hertz Car Sales every retail vehicle undergoes an inspection process to make sure they meet quality standards. Also, all our vehicles come with a free Auto check vehicle history report. Visit /orlando or call us at  .<br><br>*Price excludes government fees and taxes, any finance charges, any electronic filing charge, and any emission testing charge. The price includes a dealer document preparation charge of $999.","[PREMIUM]",22,"6060 S Semoran Blvd","Orlando","FL","32822","[PREMIUM]"
"786411585","2026-07-28 23:52:38.669","2026-07-28 23:52:38.669","786411585","[PREMIUM]","74458",2025,"NISSAN","Nissan","SENTRA","Sentra","SV","SEDAN","Used","Used 2025 Nissan Sentra SV",25678,"[PREMIUM]",,"Great","[PREMIUM]",17060,21410,"Fresh Powder","WHITE","Charcoal","BLACK","4CLDR","4-Cylinder","2 wheel drive - front","AUT","Continuously Variable Automatic","Automatic","G","Gasoline","Gas",30,40,2,false,5,false,true,false,,false,,,"30",67249337,"[PREMIUM]","[PREMIUM]","[PREMIUM]",530,"[PREMIUM]",false,"PARTNER",475173,3.9,52,0,"[""NO_SALVAGE_TITLE"",""NO_FRAME_DAMAGE"",""NO_FLOOD_WATER_DAMAGE"",""ACCIDENTS_REPORTED"",""ONE_OWNER"",""FREE_REPORT""]","{""interior"":[""Charcoal  Upgraded cloth seat trim""],""other"":[""4-Wheel Disc Brakes w/4-Wheel ABS  Front Vented Discs  Brake Assist and Hill Hold Control"",""Fresh powder"",""h01 nissan connect services over-the-air (OTA) updating for headunit firmware via a Wi-Fi WPA2 connection  Wi-Fi Hotspot  NissanConnect Services ($200.00 value when new)""],""safety"":[""Blind Spot Warning (BSW) Blind Spot"",""Tire Specific Low Tire Pressure Warning""]}",6,"At Hertz Car Sales, view our thousands of vehicles with pricing often below market value! Take advantage of no-haggle pricing, our 7 day/250 mile Buy Back Guarantee, as well as a standard 12mth/12K mile limited powertrain warranty on every Certified vehicle. We have financing options for almost every budget and can provide competitive trade-in appraisals at our location. We have additional protection products available to protect your investment, and can ship your car to your door! Contact us today to find out more!<br><br>Recent Arrival! Certified. Fresh Powder 2025 Nissan Sentra SV FWD CVT with Xtronic 2.0L I4 DOHC CVT with Xtronic, Charcoal Cloth.<br><br>30/40 City/Highway MPG<br><br>Certification Program Details: At Hertz Car Sales every retail vehicle undergoes an inspection process to make sure they meet quality standards. Also, all our vehicles come with a free Auto check vehicle history report. Visit /orlando or call us at  .<br><br>*Price excludes government fees and taxes, any finance charges, any electronic filing charge, and any emission testing charge. The price includes a dealer document preparation charge of $999.","[PREMIUM]",23,"6060 S Semoran Blvd","Orlando","FL","32822","[PREMIUM]"
"786415684","2026-07-28 23:52:38.662","2026-07-28 23:52:38.662","786415684","[PREMIUM]","59820",2025,"NISSAN","Nissan","SENTRA","Sentra","SV","SEDAN","Used","Used 2025 Nissan Sentra SV",23532,"[PREMIUM]",,"Great","[PREMIUM]",17000,21350,"Electric Blue Metallic","BLUE","Charcoal","BLACK","4CLDR","4-Cylinder","2 wheel drive - front","AUT","Continuously Variable Automatic","Automatic","G","Gasoline","Gas",30,40,2,false,5,false,true,false,,false,,,"30",69984331,"[PREMIUM]","[PREMIUM]","[PREMIUM]",583,"[PREMIUM]",false,"PARTNER",475173,3.9,52,0,"[""NO_SALVAGE_TITLE"",""NO_FRAME_DAMAGE"",""NO_FLOOD_WATER_DAMAGE"",""NO_ACCIDENTS_REPORTED"",""ONE_OWNER"",""FREE_REPORT""]","{""exterior"":[""Electric blue metallic""],""interior"":[""Charcoal  Upgraded cloth seat trim""],""other"":[""4-Wheel Disc Brakes w/4-Wheel ABS  Front Vented Discs  Brake Assist and Hill Hold Control"",""h01 nissan connect services over-the-air (OTA) updating for headunit firmware via a Wi-Fi WPA2 connection  Wi-Fi Hotspot  NissanConnect Services ($200.00 )""],""safety"":[""Blind Spot Warning (BSW) Blind Spot"",""Tire Specific Low Tire Pressure Warning""]}",6,"At Hertz Car Sales, view our thousands of vehicles with pricing often below market value! Take advantage of no-haggle pricing, our 7 day/250 mile Buy Back Guarantee, as well as a standard 12mth/12K mile limited powertrain warranty on every Certified vehicle. We have financing options for almost every budget and can provide competitive trade-in appraisals at our location. We have additional protection products available to protect your investment, and can ship your car to your door! Contact us today to find out more!<br><br>Recent Arrival! Certified. CVT with Xtronic, Charcoal Cloth. Electric Blue Metallic 2025 Nissan Sentra SV FWD CVT with Xtronic 2.0L I4 DOHC<br><br>30/40 City/Highway MPG<br><br>Certification Program Details: At Hertz Car Sales every retail vehicle undergoes an inspection process to make sure they meet quality standards. Also, all our vehicles come with a free Auto check vehicle history report. Visit /baltimore or call us at  .<br><br>*Price excludes government fees and taxes, any finance charges, any electronic filing charge, and any emission testing charge. The price includes a dealer document preparation charge of $800.","[PREMIUM]",22,"8115 BELAIR RD","Nottingham","MD","21236","[PREMIUM]"
"786420059","2026-07-28 23:52:38.661","2026-07-28 23:52:38.661","786420059","[PREMIUM]","61756",2025,"KIA","Kia","KIAK4","K4",,"SEDAN","Used","Used 2025 Kia K4",36660,"[PREMIUM]",,"Great","[PREMIUM]",18690,20640,"Steel Gray","GRAY","Gray","GRAY","4CLDR","4-Cylinder","2 wheel drive - front","AUT","Continuously Variable Automatic","Automatic","G","Gasoline","Gas",29,39,2,false,5,false,true,false,,false,,,"30",69029511,"[PREMIUM]","[PREMIUM]","[PREMIUM]",388,"[PREMIUM]",false,"PARTNER",474506,3.7,9,0,"[""NO_SALVAGE_TITLE"",""NO_FRAME_DAMAGE"",""NO_FLOOD_WATER_DAMAGE"",""NO_ACCIDENTS_REPORTED"",""ONE_OWNER"",""FREE_REPORT""]","{""exterior"":[""Black Power Heated Side Mirrors w/Manual Folding""],""interior"":[""Gray  Cloth seat trim""],""other"":[""4-Wheel Disc Brakes w/4-Wheel ABS  Front Vented Discs  Brake Assist  Hill Hold Control and Electric Parking Brake"",""Blind-Spot Collision-Avoidance Assist (BCA) Blind Spot"",""Rear View Monitor with Parking Guidance Back-Up Camera"",""Steel gray""],""safety"":[""Tire Specific Low Tire Pressure Warning""]}",7,"At Hertz Car Sales, view our thousands of vehicles with pricing often below market value! Take advantage of no-haggle pricing, our 7 day/250 mile Buy Back Guarantee, as well as a standard 12mth/12K mile limited powertrain warranty on every Certified vehicle. We have financing options for almost every budget and can provide competitive trade-in appraisals at our location. We have additional protection products available to protect your investment, and can ship your car to your door! Contact us today to find out more!<br><br>Recent Arrival! Certified. Steel Gray 2025 Kia K4 LXS FWD CVT 2.0L I4 MPI **115 POINT INSPECTION**.<br><br>29/39 City/Highway MPG<br><br>Certification Program Details: At Hertz Car Sales every retail vehicle undergoes an inspection process to make sure they meet quality standards. Also, all our vehicles come with a free Auto check vehicle history report. Visit /seattle or call us at  .<br><br>*Price excludes government fees and taxes, any finance charges, any electronic filing charge, and any emission testing charge. The price includes a dealer document preparation charge of $200.","[PREMIUM]",44,"14500 1ST AVE S","Burien","WA","98168","[PREMIUM]"
"786390269","2026-07-28 23:52:38.659","2026-07-28 23:52:38.659","786390269","[PREMIUM]","C221",2024,"CHEV","Chevrolet","MALI","Malibu","LT","SEDAN","Used","Used 2024 Chevrolet Malibu LT",42347,"[PREMIUM]",,"Great","[PREMIUM]",18630,20630,"Summit White","WHITE","Jet Black","BLACK","4CLDR","4-Cylinder Turbo","2 wheel drive - front","AUT","Continuously Variable Automatic","Automatic","G","Gasoline","Gas",,,1.5,false,4,false,true,false,,false,,,"30",68245953,"[PREMIUM]","[PREMIUM]","[PREMIUM]",1884,"[PREMIUM]",false,"PARTNER",466565,3.9,156,1,"[""NO_SALVAGE_TITLE"",""NO_ACCIDENTS_REPORTED""]","{""exterior"":[""Fuel door push open"",""Headlamp control automatic on and off"",""Headlamps halogen"",""Mirrors outside heated power-adjustable body-colour manual-folding""],""interior"":[""Air conditioning dual-zone automatic climate control"",""Air filter cabin"",""Defogger rear-window electric"",""Lighting interior overhead courtesy lamp dual reading lamps and illuminated trunk area"",""Lighting interior rear reading lamps switchable"",""Map pocket front passenger seatback"",""Mirror inside rearview manual day/night"",""Power outlet auxiliary 12-volt"",""Rear seat reminder"",""Seat adjuster 8-way power driver"",""Seat adjuster front passenger 6-way manual"",""Seat adjuster power driver lumbar control"",""Seat rear 60/40 split-folding"",""Seats heated driver and front passenger"",""Steering column tilt and telescopic"",""Steering wheel 3-spoke"",""Visors driver and front passenger illuminated vanity mirrors covered""],""mechanical"":[""Axle 5.10 final drive ratio"",""Engine control stop-start system"",""Front wheel drive"",""Suspension front MacPherson strut"",""Suspension rear 4-link independent""],""other"":[""Airbags 10 total frontal and knee for driver and front passenger side-impact seat-mounted and roof rail-mounted head-curtain for front and rear outboard seating positions includes Passenger Sensing System"",""Antenna body-colour"",""Assist handle front passenger"",""Brake lining high-performance noise and dust performance"",""Brake parking electronic"",""Brake rotors Duralife"",""Brakes 4-wheel antilock 4-wheel disc"",""Buckle to Drive prevents vehicle from being shifted out of Park until driver seat belt is fastened; times out after 20 seconds and encourages seat belt use can be turned on and off in Settings or Teen Driver menu"",""Chevrolet Connected Access capable (Subject to terms. See onstar.ca or dealer for details.)"",""Driver Information Centre monochromatic display"",""Engine 1.5L turbo DOHC 4-cylinder DI with Variable Valve Timing (VVT) (163 hp 122 kW @ 5700 rpm 184 lb-ft torque 248.4 N-m @ 2500-3000 rpm)"",""Following Distance Indicator (Included with (WPS) Chevrolet Safety Assist.)"",""Fuelling system capless"",""Glass acoustic laminated windshield"",""HD Rear Vision Camera (Rear Vision Camera display is not HD with IOR audio system.)"",""LATCH system (Lower Anchors and Tethers for CHildren) for child restraint seats"",""Rear seat armrest with cup holders"",""StabiliTrak stability control system with brake assist includes Traction Control"",""Teen Driver a configurable feature that lets you activate customizable vehicle settings associated with a key fob to help encourage safe driving behaviour. It can limit certain available vehicle features and it prevents certain safety systems from being t"",""Temperature display outside"",""Tire Inflator Kit"",""Trunk cargo anchors"",""Trunk latch safety manual release"",""Vent rear console"",""Warning indicator front passenger seat belt"",""Wi-Fi Hotspot capable (Terms and limitations apply. See onstar.ca or dealer for details.)""],""safety"":[""Daytime Running Lamps LED separate"",""Door locks rear child security"",""Tire pressure monitor system""],""technology"":[""Audio system feature 6-speaker system"",""Braking control ECM grade"",""Display 8 diagonal LCD touch screen"",""Keyless start"",""Remote vehicle starter system""]}",60,"Why BUY from DeFouw Chevrolet? When you choose this Summit White 2024 Chevrolet Malibu 1LT with 42,347 miles, you are not just buying a used vehicle - you are investing in quality, reliability and peace of mind. Our clientele depend on us for Transparent Pricing, Convenience and, most importantly, Customer FIRST Service! No Accidents! One Owner! What this vehicle includes: Preferred Equipment Group 1LTFront Bucket SeatsChevrolet Infotainment 3 System Radio1.5L Turbo DOHC 4-Cylinder DI Engine with VVTContinuously Variable TransmissionPremium Cloth Seat Trim Safety and Security Forward collision mitigation - Forward thinking. You look away for just a second and suddenly the vehicle in front of you has stopped. That's when the forward collision mitigation system comes to life. When it senses an impending impact, it will activate a combination of features to help prevent or reduce the severity of an accident. Forward collision mitigation is always looking ahead. Pedestrian impact prevention - An extra step toward safety. Pedestrians don't always stop, look, and listen, but with Pedestrian Impact Prevention, your vehicle is equipped to better see them and avoid them. This system constantly monitors the road ahead to identify and track pedestrians. It projects that image to an interior display screen, AND should an impact become likely, Pedestrian impact prevention takes steps to avoid a collision. Rear camera - Watching your back! The rear camera helps you see obstacles and hazards you otherwise couldn't by showing enhanced images of what is behind you. The rear camera is an extra set of eyes that's both convenient and safe. Lane departure prevention - Keep it between the lines. It only takes a moment of inattention for your vehicle to drift. With lane departure prevention, your vehicle takes corrective action to help you avoid unintentionally moving out of your lane. Lane departure prevention is an extra level of safety for you and those around you.Technology and Telematics Mobile hotspot - WiFi on the fly. Connect your devices to the Internet through your vehicle s private mobile hotspot and take the internet wherever your journey takes you, without eating up your data allowance. Find the hotspot with mobile hotspot. ENGINE, 1.5L TURBO DOHC 4-CYLINDER DI, SUMMIT WHITE Come on in to DeFouw Chevrolet today at 320 Sagamore Pkwy. South 320 Sagamore Pkwy. South Lafayette IN 47905 or call   to schedule a test drive! Prices shown do not include applicable tax, title, license, $37.50 convenience fee, and $261 dealer document preparation fee, all of which must be paid by the purchaser. Used vehicles are sold as-is with no dealer warranty, unless otherwise stated. Any remaining manufacturer warranty may apply see dealer for details. While every effort is made to ensure the accuracy of this information, errors may occur. Please verify all information with a dealership representative by calling   or visiting the dealership. Advertised monthly payments and rates are estimates only and are subject to approved credit. Terms may vary. See dealer for complete details.","[PREMIUM]",29,"320 SAGAMORE PKWY S","Lafayette","IN","47905","[PREMIUM]"
"786411514","2026-07-28 23:52:38.656","2026-07-28 23:52:38.656","786411514","[PREMIUM]","74468",2025,"JEEP","Jeep","COMPASS","Compass","Trailhawk","SUV","Used","Used 2025 Jeep Compass Trailhawk",37827,"[PREMIUM]",,"Great","[PREMIUM]",23849,27149,"Red Hot Pearlcoat","RED","Ruby Red/Black","UNAVAIL","4CLDR","4-Cylinder Turbo","4 wheel drive","AUT","8-Speed Automatic","Automatic","G","Gasoline","Gas",24,32,2,true,5,false,true,false,,false,,,"30",67249337,"[PREMIUM]","[PREMIUM]","[PREMIUM]",530,"[PREMIUM]",false,"PARTNER",475156,4.7,504,0,"[""NO_SALVAGE_TITLE"",""NO_FRAME_DAMAGE"",""NO_FLOOD_WATER_DAMAGE"",""NO_ACCIDENTS_REPORTED"",""ONE_OWNER"",""FREE_REPORT""]","{""exterior"":[""Black Power Heated Side Mirrors w/Manual Folding and Turn Signal Indicator"",""Tu-tone paint group""],""interior"":[""Leather Steering Wheel"",""Ruby red/black  Premium cloth/leather trim bucket seats""],""mechanical"":[""Engine: 2.0l i4 dohc di turbo w/ess""],""other"":[""4-Wheel Disc Brakes w/4-Wheel ABS  Front Vented Discs  Brake Assist  Hill Descent Control  Hill Hold Control and Electric Parking Brake"",""Black clearcoat"",""Leather/Metal-Look Gear Shifter Material"",""Quick order package 29e Engine: 2.0L I4 DOHC DI Turbo w/ESS  Transmission: 8-Speed Automatic 8F30"",""Red hot pearlcoat ($595.00 value when new)"",""Transmission: 8-speed automatic 8f30""],""safety"":[""Blind Spot Detection Blind Spot"",""Tire Specific Low Tire Pressure Warning""],""technology"":[""Uconnect w/Bluetooth Wireless Phone Connectivity""]}",14,"At Hertz Car Sales, view our thousands of vehicles with pricing often below market value! Take advantage of no-haggle pricing, our 7 day/250 mile Buy Back Guarantee, as well as a standard 12mth/12K mile limited powertrain warranty on every Certified vehicle. We have financing options for almost every budget and can provide competitive trade-in appraisals at our location. We have additional protection products available to protect your investment, and can ship your car to your door! Contact us today to find out more!<br><br>Recent Arrival! Certified. Red Hot Pearlcoat 2025 Jeep Compass Trailhawk 4WD 8-Speed Automatic 2.0L I4 DOHC 4WD.<br><br>24/32 City/Highway MPG<br><br>Certification Program Details: At Hertz Car Sales every retail vehicle undergoes an inspection process to make sure they meet quality standards. Also, all our vehicles come with a free Auto check vehicle history report. Visit /orlando or call us at  .<br><br>*Price excludes government fees and taxes, any finance charges, any electronic filing charge, and any emission testing charge. The price includes a dealer document preparation charge of $999.","[PREMIUM]",42,"6060 S Semoran Blvd","Orlando","FL","32822","[PREMIUM]"
"786463263","2026-07-28 23:51:08.790","2026-07-28 23:51:08.790","786463263","[PREMIUM]","PZ1087",2024,"CHEV","Chevrolet","MALI","Malibu","LT","SEDAN","Used","Used 2024 Chevrolet Malibu LT",68148,"[PREMIUM]",,"Great","[PREMIUM]",17320,19320,"Mosaic Black Metallic","BLACK","Black","BLACK","4CLDR","4-Cylinder Turbo","2 wheel drive - front","AUT","Continuously Variable Automatic","Automatic","G","Gasoline","Gas",27,35,1.5,false,4,false,true,false,,false,,,"30",75398645,"[PREMIUM]","[PREMIUM]","[PREMIUM]",1962,"[PREMIUM]",false,"PARTNER",466565,3.9,156,0,"[""NO_SALVAGE_TITLE"",""NO_ACCIDENTS_REPORTED"",""ONE_OWNER""]","{""exterior"":[""17\"" Aluminum Wheels"",""Alloy wheels"",""Auto High-beam Headlights"",""Bumpers: body-color"",""Delay-off headlights"",""Fully automatic headlights"",""Heated door mirrors"",""Power door mirrors""],""interior"":[""8-Way Power Driver Seat Adjuster"",""Air Conditioning"",""Driver door bin"",""Driver vanity mirror"",""Front Bucket Seats"",""Front Center Armrest"",""Front dual zone A/C"",""Front reading lights"",""Heated Driver & Front Passenger Seats"",""Heated front seats"",""Overhead console"",""Passenger door bin"",""Passenger vanity mirror"",""Power Driver Lumbar Control Seat Adjuster"",""Power driver seat"",""Power windows"",""Premium Cloth Seat Trim"",""Rear reading lights"",""Rear seat center armrest"",""Rear window defroster"",""Split folding rear seat"",""Steering wheel mounted audio controls"",""Tachometer"",""Telescoping steering wheel"",""Tilt steering wheel"",""Trip computer"",""Variably intermittent wipers"",""Voltmeter""],""mechanical"":[""4-Wheel Disc Brakes"",""Four wheel independent suspension"",""Power steering""],""other"":[""6-Way Manual Front Passenger Seat Adjuster"",""Deleted 3 Years of Remote Access"",""Emergency communication system: OnStar and Chevrolet connected services capable"",""Front License Plate Bracket"",""Front anti-roll bar"",""Illuminated entry"",""Outside temperature display"",""Preferred Equipment Group 1LT"",""Premium audio system: Chevrolet Infotainment 3 Plus"",""Rear anti-roll bar"",""Road Emergency Tool Kit"",""Wireless Apple CarPlay/Android Auto""],""safety"":[""ABS brakes"",""Brake assist"",""Dual front impact airbags"",""Dual front side impact airbags"",""Electronic Stability Control"",""Knee airbag"",""Low tire pressure warning"",""Occupant sensing airbag"",""Overhead airbag"",""Panic alarm"",""Rear side impact airbag"",""Security system"",""Traction control""],""technology"":[""6 Speakers"",""6-Speaker Audio System Feature"",""AM/FM radio: SiriusXM"",""Automatic temperature control"",""Compass"",""Exterior Parking Camera Rear"",""Radio data system"",""Radio: Chevrolet Infotainment 3 System"",""Remote keyless entry"",""SiriusXM"",""Speed control""]}",75,"Malibu LT 1LT, 4D Sedan, 1.5L DOHC, CVT, FWD, Mosaic Black Metallic, Black Cloth, 17 Aluminum Wheels, 4-Wheel Disc Brakes, 6 Speakers, 6-Speaker Audio System Feature, 6-Way Manual Front Passenger Seat Adjuster, 8-Way Power Driver Seat Adjuster, ABS brakes, Air Conditioning, Alloy wheels, AM/FM radio: SiriusXM, Auto High-beam Headlights, Automatic temperature control, Brake assist, Bumpers: body-color, Compass, Delay-off headlights, Deleted 3 Years of Remote Access, Driver door bin, Driver vanity mirror, Dual front impact airbags, Dual front side impact airbags, Electronic Stability Control, Emergency communication system: OnStar and Chevrolet connected services capable, Exterior Parking Camera Rear, Four wheel independent suspension, Front anti-roll bar, Front Bucket Seats, Front Center Armrest, Front dual zone A/C, Front License Plate Bracket, Front reading lights, Fully automatic headlights, Heated door mirrors, Heated Driver &amp; Front Passenger Seats, Heated front seats, Illuminated entry, Knee airbag, Low tire pressure warning, Occupant sensing airbag, Outside temperature display, Overhead airbag, Overhead console, Panic alarm, Passenger door bin, Passenger vanity mirror, Power door mirrors, Power Driver Lumbar Control Seat Adjuster, Power driver seat, Power steering, Power windows, Preferred Equipment Group 1LT, Premium audio system: Chevrolet Infotainment 3 Plus, Premium Cloth Seat Trim, Radio data system, Radio: Chevrolet Infotainment 3 System, Rear anti-roll bar, Rear reading lights, Rear seat center armrest, Rear side impact airbag, Rear window defroster, Remote keyless entry, Road Emergency Tool Kit, Security system, SiriusXM, Speed control, Split folding rear seat, Steering wheel mounted audio controls, Tachometer, Telescoping steering wheel, Tilt steering wheel, Traction control, Trip computer, Variably intermittent wipers, Voltmeter, Wireless Apple CarPlay/Android Auto. 2024 Chevrolet Malibu LT Mosaic Black Metallic 1LT FWD CVT 1.5L DOHC<br><br>Recent Arrival! 28/36 City/Highway MPG","[PREMIUM]",14,"13661 BRITTON PARK RD","Fishers","IN","46038","[PREMIUM]"
"786069568","2026-07-28 23:51:08.746","2026-07-28 23:51:08.746","786069568","[PREMIUM]","E16399A",2018,"ACURA","Acura","RDX","RDX","AWD w/ Advance Package","SUV","Used","Used 2018 Acura RDX AWD w/ Advance Package",99147,"[PREMIUM]",,"Good","[PREMIUM]",17150,19350,"White Diamond Pearl","WHITE","Ebony","BLACK","6CLDR","6-Cylinder","All wheel drive","AUT","6-Speed Automatic","Automatic","G","Gasoline","Gas",19,27,3.5,true,9,false,false,false,,false,,,"30",72562,"[PREMIUM]","[PREMIUM]","[PREMIUM]",5991,"[PREMIUM]",false,"PARTNER",429595,4.4,142,0,"[""NO_SALVAGE_TITLE"",""NO_FRAME_DAMAGE"",""NO_FLOOD_WATER_DAMAGE"",""NO_ACCIDENTS_REPORTED"",""ONE_OWNER"",""FREE_REPORT""]","{""exterior"":[""Body-Colored Front Bumper"",""Body-Colored Power w/Tilt Down Heated Auto Dimming Side Mirrors w/Manual Folding and Turn Signal Indicator"",""Body-Colored Rear Bumper w/Black Rub Strip/Fascia Accent"",""Chrome Side Windows Trim and Black Front Windshield Trim"",""Front Fog Lamps"",""Lip Spoiler"",""Metal-Look Grille w/Chrome Surround"",""Tires: P235/60R18 High-Performance AS"",""Wheels: 18\"" x 7.5\"" Machine Finish Alloy""],""interior"":[""2 12V DC Power Outlets"",""2 Seatback Storage Pockets"",""60-40 Folding Bench Front Facing Fold Forward Seatback Rear Seat"",""8-Way Driver Seat"",""Air Filtration"",""Body-Colored Door Handles"",""Cargo Area Concealed Storage"",""Cargo Space Lights"",""Carpet Floor Trim"",""Cruise Control w/Steering Wheel Controls"",""Day-Night Auto-Dimming Rearview Mirror"",""Deep Tinted Glass"",""Driver / Passenger And Rear Door Bins"",""Express Open/Close Sliding And Tilting Glass 1st Row Sunroof w/Sunshade"",""Front Center Armrest and Rear Center Armrest"",""Front Cupholder"",""Front Map Lights"",""Front Windshield -inc: Sun Visor Strip"",""Full Carpet Floor Covering -inc: Carpet Front And Rear Floor Mats"",""Full Cloth Headliner"",""Full Floor Console w/Covered Storage  Mini Overhead Console w/Storage and 2 12V DC Power Outlets"",""Gauges -inc: Speedometer  Odometer  Engine Coolant Temp  Tachometer  Trip Odometer and Trip Computer"",""HVAC -inc: Underseat Ducts and Console Ducts"",""Illuminated Locking Glove Box"",""Interior Trim -inc: Metal-Look Instrument Panel Insert and Chrome/Metal-Look Interior Accents"",""Leather Steering Wheel"",""Manual Anti-Whiplash Adjustable Front Head Restraints and Manual Adjustable Rear Head Restraints"",""Manual Tilt/Telescoping Steering Column"",""Passenger Seat"",""Power 1st Row Windows w/Driver And Passenger 1-Touch Up/Down"",""Power Door Locks w/Autolock Feature"",""Power Liftgate Rear Cargo Access"",""Power Rear Windows and Fixed 3rd Row Windows"",""Rear Cupholder"",""Trip Computer"",""Trunk/Hatch Auto-Latch"",""Valet Function"",""Ventilated & Heated Front Sport Seats -inc: 10-way power driver's seat w/power lumbar support and 8-way power front passenger's seat""],""other"":[""Analog Appearance"",""Audio Theft Deterrent"",""Auto On/Off Projector Beam Led Low/High Beam Daytime Running Headlamps w/Delay-Off"",""Delayed Accessory Power"",""Driver Foot Rest"",""FOB Controls -inc: Keyfob Cargo Access  Keyfob Window Activation  Keyfob Sunroof/Convertible Roof Activation and Keyfob Remote Start"",""Fade-To-Off Interior Lighting"",""Fixed Rear Window w/Wiper  Heated Wiper Park and Defroster"",""Galvanized Steel/Aluminum Panels"",""LED Brakelights"",""Leather Gear Shifter Material"",""Leatherette Door Trim Insert"",""Memory Settings -inc: Driver Seat and Door Mirrors"",""Outside Temp Gauge"",""Perforated Leat>"",""Proximity Key For Doors And Push Button Start"",""Radio w/Seek-Scan  In-Dash Mounted Single CD  Clock  Steering Wheel Controls and Radio Data System"",""Remote Keyless Entry w/Integrated Key Transmitter  4 Door Curb/Courtesy  Illuminated Entry  Illuminated Ignition Switch and Panic Button"",""Remote Releases -Inc: Power Cargo Access and Mechanical Fuel"",""Seats w/Leatherette Back Material"",""Selective Service Internet Access"",""Smart Device Integration"",""Speed Sensitive Rain Detecting Variable Intermittent Wipers"",""Tailgate/Rear Door Lock Included w/Power Door Locks"",""Voice Activated Multi Zone Auto-Climate Control Air Conditioning w/Gps Linked""],""safety"":[""Perimeter Alarm""],""technology"":[""10 Speakers"",""2 LCD Monitors In The Front"",""Acuralink Real-Time Traffic Real-Time Traffic Display"",""Adaptive Cruise Control"",""Digital Signal Processor"",""Driver Information Center"",""Immobilizer"",""Integrated Navigation System w/Voice Activation"",""Integrated Roof Antenna"",""Radio: ELS Studio Premium Audio System -inc: 10 speakers  Siri Eyes Free  SMS text message function  On Demand Multi-Use Display (ODMD)  Bluetooth HandsFreeLink wireless telephone interface  Song By Voice  Aha compatibility  HD Radio  SiriusXM satellite r"",""Wireless Phone Connectivity""]}",84,"2018 Acura RDX Advance Package AWD White Diamond Pearl 3.5L V6 SOHC i-VTEC 24V<br><br>*ONE OWNER!! AWD, DUAL ZONE A/C, NAVI, POWER LIFTGATE, MOONROOF, PREMIUM AUDIO, KEYLESS ENTRY, 18&quot; WHEELS*<br><br>GET THE BEST TRADE IN VALUE HERE!!!<br><br>AWD, 10 Speakers, 4-Wheel Disc Brakes, ABS brakes, Air Conditioning, Alloy wheels, AM/FM radio: SiriusXM, Anti-whiplash front head restraints, Auto-dimming door mirrors, Auto-dimming Rear-View mirror, Automatic temperature control, Brake assist, Bumpers: body-color, CD player, Delay-off headlights, Driver door bin, Driver vanity mirror, Dual front impact airbags, Dual front side impact airbags, Electronic Stability Control, Exterior Parking Camera Rear, Four wheel independent suspension, Front anti-roll bar, Front Bucket Seats, Front Center Armrest, Front dual zone A/C, Front fog lights, Front reading lights, Fully automatic headlights, Garage door transmitter: HomeLink, Heated door mirrors, Heated front seats, Illuminated entry, Lane departure: Lane Keeping Assist System (LKAS) active, Leather Shift Knob, Leather steering wheel, Low tire pressure warning, Memory seat, Navigation System, Occupant sensing airbag, Outside temperature display, Overhead airbag, Overhead console, Panic alarm, Passenger door bin, Passenger vanity mirror, Perforated Leather-Trimmed Interior, Power door mirrors, Power driver seat, Power Liftgate, Power moonroof, Power passenger seat, Power steering, Power windows, Radio data system, Radio: ELS Studio Premium Audio System, Rain sensing wipers, Rear anti-roll bar, Rear seat center armrest, Rear window defroster, Rear window wiper, Remote keyless entry, Security system, Speed control, Speed-sensing steering, Speed-Sensitive Wipers, Split folding rear seat, Spoiler, Steering wheel mounted audio controls, Tachometer, Telescoping steering wheel, Tilt steering wheel, Traction control, Trip computer, Turn signal indicator mirrors, Variably intermittent wipers, Ventilated &amp; Heated Front Sport Seats, Ventilated front seats, Wheels: 18&quot; x 7.5&quot; Machine Finish Alloy.<br><br><br>PRICING at Mcgrath Honda Of Elgin. Shop/Buy with confidence! With our Market Value Pricing provided by vAuto live market pricing software,KBB, AutoTrader and Cargurus you'll find our competitive market-based price on every pre-driven vehicle upfront,... No games, No hassles, Just Real Prices! Our Trusted Honda Dealer in Elgin, IL   Serving Chicago &amp; Beyond McGrath Honda of Elgin proudly serves Chicago, Elgin, Schaumburg, West Dundee, Pingree Grove, Hampshire, Crystal Lake, Carpentersville, Algonquin, Hoffman Estates and beyond.","[PREMIUM]",43,"2020 N RANDALL RD","Elgin","IL","60123","[PREMIUM]"
"786377049","2026-07-28 23:51:08.464","2026-07-28 23:51:08.464","786377049","[PREMIUM]","RZ064587",2024,"MIT","Mitsubishi","MITECLCROS","Eclipse Cross","SE","SUV","Used","Used 2024 Mitsubishi Eclipse Cross SE",57390,"[PREMIUM]",,"Great","[PREMIUM]",17420,19970,"Lightning Blue Metallic","BLUE","Black","BLACK","4CLDR","4-Cylinder Turbo","4 wheel drive","AUT","Continuously Variable Automatic","Automatic","G","Gasoline","Gas",25,26,1.5,true,5,false,true,false,,false,,,"30",72111031,"[PREMIUM]","[PREMIUM]","[PREMIUM]",2288,"[PREMIUM]",false,"PARTNER",466909,4.2,34,0,"[""NO_SALVAGE_TITLE"",""ACCIDENTS_REPORTED"",""ONE_OWNER""]","{""exterior"":[""Alloy wheels"",""Auto High-beam Headlights"",""Bumpers: body-color"",""Delay-off headlights"",""Front fog lights"",""Fully automatic headlights"",""Heated door mirrors"",""Power door mirrors"",""Rear window wiper"",""Spoiler"",""Turn signal indicator mirrors""],""interior"":[""Air Conditioning"",""Auto-dimming Rear-View mirror"",""Driver door bin"",""Driver vanity mirror"",""Front Bucket Seats"",""Front Center Armrest"",""Front dual zone A/C"",""Front reading lights"",""Heated Front Bucket Seats"",""Heated front seats"",""Overhead console"",""Passenger door bin"",""Passenger vanity mirror"",""Power Liftgate"",""Power driver seat"",""Power windows"",""Rear seat center armrest"",""Rear window defroster"",""Split folding rear seat"",""Steering wheel mounted audio controls"",""Tachometer"",""Telescoping steering wheel"",""Tilt steering wheel"",""Trip computer"",""Variably intermittent wipers""],""mechanical"":[""4-Wheel Disc Brakes"",""6.386 Axle Ratio"",""Four wheel independent suspension"",""Power steering"",""Speed-sensing steering""],""other"":[""** LIFETIME LIMITED WARRANTY **"",""Android Auto & Apple CarPlay"",""Front anti-roll bar"",""Illuminated entry"",""Outside temperature display"",""Radio: AM/FM 8.0\"" Nav System w/Smartphone-Link"",""Rear anti-roll bar"",""Wheels: 18\"" x 7J Two-Tone Alloy""],""safety"":[""ABS brakes"",""Blind Spot Warning"",""Brake assist"",""Dual front impact airbags"",""Dual front side impact airbags"",""Electronic Stability Control"",""Emergency communication system"",""Knee airbag"",""Low tire pressure warning"",""Occupant sensing airbag"",""Overhead airbag"",""Panic alarm"",""Security system"",""Traction control""],""technology"":[""6 Speakers"",""AM/FM radio: SiriusXM"",""Automatic temperature control"",""Exterior Parking Camera Rear"",""Navigation System"",""Radio data system"",""Rain sensing wipers"",""Remote keyless entry"",""Speed control""]}",72,"** LIFETIME LIMITED WARRANTY **. Lightning Blue Metallic 2024 Mitsubishi Eclipse Cross SE 4WD CVT 1.5L I4 DI Turbocharged DOHC 16V LEV3-ULEV70 152hp ** LIFETIME LIMITED WARRANTY, PLUS A WORRY-FREE 6-MONTH WARRANTY WITH BATTERY, and A FREE CARFAX vehicle History Report. This Vehicle PASSED OUR MULTI-POINT SAFETY INSPECTION, WE MARKET PRICE OUR INVENTORY, OUR SALES STAFF IS NON-COMMISSIONED. WHICH MEANS, NO PUSHY SALESMAN. IT'S A VERY FRIENDLY &amp; FAMILY OWNED ATMOSPHERE. You deserve a No-Bully Stress-Free car buying Experience. RC Hill has been serving Central Florida for over 50 years. Used Cars may not have Second set of keys, floor mats, or owner's manual. We will be happy to obtain extra one's for you at our Dealer cost. Please review features and Options, dealer not responsible for 3rd party description errors. RC Hill Mitsubishi 3550 S Pine Ave, Ocala, FL 34471. Visit us @ rchillmitsubishiocala.com.. Call NOW for availability!!","[PREMIUM]",32,"3550 S Pine Ave","Ocala","FL","34471","[PREMIUM]"
"785122357","2026-07-28 23:51:08.460","2026-07-28 23:51:08.460","785122357","[PREMIUM]","RRM041756G",2024,"VOLKS","Volkswagen","JET","Jetta","SE","SEDAN","Used","Used 2024 Volkswagen Jetta SE",61326,"[PREMIUM]",,"Good","[PREMIUM]",16920,19720,"White Pearl","WHITE",,,"4CLDR","4-Cylinder Turbo","2 wheel drive - front","AUT","8-Speed Automatic","Automatic","G","Gasoline","Gas",29,40,1.5,false,6,false,true,false,,false,,,"30",72699713,"[PREMIUM]","[PREMIUM]","[PREMIUM]",3153,"[PREMIUM]",false,"PARTNER",468642,4.2,89,0,"[""NO_SALVAGE_TITLE"",""ACCIDENTS_REPORTED"",""ONE_OWNER""]","{""exterior"":[""Alloy wheels"",""Bumpers: body-color"",""Delay-off headlights"",""Fully automatic headlights"",""Heated door mirrors"",""Power door mirrors""],""interior"":[""Air Conditioning"",""Auto-dimming Rear-View mirror"",""Driver door bin"",""Driver vanity mirror"",""Front Bucket Seats"",""Front Center Armrest"",""Front dual zone A/C"",""Heated Front Seats"",""Heated front seats"",""Leather Shift Knob"",""Leather steering wheel"",""Overhead console"",""Passenger door bin"",""Passenger vanity mirror"",""Power driver seat"",""Power windows"",""Rear reading lights"",""Rear seat center armrest"",""Rear window defroster"",""Split folding rear seat"",""Steering wheel mounted audio controls"",""Tachometer"",""Telescoping steering wheel"",""Tilt steering wheel"",""Trip computer"",""V-Tex Leatherette Seat Trim"",""Variably intermittent wipers""],""mechanical"":[""4-Wheel Disc Brakes"",""Front wheel independent suspension"",""Power steering"",""Speed-sensing steering""],""other"":[""Emergency communication system: VW Car-Net Safe & Secure 5-year"",""Front anti-roll bar"",""Illuminated entry"",""Outside temperature display"",""Radio: MIB3 Composition Color w/6.5\"" Touchscreen"",""Rear anti-roll bar"",""Wheels: 17\"" Twin 5-Spoke Silver Painted Alloy""],""safety"":[""ABS brakes"",""Active Blind Spot Monitor"",""Brake assist"",""Dual front impact airbags"",""Dual front side impact airbags"",""Electronic Stability Control"",""Low tire pressure warning"",""Occupant sensing airbag"",""Overhead airbag"",""Panic alarm"",""Traction control""],""technology"":[""4 Speakers"",""Automatic temperature control"",""Exterior Parking Camera Rear"",""Radio data system"",""Rain sensing wipers"",""Remote keyless entry"",""Speed control""]}",62,"2024 White Pearl Volkswagen 4D Sedan Jetta 1.5T SE 1.5L I-4 DI DOHC Turbocharged FWD 8-Speed Automatic with Tiptronic<br><br>This vehicle qualifies for Warranty For Life at no extra charge, powertrain warranty good for as long as you own it!<br><br>CARFAX One-Owner.","[PREMIUM]",31,"2600 Wilma Rudolph Blvd","Clarksville","TN","37040","[PREMIUM]"
"786197293","2026-07-28 23:51:08.451","2026-07-28 23:51:08.451","786197293","[PREMIUM]","HRE742956",2024,"KIA","Kia","FORTE","Forte","LXS","SEDAN","Used","Used 2024 Kia Forte LXS",68838,"[PREMIUM]",,"Good","[PREMIUM]",15920,18920,"Gravity Gray","GRAY","Black","BLACK","4CLDR","4-Cylinder","2 wheel drive - front","AUT","Continuously Variable Automatic","Automatic","G","Gasoline","Gas",28,39,2,false,7,false,false,false,,false,,,"30",75286971,"[PREMIUM]","[PREMIUM]","[PREMIUM]",216,"[PREMIUM]",false,"PARTNER",468869,4,225,0,"[""NO_SALVAGE_TITLE"",""NO_FRAME_DAMAGE"",""NO_FLOOD_WATER_DAMAGE"",""NO_ACCIDENTS_REPORTED"",""ONE_OWNER"",""FREE_REPORT""]","{""exterior"":[""Auto High-beam Headlights"",""Bumpers: body-color"",""Delay-off headlights"",""Fully automatic headlights"",""Power door mirrors""],""interior"":[""Air Conditioning"",""Carpet Floor Mats"",""Cloth Seat Trim"",""Driver door bin"",""Driver vanity mirror"",""Front Bucket Seats"",""Front Center Armrest"",""Front beverage holders"",""Front reading lights"",""Overhead console"",""Passenger door bin"",""Passenger vanity mirror"",""Power windows"",""Rear window defroster"",""Steering wheel mounted audio controls"",""Tachometer"",""Telescoping steering wheel"",""Tilt steering wheel"",""Trip computer"",""Variably intermittent wipers""],""mechanical"":[""4-Wheel Disc Brakes"",""Front wheel independent suspension"",""Power steering""],""other"":[""Apple CarPlay & Android Auto"",""Front anti-roll bar"",""Illuminated entry"",""Outside temperature display"",""Radio: 8\"" Display Audio""],""safety"":[""ABS brakes"",""Brake assist"",""Dual front impact airbags"",""Dual front side impact airbags"",""Electronic Stability Control"",""Low tire pressure warning"",""Occupant sensing airbag"",""Overhead airbag"",""Panic alarm"",""Security system"",""Traction control""],""technology"":[""4 Speakers"",""AM/FM radio"",""Exterior Parking Camera Rear"",""Radio data system"",""Remote keyless entry"",""Speed control""]}",50,"Recent Arrival! 2024 Kia Forte LXS 2.0L I4 MPI FWD CVT<br><br>28/39 City/Highway MPG","[PREMIUM]",39,"315 Central Fwy E","Wichita Falls","TX","76301","[PREMIUM]"
"786463322","2026-07-28 23:51:08.448","2026-07-28 23:51:08.448","786463322","[PREMIUM]","PZ1103",2024,"VOLKS","Volkswagen","JET","Jetta","S","SEDAN","Used","Used 2024 Volkswagen Jetta S",56896,"[PREMIUM]",,"Great","[PREMIUM]",16450,19400,"Pure White","WHITE","Titan Black","BLACK","4CLDR","4-Cylinder Turbo","2 wheel drive - front","AUT","8-Speed Automatic","Automatic","G","Gasoline","Gas",30,41,1.5,false,4,false,true,false,,false,,,"30",75398645,"[PREMIUM]","[PREMIUM]","[PREMIUM]",1962,"[PREMIUM]",false,"PARTNER",468680,4.2,89,0,"[""NO_SALVAGE_TITLE"",""NO_ACCIDENTS_REPORTED"",""ONE_OWNER""]","{""exterior"":[""Alloy wheels"",""Bumpers: body-color"",""Delay-off headlights"",""Fully automatic headlights"",""Heated door mirrors"",""Power door mirrors""],""interior"":[""Air Conditioning"",""Auto-dimming Rear-View mirror"",""Cloth Seat Trim"",""Driver door bin"",""Driver vanity mirror"",""Front Bucket Seats"",""Front Center Armrest"",""Front Seats"",""Leather Shift Knob"",""Leather steering wheel"",""Overhead console"",""Passenger door bin"",""Passenger vanity mirror"",""Power windows"",""Rear reading lights"",""Rear window defroster"",""Split folding rear seat"",""Steering wheel mounted audio controls"",""Tachometer"",""Telescoping steering wheel"",""Tilt steering wheel"",""Trip computer"",""Variably intermittent wipers""],""mechanical"":[""4-Wheel Disc Brakes"",""Front wheel independent suspension"",""Power steering"",""Speed-sensing steering""],""other"":[""Emergency communication system: VW Car-Net Safe & Secure 5-year"",""Front anti-roll bar"",""Illuminated entry"",""Outside temperature display"",""Radio: MIB3 Composition Color w/6.5\"" Touchscreen"",""Rear anti-roll bar"",""Wheels: 16\"" 2-Tone Machined Alloy""],""safety"":[""ABS brakes"",""Active Blind Spot Monitor"",""Brake assist"",""Dual front impact airbags"",""Dual front side impact airbags"",""Electronic Stability Control"",""Low tire pressure warning"",""Occupant sensing airbag"",""Overhead airbag"",""Panic alarm"",""Traction control""],""technology"":[""4 Speakers"",""Exterior Parking Camera Rear"",""Radio data system"",""Rain sensing wipers"",""Remote keyless entry"",""Speed control""]}",57,"Jetta 1.5T S, 4D Sedan, 1.5L I-4 DI DOHC Turbocharged, 8-Speed Automatic with Tiptronic, FWD, Pure White, Titan Black Cloth, 4 Speakers, 4-Wheel Disc Brakes, ABS brakes, Active Blind Spot Monitor, Air Conditioning, Alloy wheels, Auto-dimming Rear-View mirror, Brake assist, Bumpers: body-color, Cloth Seat Trim, Delay-off headlights, Driver door bin, Driver vanity mirror, Dual front impact airbags, Dual front side impact airbags, Electronic Stability Control, Emergency communication system: VW Car-Net Safe &amp; Secure 5-year, Exterior Parking Camera Rear, Front anti-roll bar, Front Bucket Seats, Front Center Armrest, Front Seats, Front wheel independent suspension, Fully automatic headlights, Heated door mirrors, Illuminated entry, Leather Shift Knob, Leather steering wheel, Low tire pressure warning, Occupant sensing airbag, Outside temperature display, Overhead airbag, Overhead console, Panic alarm, Passenger door bin, Passenger vanity mirror, Power door mirrors, Power steering, Power windows, Radio data system, Radio: MIB3 Composition Color w/6.5 Touchscreen, Rain sensing wipers, Rear anti-roll bar, Rear reading lights, Rear window defroster, Remote keyless entry, Speed control, Speed-sensing steering, Split folding rear seat, Steering wheel mounted audio controls, Tachometer, Telescoping steering wheel, Tilt steering wheel, Traction control, Trip computer, Variably intermittent wipers, Wheels: 16 2-Tone Machined Alloy. 2024 Volkswagen Jetta 1.5T S Pure White FWD 8-Speed Automatic with Tiptronic 1.5L I-4 DI DOHC Turbocharged<br><br>Recent Arrival! 30/41 City/Highway MPG","[PREMIUM]",14,"13661 BRITTON PARK RD","Fishers","IN","46038","[PREMIUM]"
"785532188","2026-07-28 23:49:39.157","2026-07-28 23:49:39.157","785532188","[PREMIUM]","3860P",2024,"SUB","Subaru","SUBOUTBK","Outback","Premium","SUV","Used","Used 2024 Subaru Outback Premium",121444,"[PREMIUM]",,"Great","[PREMIUM]",15210,21210,"Ice Silver Metallic","SILVER","Gray","GRAY","4CLDR","4-Cylinder","All wheel drive","AUT","Continuously Variable Automatic","Automatic","G","Gasoline","Gas",26,32,2.5,false,14,false,false,true,,false,,,"30",73871943,"[PREMIUM]","[PREMIUM]","[PREMIUM]",2714,"[PREMIUM]",false,"PARTNER",466432,4,136,0,"[""NO_SALVAGE_TITLE"",""NO_ACCIDENTS_REPORTED"",""ONE_OWNER""]","{""exterior"":[""Alloy wheels"",""Auto High-beam Headlights"",""Bumpers: body-color"",""Front fog lights"",""Fully automatic headlights"",""Heated door mirrors"",""Power door mirrors"",""Rear window wiper"",""Roof rack"",""Spoiler"",""Turn signal indicator mirrors""],""interior"":[""Air Conditioning"",""Auto-Dimming Mirror w/Compass & HomeLink"",""Cloth Upholstery"",""Driver door bin"",""Driver vanity mirror"",""Front Bucket Seats"",""Front Center Armrest w/Storage"",""Front dual zone A/C"",""Front reading lights"",""Heated Front Bucket Seats"",""Heated front seats"",""Leather Shift Knob"",""Leather steering wheel"",""Overhead console"",""Passenger door bin"",""Passenger vanity mirror"",""Power driver seat"",""Power windows"",""Rear seat center armrest"",""Rear window defroster"",""Split folding rear seat"",""Steering wheel mounted audio controls"",""Tachometer"",""Telescoping steering wheel"",""Tilt steering wheel"",""Trip computer"",""Variably intermittent wipers""],""mechanical"":[""3.90 Axle Ratio"",""4-Wheel Disc Brakes"",""Four wheel independent suspension"",""Power steering"",""Speed-sensing steering""],""other"":[""Emergency communication system: STARLINK Safety Plus (3-year free trial)"",""Front anti-roll bar"",""Illuminated entry"",""Outside temperature display"",""Radio: Subaru STARLINK 11.6\"" Multimedia Plus Sys"",""Rear anti-roll bar"",""Standard Model"",""Wheels: 17\"" x 7J Black Aluminum-Alloy""],""safety"":[""ABS brakes"",""Brake assist"",""Dual front impact airbags"",""Dual front side impact airbags"",""Electronic Stability Control"",""Knee airbag"",""Low tire pressure warning"",""Occupant sensing airbag"",""Overhead airbag"",""Panic alarm"",""Security system"",""Traction control""],""technology"":[""6 Speakers"",""AM/FM radio: SiriusXM"",""Automatic temperature control"",""Exterior Parking Camera Rear"",""Remote keyless entry"",""Speed control""]}",69,"The 2024 Subaru Outback Premium in silver offers practical elegance and capability for drivers who value both style and substance. This versatile wagon combines everyday usability with the confidence of all-wheel drive, making it an excellent choice for those seeking dependable transportation.<br><br>- Auto-Dimming Mirror with Compass &amp; HomeLink<br>- Subaru STARLINK 11.6&quot; Multimedia Plus System with SiriusXM<br>- All-Wheel Drive with 2.5L 4-Cylinder Engine<br>- Heated Front Bucket Seats<br>- Power Driver Seat with Adjustable Controls<br>- Automatic Temperature Control with Front Dual Zone A/C<br>- Exterior Rear Parking Camera<br>- Roof Rack for Additional Storage<br>- Electronic Stability Control and Traction Control<br>- Leather Steering Wheel and Shift Knob<br>- Split Folding Rear Seat for Flexible Cargo Space<br>- Four-Wheel Independent Suspension<br>- 17&quot; Black Aluminum-Alloy Wheels<br>- Six-Speaker Audio System with Steering Wheel Controls<br>- Emergency Communication System with STARLINK Safety Plus<br><br>The Outback delivers responsive performance with its CVT Lineartronic transmission working seamlessly with the all-wheel-drive system, providing efficient fuel economy at 26 city and 32 highway MPG. The suspension is engineered to handle varied road conditions while maintaining composure, and the speed-sensing steering adjusts responsiveness based on your driving needs.<br><br>Interior comfort is thoughtfully designed with heated front bucket seats that take the chill out of morning commutes. The automatic temperature control keeps you comfortable regardless of the season, while the comprehensive gauge package including a trip computer and outside temperature display keeps you informed throughout your journey. The leather-appointed steering wheel and shift knob add a touch of refinement to the driving experience.<br><br>Safety is prioritized with dual front impact airbags, dual front side impact airbags, knee airbags, and overhead airbags positioned throughout the cabin. The four-wheel disc brakes with ABS, electronic stability control, and traction control work together to provide confidence in various driving situations. The STARLINK Safety Plus system includes emergency communication capabilities for added peace of mind.<br><br>The silver exterior is complemented by body-color bumpers, power door mirrors with integrated turn signal indicators, and heated mirrors for winter visibility. Auto High-beam headlights with front fog lights enhance your ability to see and be seen, while the fully automatic headlights reduce the mental load of daily driving. The rear window wiper and variably intermittent front wipers adapt to weather conditions.<br><br>Storage and versatility define the Outback's purpose, with the roof rack installed for carrying gear and the split folding rear seat allowing you to configure cargo space as needed. The roomy interior with ample bin storage throughout makes organizing your belongings straightforward and convenient.<br><br>This 2024 Subaru Outback Premium represents a smart investment in reliable, capable transportation that prioritizes your comfort and safety every time you drive.","[PREMIUM]",26,"1502 INDUSTRIAL PARK DR","Maysville","KY","41056","[PREMIUM]"
"784958041","2026-07-28 23:49:38.359","2026-07-28 23:49:38.359","784958041","[PREMIUM]","TY211922A",2024,"NISSAN","Nissan","SENTRA","Sentra","SV","SEDAN","Certified","Certified 2024 Nissan Sentra SV",16338,"[PREMIUM]",,"Great","[PREMIUM]",19630,23080,"Atlantic Gray Metallic","GRAY","Charcoal","BLACK","4CLDR","4-Cylinder","2 wheel drive - front","AUT","Continuously Variable Automatic","Automatic","G","Gasoline","Gas",30,40,2,false,21,true,false,true,,false,,,"30",74322095,"[PREMIUM]","[PREMIUM]","[PREMIUM]",3273,"[PREMIUM]",false,"PARTNER",468814,3.9,52,0,"[""NO_SALVAGE_TITLE"",""NO_ACCIDENTS_REPORTED"",""ONE_OWNER""]","{""exterior"":[""16\"" Alloy Wheels"",""Alloy wheels"",""Auto High-beam Headlights"",""Bumpers: body-color"",""Clear Rear Bumper Protector"",""Delay-off headlights"",""Door Sill Plates"",""Fully automatic headlights"",""Power door mirrors""],""interior"":[""Air Conditioning"",""Carpeted Floor Mats w/Trunk Mat"",""Driver door bin"",""Driver vanity mirror"",""Front Bucket Seats"",""Front Center Armrest"",""Front reading lights"",""Leather steering wheel"",""Overhead console"",""Passenger door bin"",""Passenger vanity mirror"",""Power windows"",""Rear window defroster"",""Split folding rear seat"",""Steering wheel mounted audio controls"",""Tachometer"",""Telescoping steering wheel"",""Tilt steering wheel"",""Trip computer"",""Upgraded Cloth Seat Trim"",""Variably intermittent wipers""],""mechanical"":[""4-Wheel Disc Brakes"",""Four wheel independent suspension"",""Power steering"",""Speed-sensing steering""],""other"":[""*Carfax Accident Free*"",""Body Colored Splash Guards (4-Piece)"",""Front anti-roll bar"",""Illuminated entry"",""NissanConnect featuring Apple CarPlay and Android Auto"",""Outside temperature display"",""Radio: AM/FM w/RDS/MP3/Aux-In"",""Rear anti-roll bar"",""Technical Spec Change 1 (DISC)""],""safety"":[""ABS brakes"",""Blind Spot Warning"",""Brake assist"",""Dual front impact airbags"",""Dual front side impact airbags"",""Electronic Stability Control"",""Knee airbag"",""Low tire pressure warning"",""Occupant sensing airbag"",""Overhead airbag"",""Panic alarm"",""Rear side impact airbag"",""Security system"",""Traction control""],""technology"":[""6 Speakers"",""AM/FM radio: SiriusXM"",""Radio data system"",""Rear Parking Sensors"",""Remote keyless entry"",""Speed control""]}",63,"This 2024 Nissan Sentra SV offers the perfect blend of style, comfort, and advanced technology. With its sleek exterior design and well-appointed interior, this Sentra SV is ready to elevate your driving experience.<br><br>- Carfax Accident Free<br>- CLEAR REAR BUMPER PROTECTOR<br>- CARPETED FLOOR MATS W/TRUNK MAT<br>- BODY COLORED SPLASH GUARDS (4-PIECE)<br>- DOOR SILL PLATES<br>- AM/FM radio: SiriusXM<br>- Radio: AM/FM w/RDS/MP3/Aux-In<br>- Blind Spot Warning<br>- Electronic Stability Control<br>- Auto High-beam Headlights<br>- Fully automatic headlights<br>- NissanConnect featuring Apple CarPlay and Android Auto<br>- Rear Parking Sensors<br>- 16 Alloy Wheels<br><br>This Nissan Sentra SV is backed by an impressive certification program, providing you with peace of mind and exceptional value:<br><br>- 167 Point Inspection<br>- Roadside Assistance<br>- Warranty Deductible: $100<br>- Transferable Warranty<br>- Vehicle History<br>- Limited Warranty: 84 Month/100,000 Mile (whichever occurs first)<br>- 7 Year/100,000 Mile Limited Warranty, 24/7 Hour Roadside Assistance, Carfax Vehicle History Report, Plus 1 Year Pre-Paid Maintenance Included. Gas Powered Nissan Models Only.<br><br>Experience the confidence and convenience of this Nissan Sentra SV. Schedule your test drive today and discover the perfect balance of style, technology, and value.","[PREMIUM]",29,"2200 S FEDERAL HWY","Delray Beach","FL","33483","[PREMIUM]"
"786159632","2026-07-28 23:49:38.329","2026-07-28 23:49:38.329","786159632","[PREMIUM]","1009357",2024,"KIA","Kia","SPORTA","Sportage","LX","SUV","Used","Used 2024 Kia Sportage LX",62342,"[PREMIUM]",,"Good","[PREMIUM]",18250,21350,"Snow White Pearl","WHITE","Black","BLACK","4CLDR","4-Cylinder","2 wheel drive - front","AUT","8-Speed Automatic","Automatic","G","Gasoline","Gas",25,33,2.5,false,7,false,false,false,,false,,,"30",504946,"[PREMIUM]","[PREMIUM]","[PREMIUM]",2769,"[PREMIUM]",false,"PARTNER",468123,3.7,42,1,"[""NO_SALVAGE_TITLE"",""NO_ACCIDENTS_REPORTED"",""ONE_OWNER""]","{""exterior"":[""17\"" Alloy Wheels"",""Alloy wheels"",""Auto High-beam Headlights"",""Bumpers: body-color"",""Delay-off headlights"",""Fully automatic headlights"",""Power door mirrors"",""Rear window wiper"",""Spoiler""],""interior"":[""Air Conditioning"",""Carpeted Floor Mats"",""Cloth Seat Trim"",""Driver door bin"",""Driver vanity mirror"",""Front Bucket Seats"",""Front Center Armrest"",""Overhead console"",""Passenger door bin"",""Passenger vanity mirror"",""Power windows"",""Rear seat center armrest"",""Rear window defroster"",""Split folding rear seat"",""Steering wheel mounted audio controls"",""Tachometer"",""Telescoping steering wheel"",""Tilt steering wheel"",""Trip computer"",""Variably intermittent wipers""],""mechanical"":[""4-Wheel Disc Brakes"",""Axle Ratio: 3.648"",""Four wheel independent suspension"",""Power steering"",""Speed-sensing steering""],""other"":[""Front anti-roll bar"",""Illuminated entry"",""Outside temperature display"",""Rear anti-roll bar""],""safety"":[""ABS brakes"",""Brake assist"",""Dual front impact airbags"",""Dual front side impact airbags"",""Electronic Stability Control"",""Low tire pressure warning"",""Occupant sensing airbag"",""Overhead airbag"",""Panic alarm"",""Rear side impact airbag"",""Security system"",""Traction control""],""technology"":[""6 Speakers"",""AM/FM radio"",""Radio: AM/FM/HD Audio System"",""Remote keyless entry"",""Speed control""]}",55,"Clean CARFAX. CARFAX One-Owner. 25/33 City/Highway MPG<br><br><br>This vehicle had a comprehensive inspection performed by a Honda Trained ASE certified technician. We are happy to provide you with a copy of the Carfax, vehicle inspection, and completed services upon request. Call us today for any additional details or to arrange a test drive today. At Norm Reeves Honda Huntington Beach we offer an exclusive market price comparison upon request for every used vehicle we sell. Ask for a copy of your report and an explanation of how Internet Direct Pricing can save you time and money on your next purchase. Norm Reeves Honda Huntington Beach is a 14 Time Honda Presidents Award winner for sales, satisfaction and service excellence. Our Service Department has been awarded an additional 10 times for outstanding Customer Service Experience. Currently, A GOOGLE rated 4.6 Star business with over 1900 reviews. Proud to have served Huntington Beach, Fountain Valley, Westminster, Seal Beach, Garden Grove, Santa Ana, Costa Mesa, Newport Beach, Laguna and all of Orange County for over 20 years. Part of The Norm Reeves family of Honda dealerships, the Number 1 Volume Honda Dealer in the World!!","[PREMIUM]",51,"19131 Beach Boulevard","Huntington Beach","CA","92648","[PREMIUM]"
"786350161","2026-07-28 23:49:38.299","2026-07-28 23:49:38.299","786350161","[PREMIUM]","P344",2024,"CHEV","Chevrolet","MALI","Malibu","LT","SEDAN","Used","Used 2024 Chevrolet Malibu LT",39547,"[PREMIUM]",,"Good","[PREMIUM]",18250,20250,"Summit White","WHITE","Black","BLACK","4CLDR","4-Cylinder Turbo","2 wheel drive - front","AUT","Continuously Variable Automatic","Automatic","G","Gasoline","Gas",27,35,1.5,false,5,false,true,false,,false,,,"30",75389643,"[PREMIUM]","[PREMIUM]","[PREMIUM]",0,"[PREMIUM]",false,"PARTNER",466565,3.9,156,1,"[""NO_SALVAGE_TITLE"",""NO_ACCIDENTS_REPORTED"",""NO_ONE_OWNER""]","{""exterior"":[""17\"" Aluminum Wheels"",""Alloy wheels"",""Auto High-beam Headlights"",""Bumpers: body-color"",""Delay-off headlights"",""Fully automatic headlights"",""Heated door mirrors"",""Power door mirrors""],""interior"":[""8-Way Power Driver Seat Adjuster"",""Air Conditioning"",""Driver door bin"",""Driver vanity mirror"",""Front Bucket Seats"",""Front Center Armrest"",""Front dual zone A/C"",""Front reading lights"",""Heated Driver & Front Passenger Seats"",""Heated front seats"",""Overhead console"",""Passenger door bin"",""Passenger vanity mirror"",""Power Driver Lumbar Control Seat Adjuster"",""Power Tilt-Sliding Sunroof"",""Power driver seat"",""Power windows"",""Premium Cloth Seat Trim"",""Rear reading lights"",""Rear seat center armrest"",""Rear window defroster"",""Split folding rear seat"",""Steering wheel mounted audio controls"",""Tachometer"",""Telescoping steering wheel"",""Tilt steering wheel"",""Trip computer"",""Variably intermittent wipers"",""Voltmeter""],""mechanical"":[""4-Wheel Disc Brakes"",""Four wheel independent suspension"",""Power steering""],""other"":[""6-Way Manual Front Passenger Seat Adjuster"",""Emergency communication system: OnStar and Chevrolet connected services capable"",""Front anti-roll bar"",""Illuminated entry"",""Outside temperature display"",""Preferred Equipment Group 1LT"",""Premium audio system: Chevrolet Infotainment 3 Plus"",""Rear anti-roll bar"",""Wireless Apple CarPlay/Android Auto""],""safety"":[""ABS brakes"",""Brake assist"",""Dual front impact airbags"",""Dual front side impact airbags"",""Electronic Stability Control"",""Knee airbag"",""Low tire pressure warning"",""Occupant sensing airbag"",""Overhead airbag"",""Panic alarm"",""Rear side impact airbag"",""Security system"",""Traction control""],""technology"":[""6 Speakers"",""6-Speaker Audio System Feature"",""AM/FM radio: SiriusXM"",""Automatic temperature control"",""Compass"",""Exterior Parking Camera Rear"",""Radio data system"",""Radio: Chevrolet Infotainment 3 System"",""Remote keyless entry"",""SiriusXM"",""Speed control""]}",73,"All of our preowned vehicles must pass through a rigorous inspection by one of our certified technicians before being offered for sale. This process includes inspecting for any safety or mechanical issues. Please call ahead to schedule your appointment today. We would love to answer any questions you may have. The Hiley family of dealerships has been in business in the DFW area for over four decades and customer satisfaction is our number one priority. $225 Documentation Fee is included in all our vehicle internet pricing. Tax, title, license are not included in internet pricing.","[PREMIUM]",10,"2005 S GOLIAD ST","Rockwall","TX","75087","[PREMIUM]"
"786257405","2026-07-28 23:49:38.219","2026-07-28 23:49:38.219","786257405","[PREMIUM]","N1483A",2018,"LINC","Lincoln","MKZ","MKZ","Select","SEDAN","Used","Used 2018 Lincoln MKZ Select w/ Select Plus Package",58953,"[PREMIUM]",,"Good","[PREMIUM]",16256,18756,"Burgundy","BURGUNDY","Ebony","BLACK","4CLDR","4-Cylinder Turbo","2 wheel drive - front","AUT","6-Speed Automatic","Automatic","G","Gasoline","Gas",21,31,2,true,6,false,true,false,,false,,,"30",88348,"[PREMIUM]","[PREMIUM]","[PREMIUM]",1372,"[PREMIUM]",false,"PARTNER",434412,4.6,184,0,"[""NO_SALVAGE_TITLE"",""NO_ACCIDENTS_REPORTED"",""NO_ONE_OWNER""]","{""exterior"":[""Alloy wheels"",""Auto-dimming door mirrors"",""Bumpers: body-color"",""Delay-off headlights"",""Fully automatic headlights"",""Heated door mirrors"",""High-Intensity Discharge Headlights"",""Power Trunk Lid w/Soft Close"",""Power door mirrors"",""Turn signal indicator mirrors"",""Wheels: 18\"" Machined 5 Spoke Aluminum""],""interior"":[""**HEATED SEATS**"",""**LEATHER**"",""Air Conditioning"",""Auto-dimming Rear-View mirror"",""Driver door bin"",""Driver vanity mirror"",""Front Bucket Seats"",""Front Center Armrest"",""Front dual zone A/C"",""Front reading lights"",""Garage door transmitter"",""Genuine wood dashboard insert"",""Genuine wood door panel insert"",""Heated front seats"",""Leather steering wheel"",""Memory seat"",""Overhead console"",""Passenger door bin"",""Passenger vanity mirror"",""Power Moonroof"",""Power driver seat"",""Power passenger seat"",""Power windows"",""Rear reading lights"",""Rear seat center armrest"",""Rear window defroster"",""Speed-Sensitive Wipers"",""Split folding rear seat"",""Steering wheel memory"",""Steering wheel mounted audio controls"",""Tachometer"",""Telescoping steering wheel"",""Tilt steering wheel"",""Trip computer"",""Variably intermittent wipers""],""mechanical"":[""4-Wheel Disc Brakes"",""Adaptive suspension"",""Four wheel independent suspension"",""Power steering"",""Speed-sensing steering""],""other"":[""**CERTIFIED BY CARFAX NO ACCIDENTS**"",""AppLink/Apple CarPlay and Android Auto"",""Auto tilt-away steering wheel"",""Call for additional info at 918-343-3636"",""Equipment Group 200A"",""Front License Plate Bracket"",""Front anti-roll bar"",""Illuminated entry"",""Outside temperature display"",""Premium Leather-Trimmed Non-Perf Heated Buckets"",""Rear anti-roll bar"",""SYNC 3"",""Save more in Claremore"",""Select Plus Package""],""safety"":[""ABS brakes"",""BLIS Blind Spot Information System"",""Brake assist"",""Dual front impact airbags"",""Dual front side impact airbags"",""Electronic Stability Control"",""Emergency communication system: SYNC 3 911 Assist"",""Knee airbag"",""Low tire pressure warning"",""Occupant sensing airbag"",""Overhead airbag"",""Panic alarm"",""Security system"",""Traction control""],""technology"":[""**REAR BACKUP CAMERA**"",""**REMOTE START**"",""11 Speakers"",""AM/FM radio: SiriusXM"",""Automatic temperature control"",""CD player"",""Compass"",""Exterior Parking Camera Rear"",""Navigation System"",""Radio data system"",""Radio: Lincoln Premium Sound System w/Single CD"",""Rear Parking Sensors"",""Remote keyless entry"",""Speed control""]}",93,"***GREAT DEAL ALERT*** We deliver nationwide because of our amazing vehicles at amazing prices! No dealers please!! We pride ourselves on an outstanding selection of quality pre-owned vehicles, and providing our customers with an amazing purchase experience. We want to be your dealer for life!<br><br>- Certified by Carfax, no accidents<br>- Heated leather seats<br>- Rear backup camera<br>- Remote start<br>- Power moonroof<br>- Navigation system with SiriusXM Traffic and Travel Link<br>- BLIS blind spot information system with cross-traffic alert<br>- Power trunk lid with soft close<br>- Lincoln Premium Sound System with 11 speakers<br>- Adaptive suspension<br>- Auto-dimming rear-view mirror<br>- SYNC 3 with Apple CarPlay and Android Auto<br>- Leather steering wheel<br>- 18-inch machined aluminum wheels<br>- High-intensity discharge headlights<br><br>This 2018 Lincoln MKZ Select presents a refined driving experience in striking red. With only 58,953 miles, this sedan has been well maintained and is ready to deliver dependable performance. The two-liter four-cylinder engine paired with a six-speed automatic transmission provides smooth operation, achieving 21 miles per gallon in the city and 31 on the highway, making it both capable and practical for daily driving.<br><br>Step inside and discover the premium appointments that define this MKZ. Leather seating surfaces create an upscale environment, while heated front seats ensure comfort during cooler months. The memory seat function allows you to save your preferred driving position, and the power driver seat adjusts to accommodate your needs. The steering wheel offers memory settings and mounted audio controls for convenient operation.<br><br>Technology integration enhances every journey with SYNC 3, Apple CarPlay, and Android Auto connectivity. The navigation system keeps you on course, while SiriusXM satellite radio with a six-year prepaid subscription provides entertainment throughout your travels. The Lincoln Premium Sound System delivers quality audio through eleven speakers, making every drive enjoyable.<br><br>Safety and visibility are paramount features of this sedan. The backup camera provides clear views when reversing, while rear parking sensors offer additional assistance. BLIS blind spot information system with cross-traffic alert helps protect against unexpected obstacles, and the comprehensive airbag system includes front dual and side impact protection. Electronic stability control and traction control technologies work to maintain secure handling in varied conditions.<br><br>This MKZ Select combines practical luxury with reliable transportation. The power moonroof adds an open-air dimension to your commute, while the soft-close power trunk lid demonstrates attention to quality details. Adaptive suspension tuning creates smooth rides across diverse road surfaces, and the high-intensity discharge headlights ensure excellent nighttime visibility.<br><br>Save more in Claremore, Call for additional info at  .","[PREMIUM]",31,"1300 S Lynn Riggs Blvd","Claremore","OK","74017","[PREMIUM]"
"786379112","2026-07-28 23:49:38.217","2026-07-28 23:49:38.217","786379112","[PREMIUM]","058545",2018,"TOYOTA","Toyota","PRIUS","Prius","Two","HATCH","Used","Used 2018 Toyota Prius Two w/ Prius Two Safety Plus Package",50703,"[PREMIUM]",,"Great","[PREMIUM]",19340,20940,"Hypersonic Red","RED","Black","BLACK","HYBRD","Hybrid","2 wheel drive - front","AUT","Continuously Variable Automatic","Automatic","B","Hybrid Gas/Electric","Hybrid: Gas/Electric",,,1.8,false,5,false,true,false,,false,,,"30",71463031,"[PREMIUM]","[PREMIUM]","[PREMIUM]",7870,"[PREMIUM]",false,"PARTNER",432021,4.5,71,0,"[""NO_SALVAGE_TITLE"",""ACCIDENTS_REPORTED"",""NO_ONE_OWNER""]","{""exterior"":[""Aluminum Wheels"",""Automatic Headlights"",""Automatic Highbeams"",""Heated Mirrors"",""LED Headlights"",""Power Mirror(s)"",""Tires - Front All-Season"",""Tires - Rear All-Season"",""Wheel Covers""],""interior"":[""A/C"",""Adjustable Steering Wheel"",""Bucket Seats"",""Cargo Shade"",""Climate Control"",""Cloth Seats"",""Driver Illuminated Vanity Mirror"",""Driver Vanity Mirror"",""Intermittent Wipers"",""Pass-Through Rear Seat"",""Passenger Illuminated Visor Mirror"",""Passenger Vanity Mirror"",""Power Door Locks"",""Power Windows"",""Rear Bench Seat"",""Rear Defrost"",""Steering Wheel Audio Controls"",""Trip Computer"",""Variable Speed Intermittent Wipers""],""mechanical"":[""4-Wheel Disc Brakes"",""Front Wheel Drive"",""Power Steering""],""other"":[""Driver Monitoring"",""Front Collision Mitigation"",""Nickel Metal Hydride Traction Battery""],""safety"":[""ABS"",""Blind Spot Monitor"",""Brake Assist"",""Child Safety Locks"",""Cross-Traffic Alert"",""Daytime Running Lights"",""Driver Air Bag"",""Front Head Air Bag"",""Front Side Air Bag"",""Knee Air Bag"",""Lane Departure Warning"",""Lane Keeping Assist"",""Passenger Air Bag"",""Passenger Air Bag Sensor"",""Rear Head Air Bag"",""Stability Control"",""Temporary Spare Tire"",""Tire Pressure Monitor"",""Traction Control""],""technology"":[""AM/FM Stereo"",""Adaptive Cruise Control"",""Automatic Parking"",""Auxiliary Audio Input"",""Back-Up Camera"",""Bluetooth Connection"",""CD Player"",""Cruise Control"",""Immobilizer"",""Keyless Entry"",""Keyless Start"",""MP3 Capability"",""Rear Parking Aid""]}",66,"VEHICLE OVERVIEW<br><br>MPG combined: 52<br><br>The 2018 Toyota Prius Two is a highly efficient hybrid hatchback designed for maximum fuel savings, reliability, and everyday practicality. Its hybrid powertrain seamlessly combines gasoline and electric power to deliver smooth performance and excellent efficiency for city driving and commuting.<br><br>Inside, it offers a comfortable and functional cabin with user-friendly controls, ample cargo space for its class, and standard safety features for added peace of mind. Known for long-term dependability and low operating costs, the Prius Two remains a smart choice for efficient driving.<br><br>FEATURES<br><br>FWD<br>EV / ECO / POWER drive modes<br>Smart flow climate control system w/ pollen filtration<br>Toyota Safety Sense P (TSS P)<br>Pre Collision System w/ Pedestrian Detection<br>Lane Departure Alert w/ Steering Assist<br>Automatic High Beams<br>Full Speed Dynamic Radar Cruise Control<br>Star Safety System<br>Vehicle Stability Control<br>Traction Control<br>Electronic Brake force Distribution<br>Brake Assist<br>Smart Stop Technology<br>Front rear curtain shield airbags<br>Tire Pressure Monitoring System<br>Hill Start Assist Control<br>Engine immobilizer<br>Vehicle Proximity Notification System<br>6 way adjustable driver seat<br>4 way adjustable passenger seat<br><br>Based on CarFax as of 7/1/2026. Remaining warranty may be different at the time of sale based on additional age and mileage since publication, warranty and usage history or inaccuracies on CarFax. Additionally, some warranties are limited to first owners only and are non-transferable. Please verify warranty coverage with the vehicle manufacturer prior to purchase.","[PREMIUM]",48,"2626 W MAIN ST","Norristown","PA","19403","[PREMIUM]"
"785971854","2026-07-28 23:49:38.213","2026-07-28 23:49:38.213","785971854","[PREMIUM]","N98936",2024,"NISSAN","Nissan","SENTRA","Sentra","S","SEDAN","Used","Used 2024 Nissan Sentra S",29089,"[PREMIUM]",,"Good","[PREMIUM]",17300,19800,"Fresh Powder","WHITE","Charcoal","BLACK","4CLDR","4-Cylinder","2 wheel drive - front","AUT","Continuously Variable Automatic","Automatic","G","Gasoline","Gas",30,40,2,false,10,false,false,false,,false,,,"30",71111635,"[PREMIUM]","[PREMIUM]","[PREMIUM]",11117,"[PREMIUM]",false,"PARTNER",468868,3.9,52,0,"[""NO_SALVAGE_TITLE"",""NO_FRAME_DAMAGE"",""NO_FLOOD_WATER_DAMAGE"",""NO_ACCIDENTS_REPORTED"",""ONE_OWNER"",""FREE_REPORT""]","{""exterior"":[""16\"" Steel Wheels w/Full Wheel Covers"",""Auto High-beam Headlights"",""Bumpers: body-color"",""Delay-off headlights"",""Fully automatic headlights"",""Power door mirrors""],""interior"":[""Air Conditioning"",""Carpeted Floor Mats w/Trunk Mat"",""Cloth Seat Trim"",""Driver door bin"",""Driver vanity mirror"",""Front Bucket Seats"",""Front Center Armrest"",""Front reading lights"",""Overhead console"",""Passenger door bin"",""Passenger vanity mirror"",""Power windows"",""Rear window defroster"",""Split folding rear seat"",""Steering wheel mounted audio controls"",""Tachometer"",""Telescoping steering wheel"",""Tilt steering wheel"",""Trip computer"",""Variably intermittent wipers""],""mechanical"":[""Four wheel independent suspension"",""Power steering"",""Speed-sensing steering""],""other"":[""Front anti-roll bar"",""Illuminated entry"",""NissanConnect featuring Apple CarPlay and Android Auto"",""Outside temperature display"",""Radio: AM/FM w/RDS/MP3/Aux-In"",""Rear anti-roll bar"",""Technical Spec Change 2""],""safety"":[""ABS brakes"",""Blind Spot Warning"",""Brake assist"",""Dual front impact airbags"",""Dual front side impact airbags"",""Electronic Stability Control"",""Knee airbag"",""Low tire pressure warning"",""Occupant sensing airbag"",""Overhead airbag"",""Panic alarm"",""Rear side impact airbag"",""Traction control""],""technology"":[""4 Speakers"",""AM/FM radio"",""Radio data system"",""Rear Parking Sensors"",""Remote keyless entry"",""Speed control""]}",55,"Twin Pine Ford has the Nicest Inventory at the Best Prices!<br><br>This 2024 Nissan Sentra S in white represents an excellent choice for drivers seeking reliable, fuel-efficient transportation. With its 2.0L four-cylinder engine and CVT transmission, this sedan delivers practical performance paired with strong fuel economy achieving 30 MPG in the city and 40 MPG on the highway. The Sentra S combines everyday practicality with modern convenience features designed to enhance your driving experience.<br><br>- 4-speaker AM/FM radio with RDS and MP3 capability<br>- Aux-In audio input<br>- Air conditioning with rear window defroster<br>- Remote keyless entry<br>- Steering wheel-mounted audio controls<br>- Speed control<br>- Blind Spot Warning system<br>- Electronic Stability Control and traction control<br>- Auto High-beam headlights with delay-off function<br>- NissanConnect featuring Apple CarPlay and Android Auto<br>- Rear parking sensors<br>- Dual front impact airbags with dual front side impact airbags<br>- Front bucket seats with front center armrest<br>- Split-folding rear seats<br>- 16-inch steel wheels with full wheel covers<br>- Telescoping and tilt steering wheel<br><br>The Sentra S is equipped with a comprehensive suite of safety technologies including Electronic Stability Control, brake assist, and a full complement of airbags to protect occupants. The four-wheel independent suspension and speed-sensing steering provide balanced handling on various road conditions. Interior comfort features include climate control, power windows, power steering, and illuminated entry for convenient access.<br><br>Connectivity and convenience are prioritized with NissanConnect, which seamlessly integrates Apple CarPlay and Android Auto for smartphone integration. The steering wheel-mounted audio controls allow you to manage entertainment without taking your hands off the wheel. Additional features such as the trip computer, outside temperature display, and tachometer provide useful driving information at a glance.<br><br>The cabin offers practical storage with driver and passenger door bins, an overhead console, and vanity mirrors for both front occupants. Cloth seat trim and front reading lights create a comfortable environment for daily commuting or longer drives. The split-folding rear seat provides flexibility for cargo hauling when needed.<br><br>This Sentra S stands ready for immediate delivery. Whether you prioritize fuel efficiency, safety features, or straightforward reliability, this vehicle delivers on all fronts. We invite you to visit our showroom to explore this sedan firsthand and take it for a test drive.<br><br>* All of our cars go through our Twin Pine Certified Process * While every reasonable effort is made to ensure the accuracy of this information, we are not responsible for any errors or omissions contained on these pages. Please verify any information in question with Twin Pine Ford (717)-733-FORD *Prices DO NOT include: taxes, tags, registration, license, and title fee* Twin Pine Ford will only accept outside 3rd Party financing in the event we cannot match customers Pre-Approved rate. (See dealer for details.)<br><br>Disclaimer: We are not able to finance customers from the following states: Alaska, Arizona, California, Iowa, Kansas, Minnesota, North Dakota, South Dakota, Oklahoma, Ohio and/or Tennessee. However, these customers are welcome to secure their own financing.","[PREMIUM]",20,"620 N READING RD","Ephrata","PA","17522","[PREMIUM]"
"786198395","2026-07-28 23:48:07.969","2026-07-28 23:48:07.969","786198395","[PREMIUM]","P27859",2024,"CHEV","Chevrolet","MALI","Malibu","LT","SEDAN","Used","Used 2024 Chevrolet Malibu LT",25074,"[PREMIUM]",,"Great","[PREMIUM]",19430,21430,"Summit White","WHITE","Black","BLACK","4CLDR","4-Cylinder Turbo","2 wheel drive - front","AUT","Continuously Variable Automatic","Automatic","G","Gasoline","Gas",27,35,1.5,false,7,false,false,false,,false,,,"30",729539,"[PREMIUM]","[PREMIUM]","[PREMIUM]",3086,"[PREMIUM]",false,"PARTNER",466565,3.9,156,1,"[""NO_SALVAGE_TITLE"",""NO_ACCIDENTS_REPORTED"",""ONE_OWNER""]","{""exterior"":[""16\"" Aluminum Wheels"",""17\"" Aluminum Wheels"",""Alloy wheels"",""Auto High-beam Headlights"",""Bumpers: body-color"",""Delay-off headlights"",""Fully automatic headlights"",""Heated door mirrors"",""Power door mirrors""],""interior"":[""8-Way Power Driver Seat Adjuster"",""Air Conditioning"",""Driver door bin"",""Driver vanity mirror"",""Front Bucket Seats"",""Front Center Armrest"",""Front dual zone A/C"",""Front reading lights"",""Heated Driver & Front Passenger Seats"",""Heated front seats"",""Overhead console"",""Passenger door bin"",""Passenger vanity mirror"",""Power Driver Lumbar Control Seat Adjuster"",""Power driver seat"",""Power windows"",""Premium Cloth Seat Trim"",""Rear reading lights"",""Rear seat center armrest"",""Rear window defroster"",""Split folding rear seat"",""Steering wheel mounted audio controls"",""Tachometer"",""Telescoping steering wheel"",""Tilt steering wheel"",""Trip computer"",""Variably intermittent wipers"",""Voltmeter""],""mechanical"":[""4-Wheel Disc Brakes"",""Four wheel independent suspension"",""Power steering""],""other"":[""6-Way Manual Front Passenger Seat Adjuster"",""Emergency communication system: OnStar and Chevrolet connected services capable"",""Front anti-roll bar"",""Illuminated entry"",""Outside temperature display"",""Preferred Equipment Group 1LT"",""Premium audio system: Chevrolet Infotainment 3 Plus"",""Rear anti-roll bar"",""The Moritz Promise LIMITED LIFETIME POWERTRAIN PROTECTION PLAN See dealer for details"",""Wireless Apple CarPlay/Android Auto""],""safety"":[""ABS brakes"",""Brake assist"",""Dual front impact airbags"",""Dual front side impact airbags"",""Electronic Stability Control"",""Knee airbag"",""Low tire pressure warning"",""Occupant sensing airbag"",""Overhead airbag"",""Panic alarm"",""Rear side impact airbag"",""Security system"",""Traction control""],""technology"":[""6 Speakers"",""6-Speaker Audio System Feature"",""AM/FM radio: SiriusXM"",""Automatic temperature control"",""Backup Camera"",""Bluetooth"",""Compass"",""Exterior Parking Camera Rear"",""Radio data system"",""Radio: Chevrolet Infotainment 3 System"",""Remote keyless entry"",""SiriusXM"",""Speed control""]}",76,"This 2024 Chevrolet Malibu LT 1LT delivers the reliability and comfort you expect from a mid-size sedan, offering a practical combination of efficiency, connectivity, and modern convenience features for your daily driving needs.<br><br>- Backup Camera<br>- Bluetooth<br>- Wireless Apple CarPlay/Android Auto<br>- Chevrolet Infotainment 3 System with SiriusXM<br>- 8-Way Power Driver Seat Adjuster<br>- Heated Driver &amp; Front Passenger Seats<br>- Automatic Temperature Control<br>- Steering Wheel Mounted Audio Controls<br>- Electronic Stability Control and Traction Control<br>- Four Wheel Independent Suspension<br>- Fully Automatic Headlights with Delay-Off Feature<br>- Alloy Wheels<br>- Front Bucket Seats<br>- The Moritz Promise LIMITED LIFETIME POWERTRAIN PROTECTION PLAN<br><br>The Malibu's 1.5L DOHC engine paired with a continuously variable transmission delivers an efficient 28 city and 36 highway miles per gallon, helping you maximize fuel economy without sacrificing performance. The white exterior presents a clean, professional appearance that's easy to maintain while maintaining its appeal over time. With front-wheel drive and independent suspension on all four wheels, this sedan provides stable handling and a composed ride quality whether you're navigating city streets or highway corridors.<br><br>Your comfort is prioritized through thoughtful design. The 8-way power driver seat with lumbar control allows you to find your ideal driving position, while heated seats for both driver and front passenger add warmth during cooler months. Dual-zone automatic temperature control ensures both front passengers can set their preferred climate. The telescoping steering wheel and tilt feature provide additional customization for your driving environment.<br><br>126 Point Inspection<br>Roadside Assistance<br>Warranty Deductible: $0<br>Vehicle History<br>All warranty repairs include parts, labor, &amp; towing to the nearest CarBravo dealership (if necessary). Should your vehicle need warranty repair, your CarBravo dealer will make sure you have alternative transporation. Earn points from GM Rewards when you buy a CarBravo vehicle, redeemable towards GM Certified Service, eligible accessories &amp; more. You must sign up or be a GM Rewards member at the time of the vehicle delivery to earn points, see dealer for details. Get a 1-month trial of OnStar safety services like Automatic Crash Response &amp; Roadside Assistance. Get 165+ channels in the car plus access to 350+ channels on the SiriusXM app.<br><br>Connectivity features keep you engaged and informed throughout your journey. The Chevrolet Infotainment 3 system seamlessly integrates with your smartphone through wireless Apple CarPlay and Android Auto compatibility, giving you access to navigation, music, and communication apps directly through the touchscreen interface. SiriusXM satellite radio with 165+ channels is available, along with access to 350+ additional channels through the SiriusXM app. The 6-speaker audio system delivers quality sound for your entertainment.<br><br>Safety technology is built throughout this vehicle. A backup camera assists with reversing maneuvers, while the exterior parking camera provides additional visibility. Electronic stability control, traction control, and brake assist work together to help maintain vehicle control in challenging conditions. The security system and panic alarm provide peace of mind when the vehicle is parked.<br><br>This CarBravo Certified vehicle includes the Moritz Promise LIMITED LIFETIME POWERTRAIN PROTECTION PLAN, giving you confidence in your investment. We invite you to visit our showroom to experience the Malibu's comfort and features firsthand, and our team is ready to discuss how this sedan can meet your transportation needs.","[PREMIUM]",30,"9101 Camp Bowie W","Fort Worth","TX","76116","[PREMIUM]"
"785425465","2026-07-28 23:48:07.963","2026-07-28 23:48:07.963","785425465","[PREMIUM]","MT4548Z",2024,"JEEP","Jeep","COMPASS","Compass","Latitude","SUV","Used","Used 2024 Jeep Compass Latitude",65150,"[PREMIUM]",,"Good","[PREMIUM]",17080,19480,"Bright White Clearcoat","WHITE","Black","BLACK","4CLDR","4-Cylinder Turbo","4 wheel drive","AUT","8-Speed Automatic","Automatic","G","Gasoline","Gas",24,32,2,false,16,false,false,true,,false,,,"20",26898960,"[PREMIUM]","[PREMIUM]","[PREMIUM]",612,"[PREMIUM]",false,"PARTNER",468843,4.7,504,1,"[""NO_SALVAGE_TITLE"",""NO_FRAME_DAMAGE"",""NO_FLOOD_WATER_DAMAGE"",""NO_ACCIDENTS_REPORTED"",""ONE_OWNER"",""FREE_REPORT""]","{""exterior"":[""17\"" x 7\"" Aluminum Wheels"",""17\"" x 7.0\"" Aluminum Wheels"",""Alloy wheels"",""Auto High-beam Headlights"",""Bumpers: body-color"",""Delay-off headlights"",""Front fog lights"",""Fully automatic headlights"",""Heated door mirrors"",""Power door mirrors"",""Rear window wiper"",""Spoiler""],""interior"":[""Air Conditioning"",""Driver door bin"",""Driver vanity mirror"",""Front Bucket Seats"",""Front Center Armrest w/Storage"",""Front reading lights"",""Leather Shift Knob"",""Leather steering wheel"",""Overhead console"",""Passenger door bin"",""Passenger vanity mirror"",""Power windows"",""Premium Cloth/Vinyl Bucket Seats"",""Rear seat center armrest"",""Rear window defroster"",""Split folding rear seat"",""Steering wheel mounted audio controls"",""Tachometer"",""Telescoping steering wheel"",""Tilt steering wheel"",""Trip computer"",""Variably intermittent wipers""],""mechanical"":[""3.73 Final Drive Ratio"",""4-Wheel Disc Brakes"",""Four wheel independent suspension"",""Power steering""],""other"":[""Emergency communication system: Jeep Connect"",""Front License Plate Bracket"",""Front anti-roll bar"",""Illuminated entry"",""Outside temperature display"",""Quick Order Package 29J Latitude"",""Radio: Uconnect 5 w/10.1\"" Display"",""Rear anti-roll bar""],""safety"":[""ABS brakes"",""Brake assist"",""Dual front impact airbags"",""Dual front side impact airbags"",""Electronic Stability Control"",""Knee airbag"",""Low tire pressure warning"",""Occupant sensing airbag"",""Overhead airbag"",""Panic alarm"",""Security system"",""Traction control""],""technology"":[""6 Speakers"",""AM/FM radio: SiriusXM"",""Compass"",""ParkView Rear Back-Up Camera"",""Remote keyless entry"",""Speed control""]}",64,"*Apple Carplay* *Android Auto* *Backup Camera* *USB Ports* *Bluetooth* *Blindspot Monitoring* *Push Button Start*<br><br>Recent Arrival! 24/32 City/Highway MPG<br><br>Apple AS-IS vehicles come with our 25 Point safety and mechanical inspection &amp; reconditioning requirements. All vehicles come standard with one key. In addition, this vehicle comes with our 7 day/300 mile return &amp; 30 day/1000 mile exchange program! ONE LOW PRICE, PLAIN AND SIMPLE, ALWAYS! Located at Apple Used Autos in Shakopee on Hwy 101 Reach us on:  .","[PREMIUM]",49,"1400 1ST AVE E","Shakopee","MN","55379","[PREMIUM]"
"786411471","2026-07-28 23:48:07.958","2026-07-28 23:48:07.958","786411471","[PREMIUM]","RE822308",2024,"KIA","Kia","FORTE","Forte","LXS","SEDAN","Used","Used 2024 Kia Forte LXS w/ LXS Technology Package",17138,"[PREMIUM]",,"Great","[PREMIUM]",17630,20630,"Gravity Gray","GRAY","Black","BLACK","4CLDR","4-Cylinder","2 wheel drive - front","AUT","Continuously Variable Automatic","Automatic","G","Gasoline","Gas",28,39,2,false,5,false,true,false,,false,,,"30",53500894,"[PREMIUM]","[PREMIUM]","[PREMIUM]",9376,"[PREMIUM]",false,"PARTNER",468869,4,225,0,"[""NO_SALVAGE_TITLE"",""ACCIDENTS_REPORTED"",""ONE_OWNER""]","{""exterior"":[""Alloy / Aluminum Wheels"",""Auto High-beam Headlights"",""Bumpers: body-color"",""Delay-off headlights"",""Fully automatic headlights"",""Power door mirrors""],""interior"":[""Air Conditioning"",""Cloth Seat Trim"",""Driver door bin"",""Driver vanity mirror"",""Front Bucket Seats"",""Front Center Armrest"",""Front reading lights"",""Overhead console"",""Passenger door bin"",""Passenger vanity mirror"",""Power windows"",""Rear window defroster"",""Steering wheel mounted audio controls"",""Tachometer"",""Telescoping steering wheel"",""Tilt steering wheel"",""Trip computer"",""Variably intermittent wipers""],""mechanical"":[""4-Wheel Disc Brakes"",""Front wheel independent suspension"",""Power steering""],""other"":[""++Apple CarPlay and/or Android Auto++"",""Apple CarPlay & Android Auto"",""Front anti-roll bar"",""Illuminated entry"",""Outside temperature display"",""Radio: 8' Display Audio""],""safety"":[""ABS brakes"",""Blind Spot Monitor"",""Brake assist"",""Dual front impact airbags"",""Dual front side impact airbags"",""Electronic Stability Control"",""Low tire pressure warning"",""Occupant sensing airbag"",""Overhead airbag"",""Panic alarm"",""Security system"",""Traction control""],""technology"":[""4 Speakers"",""AM/FM radio"",""Back-Up Camera"",""Bluetooth for Phone"",""Exterior Parking Camera Rear"",""Radio data system"",""Remote keyless entry"",""Speed control""]}",53,"Gravity Gray 2024 Kia Forte LXS Odometer is 28405 miles below market average! ++Apple CarPlay and/or Android Auto++, Back-Up Camera, Bluetooth for Phone, Alloy / Aluminum Wheels, Blind Spot Monitor, Remote keyless entry. 2.0L I4 MPI FWD 28/39 City/Highway MPG Serving McKinney, Allen, Melissa, Anna, Rockwall, Fairview, Princeton, Dallas, Richardson, Frisco, Plano, Prosper and DFW area! Great selection of Nissan cars, trucks and SUVs for sale. Pre-Owned cars, trucks, SUV, Van, Mini Van, available at Nissan of McKinney. Shipping available for customers outside the DFW Metroplex. Call today! Nissan of McKinney is a Dallas-area Nissan dealer with a huge passion for Nissan cars, trucks SUVs. We're dedicated to providing you with a top-notch car-buying experience! As your trusted local Nissan dealership, we offer a wide selection of new and pre-owned vehicles, exceptional service, and a commitment to customer satisfaction that sets us apart. Our McKinney Nissan dealership features a top-of-the-line service department, as well as a terrific body shop and a certified parts department. Our well-trained and expert staff is here to help you find your next new car at Nissan of McKinney. Discover what makes us the preferred choice for Nissan enthusiasts in the Dallas area. We offer several online shopping tools that enable our customers to complete the purchase process without visiting the dealership. You can value your trade, apply for financing, get accurate payment estimates and more on our website. We even offer a vehicle delivery option for your convenience. Many of our customers have already taken advantage of these options, and they remain available during this time.","[PREMIUM]",27,"3800 S. Central Expressway","Mckinney","TX","75069","[PREMIUM]"
"785207355","2026-07-28 23:48:07.955","2026-07-28 23:48:07.955","785207355","[PREMIUM]","S14597XA",2018,"FORD","Ford","F150PICKUP","F150","XLT","TRUCKS","Used","Used 2018 Ford F150 XLT w/ Equipment Group 301A Mid",127322,"[PREMIUM]",,"Good","[PREMIUM]",17590,19790,"Shadow Black","BLACK","Black","BLACK","6CLDR","6-Cylinder Turbo","4 wheel drive","AUT","10-Speed Automatic","Automatic","G","Gasoline","Gas",18,23,3.5,false,19,false,false,true,,false,,,"30",26898960,"[PREMIUM]","[PREMIUM]","[PREMIUM]",612,"[PREMIUM]",false,"PARTNER",430478,4.4,316,0,"[""NO_SALVAGE_TITLE"",""NO_FRAME_DAMAGE"",""NO_FLOOD_WATER_DAMAGE"",""NO_ACCIDENTS_REPORTED"",""NO_ONE_OWNER"",""FREE_REPORT""]","{""exterior"":[""Alloy wheels"",""Bumpers: chrome"",""Class IV Trailer Hitch Receiver"",""Delay-off headlights"",""Front fog lights"",""Fully automatic headlights"",""Power Glass Heated Sideview Mirrors"",""Power door mirrors"",""Rear step bumper"",""Wheels: 17\"" Silver Painted Aluminum""],""interior"":[""110V/400W Outlet"",""4.2\"" Productivity Screen in Instrument Cluster"",""8-Way Power Driver Seat"",""Air Conditioning"",""Auto-Dimming Rear-View Mirror"",""Cloth 40/20/40 Front Seat"",""Driver door bin"",""Driver vanity mirror"",""Fixed Backlight w/Privacy Glass"",""Front Center Armrest w/Storage"",""Front reading lights"",""Leather-Wrapped Steering Wheel"",""Passenger door bin"",""Passenger vanity mirror"",""Power windows"",""Power-Adjustable Pedals"",""Rear Under-Seat Storage"",""Rear Window Defroster"",""Split folding rear seat"",""Steering wheel mounted audio controls"",""Tachometer"",""Telescoping steering wheel"",""Tilt steering wheel"",""Variably intermittent wipers"",""Voltmeter""],""mechanical"":[""3.31 Axle Ratio"",""4-Wheel Disc Brakes"",""Front wheel independent suspension"",""Power steering"",""Speed-sensing steering"",""Trailer Tow Package""],""other"":[""000 lbs Payload Package"",""Equipment Group 301A Mid"",""Front License Plate Bracket"",""Front anti-roll bar"",""GVWR: 7"",""Illuminated entry"",""Outside temperature display""],""safety"":[""ABS brakes"",""Brake assist"",""Dual front impact airbags"",""Dual front side impact airbags"",""Electronic Stability Control"",""Emergency communication system: 911 Assist"",""Low tire pressure warning"",""Occupant sensing airbag"",""Overhead airbag"",""Panic alarm"",""Security system"",""Traction control""],""technology"":[""6 Speakers"",""AM/FM radio"",""CD player"",""Compass"",""Exterior Parking Camera Rear"",""Radio data system"",""Radio: AM/FM Stereo/Single-CD Player"",""Radio: Single-CD/SiriusXM w/7 Speakers"",""Remote keyless entry"",""SYNC"",""Speed control""]}",71,"*Trailer Tow Package* *Backup Camera* *Sport Appearance Package* *Rear Window Defroster* *XLT 301A* *3.31 Axle Ratio* *XM Radio* *20-inch wheels*<br><br><br>Recent Arrival!<br><br>Apple AS-IS vehicles come with our 25 Point safety and mechanical inspection &amp; reconditioning requirements. All vehicles come standard with one key. In addition, this vehicle comes with our 7 day/300 mile return &amp; 30 day/1000 mile exchange program! ONE LOW PRICE, PLAIN AND SIMPLE, ALWAYS! Awards:<br>* 2018 KBB.com 10 Most Awarded Brands * 2018 KBB.com Brand Image Awards Located at Apple Used Autos in Shakopee on Hwy 101 Reach us on:  .","[PREMIUM]",41,"1400 1ST AVE E","Shakopee","MN","55379","[PREMIUM]"
"786476696","2026-07-28 23:48:07.951","2026-07-28 23:48:07.951","786476696","[PREMIUM]","74486",2024,"MIT","Mitsubishi","MITMIRG4","Mirage G4",,"SEDAN","Used","Used 2024 Mitsubishi Mirage G4",18656,"[PREMIUM]",,,"[PREMIUM]",0,0,,,,,"3CLDR","3-Cylinder","2 wheel drive - front","AUT","Continuously Variable Automatic","Automatic","G","Gasoline","Gas",35,41,1.2,false,4,false,true,false,,false,,,"30",67249337,"[PREMIUM]","[PREMIUM]","[PREMIUM]",530,"[PREMIUM]",false,"PARTNER",0,,,0,"[""NO_SALVAGE_TITLE"",""NO_FRAME_DAMAGE"",""NO_FLOOD_WATER_DAMAGE"",""NO_ACCIDENTS_REPORTED"",""ONE_OWNER"",""FREE_REPORT""]","{""exterior"":[""Automatic Headlights"",""Power Mirror(s)"",""Rear Spoiler""],""interior"":[""A/C"",""Adjustable Steering Wheel"",""Bucket Seats"",""Climate Control"",""Cloth Seats"",""Driver Vanity Mirror"",""Floor Mats"",""Intermittent Wipers"",""Passenger Vanity Mirror"",""Rear Bench Seat"",""Rear Defrost"",""Steering Wheel Audio Controls"",""Variable Speed Intermittent Wipers""],""mechanical"":[""Front Disc/Rear Drum Brakes"",""Front Wheel Drive"",""Power Steering""],""other"":[""Front Collision Mitigation""],""safety"":[""ABS"",""Brake Assist"",""Child Safety Locks"",""Driver Air Bag"",""Front Head Air Bag"",""Front Side Air Bag"",""Knee Air Bag"",""Passenger Air Bag"",""Passenger Air Bag Sensor"",""Rear Head Air Bag"",""Stability Control"",""Temporary Spare Tire"",""Tire Pressure Monitor""],""technology"":[""AM/FM Stereo"",""Back-Up Camera"",""Cruise Control"",""Immobilizer"",""Keyless Entry""]}",38,"At Hertz Car Sales, view our thousands of vehicles with pricing often below market value! Take advantage of no-haggle pricing, our 7 day/250 mile Buy Back Guarantee, as well as a standard 12mth/12K mile limited powertrain warranty on every Certified vehicle. We have financing options for almost every budget and can provide competitive trade-in appraisals at our location. We have additional protection products available to protect your investment, and can ship your car to your door! Contact us today to find out more!<br><br>Recent Arrival! Certified. 2024 Mitsubishi Mirage G4 ES FWD CVT 1.2L 3-Cylinder DOHC MIVEC<br><br>Odometer is 19767 miles below market average! 35/41 City/Highway MPG<br><br>Certification Program Details: At Hertz Car Sales every retail vehicle undergoes an inspection process to make sure they meet quality standards. Also, all our vehicles come with a free Auto check vehicle history report. Visit /orlando or call us at  .<br><br>*Price excludes government fees and taxes, any finance charges, any electronic filing charge, and any emission testing charge. The price includes a dealer document preparation charge of $999.","[PREMIUM]",10,"6060 S Semoran Blvd","Orlando","FL","32822","[PREMIUM]"
"786277347","2026-07-28 23:48:07.951","2026-07-28 23:48:07.951","786277347","[PREMIUM]","P10015A",2001,"CHEV","Chevrolet","CH3500PU","Silverado 3500","LS","TRUCKS","Used","Used 2001 Chevrolet Silverado 3500 LS",204539,"[PREMIUM]",,,"[PREMIUM]",8835,10460,"Victory Red","RED","Graphite","GRAY","8CLDR","8-Cylinder Turbo","2 wheel drive - rear","AUT","5-Speed Automatic","Automatic","D","Diesel","Gas",,,6.6,true,6,false,true,false,,false,,,"30",75588601,"[PREMIUM]","[PREMIUM]","[PREMIUM]",465,"[PREMIUM]",false,"PARTNER",3965,4.7,144,0,"[""NO_SALVAGE_TITLE"",""NO_ACCIDENTS_REPORTED"",""NO_ONE_OWNER""]","{""exterior"":[""16\"" x 6.5\"" Silver Painted Steel Wheels"",""Bumpers: chrome"",""Camper & Fifth Wheel Wiring Provisions"",""Fully automatic headlights"",""Power door mirrors"",""Rear step bumper""],""interior"":[""40/20/40 Vinyl Split Bench Seat"",""Air Conditioning"",""Custom Cloth Seat Trim"",""Custom Leather Seat Trim"",""Driver door bin"",""Front Center Armrest w/Storage"",""Front reading lights"",""Leather steering wheel"",""Overhead console"",""Passenger door bin"",""Passenger vanity mirror"",""Power windows"",""Sport steering wheel"",""Tachometer"",""Tilt steering wheel"",""Variably intermittent wipers"",""Voltmeter""],""mechanical"":[""4-Wheel Disc Brakes"",""6.6L Diesel"",""Engine Block Heater"",""Front wheel independent suspension"",""Power steering""],""other"":[""*LOCAL TRADE*"",""*VERY CLEAN*"",""2 Front Frame-Mounted Recovery Hooks"",""Deep Tinted Rear Doors & Backglass"",""Dual rear wheels"",""Dually 3500"",""ETR AM/FM Stereo w/CD/Seek & Scan/Clock"",""Fleetside Body Ordering Code"",""Front anti-roll bar"",""Graphite Rubber Floor Covering"",""HD Suspension"",""HD Trailering Special Equipment"",""Illuminated entry"",""LS Decor"",""Preferred Equipment Group 1SB"",""Rear Locking Differential""],""safety"":[""ABS brakes"",""Dual front impact airbags"",""Panic alarm"",""Passenger cancellable airbag"",""Security system""],""technology"":[""6 Speakers"",""AM/FM radio"",""CD player"",""Remote keyless entry"",""Speed control""]}",54,"Highly Rated by Real Customers<br><br>Best Price Guarantee &amp; Transparent Pricing<br><br>We Match All Written Trade Offers &amp; Pay More for Trades<br><br>Family-Owned &amp; Customer-Focused<br><br>Friendly, No-Pressure Experience<br><br>Proudly Community Involved<br><br>Service &amp; Support for the Life of Your Vehicle<br><br>This 2001 Chevrolet Silverado 3500 LS is a local trade with a very clean presentation. Finished in red, this dually is purpose-built for serious work and hauling. The standout feature is the robust 6.6L Duramax diesel engine paired with a 5-speed automatic transmission with overdrive, delivering the reliability and torque this class of truck demands.<br><br>- Duramax 6.6L V8 Turbodiesel with 5-Speed Automatic Transmission<br>- Heavy-Duty Trailering Special Equipment with auxiliary transmission cooler<br>- Locking rear differential for enhanced traction<br>- Fifth wheel and gooseneck trailer wiring with 8-way harness<br>- Solar-ray deep tinted glass<br>- Two front tow hooks for secure recovery<br>- Engine block heater for reliable cold-weather starts<br>- (7) LT215/85R16D on-off road tires with dual rear wheels<br>- High-capacity air cleaner<br>- Remote keyless entry<br>- Heavy-duty suspension<br>- 4-wheel disc brakes with ABS<br>- Full power conveniences including windows, steering, and door mirrors<br><br>The Silverado 3500 LS cabin offers comfort and functionality with an AM/FM radio with CD player, cruise control, power steering, tilt steering wheel, and cloth seat trim. Safety features include dual front impact airbags, passenger cancellable airbag, and a security system. The truck's camper provisions make it versatile for various towing applications, whether fifth wheel or gooseneck setup.<br><br>Built with heavy-duty capability in mind, this truck features front wheel independent suspension, front anti-roll bar, and frame-mounted recovery hooks. The dually configuration with dual rear wheels provides the stability and load capacity needed for serious work. Chrome bumpers and well-appointed details reflect a truck built to last and work hard.<br><br>This Silverado 3500 LS represents genuine heavy-duty capability. The diesel engine, trailering equipment, and durable construction make it suited for those who need a truck that handles demanding tasks. Whether you're towing, hauling, or need a reliable workhorse, this truck delivers proven performance.<br><br>We Match Any Legitimate Deal shop with confidence<br><br>Pick-Up &amp; Delivery Service Available for sales and service convenience<br><br>Loaner Vehicles Available to keep you moving<br><br>Used Car Buying Center we buy vehicles even if you don't buy ours<br><br>We Match All Written Offers to Buy Your Vehicle<br><br>30-Minute Express Vehicle Appraisal fast &amp; hassle-free<br><br>Same-Day Payment for your vehicle<br><br>Work with Local People no need to travel to big cities<br><br>Simple, Transparent Process from Start to Finish","[PREMIUM]",41,"2051 W MONROE RD","Alma","MI","48801","[PREMIUM]"
"786423858","2026-07-28 23:48:07.951","2026-07-28 23:48:07.951","786423858","[PREMIUM]","TM4086A",2024,"CHEV","Chevrolet","CHETRAX","Trax","LS","SUV","Used","Used 2024 Chevrolet Trax LS w/ LS Convenience Package",26056,"[PREMIUM]",,,"[PREMIUM]",19260,20960,"Sterling Gray Metallic","GRAY","Gray","GRAY","3CLDR","3-Cylinder Turbo","2 wheel drive - front","AUT","6-Speed Automatic","Automatic","G","Gasoline","Gas",28,32,1.2,false,5,false,true,false,,false,,,"30",71288999,"[PREMIUM]","[PREMIUM]","[PREMIUM]",1068,"[PREMIUM]",false,"PARTNER",466495,4.6,22,0,"[""NO_SALVAGE_TITLE"",""NO_FRAME_DAMAGE"",""NO_FLOOD_WATER_DAMAGE"",""NO_ACCIDENTS_REPORTED"",""ONE_OWNER"",""FREE_REPORT""]","{""other"":[""PFEE DLR NBG""]}",1,"This DGDG Premium 2024 Chevrolet Trax LS with one previous owner and 26,056 miles was inspected and reconditioned by our service team. Reconditioned items on this Trax include: a fresh oil and filter change. Experience car-buying peace of mind DGDG Premium Used Cars include a 12-month/12,000-mile limited vehicle service contract (see dealer for copy.)<br><br>*Vehicle Features:* FWD Turbocharged Gas 3-Cyl 1.2L Automatic.<br><br>Disclaimers: Prices do not include tax and license fees, finance charges, $85 dealer document processing charge, $37 electronic filing charge, or any emission testing charge.","[PREMIUM]",20,"301-A AUTO MALL PKWY","Vallejo","CA","94591","[PREMIUM]"
"784119647","2026-07-28 23:47:07.789","2026-07-28 23:47:07.789","784119647","[PREMIUM]","66584",2018,"KIA","Kia","SORENTO","Sorento","FWD","SUV","Used","Used 2018 Kia Sorento FWD",69163,"[PREMIUM]",,"Great","[PREMIUM]",15700,17450,"Snow White Pearl","WHITE","Stone Beige","BEIGE","4CLDR","4-Cylinder","2 wheel drive - front","AUT","6-Speed Automatic","Automatic","G","Gasoline","Gas",21,28,2.4,false,32,false,false,true,,false,,,"30",67968,"[PREMIUM]","[PREMIUM]","[PREMIUM]",15493,"[PREMIUM]",false,"PARTNER",429662,4.2,146,0,"[""NO_SALVAGE_TITLE"",""ACCIDENTS_REPORTED"",""ONE_OWNER""]","{""exterior"":[""Alloy wheels"",""Bumpers: body-color"",""Delay-off headlights"",""Fully automatic headlights"",""Heated door mirrors"",""Power door mirrors"",""Rear window wiper"",""Spoiler"",""Turn signal indicator mirrors"",""Wheels: 17\"" x 7.0 Alloy""],""interior"":[""Air Conditioning"",""Anti-whiplash front head restraints"",""Cargo Net"",""Cargo Tray (5 Seat)"",""Carpet Floor Mats (5 Seat)"",""Driver door bin"",""Driver vanity mirror"",""Dual Zone Automatic Climate Control"",""Front Bucket Seats"",""Front Center Armrest"",""Front reading lights"",""Overhead console"",""Passenger door bin"",""Passenger vanity mirror"",""Power windows"",""Rear seat center armrest"",""Rear window defroster"",""Split folding rear seat"",""Steering wheel mounted audio controls"",""Tachometer"",""Telescoping steering wheel"",""Tilt steering wheel"",""Trip computer"",""Variably intermittent wipers"",""YES Essentials Cloth Seat Trim""],""mechanical"":[""3.51 Axle Ratio"",""4-Wheel Disc Brakes"",""Four wheel independent suspension"",""Power steering"",""Speed-sensing steering""],""other"":[""Front anti-roll bar"",""Illuminated entry"",""LX Cool & Connected Package"",""Outside temperature display"",""Rear anti-roll bar"",""Roof rack: rails only""],""safety"":[""ABS brakes"",""Brake assist"",""Dual front impact airbags"",""Dual front side impact airbags"",""Electronic Stability Control"",""Low tire pressure warning"",""Occupant sensing airbag"",""Overhead airbag"",""Panic alarm"",""Security system"",""Traction control""],""technology"":[""6 Speakers"",""AM/FM radio: SiriusXM"",""CD player"",""Exterior Parking Camera Rear"",""Radio: AM/FM/CD/MP3/SiriusXM"",""Radio: AM/FM/CD/MP3/SiriusXM w/UVO eServices"",""Remote keyless entry"",""Speed control""]}",65,"**THIS VEHICLE HAS BEEN INSPECTED by our ASE technicians who performed a lube and oil change, replaced front brake rotors, replaced rear brake pads and rear brake rotors, and replaced wiper blades.**","[PREMIUM]",27,"1020 Martin Luther King Jr Blvd","Paris","KY","40361","[PREMIUM]"
"786046758","2026-07-28 23:47:07.656","2026-07-28 23:47:07.656","786046758","[PREMIUM]","BFBTJZ235408",2018,"CHEV","Chevrolet","CHEV150","Silverado 1500","LT","TRUCKS","Used","Used 2018 Chevrolet Silverado 1500 LT w/ All Star Edition",113707,"[PREMIUM]",,"Good","[PREMIUM]",17140,19490,"Cajun Red Tintcoat","RED","Jet Black","BLACK","6CLDR","6-Cylinder","4 wheel drive","AUT","6-Speed Automatic","Automatic","F","Flexible Fuel","Gas",17,22,4.3,false,9,false,false,true,,false,,,"30",72153525,"[PREMIUM]","[PREMIUM]","[PREMIUM]",5421,"[PREMIUM]",false,"PARTNER",431124,4.3,227,0,"[""NO_SALVAGE_TITLE"",""ACCIDENTS_REPORTED"",""NO_ONE_OWNER""]","{""exterior"":[""Alloy wheels"",""Body Color Bodyside Moldings"",""Body-Color Door Handles"",""Body-Color Mirror Caps"",""Body-Color Power Adjustable Heated Outside Mirrors"",""Bodyside moldings"",""Bumpers: chrome"",""Chrome Grille Surround"",""Delay-off headlights"",""EZ Lift & Lower Tailgate"",""FOG LAMPS  THIN PROFILE LED"",""Front Chrome Bumper"",""Fully automatic headlights"",""Heated door mirrors"",""High-Intensity Discharge Headlights"",""LPO  WHEEL LOCKS  SET OF 4"",""Power door mirrors"",""Rear Chrome Bumper"",""Rear step bumper"",""Remote Locking Tailgate"",""TIRES  P265/65R18 ALL-TERRAIN  WHITE OUTLINED LETTER"",""Texas Edition Badging"",""Thin Profile LED Fog Lamps"",""WHEELS  18\"" X 8.5\"" (45.7 CM X 21.6 CM) BRIGHT-MACHINED ALUMINUM"",""Wheel Locks (Set of 4) (LPO)"",""Wheels: 17 x 8 Bright Machined Aluminum"",""Wheels: 18 x 8.5 Bright-Machined Aluminum""],""interior"":[""10-Way Power Driver's Seat Adjuster"",""110-Volt AC Power Outlet"",""40/20/40 Front Split Bench Seat"",""Air Conditioning"",""Cloth Seat Trim"",""Color-Keyed Carpeting w/Rubberized Vinyl Floor Mats"",""DEFOGGER  REAR-WINDOW ELECTRIC"",""Deep-Tinted Glass"",""Driver & Front Passenger Illuminated Vanity Mirrors"",""Driver door bin"",""Driver vanity mirror"",""Dual-Zone Automatic Climate Control"",""Electric Rear-Window Defogger"",""Front Center Armrest w/Storage"",""Front reading lights"",""Heated Driver & Front Passenger Seats"",""Manual Tilt Wheel Steering Column"",""Overhead console"",""POWER OUTLET  110-VOLT AC"",""Passenger door bin"",""Passenger vanity mirror"",""Power Windows w/Driver Express Up"",""Power windows"",""Rear 60/40 Folding Bench Seat (Folds Up)"",""Rear reading lights"",""SEATS  FRONT 40/20/40 SPLIT-BENCH  3-PASSENGER  AVAILABLE IN CLOTH OR LEATHER  includes driver and front passenger recline with outboard head restraints and center fold-down armrest with storage. Also includes manually adjustable driver lumbar  lockable s"",""Split folding rear seat"",""Steering Wheel Audio Controls"",""Steering wheel mounted audio controls"",""Tachometer"",""Tilt steering wheel"",""Trip computer"",""Variably intermittent wipers"",""Voltmeter""],""mechanical"":[""3.42 Rear Axle Ratio"",""4-Wheel Disc Brakes"",""E85 FLEXFUEL CAPABLE OF RUNNING ON UNLEADED OR UP TO 85% ETHANOL"",""E85 FlexFuel Capable"",""Front wheel independent suspension"",""Power steering"",""REAR AXLE  3.42 RATIO"",""Speed-sensing steering"",""Trailering Package""],""other"":[""150 Amp Alternator"",""All Star Edition"",""Bluetoothᆴ For Phone"",""Chevrolet Connected Access"",""Chevrolet w/4G LTE"",""DIFFERENTIAL  HEAVY-DUTY LOCKING REAR"",""ENGINE  4.3L FLEXFUEL ECOTEC3 V6 WITH ACTIVE FUEL MANAGEMENT  DIRECT INJECTION AND VARIABLE VALVE TIMING  includes aluminum block construction with (FHS) E85 FlexFuel capability  capable of running on unleaded or up to 85% ethanol (285 hp 212 kW @ 5300"",""Front anti-roll bar"",""Heavy Duty Suspension"",""Heavy-Duty Rear Locking Differential"",""Illuminated entry"",""Leather Wrapped Steering Wheel w/Cruise Controls"",""Molded Black Splash Guards (LPO)"",""Outside temperature display"",""Preferred Equipment Group 1LT"",""Rear Wheelhouse Liners"",""TRANSMISSION  6-SPEED AUTOMATIC  ELECTRONICALLY CONTROLLED  with overdrive and tow/haul mode. Includes Cruise Grade Braking and Powertrain Grade Braking (STD)"",""Texas Edition""],""safety"":[""ABS brakes"",""Brake assist"",""Dual front impact airbags"",""Dual front side impact airbags"",""Electronic Stability Control"",""Low tire pressure warning"",""Occupant sensing airbag"",""Overhead airbag"",""Panic alarm"",""Theft Deterrent System (Unauthorized Entry)"",""Traction control""],""technology"":[""4.2 Diagonal Color Display Driver Info Center"",""6 Speaker Audio System"",""6 Speakers"",""AM/FM radio: SiriusXM"",""CD player"",""Compass"",""Exterior Parking Camera Rear"",""HD Radio"",""OnStar & Chevrolet Connected Services Capable"",""Premium audio system: Chevrolet MyLink"",""REMOTE VEHICLE STARTER SYSTEM  Includes (UTJ) Thef>"",""Radio data system"",""Radio: AM/FM 8 Diagonal Color Touch Screen"",""Remote Keyless Entry"",""Remote Vehicle Starter System"",""Remote keyless entry"",""Single Slot CD/MP3 Player"",""SiriusXM Satellite Radio"",""Speed control""]}",118,"RECALL NOTICE: Some vehicles offered for sale may be subject to unrepaired manufacturer safety recalls. To determine the recall status of a vehicle, visit https://www.nhtsa.gov/recalls.<br><br>This 2018 Chevrolet Silverado 1500 LT LT1 represents a capable work truck ready for whatever you need to accomplish, backed by proven engineering and thoughtful design.<br><br>- Heated driver and front passenger seats<br>- Dual-zone automatic climate control<br>- Remote vehicle starter system<br>- Heavy-duty rear locking differential<br>- Trailering package<br>- LED front fog lamps<br>- 18 bright-machined aluminum wheels with all-terrain tires<br>- Chevrolet MyLink 8 touchscreen with SiriusXM satellite radio<br>- Bluetooth connectivity for phone<br>- 10-way power driver's seat<br>- Rear backup camera<br>- Electronic stability control and traction control<br>- 4-wheel disc brakes with ABS<br>- Front and rear chrome bumpers<br><br>With its EcoTec3 4.3L V6 engine paired with a 6-speed automatic transmission, this Silverado delivers a balance of capability and efficiency. The 4WD system provides confidence in various driving conditions, while the 17 city and 22 highway MPG ratings help manage fuel costs. The heavy-duty rear locking differential and trailering package mean you have the tools needed for hauling and towing tasks that come your way.<br><br>The All Star Edition package adds genuine value through heated leather-wrapped steering wheel controls, dual-zone climate management, and a remote vehicle starter system. The 110-volt AC power outlet keeps your devices and tools powered throughout the day. Inside, you'll find a practical 40/20/40 split bench seat configuration with a folding rear seat, cloth trim, and modern conveniences like the 4.2 driver information center and Chevrolet Connected Access.<br><br>The exterior features Cajun Red Tintcoat paint, body-color door handles and mirror caps, and chrome accents that give this truck a finished appearance. The molded black splash guards protect against road debris, while the EZ Lift &amp; Lower tailgate makes loading easier. Thin profile LED fog lamps improve visibility in challenging conditions, and the exterior parking camera provides helpful rear visibility assistance.<br><br>Safety features include dual front impact airbags, dual front side impact airbags, and overhead airbags. Electronic stability control, traction control, and brake assist work together to help you maintain control. Low tire pressure warnings and occupant sensing airbags add another layer of protection for you and your passengers.<br><br>This Silverado is ready to work and ready to serve you well for years to come. We invite you to see it in person and experience the quality and capability firsthand.<br><br>Shop with confidence at Bill Estes Ford, your Ford dealership in Brownsburg Indiana proudly serving Indianapolis, Avon, Plainfield, Danville, and the surrounding Central Indiana area. We offer a wide selection of new Ford trucks, SUVs, and cars along with quality pre owned vehicles to fit every lifestyle. Getting started is easy with Asbury Clicklane. Simply enter your VIN or license plate to receive a fast and transparent trade evaluation online. Clicklane also allows you to explore financing options and complete paperwork from home, saving time at the dealership. Whether you are trading in or purchasing your next Ford, Clicklane makes the buying experience simple and convenient.","[PREMIUM]",30,"450 E NORTHFIELD DR","Brownsburg","IN","46112","[PREMIUM]"
"786247035","2026-07-28 23:47:07.642","2026-07-28 23:47:07.642","786247035","[PREMIUM]","6289",2018,"JEEP","Jeep","CHER","Cherokee","Limited","SUV","Used","Used 2018 Jeep Cherokee Limited",76867,"[PREMIUM]",,"Good","[PREMIUM]",15420,17720,"Granite Crystal Metallic Clear","GRAY","Black","BLACK","6CLDR","6-Cylinder","4 wheel drive","AUT","9-Speed Automatic","Automatic","G","Gasoline","Gas",21,28,3.2,true,6,false,true,false,,false,,,"30",72174551,"[PREMIUM]","[PREMIUM]","[PREMIUM]",1962,"[PREMIUM]",false,"PARTNER",431063,3.9,415,1,"[""NO_SALVAGE_TITLE"",""NO_ACCIDENTS_REPORTED"",""ONE_OWNER""]","{""exterior"":[""Active Grille Shutters"",""Alloy wheels"",""Bumpers: body-color"",""Delay-off headlights"",""Exterior Mirrors w/Supplemental Signals"",""Front fog lights"",""Fully automatic headlights"",""Heated door mirrors"",""High intensity discharge headlights: Bi-Xenon"",""Power door mirrors"",""Rear window wiper"",""Spoiler"",""Turn signal indicator mirrors""],""interior"":[""**AUTOMATIC MULTI-ZONE CLIMATE CONTROL!!*"",""**HEATED LEATHER SEATS**"",""**HEATED STEERING WHEEL!!**"",""**PANORAMIC MOONROOF!**"",""**POWER LIFTGATE!!**"",""**STEERING WHEEL MOUNTED CONTROLS!!**"",""Air Conditioning"",""Anti-whiplash front head restraints"",""Auto-dimming Rear-View mirror"",""Driver door bin"",""Driver vanity mirror"",""Front Bucket Seats"",""Front Center Armrest"",""Front dual zone A/C"",""Front reading lights"",""Garage door transmitter"",""Heated front seats"",""Heated steering wheel"",""Leather Shift Knob"",""Leather Trimmed Bucket Seats"",""Overhead console"",""Passenger door bin"",""Passenger vanity mirror"",""Power Front/Fixed Rear Full Sunroof"",""Power Liftgate"",""Power driver seat"",""Power windows"",""Rear reading lights"",""Rear seat center armrest"",""Rear window defroster"",""Split folding rear seat"",""Steering wheel mounted audio controls"",""Tachometer"",""Telescoping steering wheel"",""Tilt steering wheel"",""Trip computer"",""Variably intermittent wipers"",""Voltmeter""],""mechanical"":[""**4x4**"",""**V6**"",""4-Wheel Disc Brakes"",""Auxiliary Transmission Oil Cooler"",""Engine Oil Cooler"",""Four wheel independent suspension"",""Power steering"",""Speed-sensing steering""],""other"":[""**BACK UP WARNING SENSORS!**"",""**INTERACTIVE TOUCHSCREEN DISPLAY!!**"",""**RECENT OIL CHANGE!**"",""1 Year Trial (Registration Required)"",""5-Year SiriusXM Traffic Service"",""5-Year SiriusXM Travel Link Service"",""600 Amp Maintenance Free Battery"",""Electronic Range Select"",""Emergency communication system: Uconnect Access"",""Exterior Mirrors Courtesy Lamps"",""Front License Plate Bracket"",""Front anti-roll bar"",""GPS Antenna Input"",""Illuminated entry"",""Normal Duty Suspension"",""Off Road Suspension"",""Outside temperature display"",""Quick Order Package 27G"",""Rear anti-roll bar"",""Roof rack: rails only"",""SiriusXM Traffic"",""SiriusXM Travel Link"",""Wheels: 18\"" x 7\"" Painted Aluminum""],""safety"":[""**BLIND SPOT MONITORING SYSTEM!!**"",""ABS brakes"",""Brake assist"",""Dual front impact airbags"",""Dual front side impact airbags"",""Electronic Stability Control"",""Knee airbag"",""Low tire pressure warning"",""Occupant sensing airbag"",""Overhead airbag"",""Panic alarm"",""Rear side impact airbag"",""Security system"",""Traction control""],""technology"":[""**BLUETOOTH HANDS-FREE CALLING!**"",""**MP3 / IPOD COMPATIBLE!**"",""**NAVIGATION!**"",""**REAR VIEW CAMERA!**"",""**REMOTE START!!**"",""6 Speakers"",""8.4\"" Touchscreen Display"",""AM/FM radio: SiriusXM"",""Automatic temperature control"",""Compass"",""GPS Navigation"",""HD Radio"",""Integrated Voice Command w/Bluetooth"",""ParkView Rear Back-Up Camera"",""Radio data system"",""Radio: Uconnect 3C Nav w/8.4\"" Display"",""Radio: Uconnect 3C w/8.4\"" Display"",""Remote keyless entry"",""SiriusXM Satellite Radio"",""Speed control"",""Uconnect Access""]}",117,"CARFAX One-Owner. This vehicle's CARFAX history report is available for free on our dealer website. Granite Crystal Metallic Clearcoat 2018 Jeep Cherokee Limited 4WD 9-Speed Automatic 3.2L V6 **HEATED LEATHER SEATS**, **4x4**, **V6**, **MP3 / IPOD COMPATIBLE!**, **BLUETOOTH HANDS-FREE CALLING!**, **BACK UP WARNING SENSORS!**, **REAR VIEW CAMERA!**, **NAVIGATION!**, **PANORAMIC MOONROOF!**, **RECENT OIL CHANGE!**, **AUTOMATIC MULTI-ZONE CLIMATE CONTROL!!*, **BLIND SPOT MONITORING SYSTEM!!**, **HEATED STEERING WHEEL!!**, **STEERING WHEEL MOUNTED CONTROLS!!**, **INTERACTIVE TOUCHSCREEN DISPLAY!!**, **POWER LIFTGATE!!**.<br><br>Recent Arrival! Odometer is 30240 miles below market average! 18/26 City/Highway MPG<br><br>Awards:<br>* 2018 KBB.com 10 Most Awarded Brands<br><br><br>By submitting your information, you consent to receive all forms of communication including but not limited to; phone, text, email, mail, etc. Message and data rates may apply. Consent to these terms is not a condition of Purchase. It does not include any taxes, fees or other charges. * Pricing and availability may vary based on a variety of factors, including options, dealer specials, fees, and financing qualifications. Vehicles shown may have optional equipment at additional cost. You May Not qualify for all offers, incentives, discounts, or financing and all are subject to expiration and/or other restrictions. Subject to availability, incentive offerings, current pricing and credit worthiness. In Transit (Coming Soon) may not have arrived at the dealership. Images shown may not necessarily represent identical vehicles. Eprice includes all dealer discounts, $1000 Trade-in assistance, $1000 Finance Cash but excludes tax, tag, dealer closing fee, and $899 First Place Finish. See dealer for details. To qualify for E pricing you: 1.) Must print E price and present at time of visit/ before negotiation. 2.) Must trade in a vehicle when purchasing selected vehicle. 3.) Must Finance through one of our preferred lenders. Vehicles shown at different locations are not currently in our inventory, but can be made available to you at our location within a reasonable date from the time of your request, not to exceed one week.","[PREMIUM]",10,"2574 CHERRY RD","Rock Hill","SC","29732","[PREMIUM]"
"786283320","2026-07-28 23:47:07.615","2026-07-28 23:47:07.615","786283320","[PREMIUM]","N770516A",2018,"CHRY","Chrysler","300","300","S","SEDAN","Used","Used 2018 Chrysler 300 S w/ 300S Premium Group",93549,"[PREMIUM]",,"Good","[PREMIUM]",16510,18410,"Crystal Metallic","UNAVAIL","Black","BLACK","6CLDR","6-Cylinder","2 wheel drive - rear","AUT","8-Speed Automatic","Automatic","G","Gasoline","Gas",19,30,3.6,true,6,false,true,false,,false,,,"30",75407159,"[PREMIUM]","[PREMIUM]","[PREMIUM]",3924,"[PREMIUM]",false,"PARTNER",431303,4.7,246,0,"[""NO_SALVAGE_TITLE"",""NO_ACCIDENTS_REPORTED"",""NO_ONE_OWNER""]","{""exterior"":[""Alloy wheels"",""Auto-Dimming Exterior Driver Mirror"",""Black Chrome Surround 300S Grille"",""Body Color Fascia Applique"",""Body Color Fascias"",""Bumpers: body-color"",""Delay-off headlights"",""Exterior Mirrors w/Supplemental Signals"",""Front fog lights"",""Fully automatic headlights"",""Heated door mirrors"",""Lower Grille Close-Out Panels"",""Power Multi Function Mirror Manual Fold"",""Power door mirrors"",""Rear Bodycolor Spoiler"",""S Model Appearance Package"",""Wheels: 20\"" x 8.0\"" Aluminum HyperBlack""],""interior"":[""Air Conditioning"",""Anti-whiplash front head restraints"",""Auto-dimming Rear-View mirror"",""Driver door bin"",""Driver vanity mirror"",""Dual-Pane Panoramic Sunroof"",""Front Bucket Seats"",""Front Center Armrest"",""Front dual zone A/C"",""Front reading lights"",""Garage door transmitter"",""Heated front seats"",""Illuminated Rear Cupholders"",""Leather Trim Seats"",""Overhead console"",""Passenger door bin"",""Passenger vanity mirror"",""Power driver seat"",""Power passenger seat"",""Power windows"",""Rear Seat Armrest w/Storage Cupholder"",""Rear reading lights"",""Rear seat center armrest"",""Rear window defroster"",""Speed-Sensitive Wipers"",""Split folding rear seat"",""Steering wheel mounted audio controls"",""Tachometer"",""Telescoping steering wheel"",""Tilt steering wheel"",""Trip computer"",""Variably intermittent wipers""],""mechanical"":[""4 Wheel Independent Suspension Performance"",""4-Wheel Disc Brakes"",""Four wheel independent suspension"",""Power steering"",""Speed-sensing steering""],""other"":[""1-YR SiriusXM Guardian Trial"",""300S Premium Group"",""4 NEW TIRES"",""5-Year SiriusXM Traffic Service"",""5-Year SiriusXM Travel Link Service"",""552 Watt Amplifier"",""AUX)"",""Apple CarPlay"",""Apple CarPlay/Android Auto"",""Beats Audio Group"",""Emergency communication system: SiriusXM Guardian"",""Exterior Mirrors Courtesy Lamps"",""For Details Visit DriveUconnect.com"",""Front anti-roll bar"",""GPS Antenna Input"",""Google Android Auto"",""Illuminated entry"",""Leather Trimmed Sport Bucket Seats"",""Mechanical Inspection video!"",""Outside temperature display"",""Premium SRT Fog Lamps"",""Quick Order Package 22G 300S"",""Rear anti-roll bar"",""SiriusXM Traffic Plus"",""SiriusXM Travel Link"",""USB Host Flip""],""safety"":[""ABS brakes"",""Blind Spot & Cross Path Detection"",""Brake assist"",""Dual front impact airbags"",""Dual front side impact airbags"",""Electronic Stability Control"",""Knee airbag"",""Low tire pressure warning"",""Occupant sensing airbag"",""Overhead airbag"",""Panic alarm"",""Security system"",""Traction control""],""technology"":[""10 Beats Premium Speakers w/Subwoofer"",""6 Speakers"",""8.4\"" Touchscreen Display"",""AM/FM radio: SiriusXM"",""Automatic temperature control"",""Compass"",""GPS Navigation"",""HD Radio"",""Integrated Voice Command w/Bluetooth"",""Media Hub (2 USB"",""ParkSense Front/Rear Park Assist System"",""ParkView Rear Back-Up Camera"",""Radio data system"",""Radio: Uconnect 4C Nav w/8.4\"" Display"",""Radio: Uconnect 4C w/8.4\"" Display"",""Remote keyless entry"",""SiriusXM Satellite Radio"",""Speed control""]}",111,"Shop smarter at Mazda at the Avenues our prices are powered by real-time market research and advanced analytics, ensuring you always get the best value. Start your smart buying journey today!<br><br>- 4 NEW TIRES<br>- Beats Audio Group with 552 Watt Amplifier and 10 Premium Speakers w/Subwoofer<br>- Uconnect 4C Navigation with 8.4 Touchscreen Display<br>- Dual-Pane Panoramic Sunroof<br>- ParkSense Front and Rear Park Assist System<br>- Blind Spot and Cross Path Detection<br>- Apple CarPlay and Google Android Auto<br>- SiriusXM Satellite Radio with 5-Year Traffic and Travel Link Service<br>- Premium SRT Fog Lamps<br>- Leather Trimmed Sport Bucket Seats with Heating Function<br>- Auto-Dimming Exterior Driver Mirror<br>- GPS Navigation<br>- 20 Aluminum HyperBlack Wheels<br>- Rear Back-Up Camera<br><br>This 2018 Chrysler 300 S in gray presents a commanding presence on the road with its distinctive body color fascias and rear spoiler. The S Model Appearance Package gives this sedan a refined, purposeful look that turns heads while maintaining the sophisticated styling the 300 nameplate is known for.<br><br>Under the hood, you'll find a capable 3.6L V6 engine delivering dependable performance paired with smooth 8-Speed Automatic transmission. This configuration provides responsive acceleration for highway merging and city driving alike, achieving 19 MPG in the city and 30 MPG on the highway. All four tires are new, ensuring reliable traction and extended tire life.<br><br>The interior combines comfort with modern technology. Premium leather-trimmed sport bucket seats with heating keep you comfortable on longer drives, while the dual-zone automatic climate control maintains your preferred temperature. The Beats Audio Group with a robust 552-watt amplifier and 10 premium speakers creates rich, immersive sound that elevates every drive.<br><br>Technology is seamlessly integrated throughout the cabin. The Uconnect 4C Navigation system features an 8.4-inch touchscreen display and includes Apple CarPlay and Google Android Auto compatibility. GPS Navigation, SiriusXM Satellite Radio with Traffic Plus, and a 1-year SiriusXM Guardian trial keep you informed and connected. The system also features integrated voice command with Bluetooth for hands-free control.<br><br>Safety and convenience features provide peace of mind. The ParkSense Front and Rear Park Assist System with rear back-up camera simplifies maneuvering. Blind Spot and Cross Path Detection alert you to potential hazards, while the auto-dimming exterior driver mirror reduces glare during night driving. Anti-whiplash front head restraints, dual front and side impact airbags, and electronic stability control work together to help protect you and your passengers.<br><br>A comprehensive mechanical inspection video is available, documenting the vehicle's condition in detail. This 2018 Chrysler 300 S represents a well-appointed sedan ready for immediate ownership.<br><br>Experience hassle-free buying at Mazda at the Avenues with transparent pricing, expert service, and a team that puts you first. Visit us today and drive home happy!!","[PREMIUM]",25,"10681 PHILIPS HWY","Jacksonville","FL","32256","[PREMIUM]"
"786328719","2026-07-28 23:47:07.612","2026-07-28 23:47:07.612","786328719","[PREMIUM]","D38335A",2017,"ACURA","Acura","ACUTLX","TLX","V6 w/ Technology Package","SEDAN","Used","Used 2017 Acura TLX V6 w/ Technology Package",66830,"[PREMIUM]",,"Great","[PREMIUM]",19270,21120,"Black","BLACK","Ebony","BLACK","6CLDR","6-Cylinder","2 wheel drive - front","AUT","9-Speed Automatic","Automatic","G","Gasoline","Gas",21,34,3.5,true,5,false,true,false,,false,,,"30",73116117,"[PREMIUM]","[PREMIUM]","[PREMIUM]",6948,"[PREMIUM]",false,"PARTNER",420736,4.3,83,0,"[""NO_SALVAGE_TITLE"",""ACCIDENTS_REPORTED"",""NO_ONE_OWNER""]","{""exterior"":[""Alloy wheels"",""Bumpers: body-color"",""Delay-off headlights"",""Heated door mirrors"",""Power door mirrors"",""Turn signal indicator mirrors"",""Wheels: 18 x 8.5 Aluminum-Alloy""],""interior"":[""Air Conditioning"",""Anti-whiplash front head restraints"",""Auto-dimming Rear-View mirror"",""Driver door bin"",""Driver vanity mirror"",""Front Bucket Seats"",""Front Center Armrest w/Storage"",""Front dual zone A/C"",""Front reading lights"",""HVAC memory"",""Heated Front Seats"",""Heated front seats"",""Leather steering wheel"",""Memory seat"",""Passenger door bin"",""Passenger vanity mirror"",""Power driver seat"",""Power moonroof"",""Power passenger seat"",""Power windows"",""Rear seat center armrest"",""Rear window defroster"",""Speed-Sensitive Wipers"",""Split folding rear seat"",""Steering wheel mounted audio controls"",""Tachometer"",""Telescoping steering wheel"",""Tilt steering wheel"",""Trip computer"",""Variably intermittent wipers""],""mechanical"":[""4-Wheel Disc Brakes"",""Four wheel independent suspension"",""Power steering"",""Speed-sensing steering""],""other"":[""Certified By Carfax - No Accidents"",""Front anti-roll bar"",""Garage Kept!"",""Illuminated entry"",""Outside temperature display"",""Perforated Milano Premium Leather Trimmed Seats"",""Rear anti-roll bar""],""safety"":[""ABS brakes"",""Brake assist"",""Dual front impact airbags"",""Dual front side impact airbags"",""Electronic Stability Control"",""Knee airbag"",""Lane Departure Warning System"",""Low tire pressure warning"",""Occupant sensing airbag"",""Overhead airbag"",""Panic alarm"",""Security system"",""Traction control""],""technology"":[""10 Speakers"",""AM/FM radio: SiriusXM"",""Automatic temperature control"",""CD player"",""Compass"",""Exterior Parking Camera Rear"",""Garage door transmitter: HomeLink"",""Navigation System"",""Radio data system"",""Radio: ELS Studio Premium Audio System"",""Rain sensing wipers"",""Remote keyless entry"",""Speed control""]}",74,"Welcome to Towbin Dodge, #1 Dodge dealer in the world! This isnt just any used car- it has been handpicked and thoroughly inspected to meet the high standards we are known for, From everyday budget options to SRT and Luxury models, weve got something for every lifestyle and price point. At Towbin we make used car buying easy, affordable, and exciting.2017 Acura TLX 3.5L V6Clean CARFAX. Recent Arrival!Certified By Carfax - No Accidents, Auto-dimming Rear-View mirror, Automatic temperature control, Brake assist, Dual front impact airbags, Dual front side impact airbags, Electronic Stability Control, Exterior Parking Camera Rear, Front dual zone A/C, Heated door mirrors, HVAC memory, Knee airbag, Lane Departure Warning System, Memory seat, Navigation System, Overhead airbag, Power door mirrors, Power driver seat, Power moonroof, Power passenger seat, Power windows, Radio: ELS Studio Premium Audio System, Rain sensing wipers, Security system, Speed control, Split folding rear seat, Telescoping steering wheel, Variably intermittent wipers, Wheels: 18 x 8.5 Aluminum-Alloy.Black FWD 9-Speed Automatic 3.5L V6 SOHC VTEC 24VThanks for checking out this great vehicle. When looking to buy pre-owned, why not buy from the #1 Dodge dealer in Nevada? Give us a call or come see why everyone drives out saying, I got a great deal at Towbin Dodge! Awards: * 2017 KBB.com 5-Year Cost to Own AwardsKelley Blue Book Brand Image Awards are based on the Brand Watch(tm) study from Kelley Blue Book Market Intelligence. Award calculated among non-luxury shoppers. For more information, visit www.kbb.com. Kelley Blue Book is a registered trademark of Kelley Blue Book Co., Inc.","[PREMIUM]",16,"275 AUTO MALL DR","Henderson","NV","89014","[PREMIUM]"
"786200031","2026-07-28 23:47:07.599","2026-07-28 23:47:07.599","786200031","[PREMIUM]","JU101971T",2018,"TOYOTA","Toyota","CAMRY","Camry","LE","SEDAN","Used","Used 2018 Toyota Camry LE",72967,"[PREMIUM]",,"Great","[PREMIUM]",18210,19860,"Celestial Silver Metallic","SILVER","Ash","GRAY","4CLDR","4-Cylinder","2 wheel drive - front","AUT","8-Speed Automatic","Automatic","G","Gasoline","Gas",,,2.5,false,7,false,false,false,,false,,,"30",74307385,"[PREMIUM]","[PREMIUM]","[PREMIUM]",6540,"[PREMIUM]",false,"PARTNER",429740,3.9,349,0,"[""NO_SALVAGE_TITLE"",""NO_FRAME_DAMAGE"",""NO_FLOOD_WATER_DAMAGE"",""NO_ACCIDENTS_REPORTED"",""ONE_OWNER"",""FREE_REPORT""]","{""exterior"":[""7.5J x 17\"" Alloy Wheels"",""Alloy wheels"",""Auto High-beam Headlights"",""Bumpers: body-color"",""Delay-off headlights"",""Fully automatic headlights"",""Power door mirrors""],""interior"":[""Air Conditioning"",""Driver door bin"",""Driver vanity mirror"",""Fabric Seat Trim"",""Front Bucket Seats"",""Front Center Armrest"",""Front reading lights"",""Overhead console"",""Passenger door bin"",""Passenger vanity mirror"",""Power driver seat"",""Power windows"",""Rear reading lights"",""Rear seat center armrest"",""Rear window defroster"",""Split folding rear seat"",""Steering wheel mounted audio controls"",""Tachometer"",""Telescoping steering wheel"",""Tilt steering wheel"",""Trip computer"",""Variably intermittent wipers""],""mechanical"":[""4-Wheel Disc Brakes"",""Four wheel independent suspension"",""Power steering"",""Speed-sensing steering""],""other"":[""Front anti-roll bar"",""Illuminated entry"",""Outside temperature display"",""Rear anti-roll bar""],""safety"":[""ABS brakes"",""Brake assist"",""Dual front impact airbags"",""Dual front side impact airbags"",""Electronic Stability Control"",""Knee airbag"",""Low tire pressure warning"",""Occupant sensing airbag"",""Overhead airbag"",""Panic alarm"",""Rear side impact airbag"",""Security system"",""Traction control""],""technology"":[""6 Speakers"",""AM/FM radio"",""Adaptive Cruise Control"",""Exterior Parking Camera Rear"",""Radio data system"",""Radio: Entune 3.0 Audio"",""Remote keyless entry"",""Speed control""]}",58,"Prices do not include tax and registration fees. Prices include $999 Processing Fee and $66 Private Tag Agency Fee. Clean CARFAX.<br><br>Priced below KBB Fair Purchase Price! Celestial Silver Metallic 2018 Toyota Camry LE FWD 8-Speed Automatic 2.5L I4 DOHC 16V Ash Cloth.<br><br>Welcome to Priority Toyota Springfield. With a huge selection of inventory and Priorities For Life, which includes Virginia state inspection and a whole lot more, all for life! Recent Arrival! Odometer is 10855 miles below market average! 28/39 City/Highway MPG<br><br>Awards:<br>* 2018 KBB.com 10 Best Sedans Under $25,000 * 2018 KBB.com Best Resale Value Awards * 2018 KBB.com Best Family Sedans * 2018 KBB.com 10 Most Awarded Cars * 2018 KBB.com 10 Most Awarded Brands","[PREMIUM]",10,"7601 LOISDALE RD","Springfield","VA","22150","[PREMIUM]"
"786392055","2026-07-28 23:46:27.559","2026-07-28 23:46:27.559","786392055","[PREMIUM]",,2018,"JEEP","Jeep","WRANGLER","Wrangler","Unlimited Sahara","SUV","Used","Used 2018 Jeep Wrangler Unlimited Sahara w/ Dual Top Group",108195,"[PREMIUM]",,"Great","[PREMIUM]",19250,21950,"[pdn] Sting Gray Clear Coat",,"Black","BLACK","6CLDR","6-Cylinder","4 wheel drive","AUT","8-Speed Automatic","Automatic","G","Gasoline","Gas",,,3.6,false,5,false,true,false,,false,,,"30",94843,"[PREMIUM]","[PREMIUM]","[PREMIUM]",357,"[PREMIUM]",false,"PARTNER",438472,4.3,111,0,"[""NO_SALVAGE_TITLE"",""ACCIDENTS_REPORTED"",""ONE_OWNER""]","{""interior"":[""Cloth Seats""]}",1,"NAVIGATION!!ALL WHEEL DRIVE!!CALL  <br><br>Unleash your adventurous spirit with the 2018 Jeep Wrangler Unlimited Sahara, a legendary icon in the world of off-road vehicles, now available in a sophisticated gray exterior that perfectly complements its rugged persona. This exceptional SUV is more than just a mode of transportation; it's your ticket to endless exploration and freedom. With a mileage of 108,195 miles, this Wrangler is ready and eager for its next journey, promising reliability and excitement at every turn.<br><br>Under the hood, the heart of this beast is a robust 3.6L V6 engine, delivering an impressive 285 horsepower and 260 lb-ft of torque. This powertrain ensures that whether you're navigating city streets or conquering untamed trails, you have the muscle to tackle any challenge with ease. Paired with an 8-Speed Shiftable Automatic transmission, this Wrangler offers seamless gear changes and optimal performance, making every drive smooth and exhilarating.<br><br>Step inside, and you ll be greeted by a refined black cloth interior that strikes a perfect balance between comfort and durability. The spacious cabin of the Unlimited Sahara is designed to accommodate your every need, whether you're commuting to work or embarking on a weekend getaway. The seats offer excellent support, ensuring that you and your passengers enjoy a comfortable ride no matter the distance.<br><br>One of the standout features of this Jeep Wrangler Unlimited Sahara is its impressive accolades. Recognized by Kelley Blue Book as the Best Mid-Size SUV/Crossover for 5-Year Cost to Own, this vehicle is not only a thrill to drive but also a smart investment. Additionally, it boasts Kelley Blue Book's Best Resale Value award in its category, highlighting its enduring value and appeal. These awards are a testament to the Wrangler's exceptional quality and the confidence you can have in its long-term ownership benefits.<br><br>Beyond its performance and accolades, the Wrangler Unlimited Sahara is equipped with a range of manufacturer options and packages designed to enhance your driving experience. Whether you're looking for advanced safety features, state-of-the-art infotainment systems, or convenience options, this vehicle is equipped to meet your needs and exceed your expectations.<br><br>The exterior design of the 2018 Jeep Wrangler Unlimited Sahara is both iconic and modern, with its signature seven-slot grille, bold fender flares, and rugged stance. It's a vehicle that commands attention and admiration wherever it goes. Meanwhile, its gray color adds a touch of elegance, making it a versatile choice for both urban and off-road adventures.<br><br>In summary, the 2018 Jeep Wrangler Unlimited Sahara is more than just a vehicle; it's a lifestyle choice for those who crave adventure and freedom. Its powerful engine, award-winning value, and versatile features make it an unbeatable option for anyone looking to embrace the thrill of the open road. Don t miss the opportunity to own this remarkable SUV that promises to deliver unforgettable experiences and unparalleled satisfaction. Come and see it for yourself your next adventure awaits with the Jeep Wrangler Unlimited Sahara!<br><br>Check out our full line of  Or call  <br><br>Call us anytime and ask for Bart or Ryan and we will be happy to assist you. For your convenience please call before you come to be certain of availability. Full financing available. All of our vehicles have been checked by our in house service department. All of our vehicles are clean title and have actual miles. Enjoy our low overhead low price philosophy. We buy in bulk and sell at wholesale cost to save you the new car store markup!! 30years in wholesaling makes us retailing s smartest choice for a price savvy saver. All vehicles are subject to a $199 documentation fee.","[PREMIUM]",13,"22098 Canton Court","Farmington","MN","55024","[PREMIUM]"
"783514638","2026-07-28 23:46:17.472","2026-07-28 23:46:17.472","783514638","[PREMIUM]","260331B",2018,"AUDI","Audi","A5","A5","2.0T Premium Plus","HATCH","Used","Used 2018 Audi A5 2.0T Premium Plus w/ Premium Plus",90402,"[PREMIUM]",,"Good","[PREMIUM]",15759,17959,"Moonlight Blue","BLUE","Brown","BROWN","4CLDR","4-Cylinder Turbo","All wheel drive","AUT","7-Speed Automatic","Automatic","G","Gasoline","Gas",24,34,2,true,39,false,false,true,,false,,,"30",75499363,"[PREMIUM]","[PREMIUM]","[PREMIUM]",993,"[PREMIUM]",false,"PARTNER",428254,4,24,1,"[""NO_SALVAGE_TITLE"",""NO_FRAME_DAMAGE"",""NO_FLOOD_WATER_DAMAGE"",""NO_ACCIDENTS_REPORTED"",""ONE_OWNER"",""FREE_REPORT""]","{""exterior"":[""Alloy wheels"",""Bumpers: body-color"",""Delay-off headlights"",""Front fog lights"",""Full LED Headlights"",""Heated Auto-Dimming Power Ext Mirrors w/Memory"",""Heated Auto-Dimming Power/Memory Exterior Mirrors"",""Heated door mirrors"",""High intensity discharge headlights: Bi-xenon"",""Power door mirrors"",""S Line Bumpers"",""S Line Fender Badges"",""S line Side Sill Blades"",""Turn signal indicator mirrors""],""interior"":[""Air Conditioning"",""All-Weather Floor Mats"",""Anti-whiplash front head restraints"",""Auto-dimming Rear-View mirror"",""Cargo Mat"",""Driver Seat Memory"",""Driver door bin"",""Driver vanity mirror"",""Front Bucket Seats"",""Front Center Armrest"",""Front Sport Seats"",""Front dual zone A/C"",""Front reading lights"",""Gray Oak Wood Natural Inlays"",""Heated Front Seats"",""Heated Rear Seats"",""Leather Seating Surfaces"",""Leather Shift Knob"",""Leather steering wheel"",""Overhead console"",""Passenger door bin"",""Passenger vanity mirror"",""Power Liftgate"",""Power adjustable front head restraints"",""Power driver seat"",""Power moonroof"",""Power passenger seat"",""Power windows"",""Rear air conditioning"",""Rear reading lights"",""Rear seat center armrest"",""Rear window defroster"",""Speed-Sensitive Wipers"",""Split folding rear seat"",""Steering wheel mounted audio controls"",""Tachometer"",""Telescoping steering wheel"",""Tilt steering wheel"",""Trip computer"",""Variably intermittent wipers""],""mechanical"":[""4-Wheel Disc Brakes"",""Four wheel independent suspension"",""Heated 3-Spoke Steering Wheel w/Shift Paddles"",""Power steering"",""Speed-sensing steering"",""Sport Suspension""],""other"":[""12.3\"" LCD Display Audi Virtual Cockpit"",""Audi Side Assist"",""Audi smartphone interface (Apple CarPlay/Android Auto)"",""Cold Weather Package"",""Convenience Package"",""Front anti-roll bar"",""Illuminated entry"",""Outside temperature display"",""Parking System Plus (Front/Rear Acoustic Sensors)"",""Premium Plus"",""Rear Audi Pre Sense"",""Rear anti-roll bar"",""Rings Audi Beam"",""S line Sport Package"",""Wheels: 18\"" x 8.5\"" 10-Spoke-Dynamic-Design"",""Wheels: 18\"" x 8.5\"" 5-Arm-Star Design""],""safety"":[""ABS brakes"",""Alarm System w/Motion Sensors"",""Brake assist"",""Dual front impact airbags"",""Dual front side impact airbags"",""Electronic Stability Control"",""Knee airbag"",""Occupant sensing airbag"",""Overhead airbag"",""Panic alarm"",""Traction control""],""technology"":[""10 Speakers"",""AM/FM radio"",""Audi Advanced Key"",""Audi MMI Navigation Plus w/MMI Touch"",""Automatic temperature control"",""Bang & Olufsen Sound System w/3D Sound"",""Compass"",""Exterior Parking Camera Rear"",""Garage door transmitter: HomeLink"",""Navigation Package"",""Radio data system"",""Radio: Audi Sound System"",""Rain sensing wipers"",""Remote keyless entry"",""SiriusXM All Access Service"",""Speed control""]}",103,"Discover the exceptional 2018 Audi A5 2.0T Premium Plus quattro, a captivating blend of performance, sophistication, and cutting-edge technology.<br><br>- Gray Oak Wood Natural Inlays<br>- BANG &amp; OLUFSEN SOUND SYSTEM W/3D SOUND<br>- AUDI GUARD PROTECTION KIT<br>- COLD WEATHER PACKAGE<br>- NAVIGATION PACKAGE<br>- RINGS AUDI BEAM<br><br>This stunning Audi A5 is outfitted with an impressive array of premium features that elevate the driving experience. Slip behind the wheel and feel the power of the 2.0L 4-Cylinder TFSI engine paired with a 7-Speed Automatic S tronic transmission and quattro all-wheel drive. Enjoy impressive fuel efficiency with an EPA-estimated 24 city / 34 highway MPG.<br><br>The A5's sophisticated cabin pampers you with luxurious touches like heated front and rear seats, a heated steering wheel with shift paddles, and a premium Bang &amp; Olufsen sound system that will immerse you in rich, 3D audio. The Audi MMI Navigation Plus system with MMI Touch puts cutting-edge connectivity and intuitive controls at your fingertips.<br><br>Safety and convenience are also priorities, with features like Audi Side Assist, Rear Audi Pre Sense, and the Parking System Plus to help you navigate with confidence. The stunning exterior is accentuated by full LED headlights and the S line sport package, adding a dynamic flair to this premium Audi.<br><br>Experience the exceptional 2018 Audi A5 2.0T Premium Plus quattro today. Schedule a test drive and discover the perfect blend of performance, technology, and luxury.","[PREMIUM]",34,"7400 Eastman Avenue","Midland","MI","48642","[PREMIUM]"
"786338195","2026-07-28 23:46:17.062","2026-07-28 23:46:17.062","786338195","[PREMIUM]","R166831T",2018,"AUDI","Audi","A5","A5","2.0T Premium Plus","COUPE","Used","Used 2018 Audi A5 2.0T Premium Plus w/ Premium Plus",78100,"[PREMIUM]",,"Good","[PREMIUM]",17809,20009,"Black Metallic","BLACK","Black","BLACK","4CLDR","4-Cylinder Turbo","All wheel drive","AUT","7-Speed Automatic","Automatic","G","Gasoline","Gas",24,34,2,true,5,false,true,false,,false,true,,"30",71912245,"[PREMIUM]","[PREMIUM]","[PREMIUM]",1276,"[PREMIUM]",false,"PARTNER",428252,4,24,1,"[""NO_SALVAGE_TITLE"",""ACCIDENTS_REPORTED"",""NO_ONE_OWNER""]","{""exterior"":[""Bumpers: body-color"",""Delay-off headlights"",""Front fog lights"",""Full LED Headlights"",""Heated Auto-Dimming Power Ext Mirrors w/Memory"",""Heated Auto-Dimming Power/Memory Exterior Mirrors"",""Heated door mirrors"",""High intensity discharge headlights: Xenon plus"",""Power door mirrors"",""S Line Bumpers"",""S Line Fender Badges"",""S line Side Sill Blades"",""Turn signal indicator mirrors""],""interior"":[""3-Zone Auto Climate Control"",""Air Conditioning"",""Anti-whiplash front head restraints"",""Auto-dimming Rear-View mirror"",""Driver Seat Memory"",""Driver door bin"",""Driver vanity mirror"",""Front Bucket Seats"",""Front Center Armrest"",""Front Sport Seats"",""Front dual zone A/C"",""Front reading lights"",""Gray Oak Wood Natural Inlays"",""Heated 3-Spoke Multifunction Steering Wheel"",""Heated Front Seats"",""Heated Steering Wheel"",""Leather Seating Surfaces"",""Leather Shift Knob"",""Leather steering wheel"",""Overhead console"",""Passenger door bin"",""Passenger vanity mirror"",""Power adjustable front head restraints"",""Power driver seat"",""Power moonroof"",""Power passenger seat"",""Power windows"",""Rear air conditioning"",""Rear reading lights"",""Rear seat center armrest"",""Rear window defroster"",""Shift Paddles"",""Speed-Sensitive Wipers"",""Split folding rear seat"",""Steering wheel audio controls"",""Sunroof"",""Tachometer"",""Tilt steering wheel"",""Trip computer"",""Variably intermittent wipers""],""mechanical"":[""4-Wheel Disc Brakes"",""Four wheel independent suspension"",""Power steering"",""Speed-sensing steering"",""Sport Suspension""],""other"":[""12.3\"" LCD Display Audi Virtual Cockpit"",""A5 Logo Audi Guard All-Weather Floor Mats"",""Apple Car Play / Google Auto"",""Audi Side Assist"",""Convenience Package"",""Front anti-roll bar"",""Illuminated entry"",""Outside temperature display"",""Parking System Plus (Front/Rear Acoustic Sensors)"",""Premium Plus"",""Rear Audi Pre Sense"",""Rear anti-roll bar"",""S line Sport Package"",""Telescoping & Tilting Steering Wheel"",""Wheels: 18\"" x 8.5\"" 5-Arm-Star Design"",""Wireless Charging""],""safety"":[""ABS brakes"",""Alarm System w/Motion Sensors"",""Audi First Aid Kit (DISC)"",""Brake assist"",""Dual front impact airbags"",""Dual front side impact airbags"",""Electronic Stability Control"",""Knee airbag"",""Low tire pressure warning"",""Occupant sensing airbag"",""Overhead airbag"",""Panic alarm"",""Traction control""],""technology"":[""10 Speakers"",""AM/FM radio"",""Audi Advanced Key"",""Audi MMI Navigation Plus w/MMI Touch"",""Automatic temperature control"",""Bang & Olufsen Sound System w/3D Sound"",""Bluetooth Phone & Audio Streaming"",""Compass"",""Exterior Parking Camera Rear"",""Front and Rear Parking Sensors"",""Garage door transmitter: HomeLink"",""Navigation"",""Navigation Package"",""Radio data system"",""Radio: Audi Sound System"",""Rain sensing wipers"",""Rearview Camera"",""Remote keyless entry"",""SiriusXM All Access Service"",""Speed control""]}",107,"Odometer is 10694 miles below market average! Sunroof, Navigation, Heated Front Seats, Heated Steering Wheel, Front and Rear Parking Sensors, Rearview Camera, Wireless Charging, Apple Car Play / Google Auto, Bluetooth Phone &amp; Audio Streaming, 3-Zone Auto Climate Control, Audi Advanced Key, Bang &amp; Olufsen Sound System w/3D Sound, Convenience Package, Driver Seat Memory, Front fog lights, Leather Seating Surfaces, Navigation Package, Power passenger seat, Premium Plus, Rain sensing wipers, S line Sport Package, SiriusXM All Access Service, Wheels: 18 x 8.5 5-Arm-Star Design.<br><br>CERTIFIED 3-MONTH/3000-MILE WARRANTY INCLUDED (with qualifying vehicles). Remainder of Factory Warranty if Applicable. Please call to confirm availability, features and specifications! Price does not include sales tax, title, registration, dealer service fee, finance charges, and any other fee required by law. See Dealer for Details. Van Horn is an Employee Owned Automotive Group with ties to all of the Communities we serve. (Qualified vehicles must be less than 100,000 miles AND less than 10-years old.) Awards:<br>* 2018 KBB.com 10 Most Awarded Brands","[PREMIUM]",31,"5515 RACETRACK RD","Sheboygan","WI","53081","[PREMIUM]"
"786205141","2026-07-28 23:46:17.051","2026-07-28 23:46:17.051","786205141","[PREMIUM]","TJ1354657",2018,"VOLVO","Volvo","XC90","XC90","T5 Momentum","SUV","Used","Used 2018 Volvo XC90 T5 Momentum w/ Convenience Package",101428,"[PREMIUM]",,,"[PREMIUM]",15040,17090,"Onyx Black Metallic","BLACK","Blond","UNAVAIL","4CLDR","4-Cylinder Turbo","All wheel drive","AUT","8-Speed Automatic","Automatic","G","Gasoline","Gas",22,28,2,true,7,false,false,false,,false,,,"30",74482671,"[PREMIUM]","[PREMIUM]","[PREMIUM]",3208,"[PREMIUM]",false,"PARTNER",431129,4,48,0,"[""NO_SALVAGE_TITLE"",""ACCIDENTS_REPORTED"",""NO_ONE_OWNER""]","{""exterior"":[""Alloy wheels"",""Auto High-beam Headlights"",""Auto-dimming door mirrors"",""Bumpers: body-color"",""Delay-off headlights"",""Front fog lights"",""Fully automatic headlights"",""Heated door mirrors"",""Power door mirrors"",""Rear fog lights"",""Rear window wiper"",""Spoiler"",""Turn signal indicator mirrors"",""Wheels: 18\"" 5-Spoke Alloy in Sparkling Silver"",""Wheels: 20\"" 5-Double Spoke Alloy Matte Tech Black""],""interior"":[""12V Power Outlet in Cargo Area"",""3rd row seats: bucket"",""Air Conditioning"",""Anti-whiplash front head restraints"",""Auto-dimming Rear-View mirror"",""Driver door bin"",""Driver vanity mirror"",""Front Bucket Seats"",""Front Center Armrest w/Storage"",""Front dual zone A/C"",""Front reading lights"",""Grocery Bag Holder"",""Heated Front Seats"",""Heated Front Seats & Steering Wheel"",""Heated Steering Wheel"",""Leather Shift Knob"",""Leatherette Seating Surfaces"",""Memory seat"",""Passenger door bin"",""Passenger vanity mirror"",""Power Liftgate"",""Power driver seat"",""Power moonroof"",""Power passenger seat"",""Power windows"",""Rear air conditioning"",""Rear dual zone A/C"",""Rear reading lights"",""Rear seat center armrest"",""Rear window defroster"",""Split folding rear seat"",""Steering wheel mounted audio controls"",""Tachometer"",""Telescoping steering wheel"",""Tilt steering wheel"",""Trip computer"",""Variably intermittent wipers""],""mechanical"":[""4-Wheel Disc Brakes"",""Four wheel independent suspension"",""Power steering"",""Speed-sensing steering""],""other"":[""2nd Row Center Position Booster Cushion"",""360-Degree Surround View Camera"",""A/V remote"",""Apple CarPlay/Android Auto"",""Compass in Inner Rear View Mirror"",""Convenience Package"",""Front anti-roll bar"",""Heated Washer Nozzles"",""Illuminated entry"",""Outside temperature display"",""Radio: High Performance Audio System"",""Rear anti-roll bar"",""Roof rack: rails only""],""safety"":[""ABS brakes"",""Brake assist"",""Dual front impact airbags"",""Dual front side impact airbags"",""Electronic Stability Control"",""Emergency communication system: Volvo On-Call"",""Knee airbag"",""Low tire pressure warning"",""Occupant sensing airbag"",""Overhead airbag"",""Panic alarm"",""Security system"",""Traction control""],""technology"":[""10 Speakers"",""AM/FM radio: SiriusXM"",""Adaptive Cruise Control"",""Automatic temperature control"",""Exterior Parking Camera Rear"",""Graphical Head-Up Display"",""HomeLink"",""Navigation System"",""Park Assist Pilot"",""Premium audio system: Sensus Connect"",""Radio data system"",""Rain sensing wipers"",""Rear Parking Sensors"",""Remote keyless entry"",""Speed control""]}",97,"2018 Volvo XC90 T5 Momentum 4D Sport Utility Onyx Black Metallic Drive-E 2.0L I4 16V Turbocharged AWD Automatic with Geartronic<br><br><br>By submitting your information, you consent to receive all forms of communication including but not limited to phone, text, email, mail, etc. Message and data rates may apply. Consent to these terms is not a condition of purchase. You may opt out at any time. Based on model year EPA mileage ratings. Use for comparison purposes only. Your actual mileage will vary depending on how you drive and maintain your vehicle. Lifetime Warranty is subject to terms and conditions. Not all vehicles qualify.","[PREMIUM]",22,"370 Holiday Dr.","Summerville","SC","29483","[PREMIUM]"
"786455887","2026-07-28 23:46:17.048","2026-07-28 23:46:17.048","786455887","[PREMIUM]","A10894A",2017,"HONDA","Honda","CRV","CR-V","EX-L","SUV","Used","Used 2017 Honda CR-V EX-L",90365,"[PREMIUM]",,"Great","[PREMIUM]",18770,20670,"Crystal Black Pearl","BLACK","Black","BLACK","4CLDR","4-Cylinder Turbo","2 wheel drive - front","AUT","Continuously Variable Automatic","Automatic","G","Gasoline","Gas",28,34,1.5,true,4,false,true,false,,false,,,"30",65295299,"[PREMIUM]","[PREMIUM]","[PREMIUM]",2119,"[PREMIUM]",false,"PARTNER",422666,4,330,0,"[""NO_SALVAGE_TITLE"",""NO_ACCIDENTS_REPORTED"",""NO_ONE_OWNER""]","{""exterior"":[""**AUTOMATIC HEADLIGHTS**"",""18\"" Alloy Wheels"",""Alloy wheels"",""Auto High-beam Headlights"",""Bumpers: body-color"",""Delay-off headlights"",""Front fog lights"",""Fully automatic headlights"",""Heated door mirrors"",""Power door mirrors"",""Rear window wiper"",""Spoiler"",""Turn signal indicator mirrors""],""interior"":[""**LEATHER**"",""**MOONROOF**"",""**POWER LIFTGATE**"",""Air Conditioning"",""Auto-dimming Rear-View mirror"",""Driver door bin"",""Driver vanity mirror"",""Front Bucket Seats"",""Front Center Armrest"",""Front dual zone A/C"",""Front reading lights"",""Heated Front Bucket Seats"",""Heated front seats"",""Leather Seat Trim"",""Leather Shift Knob"",""Memory seat"",""Overhead console"",""Passenger door bin"",""Passenger vanity mirror"",""Power Liftgate"",""Power driver seat"",""Power moonroof"",""Power passenger seat"",""Power windows"",""Rear seat center armrest"",""Rear window defroster"",""Speed-Sensitive Wipers"",""Split folding rear seat"",""Steering wheel mounted audio controls"",""Tachometer"",""Telescoping steering wheel"",""Tilt steering wheel"",""Trip computer"",""Variably intermittent wipers""],""mechanical"":[""4-Wheel Disc Brakes"",""5.64 Axle Ratio"",""Four wheel independent suspension"",""Power steering"",""Speed-sensing steering""],""other"":[""**CLEAN CARFAX**"",""**FWD - GREAT ALL YEAR AROUND - BETTER MPG!**"",""**LOCAL TRADE IN-NEVER A RENTAL**"",""**NON SMOKER**"",""**TEEN SAFE**"",""**WE DELIVER ANYWHERE**"",""Apple CarPlay/Android Auto"",""Front anti-roll bar"",""Illuminated entry"",""Outside temperature display"",""Rear anti-roll bar""],""safety"":[""** LANE DEPARTURE WARNING**"",""**AIR BAGS**"",""ABS brakes"",""Blind Spot Information (BSI) System warning"",""Brake assist"",""Dual front impact airbags"",""Dual front side impact airbags"",""Electronic Stability Control"",""Low tire pressure warning"",""Occupant sensing airbag"",""Overhead airbag"",""Panic alarm"",""Security system"",""Traction control""],""technology"":[""**KEYLESS ENTRY**"",""**REAR VIEW CAMERA**"",""8 Speakers"",""AM/FM radio: SiriusXM"",""Automatic temperature control"",""Compass"",""Exterior Parking Camera Rear"",""Garage door transmitter: HomeLink"",""Radio data system"",""Radio: AM/FM/HD/SiriusXM Audio System"",""Remote keyless entry"",""Speed control""]}",89,"**WE DELIVER ANYWHERE**, **TEEN SAFE**, **REAR VIEW CAMERA**, **POWER LIFTGATE**, **NON SMOKER**, **MOONROOF**, **LEATHER**, **KEYLESS ENTRY**, **FWD - GREAT ALL YEAR AROUND - BETTER MPG!**, **CLEAN CARFAX**, **AUTOMATIC HEADLIGHTS**, **LOCAL TRADE IN-NEVER A RENTAL**, ** LANE DEPARTURE WARNING**, **AIR BAGS**.<br><br>Crystal Black Pearl 2017 Honda CR-V EX-L FWD CVT 1.5L I4 DOHC 16V<br><br>Recent Arrival! Odometer is 14435 miles below market average! 28/34 City/Highway MPG<br><br>Awards:<br>* 2017 KBB.com 10 Most Awarded Brands * 2017 KBB.com Brand Image Awards<br>Kelley Blue Book Brand Image Awards are based on the Brand Watch(tm) study from Kelley Blue Book Market Intelligence. Award calculated among non-luxury shoppers. For more information, visit www.kbb.com. Kelley Blue Book is a registered trademark of Kelley Blue Book Co., Inc.<br>Thats not all, this CR-V is priced right. We price all of our cars by researching thousands of websites to determine the current market pricing. We don't stop there, next we compare mileage and options so we can establish the best value in the market. Our goal is to offer you the right car at the right price every day.<br>Reviews:<br>* Plenty of adult-sized room in both seating rows; more cargo capacity than most rivals; rear seatbacks fold flat at the tug of a lever; appealing roster of tech and safety features. Source: Edmunds","[PREMIUM]",23,"3200 SSW LOOP 323","Tyler","TX","75701","[PREMIUM]"
"786423876","2026-07-28 23:46:17.043","2026-07-28 23:46:17.043","786423876","[PREMIUM]","N178767",2018,"NISSAN","Nissan","MURANO","Murano","SL","SUV","Used","Used 2018 Nissan Murano SL w/ Moonroof Package",43189,"[PREMIUM]",,"Great","[PREMIUM]",19330,21130,"Pearl White","WHITE","Graphite","GRAY","6CLDR","6-Cylinder","All wheel drive","AUT","Continuously Variable Automatic","Automatic","G","Gasoline","Gas",21,28,3.5,true,5,false,true,false,,false,,,"30",71855769,"[PREMIUM]","[PREMIUM]","[PREMIUM]",17352,"[PREMIUM]",false,"PARTNER",433408,4.6,152,0,"[""NO_SALVAGE_TITLE"",""NO_FRAME_DAMAGE"",""NO_FLOOD_WATER_DAMAGE"",""NO_ACCIDENTS_REPORTED"",""NO_ONE_OWNER"",""FREE_REPORT""]","{""exterior"":[""Aluminum Wheels"",""Automatic Headlights"",""B94 REAR BUMPER PROTECTOR"",""Fog Lamps"",""Hands-Free Liftgate"",""Heated Mirrors"",""Integrated Turn Signal Mirrors"",""Mirror Memory"",""Power Mirror(s)"",""Rear Spoiler"",""Tires - Front All-Season"",""Tires - Rear All-Season""],""interior"":[""A/C"",""Adjustable Steering Wheel"",""Auto-Dimming Rearview Mirror"",""Bucket Seats"",""Climate Control"",""Driver Adjustable Lumbar"",""Driver Illuminated Vanity Mirror"",""Driver Vanity Mirror"",""GRAPHITE  LEATHER APPOINTED SEAT TRIM"",""Heated Front Seat(s)"",""Heated Rear Seat(s)"",""Heated Steering Wheel"",""Intermittent Wipers"",""L92 CARPETED FLOOR MATS & CARPETED CARGO MAT"",""Leather Seats"",""Leather Steering Wheel"",""Multi-Zone A/C"",""Pass-Through Rear Seat"",""Passenger Illuminated Visor Mirror"",""Passenger Vanity Mirror"",""Power Door Locks"",""Power Driver Seat"",""Power Liftgate"",""Power Passenger Seat"",""Power Windows"",""Privacy Glass"",""Rear Bench Seat"",""Rear Defrost"",""Remote Trunk Release"",""Seat Memory"",""Steering Wheel Audio Controls"",""Trip Computer"",""Universal Garage Door Opener"",""Variable Speed Intermittent Wipers""],""mechanical"":[""4-Wheel Disc Brakes"",""All Wheel Drive"",""Power Steering""],""other"":[""Aerial View Display System"",""B92 SPLASH GUARDS"",""Driver Monitoring"",""E10 SPECIAL PAINT - PEARL WHITE"",""Front Collision Mitigation"",""J01 MOONROOF PACKAGE  -inc: Power Panoramic Moonroof"",""M92 CARGO PACKAGE  -inc: Cargo Area Protector  Retractable Cargo Cover  Cargo Net  First Aid Kit"",""PEARL WHITE"",""Requires Subscription"",""Smart Device Integration"",""W09 WHEELS: 18\"" 10-SPOKE BRIGHT PVD ALLOY"",""Z66 ACTIVATION DISCLAIMER""],""safety"":[""ABS"",""Blind Spot Monitor"",""Brake Assist"",""Child Safety Locks"",""Cross-Traffic Alert"",""Daytime Running Lights"",""Driver Air Bag"",""Front Head Air Bag"",""Front Side Air Bag"",""Knee Air Bag"",""Passenger Air Bag"",""Passenger Air Bag Sensor"",""Rear Head Air Bag"",""Security System"",""Stability Control"",""Temporary Spare Tire"",""Tire Pressure Monitor"",""Traction Control""],""technology"":[""AM/FM Stereo"",""Adaptive Cruise Control"",""Auxiliary Audio Input"",""Back-Up Camera"",""Bluetooth Connection"",""CD Player"",""Cruise Control"",""HD Radio"",""Immobilizer"",""Keyless Entry"",""Keyless Start"",""MP3 Capability"",""Navigation System"",""Premium Sound System"",""Remote Engine Start"",""Satellite Radio""]}",95,"HGreg.com has redefined the car buying experience by putting you in total control with upfront wholesale prices, flexible financing options, and a 5-Day/500 Mile Exchange Policy. Our lots are packed with thousands of vehicles for every lifestyle and budget. If you're ready to see how easy the car buying process should be, call now! Priced THOUSANDS below KBB!! With locations in Doral, Miami, Orlando, Kendall, West Palm Beach and Tampa, HGreg.com is the FASTEST GROWING automotive group in North America.<br><br>CARFAX One-Owner. Clean CARFAX. CVT with Xtronic, AWD, Cargo Area Protector, Cargo Net, Cargo Package, First Aid Kit, Moonroof Package, Power Panoramic Moonroof, Retractable Cargo Cover, 11 Speakers, 4-Wheel Disc Brakes, 4.667 Axle Ratio, ABS brakes, Activation Disclaimer, Air Conditioning, Alloy wheels, AM/FM radio: SiriusXM, AM/FM/CD/MP3/WMA Audio System, Apple CarPlay/Android Auto, Auto-dimming Rear-View mirror, Automatic temperature control, Blind Spot Warning, Brake assist, Bumpers: body-color, Carpeted Floor Mats &amp; Carpeted Cargo Mat, CD player, Child-Seat-Sensing Airbag, Compass, Delay-off headlights, Driver door bin, Driver vanity mirror, Dual front impact airbags, Dual front side impact airbags, Electronic Stability Control, Four wheel independent suspension, Front anti-roll bar, Front Bucket Seats, Front Center Armrest, Front dual zone A/C, Front fog lights, Front reading lights, Fully automatic headlights, Garage door transmitter: HomeLink, Heated door mirrors, Heated Front Bucket Seats, Heated front seats, Heated rear seats, Heated steering wheel, Illuminated entry, Knee airbag, Leather Appointed Seat Trim, Leather Shift Knob, Low tire pressure warning, Memory seat, Navigation System, Occupant sensing airbag, Outside temperature display, Overhead airbag, Overhead console, Panic alarm, Passenger door bin, Passenger vanity mirror, Power door mirrors, Power driver seat, Power Liftgate, Power passenger seat, Power steering, Power windows, Radio data system, Rear anti-roll bar, Rear Bumper Protector, Rear reading lights, Rear seat center armrest, Rear window defroster, Rear window wiper, Remote keyless entry, Roof rack: rails only, Security system, Special Paint - Pearl White, Speed control, Speed-sensing steering, Speed-Sensitive Wipers, Splash Guards, Split folding rear seat, Spoiler, Steering wheel mounted audio controls, Tachometer, Telescoping steering wheel, Tilt steering wheel, Traction control, Trip computer, Turn signal indicator mirrors, Variably intermittent wipers, Wheels: 18&quot; 10-Spoke Bright PVD Alloy, Wheels: 18&quot; Machined Aluminum-Alloy, CVT with Xtronic, AWD, Cargo Area Protector, Cargo Net, Cargo Package, First Aid Kit, Moonroof Package, Power Panoramic Moonroof, Retractable Cargo Cover.<br><br><br>* Although every reasonable effort has been made to ensure the accuracy of the information contained on this site, absolute accuracy cannot be guaranteed. Dealer is not responsible for errors and omissions. All vehicles are subject to prior sale. Price does not include applicable state sales tax, title, license plate, pre-delivery service charge of $1299.00 (This charge represents costs and profit to the dealer for items such as inspecting, cleaning, and adjusting vehicles, and preparing documents related to the sale), Doc fee $198.00, electronic filing fee of $899.00 (This charge represents costs and profit to the dealer for items such as inspecting, cleaning, and adjusting vehicles, and preparing documents related to the sale).","[PREMIUM]",18,"2510 JETPORT DR","Orlando","FL","32809","[PREMIUM]"
"786023060","2026-07-28 23:46:17.042","2026-07-28 23:46:17.042","786023060","[PREMIUM]","6427920A",2018,"HYUND","Hyundai","TUCSON","Tucson","Limited","SUV","Used","Used 2018 Hyundai Tucson Limited w/ Ultimate Package 02",55120,"[PREMIUM]",,"Good","[PREMIUM]",18440,20640,"Gemstone Red","RED","Beige","BEIGE","4CLDR","4-Cylinder Turbo","All wheel drive","AUT","7-Speed Automatic","Automatic","G","Gasoline","Gas",24,28,1.6,true,10,false,false,false,,false,,,"30",71027885,"[PREMIUM]","[PREMIUM]","[PREMIUM]",1963,"[PREMIUM]",false,"PARTNER",433688,4,144,0,"[""NO_SALVAGE_TITLE"",""NO_ACCIDENTS_REPORTED"",""ONE_OWNER""]","{""exterior"":[""Alloy wheels"",""Bumpers: body-color"",""Delay-off headlights"",""Front fog lights"",""Fully automatic headlights"",""Heated door mirrors"",""High-Intensity Discharge Headlights"",""Power door mirrors"",""Rear window wiper"",""Spoiler"",""Tow Hitch"",""Turn signal indicator mirrors""],""interior"":[""Air Conditioning"",""Auto-dimming Rear-View mirror"",""Cargo Net"",""Carpeted Floor Mats"",""Driver door bin"",""Driver vanity mirror"",""Front & Rear LED Maplights"",""Front Bucket Seats"",""Front Center Armrest"",""Front dual zone A/C"",""Front reading lights"",""Heated Front Bucket Seats"",""Heated Rear Seats"",""Heated front seats"",""Heated steering wheel"",""Leather Seat Trim"",""Leather Shift Knob"",""Overhead console"",""Panoramic Sunroof"",""Passenger door bin"",""Passenger vanity mirror"",""Power Liftgate"",""Power driver seat"",""Power passenger seat"",""Power windows"",""Rear seat center armrest"",""Rear window defroster"",""Split folding rear seat"",""Steering wheel mounted audio controls"",""Tachometer"",""Telescoping steering wheel"",""Tilt steering wheel"",""Trip computer"",""Variably intermittent wipers"",""Ventilated Front Seats""],""mechanical"":[""4-Wheel Disc Brakes"",""Axle Ratio: 3.579"",""Four wheel independent suspension"",""Power steering"",""Speed-sensing steering""],""other"":[""Apple CarPlay & Android Auto"",""Automatic Emergency Braking (AEB)"",""Front anti-roll bar"",""Illuminated entry"",""Option Group 02"",""Outside temperature display"",""Rear anti-roll bar"",""Roof rack: rails only"",""Ultimate Package 02"",""Wheels: 19\"" x 7.5J Alloy""],""safety"":[""ABS brakes"",""Brake assist"",""Dual front impact airbags"",""Dual front side impact airbags"",""Electronic Stability Control"",""Emergency communication system: Blue Link"",""Lane Departure Warning System"",""Low tire pressure warning"",""Occupant sensing airbag"",""Overhead airbag"",""Panic alarm"",""Security system"",""Traction control""],""technology"":[""4.2\"" Color LCD Electroluminescent Cluster"",""8 Speakers"",""AM/FM radio: SiriusXM"",""Automatic temperature control"",""Compass"",""Exterior Parking Camera Rear"",""Garage door transmitter: HomeLink"",""Navigation System"",""Radio: AM/FM/HD Radio/MP3/Navigation Audio System"",""Rear Parking Sensors"",""Remote keyless entry"",""Speed control""]}",87,"Recent Arrival! 2018 Gemstone Red Hyundai Tucson Limited AWD This Hyundai Tucson has many features and is well equipped including.<br><br>Odometer is 24617 miles below market average! 24/28 City/Highway MPG<br><br>Thank you for taking the time to look at this wonderful 2018 Hyundai Tucson. 3 Day or 300 Mile Vehicle Exchange Program! We have a strong and committed sales staff with many years of experience satisfying our customers' needs. Feel free to browse our inventory online, request more information about vehicles, set up a test drive or inquire about financing!","[PREMIUM]",31,"290 50TH ST E","Inver Grove","MN","55077","[PREMIUM]"
"786434158","2026-07-28 23:44:17.253","2026-07-28 23:44:17.253","786434158","[PREMIUM]","250711A",2017,"RAM","RAM","RM1500","1500","Classic SLT","TRUCKS","Used","Used 2017 RAM 1500 Classic SLT",83014,"[PREMIUM]",,"Great","[PREMIUM]",19930,21730,"Bright Silver Metallic Clearco","SILVER","Diesel Gray/Black","GRAY","8CLDR","8-Cylinder","2 wheel drive - rear","AUT","8-Speed Automatic","Automatic","G","Gasoline","Gas",15,22,5.7,false,4,false,true,false,,false,,,"30",100030684,"[PREMIUM]","[PREMIUM]","[PREMIUM]",3070,"[PREMIUM]",false,"PARTNER",424518,4.6,534,0,"[""NO_SALVAGE_TITLE"",""ACCIDENTS_REPORTED"",""NO_ONE_OWNER""]","{""exterior"":[""Aluminum Wheels"",""Automatic Headlights"",""BRIGHT SILVER METALLIC CLEARCOAT"",""Heated Mirrors"",""Power Mirror(s)"",""TIRES: P265/70R17 BSW AS  (STD)"",""WHEELS: 17\"" X 7\"" ALUMINUM  (STD)""],""interior"":[""A/C"",""Adjustable Steering Wheel"",""Cloth Seats"",""Floor Mats"",""Intermittent Wipers"",""Passenger Vanity Mirror"",""Power Door Locks"",""Power Windows"",""Privacy Glass"",""Rear Bench Seat"",""Split Bench Seat"",""Trip Computer"",""Variable Speed Intermittent Wipers""],""mechanical"":[""3.21 REAR AXLE RATIO  (STD)"",""4-Wheel Disc Brakes"",""ENGINE: 5.7L V8 HEMI MDS VVT  (STD)"",""Power Steering"",""Rear Wheel Drive"",""TRANSMISSION: 8-SPEED AUTOMATIC (8HP70)  (STD)""],""other"":[""DIESEL GRAY/BLACK  CLOTH 40/20/40 BENCH SEAT"",""GVWR: 6 900 LBS  (STD)"",""MANUFACTURER'S STATEMENT OF ORIGIN"",""QUICK ORDER PACKAGE 26G SLT  -inc: Engine: 5.7L V8 HEMI MDS VVT  Transmission: 8-Speed Automatic (8HP70)"",""Requires Subscription""],""safety"":[""ABS"",""Brake Assist"",""Child Safety Locks"",""Conventional Spare Tire"",""Driver Air Bag"",""Front Head Air Bag"",""Front Side Air Bag"",""Passenger Air Bag"",""Passenger Air Bag Sensor"",""Rear Head Air Bag"",""Stability Control"",""Tire Pressure Monitor"",""Traction Control""],""technology"":[""AM/FM Stereo"",""Auxiliary Audio Input"",""Bluetooth Connection"",""Cruise Control"",""Immobilizer"",""Keyless Entry"",""MP3 Capability"",""Satellite Radio""]}",52,"RWD SLT HEMI 5.7L V8 Multi Displacement VVT 8-Speed Automatic<br><br><br>Thank you for shopping ROBERT HORNE FORD. Please contact us for your free vehicle history report or additional photos. Visit us  or visit our showroom conveniently located off the US 60 just east of the 202 fwy in Apache Junction.","[PREMIUM]",19,"3400 S Tomahawk Rd","Apache Junction","AZ","85119","[PREMIUM]"
"786337721","2026-07-28 23:44:17.171","2026-07-28 23:44:17.171","786337721","[PREMIUM]","3637DFX",2018,"FORD","Ford","ESCAPE","Escape","SE","SUV","Used","Used 2018 Ford Escape SE",47582,"[PREMIUM]",,"Good","[PREMIUM]",15615,17340,"Shadow Black","BLACK","Charcoal Black","BLACK","4CLDR","4-Cylinder Turbo","4 wheel drive","AUT","6-Speed Automatic","Automatic","G","Gasoline","Gas",22,28,1.5,false,5,false,true,false,,false,,,"30",73461285,"[PREMIUM]","[PREMIUM]","[PREMIUM]",144,"[PREMIUM]",false,"PARTNER",431093,4.3,1036,0,"[""NO_SALVAGE_TITLE"",""NO_FRAME_DAMAGE"",""NO_FLOOD_WATER_DAMAGE"",""NO_ACCIDENTS_REPORTED"",""ONE_OWNER"",""FREE_REPORT""]","{""exterior"":[""Alloy wheels"",""Bumpers: body-color"",""Delay-off headlights"",""Front fog lights"",""Fully automatic headlights"",""Power door mirrors"",""Rear window wiper""],""interior"":[""Air Conditioning"",""Driver door bin"",""Driver vanity mirror"",""Front Bucket Seats"",""Front Center Armrest"",""Front dual zone A/C"",""Front reading lights"",""Heated Unique Cloth Front Bucket Seats"",""Heated front seats"",""Overhead console"",""Passenger door bin"",""Passenger vanity mirror"",""Power driver seat"",""Power windows"",""Rear seat center armrest"",""Rear window defroster"",""Split folding rear seat"",""Steering wheel mounted audio controls"",""Tachometer"",""Telescoping steering wheel"",""Tilt steering wheel"",""Trip computer"",""Variably intermittent wipers""],""mechanical"":[""3.51 Axle Ratio"",""4-Wheel Disc Brakes"",""Four wheel independent suspension"",""Power steering"",""Speed-sensing steering""],""other"":[""Equipment Group 200A"",""Front anti-roll bar"",""Illuminated entry"",""Local Trade"",""Outside temperature display"",""Rear anti-roll bar"",""Roof rack: rails only"",""Wheels: 17\"" Sparkle Silver-Painted Aluminum""],""safety"":[""ABS brakes"",""Brake assist"",""Dual front impact airbags"",""Dual front side impact airbags"",""Electronic Stability Control"",""Emergency communication system: 911 Assist"",""Knee airbag"",""Low tire pressure warning"",""Occupant sensing airbag"",""Overhead airbag"",""Panic alarm"",""Security system"",""Traction control""],""technology"":[""6 Speakers"",""AM/FM radio: SiriusXM"",""Automatic temperature control"",""CD player"",""Compass"",""Exterior Parking Camera Rear"",""Radio data system"",""Radio: AM/FM Stereo w/Single-CD/MP3 Player"",""Remote keyless entry"",""SYNC Communications & Entertainment System"",""Speed control""]}",67,"Shadow Black 2018 Ford Escape SE 6-Speed Automatic 4WD EcoBoost 2.0L I4 GTDi DOHC Turbocharged VCT Local Trade, 4WD.<br><br>Enjoy awesome Spitzer owner benefits like non-commissioned salespeople, several convenient locations, certified technicians, a full service body shop, panda prices, and more! Spitzer has been saving you more since 1904! Recent Arrival! Odometer is 41778 miles below market average! 22/28 City/Highway MPG<br><br><br>Awards:<br>* 2018 KBB.com Brand Image Awards * 2018 KBB.com 10 Most Awarded Brands","[PREMIUM]",13,"3007 Blinker Parkway","Du Bois","PA","15801","[PREMIUM]"
"786539043","2026-07-28 23:44:16.812","2026-07-28 23:44:16.812","786539043","[PREMIUM]","JL012377",2018,"HONDA","Honda","CRV","CR-V","EX-L","SUV","Used","Used 2018 Honda CR-V EX-L",92994,"[PREMIUM]",,"Great","[PREMIUM]",20060,22210,"Lunar Silver Metallic","SILVER","Black","BLACK","4CLDR","4-Cylinder Turbo","All wheel drive","AUT","Continuously Variable Automatic","Automatic","G","Gasoline","Gas",27,33,1.5,true,3,false,true,false,,false,,,"30",70339311,"[PREMIUM]","[PREMIUM]","[PREMIUM]",2803,"[PREMIUM]",false,"PARTNER",431518,4,330,0,"[""NO_SALVAGE_TITLE"",""NO_ACCIDENTS_REPORTED"",""ONE_OWNER""]","{""exterior"":[""18\"" Alloy Wheels"",""Alloy wheels"",""Auto High-beam Headlights"",""Bumpers: body-color"",""Delay-off headlights"",""Front fog lights"",""Fully automatic headlights"",""Heated door mirrors"",""Power door mirrors"",""Rear window wiper"",""Spoiler"",""Turn signal indicator mirrors""],""interior"":[""Air Conditioning"",""Auto-dimming Rear-View mirror"",""Driver door bin"",""Driver vanity mirror"",""Front Bucket Seats"",""Front Center Armrest"",""Front dual zone A/C"",""Front reading lights"",""Heated Front Bucket Seats"",""Heated front seats"",""Leather Seat Trim"",""Leather Shift Knob"",""Memory seat"",""Overhead console"",""Passenger door bin"",""Passenger vanity mirror"",""Power Liftgate"",""Power driver seat"",""Power moonroof"",""Power passenger seat"",""Power windows"",""Rear seat center armrest"",""Rear window defroster"",""Speed-Sensitive Wipers"",""Split folding rear seat"",""Steering wheel mounted audio controls"",""Tachometer"",""Telescoping steering wheel"",""Tilt steering wheel"",""Trip computer"",""Variably intermittent wipers""],""mechanical"":[""--AWD"",""4-Wheel Disc Brakes"",""5.64 Axle Ratio"",""Four wheel independent suspension"",""Power steering"",""Speed-sensing steering""],""other"":[""--ACCIDENT FREE CARFAX"",""--LOCAL TRADE"",""--ONE OWNER"",""Apple CarPlay/Android Auto"",""Front anti-roll bar"",""Illuminated entry"",""Outside temperature display"",""Rear anti-roll bar""],""safety"":[""ABS brakes"",""Blind Spot Information (BSI) System warning"",""Brake assist"",""Dual front impact airbags"",""Dual front side impact airbags"",""Electronic Stability Control"",""Low tire pressure warning"",""Occupant sensing airbag"",""Overhead airbag"",""Panic alarm"",""Security system"",""Traction control""],""technology"":[""8 Speakers"",""AM/FM radio: SiriusXM"",""Automatic temperature control"",""Compass"",""Exterior Parking Camera Rear"",""Garage door transmitter: HomeLink"",""Radio data system"",""Radio: AM/FM/SiriusXM Audio System"",""Remote keyless entry"",""Speed control""]}",79,"--ONE OWNER, --ACCIDENT FREE CARFAX, --LOCAL TRADE, --AWD, AWD, 18 Alloy Wheels, 8 Speakers, Alloy wheels, Apple CarPlay/Android Auto, Auto High-beam Headlights, Auto-dimming Rear-View mirror, Automatic temperature control, Blind Spot Information (BSI) System warning, Brake assist, Electronic Stability Control, Front Bucket Seats, Front dual zone A/C, Front fog lights, Fully automatic headlights, Heated door mirrors, Heated Front Bucket Seats, Illuminated entry, Leather Seat Trim, Leather Shift Knob, Memory seat, Outside temperature display, Power door mirrors, Power driver seat, Power Liftgate, Power moonroof, Power passenger seat, Radio: AM/FM/SiriusXM Audio System, Telescoping steering wheel, Tilt steering wheel. 1.5L I4 DOHC 16V<br><br>Priced below KBB Fair Purchase Price! 27/33 City/Highway MPG Awards:<br>* 2018 KBB.com Brand Image Awards * 2018 KBB.com 10 Most Awarded Brands<br>Kelley Blue Book Brand Image Awards are based on the Brand Watch(tm) study from Kelley Blue Book Market Intelligence. Award calculated among non-luxury shoppers. For more information, visit www.kbb.com. Kelley Blue Book is a registered trademark of Kelley Blue Book Co., Inc.<br><br>Note: Prices, specifications, and availability are subject to change without prior notice. Please contact us for the most up-to-date information. This advertisement is for informational purposes only. The accuracy of the information, including but not limited to the vehicle description, price, and availability, is not guaranteed. Please verify all details with the seller before making a purchase decision.","[PREMIUM]",36,"12520 WAYZATA BLVD","Minnetonka","MN","55305","[PREMIUM]"
"786522757","2026-07-28 23:44:16.811","2026-07-28 23:44:16.811","786522757","[PREMIUM]","R267039A",2018,"FORD","Ford","FLEX","Flex","Limited","SUV","Used","Used 2018 Ford Flex Limited w/ Equipment Group 303A",80249,"[PREMIUM]",,"Great","[PREMIUM]",18130,20580,"Shadow Black","BLACK","Gray","GRAY","6CLDR","6-Cylinder Turbo","All wheel drive","AUT","6-Speed Automatic","Automatic","G","Gasoline","Gas",15,21,3.5,true,4,false,true,false,,false,,,"30",70763,"[PREMIUM]","[PREMIUM]","[PREMIUM]",3729,"[PREMIUM]",false,"PARTNER",429333,4.7,321,1,"[""NO_SALVAGE_TITLE"",""NO_ACCIDENTS_REPORTED"",""ONE_OWNER""]","{""exterior"":[""Aluminum Wheels"",""Automatic Headlights"",""Fog Lamps"",""HID headlights"",""Heated Mirrors"",""Integrated Turn Signal Mirrors"",""Mirror Memory"",""Power Folding Mirrors"",""Power Mirror(s)"",""Tires - Front Performance"",""Tires - Rear Performance""],""interior"":[""3rd Row Seat"",""A/C"",""Adjustable Pedals"",""Adjustable Steering Wheel"",""Auto-Dimming Rearview Mirror"",""Bucket Seats"",""Climate Control"",""Driver Adjustable Lumbar"",""Driver Illuminated Vanity Mirror"",""Driver Vanity Mirror"",""Floor Mats"",""Heated Front Seat(s)"",""Intermittent Wipers"",""Leather Seats"",""Leather Steering Wheel"",""Multi-Zone A/C"",""PERFORATED LEATHER 2ND ROW HEATED RECLINING SEATS  -inc: 40/40 split  6 passenger seating"",""Pass-Through Rear Seat"",""Passenger Adjustable Lumbar"",""Passenger Illuminated Visor Mirror"",""Passenger Vanity Mirror"",""Power Door Locks"",""Power Driver Seat"",""Power Liftgate"",""Power Passenger Seat"",""Power Windows"",""Privacy Glass"",""Rear A/C"",""Rear Defrost"",""Remote Trunk Release"",""Seat Memory"",""Steering Wheel Audio Controls"",""Trip Computer"",""Universal Garage Door Opener"",""Variable Speed Intermittent Wipers"",""Woodgrain Interior Trim""],""mechanical"":[""4-Wheel Disc Brakes"",""All Wheel Drive"",""Power Steering"",""TRANSMISSION: 6-SPEED SELECTSHIFT AUTOMATIC  -inc: paddle activation (STD)"",""Turbocharged""],""other"":[""APPEARANCE PACKAGE  -inc: shadow black painted liftgate applique and black beltline molding  Shadow Black Painted Grille Center Bar  1st & 2nd Row Floor Mats  unique logo on 1st row  Wheels: 20\"" High-Gloss Ebony Black  Painted machined aluminum  Unique Fi"",""CLASS III TRAILER TOW PACKAGE  -inc: 4-pin/7-pin wiring  class III trailer hitch receiver and trailer sway control  Engine Oil Cooler"",""Driver Restriction Features"",""ENGINE: 3.5L ECOBOOST V6  -inc: dual exhaust w/bright exhaust tips and heavy-duty 78 amp battery (STD)"",""EQUIPMENT GROUP 303A  -inc: Adaptive Cruise Control & Collision Warning  brake support  Active Park Assist  The active park assist activation button replaces one 12V powerpoint  1-Touch PowerFold & Tumble 3rd Row Fold Flat Bench  3rd row seat folds into f"",""MULTI-PANEL VISTA ROOF"",""Requires Subscription"",""Smart Device Integration""],""safety"":[""2ND ROW OUTBOARD INFLATABLE SAFETY BELTS"",""ABS"",""Blind Spot Monitor"",""Brake Assist"",""Child Safety Locks"",""Cross-Traffic Alert"",""Driver Air Bag"",""Front Head Air Bag"",""Front Side Air Bag"",""Passenger Air Bag"",""Passenger Air Bag Sensor"",""Rear Head Air Bag"",""Security System"",""Stability Control"",""Temporary Spare Tire"",""Tire Pressure Monitor"",""Traction Control""],""technology"":[""AM/FM Stereo"",""Auxiliary Audio Input"",""Back-Up Camera"",""Bluetooth Connection"",""CD Player"",""Cruise Control"",""HD Radio"",""Immobilizer"",""Keyless Entry"",""Keyless Start"",""MP3 Capability"",""Navigation System"",""Premium Sound System"",""Rain Sensing Wipers"",""Rear Parking Aid"",""Remote Engine Start"",""Satellite Radio"",""Telematics""]}",95,"Extra Clean, CARFAX 1-Owner. Limited EcoBoost trim, Shadow Black exterior and Dark Earth Gray interior. CLICK ME!<br><br>DISCOVER THE LUTHER ADVANTAGE<br>The Luther Advantage is a complete and comprehensive package of benefits designed to make buying-and driving-a vehicle from the Luther dealerships a pleasant and convenient experience. From the peace of mind that comes with a 5 Day-500 Mile Return or Exchange Policy, 30 Day 1,500 miles Full Warranty and 60 Day 2,500 miles Limited Powertrain Warranty and Free CARFAX Reports &amp; Clean Title Guarantee on pre-owned vehicles, as well as providing Luther customers with full range of valuable savings at participating Holiday Stationstores including 20 cents off a gallon, $6 for The Works car wash among other advantages and guarantees. As much as we like satisfying customers, we like keeping them even more.<br><br>OPTION PACKAGES<br>EQUIPMENT GROUP 303A Adaptive Cruise Control &amp; Collision Warning, brake support, Active Park Assist, The active park assist activation button replaces one 12V powerpoint, 1-Touch PowerFold &amp; Tumble 3rd Row Fold Flat Bench, 3rd row seat folds into floor, vinyl 50/50 split bench and tailgate seating feature, 10-Way Power Heated Cooled Driver/Passenger Seat, Power Tilt/Telescopic Steering Column, Heated Steering Wheel, MULTI-PANEL VISTA ROOF, PERFORATED LEATHER 2ND ROW HEATED RECLINING SEATS 40/40 split, 6 passenger seating, CLASS III TRAILER TOW PACKAGE 4-pin/7-pin wiring, class III trailer hitch receiver and trailer sway control, Engine Oil Cooler, APPEARANCE PACKAGE shadow black painted liftgate applique and black beltline molding, Shadow Black Painted Grille Center Bar, 1st &amp; 2nd Row Floor Mats, unique logo on 1st row, Wheels: 20 High-Gloss Ebony Black, Painted machined aluminum, Unique Finish Instrument Panel, Shadow Black Painted Roof, Leather-Wrapped Steering Wheel, meteorite black bezels, Shadow Black Sideview Exterior Mirror Caps, Unique Finish Door Trim Appliques, 2ND ROW OUTBOARD INFLATABLE SAFETY BELTS, TRANSMISSION: 6-SPEED SELECTSHIFT AUTOMATIC paddle activation (STD), ENGINE: 3.5L ECOBOOST V6 dual exhaust w/bright exhaust tips and heavy-duty 78 amp battery (STD).<br><br>VEHICLE REVIEWS<br>Edmunds.com explains The Flex drives smaller than it looks because it doesnt lean as much as taller SUVs when youre going around turns..<br><br>Check whether a vehicle is subject to open recalls for safety <br><br><br>Horsepower calculations based on trim engine configuration. Fuel economy calculations based on original manufacturer data for trim engine configuration. Please confirm the accuracy of the included equipment by calling us prior to purchase.<br><br>The price of this vehicle includes a $350 documentation fee.","[PREMIUM]",17,"250 Fifth Avenue South","Hopkins","MN","55343","[PREMIUM]"
"783437333","2026-07-28 23:44:16.798","2026-07-28 23:44:16.798","783437333","[PREMIUM]","25SS0056P",2017,"AUDI","Audi","Q7","Q7","3.0T Premium Plus","SUV","Used","Used 2017 Audi Q7 3.0T Premium Plus",108018,"[PREMIUM]",,"Good","[PREMIUM]",12630,15480,"Black","BLACK","Black","BLACK","6CLDR","6-Cylinder Supercharged","All wheel drive","AUT","8-Speed Automatic","Automatic","G","Gasoline","Gas",19,25,3,true,40,false,false,true,,false,,,"30",72460507,"[PREMIUM]","[PREMIUM]","[PREMIUM]",1438,"[PREMIUM]",false,"PARTNER",415370,4.3,60,1,"[""NO_SALVAGE_TITLE"",""NO_ACCIDENTS_REPORTED"",""NO_ONE_OWNER""]","{""exterior"":[""Aluminum Wheels"",""Automatic Headlights"",""Fog Lamps"",""HID headlights"",""Headlights-Auto-Leveling"",""Integrated Turn Signal Mirrors"",""Mirror Memory"",""Power Mirror(s)"",""Rear Spoiler"",""Tires - Front Performance"",""Tires - Rear Performance""],""interior"":[""3rd Row Seat"",""A/C"",""Auto-Dimming Rearview Mirror"",""Bucket Seats"",""Climate Control"",""Driver Adjustable Lumbar"",""Driver Illuminated Vanity Mirror"",""Driver Vanity Mirror"",""Floor Mats"",""Generic Sun/Moonroof"",""Heated Front Seat(s)"",""Intermittent Wipers"",""Leather Seats"",""Leather Steering Wheel"",""Multi-Zone A/C"",""Panoramic Roof"",""Pass-Through Rear Seat"",""Passenger Illuminated Visor Mirror"",""Passenger Vanity Mirror"",""Power Door Locks"",""Power Driver Seat"",""Power Liftgate"",""Power Passenger Seat"",""Power Windows"",""Privacy Glass"",""Rear A/C"",""Rear Bench Seat"",""Rear Defrost"",""Remote Trunk Release"",""Seat Memory"",""Steering Wheel Audio Controls"",""Sun/Moonroof"",""Trip Computer"",""Universal Garage Door Opener"",""Variable Speed Intermittent Wipers"",""Woodgrain Interior Trim""],""mechanical"":[""4-Wheel Disc Brakes"",""All Wheel Drive"",""Power Steering"",""Supercharged""],""other"":[""Front Collision Mitigation"",""Requires Subscription""],""safety"":[""ABS"",""Blind Spot Monitor"",""Brake Assist"",""Child Safety Locks"",""Cross-Traffic Alert"",""Daytime Running Lights"",""Driver Air Bag"",""Front Head Air Bag"",""Front Side Air Bag"",""Passenger Air Bag"",""Passenger Air Bag Sensor"",""Rear Head Air Bag"",""Security System"",""Stability Control"",""Tire Pressure Monitor"",""Traction Control""],""technology"":[""AM/FM Stereo"",""Auxiliary Audio Input"",""Back-Up Camera"",""Bluetooth Connection"",""CD Player"",""Cruise Control"",""HD Radio"",""Immobilizer"",""Keyless Entry"",""MP3 Capability"",""Rain Sensing Wipers"",""Rear Parking Aid"",""Satellite Radio""]}",82,"The second-generation Audi Q7 was a significant improvement over the original --- lighter, more refined, and better to drive. This 2017 Q7 3.0T Premium Plus has Audi's supercharged 3.0-liter TFSI V6 (333 horsepower), Quattro all-wheel drive, and the air suspension that makes the Q7 feel planted at highway speed and composed on uneven surfaces. Seven-passenger seating, a panoramic moonroof, and that signature Audi interior quality make it a genuinely compelling family SUV. At 107,716 miles, it's priced as the high-mileage luxury buy it is --- a lot of vehicle for the money if you're comfortable with European maintenance costs.<br><br>The Premium Plus trim adds leather seating in all three rows, a power-folding third row, genuine wood and piano black interior trim, blind-spot monitoring, rear collision warning, front and rear fog lights, and MMI Radio Plus with a 10-speaker Audi sound system. Getting 19 MPG city and 25 MPG highway from a supercharged V6 three-row SUV is respectable. If you want the Q7 experience --- the cabin quality, the V6 pull, the Quattro confidence --- at a budget-conscious entry point, this is how you get there.<br><br>At Walser, you'll get an exceptional car-buying experience. Our streamlined process means you'll work with one dedicated customer specialist to help you find the perfect vehicle. Upfront Pricing on every vehicle ensures you'll get a great deal without any surprises or gimmicks. Buy with confidence because you're backed by our Worry-Free Return &amp; Exchange Policy.The benefits don't stop there. We want you to be happy long after you've left our store, so we include a complimentary WalserCare warranty with most used vehicles. Every used vehicle also undergoes a comprehensive 190-point inspection and includes a free CarFax History Report. Simply put: there's no better place to get a used car.The best car-buying experience starts right here at Walser.","[PREMIUM]",38,"740 CONCORD ST S","South Saint Paul","MN","55075","[PREMIUM]"
"786350201","2026-07-28 23:44:16.793","2026-07-28 23:44:16.793","786350201","[PREMIUM]","SHU2231",2018,"NISSAN","Nissan","ROGUE","Rogue","SL","SUV","Used","Used 2018 Nissan Rogue SL",47499,"[PREMIUM]",,"Great","[PREMIUM]",19280,21480,"Brilliant Silver","SILVER","Charcoal","BLACK","4CLDR","4-Cylinder","All wheel drive","AUT","Continuously Variable Automatic","Automatic","G","Gasoline","Gas",25,32,2.5,true,5,false,true,false,,false,,,"30",74051363,"[PREMIUM]","[PREMIUM]","[PREMIUM]",1159,"[PREMIUM]",false,"PARTNER",432093,4.1,319,0,"[""NO_SALVAGE_TITLE"",""ACCIDENTS_REPORTED"",""NO_ONE_OWNER""]","{""exterior"":[""18\"" Alloy Wheels"",""Alloy wheels"",""Auto High-beam Headlights"",""Bumpers: body-color"",""Delay-off headlights"",""Front fog lights"",""Fully automatic headlights"",""Heated door mirrors"",""Power door mirrors"",""Rear window wiper"",""Spoiler"",""Turn signal indicator mirrors""],""interior"":[""Air Conditioning"",""Anti-whiplash front head restraints"",""Auto-dimming Rear-View mirror"",""Driver door bin"",""Driver vanity mirror"",""Floor Mats & 2-PC Cargo Area Protector"",""Front Bucket Seats"",""Front Center Armrest w/Storage"",""Front dual zone A/C"",""Front reading lights"",""Heated front seats"",""Heated steering wheel"",""Leather Appointed Seat Trim"",""Leather Shift Knob"",""Memory seat"",""Overhead console"",""Passenger door bin"",""Passenger vanity mirror"",""Power Liftgate"",""Power driver seat"",""Power windows"",""Quick Comfort Heated Front Bucket Seats"",""Rear seat center armrest"",""Rear window defroster"",""Split folding rear seat"",""Steering wheel mounted audio controls"",""Tachometer"",""Telescoping steering wheel"",""Tilt steering wheel"",""Trip computer"",""Variably intermittent wipers""],""mechanical"":[""4-Wheel Disc Brakes"",""6.386 Axle Ratio"",""Four wheel independent suspension"",""Power steering"",""Speed-sensing steering""],""other"":[""Activation Disclaimer"",""Apple CarPlay/Android Auto"",""Front anti-roll bar"",""Illuminated entry"",""Outside temperature display"",""Rear anti-roll bar"",""Roof rack: rails only""],""safety"":[""ABS brakes"",""Blind Spot Warning"",""Brake assist"",""Dual front impact airbags"",""Dual front side impact airbags"",""Electronic Stability Control"",""Emergency communication system: NissanConnect Services"",""Low tire pressure warning"",""Occupant sensing airbag"",""Overhead airbag"",""Panic alarm"",""Security system"",""Traction control""],""technology"":[""9 Speakers"",""AM/FM radio: SiriusXM"",""Automatic temperature control"",""CD player"",""Garage door transmitter: HomeLink"",""Navigation System"",""Radio data system"",""Radio: AM/FM/CD/AUX NissanConnect w/Navigation"",""Remote keyless entry"",""Speed control""]}",78,"ONLY 47000 MILES!! SPOTLESS INSIDE AND OUT! LOCAL CAR,!!, LOCAL TRADE IN,WELL CARED FOR!! FULLY SERVICED W/ NEW PA INSPECTION, OIL CHANGE, A FRESH DETAIL !!<br>AWD. Brilliant Silver 2018 Nissan Rogue SL AWD CVT with Xtronic 2.5L I4 DOHC 16V<br><br>Recent Arrival! Odometer is 46724 miles below market average! 25/32 City/Highway MPG<br><br>Awards:<br>* 2018 KBB.com 10 Best SUVs Under $25,000","[PREMIUM]",16,"1726 CARLISLE PIKE","Hanover","PA","17331","[PREMIUM]"
"785511430","2026-07-28 23:43:06.798","2026-07-28 23:43:06.798","785511430","[PREMIUM]","96734A",2018,"FORD","Ford","EXPLOR","Explorer","Limited","SUV","Certified","Certified 2018 Ford Explorer Limited w/ Equipment Group 301A",99845,"[PREMIUM]",,"Good","[PREMIUM]",17781,19631,"White Platinum Clearcoat Metal","WHITE","Ebony Black","BLACK","6CLDR","6-Cylinder","4 wheel drive","AUT","6-Speed Automatic","Automatic","G","Gasoline","Gas",18,25,3.5,false,14,false,false,true,,false,,,"30",70778,"[PREMIUM]","[PREMIUM]","[PREMIUM]",5841,"[PREMIUM]",false,"PARTNER",432108,4.2,368,1,"[""NO_SALVAGE_TITLE"",""NO_FRAME_DAMAGE"",""NO_FLOOD_WATER_DAMAGE"",""NO_ACCIDENTS_REPORTED"",""ONE_OWNER"",""FREE_REPORT""]","{""exterior"":[""20\"" Polished Aluminum Wheels"",""Alloy wheels"",""Auto High-Beam Headlights"",""Bumpers: body-color"",""Delay-off headlights"",""Front fog lights"",""Fully automatic headlights"",""Heated door mirrors"",""Power door mirrors"",""Rear window wiper"",""Spoiler"",""Turn signal indicator mirrors"",""Wheels: 20\"" Premium Luster Nickel-Painted Aluminum""],""interior"":[""3rd row seats: split-bench"",""Air Conditioning"",""Auto-dimming Rear-View mirror"",""Driver door bin"",""Driver vanity mirror"",""Front Bucket Seats"",""Front Center Armrest"",""Front dual zone A/C"",""Front reading lights"",""Heated front seats"",""Heated rear seats"",""Heated steering wheel"",""Leather steering wheel"",""Memory seat"",""Multi-Contour Front Seats w/Active Motion"",""Overhead console"",""Passenger door bin"",""Passenger vanity mirror"",""Perforated Leather Heated/Cooled Bucket Seats"",""Power Liftgate"",""Power driver seat"",""Power passenger seat"",""Power windows"",""Rear air conditioning"",""Rear reading lights"",""Rear seat center armrest"",""Rear window defroster"",""Speed-Sensitive Wipers"",""Split folding rear seat"",""Steering wheel memory"",""Steering wheel mounted audio controls"",""Tachometer"",""Telescoping steering wheel"",""Tilt steering wheel"",""Trip computer"",""Universal Garage Door Opener"",""Variably intermittent wipers"",""Ventilated front seats""],""mechanical"":[""3.65 Axle Ratio"",""4-Wheel Disc Brakes"",""Four wheel independent suspension"",""Power steering"",""Speed-sensing steering""],""other"":[""Adaptive Cruise Control & Fwd Collision Warning"",""AppLink/Apple CarPlay and Android Auto"",""Auto tilt-away steering wheel"",""Enhanced Active Park Assist w/Parallel Park"",""Equipment Group 301A"",""Ford Safe & Smart Package"",""Front License Plate Bracket"",""Front anti-roll bar"",""Illuminated entry"",""Outside temperature display"",""Rear anti-roll bar"",""Roof rack: rails only""],""safety"":[""ABS brakes"",""BLIS Blind Spot Information System"",""Brake assist"",""Dual front impact airbags"",""Dual front side impact airbags"",""Electronic Stability Control"",""Emergency communication system: SYNC 3 911 Assist"",""Inflatable Rear Safety Belts"",""Knee airbag"",""Lane-Keeping System"",""Low tire pressure warning"",""Occupant sensing airbag"",""Overhead airbag"",""Panic alarm"",""Security system"",""Traction control""],""technology"":[""12 Speakers"",""AM/FM radio: SiriusXM"",""Automatic temperature control"",""CD player"",""Compass"",""Exterior Parking Camera Rear"",""Navigation System"",""Premium audio system: Sony"",""Radio data system"",""Radio: Sony Audio System w/CD Player"",""Rain-Sensing Wipers (Front Only)"",""Remote keyless entry"",""SYNC 3 Communications & Entertainment System"",""Speed control""]}",98,"Recent Arrival!<br><br>Certified. Ford Blue Certified Details:<br><br>* Transferable Warranty<br>* Roadside Assistance<br>* Warranty Deductible: $100<br>* And 11,000 FordPass Rewards Points to use toward first maintenance visit. Blue Certified Vehicles can be Ford and Non-Ford Makes and Models, So You Can Find a Variety of Certified Used Vehicles, Including SUV's, Trucks and Commercial Vehicles as Part of the Ford Blue Advantage Program<br>* Limited Warranty: 3 Month/4,000 Mile (whichever comes first) after new car warranty expires or from certified purchase date<br>* Vehicle History<br>* 139 Point Inspection<br><br><br>Odometer is 6545 miles below market average!<br><br><br>Awards:<br>* 2018 KBB.com 10 Most Awarded Brands * 2018 KBB.com Brand Image Awards<br>Take the stress out of getting a good deal on your next car! We Take Your Satisfaction Very Seriously. Here are our promises:<br>*See our lowest price upfront!<br>*No hassle-No haggle pricing!<br>*Completely Transparent Buying Process!<br>*Commission-free sales team!<br>*You can't buy the wrong car! 7-day return policy!<br>Hundreds of 5 star Google reviews. Come see for yourself why people love Apple Ford Lincoln Apple Valley!!","[PREMIUM]",28,"7200 150th Street West","Apple Valley","MN","55124","[PREMIUM]"
"786507984","2026-07-28 23:43:06.568","2026-07-28 23:43:06.568","786507984","[PREMIUM]","4JGDF6EE4HA774762",2017,"MB","Mercedes-Benz","MBGLS450","GLS 450","4MATIC","SUV","Used","Used 2017 Mercedes-Benz GLS 450 4MATIC",111408,"[PREMIUM]",,,"[PREMIUM]",12593,15143,"Silver","SILVER","Black","BLACK","6CLDR","6-Cylinder Turbo","All wheel drive","AUT","9-Speed Automatic","Automatic","G","Gasoline","Gas",19,22,3,true,4,false,true,false,,false,,,"30",75870941,"[PREMIUM]","[PREMIUM]","[PREMIUM]",,"[PREMIUM]",true,,418698,4.4,46,,"[""NO_SALVAGE_TITLE"",""NO_ACCIDENTS_REPORTED"",""NO_ONE_OWNER""]","{""exterior"":[""Alloy Wheels"",""LED Headlamps""],""interior"":[""Air Conditioning"",""Dual Power Seats"",""Heated Seats"",""Leather"",""Panorama Roof"",""Power Door Locks"",""Power Third Row"",""Power Windows"",""Sun Roof (Sliding)""],""other"":[""COMAND"",""Driver Assistance Pkg"",""Power Liftgate Release"",""Premium 1 Pkg"",""Rear"",""SiriusXM Feature"",""Tilt & Telescoping Wheel""],""safety"":[""ABS (4-Wheel)"",""Alarm System"",""Blind-Spot Assist"",""Daytime Running Lights"",""Dual Air Bags"",""Electronic Stability Control"",""F&R Head Curtain Air Bags"",""Knee Air Bags"",""Side Air Bags"",""Traction Control""],""technology"":[""AM/FM Stereo"",""Backup Camera"",""Bluetooth Wireless"",""Hill Start Assist Control"",""Keyless Entry"",""Keyless Start"",""Navigation System"",""Park Assist"",""Parking Sensors"",""harman/kardon Premium Sound""]}",38,"Great looking and driving GLS450. New air suspension, interior detailing makes it feel new. Tires less than a year old. Small, deep scratch on driver's side rear fender.","[PREMIUM]",12,,"Saint Paul","MN","55118","[PREMIUM]"
"786492775","2026-07-28 23:43:06.564","2026-07-28 23:43:06.564","786492775","[PREMIUM]","2J3M0086T",2017,"HONDA","Honda","CRV","CR-V","EX-L","SUV","Used","Used 2017 Honda CR-V EX-L",124863,"[PREMIUM]",,,"[PREMIUM]",16240,17840,"Lunar Silver Metallic","SILVER","Black","BLACK","4CLDR","4-Cylinder Turbo","All wheel drive","AUT","Continuously Variable Automatic","Automatic","G","Gasoline","Gas",27,33,1.5,true,4,false,true,false,,false,,,"30",1070129,"[PREMIUM]","[PREMIUM]","[PREMIUM]",3347,"[PREMIUM]",false,"PARTNER",422666,4,330,0,"[""NO_SALVAGE_TITLE"",""NO_ACCIDENTS_REPORTED"",""NO_ONE_OWNER""]","{""exterior"":[""Aluminum Wheels"",""Automatic Headlights"",""Automatic Highbeams"",""Fog Lamps"",""Heated Mirrors"",""Integrated Turn Signal Mirrors"",""Mirror Memory"",""Power Mirror(s)"",""Rear Spoiler"",""Tires - Front All-Season"",""Tires - Rear All-Season""],""interior"":[""A/C"",""Adjustable Steering Wheel"",""Auto-Dimming Rearview Mirror"",""Bucket Seats"",""Cargo Shade"",""Climate Control"",""Driver Adjustable Lumbar"",""Driver Illuminated Vanity Mirror"",""Driver Vanity Mirror"",""Floor Mats"",""Generic Sun/Moonroof"",""Heated Front Seat(s)"",""Intermittent Wipers"",""Leather Seats"",""Leather Steering Wheel"",""Multi-Zone A/C"",""Pass-Through Rear Seat"",""Passenger Illuminated Visor Mirror"",""Passenger Vanity Mirror"",""Power Door Locks"",""Power Driver Seat"",""Power Liftgate"",""Power Passenger Seat"",""Power Windows"",""Privacy Glass"",""Rear Bench Seat"",""Rear Defrost"",""Remote Trunk Release"",""Seat Memory"",""Steering Wheel Audio Controls"",""Sun/Moonroof"",""Trip Computer"",""Universal Garage Door Opener"",""Variable Speed Intermittent Wipers"",""Woodgrain Interior Trim""],""mechanical"":[""4-Wheel Disc Brakes"",""All Wheel Drive"",""Power Steering"",""Turbocharged""],""other"":[""Cruise Control Steering Assist"",""Driver Monitoring"",""Front Collision Mitigation"",""Requires Subscription"",""Smart Device Integration""],""safety"":[""ABS"",""Blind Spot Monitor"",""Brake Assist"",""Child Safety Locks"",""Cross-Traffic Alert"",""Daytime Running Lights"",""Driver Air Bag"",""Front Head Air Bag"",""Front Side Air Bag"",""Lane Departure Warning"",""Lane Keeping Assist"",""Passenger Air Bag"",""Passenger Air Bag Sensor"",""Rear Head Air Bag"",""Security System"",""Stability Control"",""Temporary Spare Tire"",""Tire Pressure Monitor"",""Traction Control""],""technology"":[""AM/FM Stereo"",""Adaptive Cruise Control"",""Auxiliary Audio Input"",""Back-Up Camera"",""Bluetooth Connection"",""Cruise Control"",""HD Radio"",""Immobilizer"",""Keyless Entry"",""Keyless Start"",""MP3 Capability"",""Remote Engine Start"",""Satellite Radio""]}",87,"At Walser, you ll get an exceptional car-buying experience. Our *streamlined process* means you ll work with one dedicated customer specialist to help you find the perfect vehicle. Upfront Pricing on every vehicle ensures you ll *get a great deal without any surprises or gimmicks*. Buy with confidence because you re backed by our *Worry-Free Return &amp; Exchange Policy*.<br><br>The benefits don t stop there. We want you to be happy long after you ve left our store, so we include a *complimentary WalserCare warranty* with most used vehicles. Every used vehicle also undergoes a *comprehensive 190-point inspection* and includes a *free CarFax History Report*. Simply put: there s no better place to get a used car.<br><br>The best car-buying experience starts right here at Walser.","[PREMIUM]",30,"14750 Buck Hill Rd","Burnsville","MN","55306","[PREMIUM]"
"779421466","2026-07-28 23:43:06.559","2026-07-28 23:43:06.559","779421466","[PREMIUM]","G318249",2017,"KIA","Kia","SORENTO","Sorento","SX","SUV","Used","Used 2017 Kia Sorento SX",70521,"[PREMIUM]",,"Great","[PREMIUM]",15421,17571,"Ebony Black","BLACK","Satin Black","BLACK","6CLDR","6-Cylinder","2 wheel drive - front","AUT","6-Speed Automatic","Automatic","G","Gasoline","Gas",18,25,3.3,true,85,false,false,true,,false,,,"30",71855769,"[PREMIUM]","[PREMIUM]","[PREMIUM]",17352,"[PREMIUM]",false,"PARTNER",418928,4.2,146,1,"[""NO_SALVAGE_TITLE"",""NO_FRAME_DAMAGE"",""NO_FLOOD_WATER_DAMAGE"",""ACCIDENTS_REPORTED"",""NO_ONE_OWNER"",""FREE_REPORT""]","{""exterior"":[""Aluminum Wheels"",""Automatic Headlights"",""Fog Lamps"",""Hands-Free Liftgate"",""Heated Mirrors"",""Integrated Turn Signal Mirrors"",""Mirror Memory"",""Power Folding Mirrors"",""Power Mirror(s)"",""Rear Spoiler"",""Tires - Front Performance"",""Tires - Rear Performance""],""interior"":[""3rd Row Seat"",""A/C"",""Adjustable Steering Wheel"",""Auto-Dimming Rearview Mirror"",""BLACK  PREMIUM LEATHER SEAT TRIM"",""Bucket Seats"",""CARGO NET"",""Climate Control"",""Driver Adjustable Lumbar"",""Driver Illuminated Vanity Mirror"",""Driver Vanity Mirror"",""Floor Mats"",""Generic Sun/Moonroof"",""Heated Front Seat(s)"",""Intermittent Wipers"",""Leather Seats"",""Leather Steering Wheel"",""Multi-Zone A/C"",""Panoramic Roof"",""Pass-Through Rear Seat"",""Passenger Illuminated Visor Mirror"",""Passenger Vanity Mirror"",""Power Door Locks"",""Power Driver Seat"",""Power Liftgate"",""Power Passenger Seat"",""Power Windows"",""Privacy Glass"",""Rear A/C"",""Rear Bench Seat"",""Rear Defrost"",""Remote Trunk Release"",""Seat Memory"",""Steering Wheel Audio Controls"",""Sun/Moonroof"",""Trip Computer"",""Variable Speed Intermittent Wipers""],""mechanical"":[""4-Wheel Disc Brakes"",""Front Wheel Drive"",""Power Steering""],""other"":[""EBONY BLACK"",""Requires Subscription"",""SX ADVANCED TECHNOLOGY PACKAGE  -inc: Electronic Parking Brake  HID Headlamps w/Auto Leveling  Ventilated Front Seats  Lane Departure Warning System  Forward Collision Warning System  Dynamic Bending Headlamps  Advanced Smart Cruise Control  Heated Steeri"",""Smart Device Integration""],""safety"":[""ABS"",""Blind Spot Monitor"",""Brake Assist"",""Child Safety Locks"",""Cross-Traffic Alert"",""Driver Air Bag"",""Front Head Air Bag"",""Front Side Air Bag"",""Passenger Air Bag"",""Passenger Air Bag Sensor"",""Rear Head Air Bag"",""Security System"",""Stability Control"",""Temporary Spare Tire"",""Tire Pressure Monitor"",""Traction Control""],""technology"":[""AM/FM Stereo"",""Auxiliary Audio Input"",""Back-Up Camera"",""Bluetooth Connection"",""CD Player"",""Cruise Control"",""Hard Disk Drive Media Storage"",""Immobilizer"",""Keyless Entry"",""Keyless Start"",""MP3 Capability"",""Navigation System"",""Premium Sound System"",""Rear Parking Aid"",""Satellite Radio"",""Telematics""]}",88,"HGreg.com has redefined the car buying experience by putting you in total control with upfront wholesale prices, flexible financing options, and a 5-Day/500 Mile Exchange Policy. Our lots are packed with thousands of vehicles for every lifestyle and budget. If you're ready to see how easy the car buying process should be, call now! Priced THOUSANDS below KBB!! With locations in Doral, Miami, Orlando, Kendall, West Palm Beach and Tampa, HGreg.com is the FASTEST GROWING automotive group in North America.<br><br>Advanced Smart Cruise Control, Autonomous Emergency Braking, Dynamic Bending Headlamps, Electronic Parking Brake, Forward Collision Warning System, Heated Steering Wheel, HID Headlamps w/Auto Leveling, Lane Departure Warning System, SX Advanced Technology Package, Ventilated Front Seats, 3.32 Axle Ratio, 3rd row seats: split-bench, 4-Wheel Disc Brakes, 7 Speakers, ABS brakes, Air Conditioning, Alloy wheels, AM/FM radio: SiriusXM, Anti-whiplash front head restraints, Auto-dimming Rear-View mirror, Automatic temperature control, Brake assist, Bumpers: body-color, Cargo Net, CD player, Delay-off headlights, Driver door bin, Driver vanity mirror, Dual front impact airbags, Dual front side impact airbags, Electronic Stability Control, Emergency communication system: UVO3, Exterior Parking Camera Rear, Four wheel independent suspension, Front anti-roll bar, Front Bucket Seats, Front Center Armrest, Front dual zone A/C, Front fog lights, Front reading lights, Fully automatic headlights, Heated door mirrors, Heated Front Bucket Seats, Heated front seats, Illuminated entry, Low tire pressure warning, Memory seat, Navigation System, Occupant sensing airbag, Outside temperature display, Overhead airbag, Overhead console, Panic alarm, Passenger door bin, Passenger vanity mirror, Power door mirrors, Power driver seat, Power Liftgate, Power moonroof, Power passenger seat, Power steering, Power windows, Premium Leather Seat Trim, Radio: AVN 4.0 Navigation System, Rear air conditioning, Rear anti-roll bar, Rear Parking Sensors, Rear reading lights, Rear seat center armrest, Rear window defroster, Rear window wiper, Remote keyless entry, Roof rack: rails only, Security system, Speed control, Speed-sensing steering, Split folding rear seat, Spoiler, Steering wheel mounted audio controls, Tachometer, Telescoping steering wheel, Tilt steering wheel, Traction control, Trip computer, Turn signal indicator mirrors, Variably intermittent wipers, Wheels: 19&quot; x 7.5 Spoke Cap Alloy, Advanced Smart Cruise Control, Autonomous Emergency Braking, Dynamic Bending Headlamps, Electronic Parking Brake, Forward Collision Warning System, Heated Steering Wheel, HID Headlamps w/Auto Leveling, Lane Departure Warning System, SX Advanced Technology Package, Ventilated Front Seats. Odometer is 44247 miles below market average!<br><br>Awards:<br>* 2017 KBB.com 10 Most Awarded Brands<br><br>* Although every reasonable effort has been made to ensure the accuracy of the information contained on this site, absolute accuracy cannot be guaranteed. Dealer is not responsible for errors and omissions. All vehicles are subject to prior sale. Price does not include applicable state sales tax, title, license plate, pre-delivery service charge of $1299.00 (This charge represents costs and profit to the dealer for items such as inspecting, cleaning, and adjusting vehicles, and preparing documents related to the sale), Doc fee $198.00, electronic filing fee of $899.00 (This charge represents costs and profit to the dealer for items such as inspecting, cleaning, and adjusting vehicles, and preparing documents related to the sale).","[PREMIUM]",20,"2510 JETPORT DR","Orlando","FL","32809","[PREMIUM]"
"786285096","2026-07-28 23:43:06.555","2026-07-28 23:43:06.555","786285096","[PREMIUM]","H0X77217P",2017,"BMW","BMW","X5","X5","xDrive35i","SUV","Used","Used 2017 BMW X5 xDrive35i",86300,"[PREMIUM]",,"Great","[PREMIUM]",17170,19420,"Atlas Cedar Metallic","GREEN","Terra","UNAVAIL","6CLDR","6-Cylinder Turbo","All wheel drive","AUT","8-Speed Automatic","Automatic","G","Gasoline","Gas",18,24,3,true,6,false,true,false,,false,,,"30",70899265,"[PREMIUM]","[PREMIUM]","[PREMIUM]",1757,"[PREMIUM]",false,"PARTNER",421573,4.3,59,0,"[""NO_SALVAGE_TITLE"",""ACCIDENTS_REPORTED"",""NO_ONE_OWNER""]","{""exterior"":[""Alloy wheels"",""Aluminum Running Boards"",""Auto-dimming door mirrors"",""Automatic High Beams"",""Bumpers: body-color"",""Delay-off headlights"",""Front fog lights"",""Fully automatic headlights"",""Heated door mirrors"",""High intensity discharge headlights: Bi-xenon"",""Power door mirrors"",""Rear window wiper"",""Soft-Close Automatic Doors"",""Spoiler"",""Turn signal indicator mirrors"",""Wheels: 19\"" x 9\"" Lt Alloy Orbit Gray (Style 449)"",""Wheels: 20\"" x 10\"" Fr & 20\"" x 11\"" Rr (Style 451)""],""interior"":[""4-Zone Automatic Climate Control"",""Air Conditioning"",""Anti-whiplash front head restraints"",""Auto-dimming Rear-View mirror"",""Dakota Leather Upholstery"",""Driver door bin"",""Driver vanity mirror"",""Front Bucket Seats"",""Front Center Armrest"",""Front dual zone A/C"",""Front reading lights"",""Garage door transmitter"",""Genuine wood console insert"",""Genuine wood dashboard insert"",""Genuine wood door panel insert"",""Head restraints memory"",""Heated Front Seats"",""Heated front seats"",""Lighting Package"",""Lumbar Support"",""Memory seat"",""Overhead console"",""Passenger door bin"",""Passenger vanity mirror"",""Poplar Wood Trim"",""Power Front Seats"",""Power adjustable front head restraints"",""Power driver seat"",""Power moonroof"",""Power passenger seat"",""Power windows"",""Rear reading lights"",""Rear seat center armrest"",""Rear window defroster"",""SensaTec Upholstery"",""Speed-Sensitive Wipers"",""Split folding rear seat"",""Sport steering wheel"",""Steering wheel memory"",""Steering wheel mounted audio controls"",""Tachometer"",""Telescoping steering wheel"",""Tilt steering wheel"",""Trip computer"",""Variably intermittent wipers""],""mechanical"":[""3.154 Axle Ratio"",""4-Wheel Disc Brakes"",""Four wheel independent suspension"",""Power steering"",""Speed-sensing steering""],""other"":[""Adaptive Full LED Lights"",""Auto tilt-away steering wheel"",""Chrome-Line Exterior"",""Comfort Access Keyless Entry"",""Driving Assistance Package"",""Emergency communication system: BMW Assist eCall"",""Enhanced USB & Bluetooth"",""Front anti-roll bar"",""Illuminated entry"",""Luxury Line"",""Luxury Package"",""Outside temperature display"",""Premium Package"",""Rear anti-roll bar"",""Roof rack: rails only"",""Standard Suspension"",""Steering wheel mounted A/C controls"",""Wireless Charging""],""safety"":[""ABS brakes"",""Brake assist"",""Dual front impact airbags"",""Dual front side impact airbags"",""Electronic Stability Control"",""Low tire pressure warning"",""Occupant sensing airbag"",""Overhead airbag"",""Panic alarm"",""Security system"",""Traction control""],""technology"":[""10 Speakers"",""AM/FM radio"",""Anti-Theft AM/FM Stereo w/CD/MP3"",""Automatic temperature control"",""CD player"",""Harman/Kardon Surround Sound System"",""Head-Up Display"",""Hi-Fi Sound System"",""Navigation System"",""Radio data system"",""Rain sensing wipers"",""Rear-View Camera"",""Remote keyless entry"",""SiriusXM Satellite Radio w/1 Year All Access"",""Speed control"",""Weather band radio"",""WiFi Hotspot""]}",113,"This 2017 BMW X5 xDrive35i combines sophisticated engineering with refined comfort, offering a commanding presence on the road backed by genuine capability. Finished in Atlas Cedar Metallic, this SUV delivers both visual appeal and the practical performance that discerning drivers demand.<br><br>- 20 Style 451 Light Alloy Y-Spoke Wheels with Performance Run-Flat Tires<br>- 3.0L I6 TwinPower Turbo Engine with 8-Speed Automatic and AWD<br>- Harman/Kardon Surround Sound System with SiriusXM Satellite Radio<br>- Adaptive Full LED Lights with Automatic High Beams<br>- Head-Up Display and Rear-View Camera<br>- Dakota Leather Upholstery with Heated Front Seats<br>- 4-Zone Automatic Climate Control<br>- Soft-Close Automatic Doors<br>- Aluminum Running Boards<br>- Comfort Access Keyless Entry<br>- WiFi Hotspot and Wireless Charging<br>- Navigation System<br>- Memory Seat and Steering Wheel Configuration<br><br>The heart of this X5 is its 3.0L I6 TwinPower Turbo engine paired with an 8-Speed Automatic transmission and all-wheel drive, delivering responsive performance whether navigating city streets at 18 MPG city or cruising the highway at 24 MPG. The sophisticated powertrain balances capability with efficiency, making every drive purposeful and controlled.<br><br>Inside, the Dakota Leather upholstery and genuine wood trim throughout create an atmosphere of understated luxury. The memory seats and steering wheel configuration learn your preferences, adjusting automatically to your settings each time you slide behind the wheel. Climate control with four independent zones ensures every passenger enjoys their ideal comfort level, while the Harman/Kardon Surround Sound System transforms your commute with premium audio quality.<br><br>Technology enhances both safety and convenience. The Head-Up Display keeps critical information in your line of sight, while the Adaptive Full LED headlights with Automatic High Beams adjust intelligently to road conditions. The Rear-View Camera provides confidence during parking and backing maneuvers. WiFi Hotspot capability and Wireless Charging keep your devices connected and powered throughout your journey.<br><br>Distinctive styling elements reinforce the X5's premium positioning. The Soft-Close Automatic Doors operate with precision, Aluminum Running Boards add a refined touch, and the 20 Style 451 Light Alloy wheels wrapped in performance run-flat tires contribute to both aesthetic impact and handling confidence. Chrome-line exterior accents and the Spoiler emphasize the vehicle's athletic stance.<br><br>This 2017 BMW X5 xDrive35i represents a mature ownership choice for those who appreciate quality construction, thoughtful design, and genuine driving satisfaction. We invite you to schedule a personal viewing and experience firsthand how this SUV combines luxury, technology, and performance into a cohesive ownership experience.","[PREMIUM]",3,"7601 S PADRE ISLAND DR","Corpus Christi","TX","78412","[PREMIUM]"
"786079591","2026-07-28 23:43:06.554","2026-07-28 23:43:06.554","786079591","[PREMIUM]","THL541317H",2017,"JEEP","Jeep","WRANGLER","Wrangler","Unlimited Sport","SUV","Used","Used 2017 Jeep Wrangler Unlimited Sport w/ Connectivity Group",97921,"[PREMIUM]",,,"[PREMIUM]",16400,18250,"Granite Crystal Metallic Clear","GRAY","Black","BLACK","6CLDR","6-Cylinder","4 wheel drive","AUT","5-Speed Automatic","Automatic","G","Gasoline","Gas",,,3.6,false,8,false,false,true,,false,,,"30",72798385,"[PREMIUM]","[PREMIUM]","[PREMIUM]",1679,"[PREMIUM]",false,"PARTNER",422396,4.5,934,0,"[""NO_SALVAGE_TITLE"",""ACCIDENTS_REPORTED"",""NO_ONE_OWNER""]","{""exterior"":[""16\"" x 7.0\"" Styled Steel Wheels"",""Black 3-Piece Hard Top"",""Bridgestone Brand Tires"",""Class II Receiver Hitch"",""Front fog lights"",""Rear Window Wiper/Washer""],""interior"":[""Air Conditioning"",""Cloth Seats w/Adjustable Head Restraints"",""Deep Tint Sunscreen Windows"",""Driver door bin"",""Driver vanity mirror"",""Freedom Panel Storage Bag"",""Front Bucket Seats"",""Front Center Armrest w/Storage"",""Passenger door bin"",""Passenger vanity mirror"",""Rear Window Defroster"",""Split folding rear seat"",""Steering wheel mounted audio controls"",""Tachometer"",""Tilt steering wheel"",""Trip computer"",""Variably intermittent wipers""],""mechanical"":[""3.21 Rear Axle Ratio"",""4-Wheel Disc Brakes"",""Power steering"",""Trailer Tow Group""],""other"":[""1-Yr SiriusXM Radio Service"",""16\"" x 7.0\"" Luxury Styled Steel Wheels"",""Connectivity Group"",""Delete Sunrider Soft Top"",""Front anti-roll bar"",""Normal Duty Suspension"",""Outside temperature display"",""Quick Order Package 24C"",""Rear anti-roll bar""],""safety"":[""ABS brakes"",""Brake assist"",""Dual front impact airbags"",""Electronic Stability Control"",""Integrated roll-over protection"",""Low tire pressure warning"",""Occupant sensing airbag"",""Tire Pressure Monitoring Display"",""Traction control""],""technology"":[""8 Speakers"",""AM/FM radio"",""CD player"",""Compass"",""Radio: 130"",""Remote USB Port"",""SIRIUS Satellite Radio"",""Speed control"",""Trailer Tow w/4-Pin Connector Wiring"",""Uconnect Voice Command w/Bluetooth"",""Vehicle Information Center""]}",56,"Recent Arrival! 2017 Granite Crystal Metallic Clearcoat Jeep 4D Sport Utility Wrangler Unlimited Sport 5-Speed Automatic 3.6L V6 24V VVT 4WD<br><br><br>Odometer is 4722 miles below market average!<br><br><br>Awards:<br>* 2017 KBB.com 10 Most Awarded Brands","[PREMIUM]",32,"2425 WILMA RUDOLPH BLVD","Clarksville","TN","37040","[PREMIUM]"
"786356984","2026-07-28 23:43:06.553","2026-07-28 23:43:06.553","786356984","[PREMIUM]","J2010149",2018,"AUDI","Audi","Q5","Q5","2.0T Premium","SUV","Used","Used 2018 Audi Q5 2.0T Premium",91001,"[PREMIUM]",,"Good","[PREMIUM]",13660,16260,"Ibis White","WHITE","Black","BLACK","4CLDR","4-Cylinder Turbo","All wheel drive","AUT","7-Speed Automatic","Automatic","G","Gasoline","Gas",23,27,2,true,5,false,true,false,,false,,,"30",72631041,"[PREMIUM]","[PREMIUM]","[PREMIUM]",841,"[PREMIUM]",false,"PARTNER",429050,4.2,47,1,"[""NO_SALVAGE_TITLE"",""ACCIDENTS_REPORTED"",""NO_ONE_OWNER""]","{""exterior"":[""Alloy wheels"",""Bumpers: body-color"",""Delay-off headlights"",""Heated Auto-Dimming & Power-Adjustable Mirrors"",""Heated door mirrors"",""High intensity discharge headlights: Xenon plus"",""LED fog lights"",""Power door mirrors"",""Rear fog lights"",""Rear window wiper"",""Roof rack"",""Spoiler"",""Turn signal indicator mirrors""],""interior"":[""3-Step Heated Front Seats"",""8-Way Power Front Bucket Seats"",""Air Conditioning"",""Auto-dimming Rear-View mirror"",""Black Privacy Trunk Cover"",""Driver Seat Memory"",""Driver door bin"",""Driver vanity mirror"",""Front Bucket Seats"",""Front Center Armrest"",""Front dual zone A/C"",""Front reading lights"",""Genuine wood console insert"",""Genuine wood dashboard insert"",""Genuine wood door panel insert"",""Leather Seating Surfaces"",""Leather Shift Knob"",""Leather steering wheel"",""Overhead console"",""Panoramic Sunroof w/Tilt/Slide & Power Sunshade"",""Passenger door bin"",""Passenger vanity mirror"",""Power Liftgate"",""Power driver seat"",""Power passenger seat"",""Power windows"",""Rear air conditioning"",""Rear reading lights"",""Rear seat center armrest"",""Rear window defroster"",""Speed-Sensitive Wipers"",""Split folding rear seat"",""Steering wheel mounted audio controls"",""Tachometer"",""Telescoping steering wheel"",""Tilt steering wheel"",""Trip computer"",""Variably intermittent wipers""],""mechanical"":[""5.302 Axle Ratio"",""Four wheel independent suspension"",""Power steering"",""Speed-sensing steering""],""other"":[""4-Wheel Disc Brakes/Brembo Calipers"",""Audi Connect CARE"",""Audi Connect PRIME & PLUS"",""Audi Virtual Cockpit"",""Audi smartphone interface (Apple CarPlay/Android Auto)"",""Convenience Package"",""Front anti-roll bar"",""Illuminated entry"",""Outside temperature display"",""Rear anti-roll bar"",""Wheels: 8\"" x 18\"" 5-Double-Spoke Dynamic Design"",""Wheels: 8\"" x 19\"" 5-Arm-Wing Design Wheel""],""safety"":[""ABS brakes"",""Brake assist"",""Dual front impact airbags"",""Dual front side impact airbags"",""Electronic Stability Control"",""Low tire pressure warning"",""Occupant sensing airbag"",""Overhead airbag"",""Panic alarm"",""Security system"",""Traction control""],""technology"":[""10 Speakers"",""AM/FM radio"",""Audi Advanced Key"",""Automatic temperature control"",""Compass"",""Exterior Parking Camera Rear"",""Garage door transmitter: HomeLink"",""Navigation & Telematics Package"",""Radio data system"",""Radio: Audi Sound System w/7\"" TFT Color Display"",""Radio: MMI Navigation Plus System"",""Rain sensing wipers"",""Remote keyless entry"",""SiriusXM Satellite Radio"",""Speed control""]}",93,"Black w/Leather Seating Surfaces, 10 Speakers, 3-Step Heated Front Seats, 4-Wheel Disc Brakes/Brembo Calipers, 5.302 Axle Ratio, 8-Way Power Front Bucket Seats, ABS brakes, Air Conditioning, Alloy wheels, AM/FM radio, Audi Advanced Key, Audi Connect CARE, Audi Connect PRIME &amp; PLUS, Audi smartphone interface (Apple CarPlay/Android Auto), Audi Virtual Cockpit, Auto-dimming Rear-View mirror, Automatic temperature control, Black Privacy Trunk Cover, Brake assist, Bumpers: body-color, Compass, Convenience Package, Delay-off headlights, Driver door bin, Driver Seat Memory, Driver vanity mirror, Dual front impact airbags, Dual front side impact airbags, Electronic Stability Control, Exterior Parking Camera Rear, Four wheel independent suspension, Front anti-roll bar, Front Bucket Seats, Front Center Armrest, Front dual zone A/C, Front reading lights, Garage door transmitter: HomeLink, Genuine wood console insert, Genuine wood dashboard insert, Genuine wood door panel insert, Heated Auto-Dimming &amp; Power-Adjustable Mirrors, Heated door mirrors, High intensity discharge headlights: Xenon plus, Illuminated entry, Leather Seating Surfaces, Leather Shift Knob, Leather steering wheel, LED fog lights, Low tire pressure warning, Navigation &amp; Telematics Package, Occupant sensing airbag, Outside temperature display, Overhead airbag, Overhead console, Panic alarm, Panoramic Sunroof w/Tilt/Slide &amp; Power Sunshade, Passenger door bin, Passenger vanity mirror, Power door mirrors, Power driver seat, Power Liftgate, Power passenger seat, Power steering, Power windows, Radio data system, Radio: Audi Sound System w/7 TFT Color Display, Radio: MMI Navigation Plus System, Rain sensing wipers, Rear air conditioning, Rear anti-roll bar, Rear fog lights, Rear reading lights, Rear seat center armrest, Rear window defroster, Rear window wiper, Remote keyless entry, Roof rack, Security system, SiriusXM Satellite Radio, Speed control, Speed-sensing steering, Speed-Sensitive Wipers, Split folding rear seat, Spoiler, Steering wheel mounted audio controls, Tachometer, Telescoping steering wheel, Tilt steering wheel, Traction control, Trip computer, Turn signal indicator mirrors, Variably intermittent wipers, Wheels: 8 x 18 5-Double-Spoke Dynamic Design, Wheels: 8 x 19 5-Arm-Wing Design Wheel, Black w/Leather Seating Surfaces.<br><br>Recent Arrival! 2018 Audi Q5 2.0T Premium quattro<br><br><br>23/27 City/Highway MPG<br>Come view our inventory indoors in our spectacular and state of the art 150,000 square foot facility.","[PREMIUM]",34,"1525 EAST 77TH ST","Richfield","MN","55423","[PREMIUM]"
"786514618","2026-07-28 23:41:46.313","2026-07-28 23:41:46.313","786514618","[PREMIUM]","U19265",2017,"SUB","Subaru","FOREST","Forester","2.5i","SUV","Used","Used 2017 Subaru Forester 2.5i w/ Alloy Wheel Package",75450,"[PREMIUM]",,"Great","[PREMIUM]",15572,17172,"Jasmine Green Metallic","GREEN","Gray","GRAY","4CLDR","4-Cylinder","All wheel drive","AUT","Continuously Variable Automatic","Automatic","G","Gasoline","Gas",26,32,2.5,false,4,false,true,false,,false,,,"30",82294,"[PREMIUM]","[PREMIUM]","[PREMIUM]",800,"[PREMIUM]",false,"PARTNER",419711,4.2,327,0,"[""NO_SALVAGE_TITLE"",""NO_ACCIDENTS_REPORTED"",""NO_ONE_OWNER""]","{""exterior"":[""Aluminum Wheels"",""Automatic Headlights"",""Power Mirror(s)""],""interior"":[""AC"",""Adjustable Steering Wheel"",""Bucket Seats"",""Cloth Seats"",""Driver Vanity Mirror"",""Intermittent Wipers"",""Pass-Through Rear Seat"",""Passenger Vanity Mirror"",""Power Door Locks"",""Power Windows"",""Rear Defrost"",""Steering Wheel Audio Controls"",""Trip Computer"",""Variable Speed Intermittent Wipers""],""mechanical"":[""4-Wheel Disc Brakes""],""other"":[""Smart Device Integration""],""safety"":[""ABS"",""Brake Assist"",""Child Safety Locks"",""Daytime Running Lights"",""Driver Air Bag"",""Front Head Air Bag"",""Passenger Air Bag"",""Rear Head Air Bag"",""Stability Control"",""Temporary Spare Tire""],""technology"":[""AM/FM Stereo"",""Auxiliary Audio Input"",""Back-Up Camera"",""Bluetooth"",""CD Player"",""Cruise Control"",""Engine Immobilizer"",""Keyless Entry"",""MP3 Player""]}",38,"EPA 32 MPG Hwy/26 MPG City! Very Nice. Jasmine Green Metallic exterior and Gray interior, Forester trim. Serviced here, Originally bought here.<br><br>KEY FEATURES INCLUDE<br>Back-Up Camera, iPod/MP3 Input, Bluetooth&reg;, CD Player, Aluminum Wheels. Subaru Forester with Jasmine Green Metallic exterior and Gray interior features a 4 Cylinder Engine with 170 HP at 5800 RPM*.<br><br>OPTION PACKAGES<br>drivers and front passenger window w/automatic up &amp; down functionality and anti-pinch protection, Black Finish Roof Rails.<br><br>EXPERTS CONCLUDE<br>Edmunds.com explains With a fairly plush ride, the Forester is a comfortable all-day cruiser. Even full-throttle acceleration doesnt significantly disturb the Foresters cabin, which remains impressively impervious to tire, wind and engine noise..<br><br>A GREAT VALUE<br>This Forester is priced $3,300 below J.D. Power Retail.<br><br>Pricing analysis performed on 7/24/2026. Horsepower calculations based on trim engine configuration. Fuel economy calculations based on original manufacturer data for trim engine configuration. Please confirm the accuracy of the included equipment by calling us prior to purchase.<br>","[PREMIUM]",28,"6882 ROUTE 9","Rhinebeck","NY","12572","[PREMIUM]"
"786512111","2026-07-28 23:41:46.262","2026-07-28 23:41:46.262","786512111","[PREMIUM]","HW608975",2017,"JEEP","Jeep","CHER","Cherokee","Limited","SUV","Used","Used 2017 Jeep Cherokee Limited w/ Luxury Group",73002,"[PREMIUM]",,"Great","[PREMIUM]",16070,18220,"Granite Crystal Metallic Clear","GRAY","Black","BLACK","6CLDR","6-Cylinder","4 wheel drive","AUT","9-Speed Automatic","Automatic","G","Gasoline","Gas",21,28,3.2,true,4,false,true,false,,false,,,"30",35820983,"[PREMIUM]","[PREMIUM]","[PREMIUM]",6032,"[PREMIUM]",false,"PARTNER",420304,3.9,415,0,"[""NO_SALVAGE_TITLE"",""NO_ACCIDENTS_REPORTED"",""ONE_OWNER""]","{""exterior"":[""Exterior Mirrors W/Memory"",""Granite Crystal Metallic Clearcoat"",""Rear Spoiler""],""interior"":[""Cooled Front Seat(S)"",""Leather Seats"",""Panoramic Roof"",""Power Front/Fixed Rear Full Sunroof"",""Power Liftgate"",""Ventilated Front Seats""],""mechanical"":[""50 State Emissions"",""Engine: 3.2L V6 24V Vvt W/Ess -inc: -Pentastar"",""Transmission: 9-Speed 948Te Automatic -inc: -1 Speed Ptu (Std)""],""other"":[""1 Year Trial (Registration Required)"",""2017. *No Longer Factory Orderable"",""5-Year SiriusXM Traffic Service"",""5-Year SiriusXM Travel Link Service"",""700 Amp Maintenance Free Battery"",""Black"",""Dual Bright Exhaust Tips"",""Luxury Group -inc: -Radio/Driver Seat/Exterior Mirrors Memory"",""Normal Duty Suspension (Std)"",""Premium Leather Trimmed Bucket Seats"",""Radio: Uconnect 3C Nav W/8.4\"" Display -inc: -SiriusXM Traffic"",""See Dealer For Current Availability*"",""SiriusXM Travel Link"",""Stop-Start Multiple Vsm System"",""Wheels: 18\"" X 7\"" Polished Aluminum (Disc) No Longer Available As Standard Equipment As Of May 19Th""],""technology"":[""Gps Navigation"",""HD Radio"",""Keyless Start"",""Navigation System""]}",31,"* Luxury Group<br>* Power Front/Fixed Rear Full Sunroof<br>* Engine: 3.2L V6 24V Vvt W/Ess<br>* Radio: Uconnect 3C Nav W/8.4&quot; Display<br>* Panoramic Roof<br>* Leather Seats<br>* Navigation System<br>* Keyless Start<br>* Rear Spoiler<br>* Cooled Front Seat(S)<br>* 50 State Emissions<br>* Black; Premium Leather Trimmed Bucket Seats<br>* Granite Crystal Metallic Clearcoat<br>* Normal Duty Suspension<br>* Transmission: 9-Speed 948Te Automatic<br>* Wheels: 18&quot; X 7&quot; Polished Aluminum<br><br><br><br>This vehicle includes a Money-Back Guarantee* and passed our precise inspection process. Best of all the price you see is the price you pay. No haggling. No back and forth. No pressure. And this price is so good it is guaranteed. *Money-Back Guarantee is valid for 5 days or 250 miles, whichever comes first. Subject to certain terms and conditions. See store for details. Some restrictions apply.<br><br>Autonation Subaru West is excited to offer this 2017 Jeep Cherokee Limited. With its full CARFAX one-owner history report, you'll know exactly what you are getting with this well-kept Jeep Cherokee. This SUV gives you versatility, style and comfort all in one vehicle. When Jeep created this vehicle with 4 wheel drive, they immediately enhanced the performance ability. Easily switch between two and four wheel drive to take advantage of the improved traction. You can tell this 2017 Jeep Cherokee has been pampered by the fact that it has less than 73,002mi and appears with a showroom shine. More information about the 2017 Jeep Cherokee: The Cherokee is a compact SUV competing with vehicles such as the Toyota RAV4 and the Honda CR-V. Like the Cherokees that came before, the 2017 model maintains the tradition of competitive pricing and strong off-road capability. While the Cherokee and its competitors are often offered with all-wheel drive, the Cherokee offers more aggressive off-roading equipment, such as a locking rear differential. Strengths of this model include bold styling, available all-wheel-drive, well equipped, Good ground clearance, roomy interior, and excellent value<br><br>","[PREMIUM]",15,"16351 West Colfax Avenue","Golden","CO","80124","[PREMIUM]"
"785531955","2026-07-28 23:41:46.253","2026-07-28 23:41:46.253","785531955","[PREMIUM]","AUC18102A",2017,"FORD","Ford","MUST","Mustang","Coupe","COUPE","Certified","Certified 2017 Ford Mustang Coupe",73555,"[PREMIUM]",,"Great","[PREMIUM]",17790,19690,"White Platinum Metallic Tri-co","WHITE","Ebony","BLACK","6CLDR","6-Cylinder","2 wheel drive - rear","AUT","6-Speed Automatic","Automatic","G","Gasoline","Gas",,,3.7,false,14,false,false,false,,false,,,"30",585972,"[PREMIUM]","[PREMIUM]","[PREMIUM]",3730,"[PREMIUM]",false,"PARTNER",419982,4.6,229,1,"[""NO_SALVAGE_TITLE"",""NO_FRAME_DAMAGE"",""NO_FLOOD_WATER_DAMAGE"",""ACCIDENTS_REPORTED"",""NO_ONE_OWNER"",""FREE_REPORT""]","{""exterior"":[""Bumpers: body-color"",""Delay-off headlights"",""Fully automatic headlights"",""High-Intensity Discharge Headlights"",""Power door mirrors"",""Wheels: 17\"" x 7.5\"" Sparkle Silver Painted Aluminum""],""interior"":[""Air Conditioning"",""Auto-dimming Rear-View mirror"",""Cloth Bucket Seats"",""Driver door bin"",""Driver vanity mirror"",""Front Bucket Seats"",""Front Center Armrest"",""Front reading lights"",""Overhead console"",""Passenger door bin"",""Passenger vanity mirror"",""Power windows"",""Rear window defroster"",""Speed-Sensitive Wipers"",""Split folding rear seat"",""Steering wheel mounted audio controls"",""Tachometer"",""Telescoping steering wheel"",""Tilt steering wheel"",""Trip computer"",""Variably intermittent wipers"",""Voltmeter""],""mechanical"":[""4-Wheel Disc Brakes"",""Four wheel independent suspension"",""Power steering"",""Speed-sensing steering""],""other"":[""Equipment Group 050A"",""Front License Plate Bracket"",""Front anti-roll bar"",""Illuminated entry"",""Outside temperature display"",""Rear anti-roll bar""],""safety"":[""ABS brakes"",""Brake assist"",""Dual front impact airbags"",""Dual front side impact airbags"",""Electronic Stability Control"",""Emergency communication system: 911 Assist"",""Knee airbag"",""Low tire pressure warning"",""Occupant sensing airbag"",""Overhead airbag"",""Panic alarm"",""Security system"",""Traction control""],""technology"":[""6 Speakers"",""AM/FM Stereo w/Single CD Player"",""AM/FM radio"",""CD player"",""Compass"",""Exterior Parking Camera Rear"",""Radio data system"",""Remote keyless entry"",""SYNC Communications & Entertainment System"",""Speed control""]}",61,"This 2017 Ford Mustang V6 represents the perfect blend of American performance and practical driving capability. With its striking white exterior and well-maintained 73,545 miles, this Mustang delivers the iconic styling and driving engagement that has made this nameplate legendary.<br><br>- 6-Speed Automatic with SelectShift and Steering Wheel Paddle Shifters<br>- Remote Start System<br>- 3.7L V6 Ti-VCT Engine with 18 city/27 highway MPG<br>- High-Intensity Discharge Headlights<br>- Exterior Parking Camera with Rear View<br>- SYNC Communications &amp; Entertainment System<br>- AM/FM Stereo with Single CD Player and 6 Speakers<br>- Steering Wheel Mounted Audio Controls<br>- Power Door Mirrors<br>- Speed Control<br>- Rear Window Defroster<br>- Spare Wheel and Tire<br>- 17 Sparkle Silver Painted Aluminum Wheels<br>- Front Bucket Seats with Center Armrest<br>- Electronic Stability Control and Traction Control<br><br>The Mustang's 3.7L V6 Ti-VCT engine combines efficiency with responsive performance, delivering 18 miles per gallon in the city and 27 on the highway. The 6-speed automatic transmission with SelectShift gives you the option to take manual control when you want it, while the remote start system means you can have your Mustang ready to go before you even step outside. The high-intensity discharge headlights provide superior visibility during night driving, and the rear parking camera takes the guesswork out of backing up safely.<br><br>Inside, you'll find a driver-focused interior with front bucket seats and a center armrest for comfort during longer drives. The SYNC entertainment system keeps you connected, while steering wheel audio controls allow you to manage your music and calls without taking your hands off the wheel. Speed control makes highway driving more relaxed, and the telescoping steering wheel adjusts to fit your driving position perfectly.<br><br>- 139 Point Inspection<br>- Roadside Assistance<br>- Warranty Deductible: $100<br>- Transferable Warranty<br>- Vehicle History<br>- Limited Warranty: 3 Month/4,000 Mile (whichever comes first) after new car warranty expires or from certified purchase date<br>- 11,000 FordPass Rewards Points to use toward first maintenance visit<br>- Blue Certified Vehicles can be Ford and Non-Ford Makes and Models, So You Can Find a Variety of Certified Used Vehicles, Including SUV's, Trucks and Commercial Vehicles as Part of the Ford Blue Advantage Program<br><br>Safety features include dual front impact airbags, dual front side impact airbags, knee airbags, and overhead airbags strategically positioned throughout the cabin. The electronic stability control and traction control systems work together to keep you confident in various driving conditions. Four-wheel disc brakes with ABS give you reliable stopping power, while the emergency communication system provides peace of mind during any situation.<br><br>This Mustang has been thoroughly inspected and certified, giving you confidence in its mechanical condition and reliability. The Ford Blue Certified program backs this vehicle with comprehensive coverage and support, including roadside assistance should you ever need it. The transferable warranty offers additional protection, and you can put your 11,000 FordPass Rewards Points toward your first maintenance visit.<br><br>We invite you to visit our showroom and experience this 2017 Ford Mustang V6 for yourself. Take it for a test drive and feel the responsive handling and smooth acceleration that make the Mustang such a rewarding vehicle to own. Our team is ready to answer your questions and help you move forward with confidence.","[PREMIUM]",23,"1635 South Interstate 35E","Carrollton","TX","75006","[PREMIUM]"
"786055662","2026-07-28 23:41:46.249","2026-07-28 23:41:46.249","786055662","[PREMIUM]","NI9729A",2017,"NISSAN","Nissan","MURANO","Murano","Platinum","SUV","Certified","Certified 2017 Nissan Murano Platinum w/ Platinum Technology Package",72680,"[PREMIUM]",,"Great","[PREMIUM]",16980,19430,"Pearl White","WHITE","Graphite","GRAY","6CLDR","6-Cylinder","All wheel drive","AUT","Continuously Variable Automatic","Automatic","G","Gasoline","Gas",21,28,3.5,true,9,false,false,false,,false,,,"30",69766189,"[PREMIUM]","[PREMIUM]","[PREMIUM]",1346,"[PREMIUM]",false,"PARTNER",421815,4.6,152,0,"[""NO_SALVAGE_TITLE"",""NO_ACCIDENTS_REPORTED"",""ONE_OWNER""]","{""exterior"":[""Alloy wheels"",""Bumpers: body-color"",""Delay-off headlights"",""Front fog lights"",""Fully automatic headlights"",""Heated door mirrors"",""Power door mirrors"",""Rear Bumper Protector"",""Rear window wiper"",""Spoiler"",""Turn signal indicator mirrors"",""Wheels: 20\"" Machined Aluminum-Alloy""],""interior"":[""Air Conditioning"",""Anti-whiplash front head restraints"",""Auto-dimming Rear-View mirror"",""Carpeted Floor Mats & Cargo Mat"",""Driver door bin"",""Driver vanity mirror"",""Front Bucket Seats"",""Front Center Armrest w/Storage"",""Front dual zone A/C"",""Front reading lights"",""Heated & Cooled Front Bucket Seats"",""Heated front seats"",""Heated rear seats"",""Heated steering wheel"",""Leather Shift Knob"",""Leather-Appointed Seat Trim"",""Memory seat"",""Overhead console"",""Passenger door bin"",""Passenger vanity mirror"",""Power Liftgate"",""Power driver seat"",""Power passenger seat"",""Power windows"",""Rear reading lights"",""Rear seat center armrest"",""Rear window defroster"",""Speed-Sensitive Wipers"",""Split folding rear seat"",""Steering wheel memory"",""Steering wheel mounted audio controls"",""Tachometer"",""Telescoping steering wheel"",""Tilt steering wheel"",""Trip computer"",""Variably intermittent wipers"",""Ventilated front seats""],""mechanical"":[""4-Wheel Disc Brakes"",""4.677 Axle Ratio"",""Four wheel independent suspension"",""Power steering"",""Speed-sensing steering""],""other"":[""Activation Disclaimer"",""Front anti-roll bar"",""Illuminated entry"",""Outside temperature display"",""Platinum Technology Package"",""Rear anti-roll bar"",""Roof rack: rails only"",""Special Paint - Pearl White"",""Splash Guards""],""safety"":[""ABS brakes"",""Blind Spot Warning"",""Brake assist"",""Dual front impact airbags"",""Dual front side impact airbags"",""Electronic Stability Control"",""Emergency communication system: NissanConnect Services"",""Knee airbag"",""Low tire pressure warning"",""Occupant sensing airbag"",""Overhead airbag"",""Panic alarm"",""Predictive Forward Collision Warning (PFCW)"",""Security system"",""Traction control""],""technology"":[""11 Speakers"",""AM/FM radio: SiriusXM"",""Automatic temperature control"",""CD player"",""Compass"",""Garage door transmitter: HomeLink"",""Intelligent Cruise Control"",""Navigation System"",""NissanConnect Services Powered By SiriusXM"",""Radio data system"",""Radio: AM/FM/CD Audio System w/Navigation"",""Remote keyless entry"",""Speed control""]}",91,"Recent Arrival! 2017 Nissan Murano Platinum Clean CARFAX.<br><br>Odometer is 22934 miles below market average! 21/28 City/Highway MPG<br>Nissan Certified Details:<br><br>* Roadside Assistance<br>* 7 Year/100,000 Mile Limited Warranty, 24/7 Hour Roadside Assistance, Carfax Vehicle History Report, Plus 1 Year Pre-Paid Maintenance Included. Gas Powered Nissan Models Only.<br>* 167 Point Inspection<br>* Transferable Warranty<br>* Limited Warranty: 84 Month/100,000 Mile (whichever occurs first)<br>* Warranty Deductible: $100<br>* Vehicle History","[PREMIUM]",38,"2627 MORSE ST","Janesville","WI","53545","[PREMIUM]"
"786213346","2026-07-28 23:41:46.245","2026-07-28 23:41:46.245","786213346","[PREMIUM]","TS347852",2016,"RAM","RAM","RM1500","1500","Laramie","TRUCKS","Used","Used 2016 RAM 1500 Laramie w/ Convenience Group",143209,"[PREMIUM]",,"Good","[PREMIUM]",16000,18100,"Brilliant Black Crystal Pearlc","BLACK","Lt Frost Beige/Brown","BEIGE","8CLDR","8-Cylinder","2 wheel drive - rear","AUT","8-Speed Automatic","Automatic","G","Gasoline","Gas",17,25,5.7,true,7,false,false,false,,false,,,"30",64575425,"[PREMIUM]","[PREMIUM]","[PREMIUM]",4967,"[PREMIUM]",false,"PARTNER",415192,4.6,534,1,"[""NO_SALVAGE_TITLE"",""NO_ACCIDENTS_REPORTED"",""ONE_OWNER""]","{""interior"":[""115V Auxiliary Power Outlet"",""1st Row Underseat Storage and 2nd Row Underseat Storage"",""2 Seatback Storage Pockets"",""3 12V DC Power Outlets"",""Cargo Area Concealed Storage"",""Cruise Control w/Steering Wheel Controls"",""Dashboard Storage"",""Day-Night Auto-Dimming Rearview Mirror"",""Driver / Passenger And Rear Door Bins"",""Driver And Passenger Visor Vanity Mirrors w/Driver And Passenger Illumination"",""Driver Seat"",""Dual Zone Front Automatic Air Conditioning"",""Electronic Shift"",""Folding Flat Load Floor Storage"",""Front Center Armrest w/Storage and Rear Center Armrest"",""Front Cupholder"",""Front Map Lights"",""Full Cloth Headliner"",""Garage Door Transmitter"",""HVAC -inc: Underseat Ducts and Console Ducts"",""Heated Leather Steering Wheel"",""High Back Seats"",""Illuminated Glove Box"",""Instrument Panel Bin"",""Manual Adjustable Front Head Restraints and Manual Adjustable Rear Head Restraints"",""Manual Tilt Steering Column"",""Mini Overhead Console and 3 12V DC Power Outlets"",""Passenger Seat"",""Power Adjustable Pedals"",""Rear 60/40 Split Folding Seat"",""Rear Cupholder"",""Redundant Digital Speedometer"",""Valet Function"",""Vinyl Door Trim Insert""],""other"":[""Analog Appearance"",""Delayed Accessory Power"",""Engine Compartment And Cab Mounted Cargo Lights"",""FOB Controls -inc: Keyfob Cargo Access"",""Fade-To-Off Interior Lighting"",""Interior Trim -inc: Deluxe Sound Insulation"",""Mobile Hotspot Internet Access"",""Outside Temp Gauge"",""Perimeter AlarmFixed Antenna"",""Regular Amplifier"",""Simulated Wood/Metal-Look Door Panel Insert and Chrome/Metal-Look Interior Accents"",""Simulated Wood/Metal-Look Instrument Panel Insert"",""Streaming Audio"",""Urethane Gear Shifter Material""],""safety"":[""Airbag Occupancy Sensor"",""Curtain 1st And 2nd Row Airbags"",""Dual Stage Driver And Passenger Front Airbags"",""Dual Stage Driver And Passenger Seat-Mounted Side Airbags"",""Height Adjusters and Pretensioners"",""Outboard Front Lap And Shoulder Safety Belts -inc: Rear Center 3 Point"",""Rear Child Safety Locks"",""Side Impact Beams"",""Tire Specific Low Tire Pressure Warning""],""technology"":[""2 LCD Moni"",""Compass"",""Driver Information Center"",""ParkView Back-Up Camera"",""Sentry Key Immobilizer"",""Voice Recorder""]}",63,"2016 Ram 1500 Laramie Brilliant Black Crystal Pearlcoat 4D Crew Cab HEMI 5.7L V8 Multi Displacement VVT RWD NAVIGATION!, BLUETOOTH!, REMOTE KEYLESS ENTRY!, LEATHER!, TINTED WINDOWS!, BACKUP CAMERA!, PREMIUM ALLOY WHEELS, TOUCH SCREEN RADIO!, POWER WINDOWS &amp; LOCKS!, STEERING WHEEL MOUNTED AUDIO CONTROLS!, CRUISE CONTROL!, LOCALLY OWNED AND TRADED!, BEST COLOR COMBINATION!, POWER SEAT, HEATED SEATS, TRAILER TOW GROUP, RECEIVER HITCH.<br><br><br>We appreciate your interest in this used vehicle, for sale at Five Star CDJR in Warner Robins. We sell and service all Makes and models including, Toyota, Ford, Honda, Chevrolet, Dodge, Jeep, Ram, Hyundai, Kia, Lexus, Acura, and many more. We proudly serve the Warner Robins, Macon, Dublin, Perry, Cochran, Vienna, Cordele and Columbus areas with the best pricing on used cars. We ensure you get a great deal through market research tools like KBB to find the right price for your vehicle. Used car buying doesn t have to be a scary experience! Let our sale consultants help you find the perfect ride at and affordable cost at Five Star CDJR Warner Robins. 2817 WATSON BLVD  .","[PREMIUM]",31,"2817 Watson Blvd","Warner Robins","GA","31093","[PREMIUM]"
"786516460","2026-07-28 23:41:46.242","2026-07-28 23:41:46.242","786516460","[PREMIUM]","THL245738",2017,"FORD","Ford","FOCUS","Focus","ST","HATCH","Used","Used 2017 Ford Focus ST w/ Equipment Group 402A",69000,"[PREMIUM]",,"Great","[PREMIUM]",16880,18780,"Oxford White","WHITE","Black","BLACK","4CLDR","4-Cylinder Turbo","2 wheel drive - front","MAN","6-Speed Manual","Manual","G","Gasoline","Gas",22,30,2,true,4,false,true,false,,false,,,"30",78589,"[PREMIUM]","[PREMIUM]","[PREMIUM]",5951,"[PREMIUM]",false,"PARTNER",422272,3.6,876,1,"[""NO_SALVAGE_TITLE"",""ACCIDENTS_REPORTED"",""NO_ONE_OWNER""]","{""exterior"":[""Alloy wheels"",""Bumpers: body-color"",""Delay-off headlights"",""Front fog lights"",""Fully automatic headlights"",""HID Cornering Headlamps"",""Heated Sideview Mirrors"",""Power door mirrors"",""Rear window wiper"",""Spoiler"",""Turn signal indicator mirrors""],""interior"":[""Air Conditioning"",""Driver door bin"",""Driver vanity mirror"",""Dual-Zone Electronic Automatic Temperature Control"",""Front Bucket Seats"",""Front Center Armrest"",""Front reading lights"",""Heated 3 Point Steering Wheel"",""Leather steering wheel"",""Overhead Console"",""Passenger door bin"",""Passenger vanity mirror"",""Power Sunroof"",""Power windows"",""Rear Armrest"",""Rear window defroster"",""Split folding rear seat"",""Steering wheel mounted audio controls"",""Tachometer"",""Telescoping steering wheel"",""Tilt steering wheel"",""Trip computer"",""Variably intermittent wipers""],""mechanical"":[""4-Wheel Disc Brakes"",""Four wheel independent suspension"",""Power steering""],""other"":[""Amazing Gas Mileage"",""Ambient Lighting"",""Carbon Fiber Interior Accent Package"",""Cloth Sport Seats w/Unique ST Logo"",""Equipment Group 402A"",""Front anti-roll bar"",""Hard to Find"",""Heated Full Leather RECARO Seats w/ST Logo"",""Illuminated entry"",""Local Trade"",""Low Mileage"",""Outside temperature display"",""Partial Leather RECARO Sport Seats w/ST Logo"",""Premium Audio"",""Rear anti-roll bar"",""SecuriCode Keyless-Entry Keypad"",""Wheels: 18\"" Rado Gray Alloy""],""safety"":[""ABS brakes"",""Brake assist"",""Dual front impact airbags"",""Dual front side impact airbags"",""Electronic Stability Control"",""Emergency communication system: 911 Assist"",""Knee airbag"",""Low tire pressure warning"",""Occupant sensing airbag"",""Overhead airbag"",""Panic alarm"",""Security system"",""Traction control""],""technology"":[""6 Speakers"",""AM/FM radio"",""AM/FM/CD/MP3 Radio"",""Bluetooth"",""CD player"",""Compass"",""Exterior Parking Camera Rear"",""Radio data system"",""Radio: Sony Audio System"",""Rear Backup Camera"",""Remote keyless entry"",""SYNC 3 Communications & Entertainment System"",""SYNC Communications & Entertainment System"",""Speed control"",""Voice Activated Touchscreen Navigation""]}",82,"2017 Ford Focus ST FWD 2.0L GTDi Odometer is 40348 miles below market average! 22/30 City/Highway MPG Bluetooth, Premium Audio, Rear Backup Camera, Carbon Fiber Interior Accent Package, Equipment Group 402A, Power Sunroof.<br><br>Awards:<br>* 2017 KBB.com 10 Most Awarded Brands * 2017 KBB.com Brand Image Awards<br><br>By submitting your information, you consent to receive all forms of communication including but not limited to phone, text, email, mail, etc. Message and data rates may apply. Consent to these terms is not a condition of purchase. You may opt out at any time. Based on model year EPA mileage ratings. Use for comparison purposes only. Your actual mileage will vary depending on how you drive and maintain your vehicle. Lifetime Warranty is subject to terms and conditions. Not all vehicles qualify.","[PREMIUM]",30,"7331 Rivers Ave N","Charleston","SC","29406","[PREMIUM]"
"786159962","2026-07-28 23:41:46.234","2026-07-28 23:41:46.234","786159962","[PREMIUM]","25411",2017,"VOLKS","Volkswagen","TIGUAN","Tiguan","Wolfsburg Edition","SUV","Used","Used 2017 Volkswagen Tiguan Wolfsburg Edition",28780,"[PREMIUM]",,"Great","[PREMIUM]",16065,17940,"Black","BLACK","Tan","TAN","4CLDR","4-Cylinder Turbo","All wheel drive","AUT","6-Speed Automatic","Automatic","G","Gasoline","Gas",20,24,2,false,7,false,false,false,,false,,,"10",76750,"[PREMIUM]","[PREMIUM]","[PREMIUM]",319,"[PREMIUM]",false,"PARTNER",420785,4.2,204,1,"[""NO_SALVAGE_TITLE"",""NO_FRAME_DAMAGE"",""NO_FLOOD_WATER_DAMAGE"",""NO_ACCIDENTS_REPORTED"",""NO_ONE_OWNER"",""FREE_REPORT""]","{""interior"":[""Heated Seats"",""Panoramic Sunroof"",""Sunroof/Moonroof""],""other"":[""Safety Package""],""technology"":[""Keyless Start"",""Telematics""]}",6,"If you are searching for a sophisticated compact SUV that perfectly balances European styling with everyday versatility, this 2017 Volkswagen Tiguan 2.0T Wolfsburg Edition 4MOTION is an exceptional choice. Clad in a striking black exterior that beautifully contrasts with its warm, inviting tan interior, this vehicle exudes a premium aesthetic from every angle. As a Wolfsburg Edition, this Tiguan offers a unique blend of sporty design cues and upscale comfort, making it a standout option for savvy buyers who refuse to compromise on style or substance during their daily commute or weekend getaways.<br><br>Under the hood, this 2017 Volkswagen Tiguan is powered by a responsive 2.0L 4-cylinder engine, delivering spirited acceleration and a dynamic driving experience. Paired with Volkswagen's advanced 4MOTION All Wheel Drive system, this SUV provides enhanced traction and stability across a variety of road conditions, whether you are navigating slick rainy streets or tackling wintry weather. This combination of turbocharged power and confident all-wheel-drive capability ensures a composed, car-like ride quality with the added utility and elevated ground clearance of a modern crossover.<br><br>Inside the cabin, the refined tan interior offers a comfortable and well-appointed environment designed with both the driver and passengers in mind. The Wolfsburg Edition trim level brings distinct cabin refinements and intuitive technology interfaces that elevate your daily drive, keeping you connected and comfortable on the road. Combining a sleek black exterior, a spacious and stylish cabin, and dependable all-wheel-drive performance, this 2017 Volkswagen Tiguan 2.0T Wolfsburg Edition 4MOTION represents an incredible value for anyone seeking a capable and premium pre-owned SUV.<br><br>","[PREMIUM]",5,"300 Turnpike Street","South Easton","MA","02375","[PREMIUM]"
"786274763","2026-07-28 23:40:25.889","2026-07-28 23:40:25.889","786274763","[PREMIUM]","HH566516",2017,"SUB","Subaru","FOREST","Forester","2.5i Premium","SUV","Used","Used 2017 Subaru Forester 2.5i Premium",87398,"[PREMIUM]",,"Great","[PREMIUM]",16690,18790,"Crystal White Pearl","WHITE","Gray","GRAY","4CLDR","4-Cylinder","All wheel drive","AUT","Continuously Variable Automatic","Automatic","G","Gasoline","Gas",26,32,2.5,false,6,false,true,false,,false,,,"30",68519025,"[PREMIUM]","[PREMIUM]","[PREMIUM]",6286,"[PREMIUM]",false,"PARTNER",419714,4.2,327,1,"[""NO_SALVAGE_TITLE"",""NO_FRAME_DAMAGE"",""NO_FLOOD_WATER_DAMAGE"",""NO_ACCIDENTS_REPORTED"",""ONE_OWNER"",""FREE_REPORT""]","{""exterior"":[""Aluminum Wheels"",""Automatic Headlights"",""Power Mirror(s)"",""Rear Spoiler"",""Tires - Front All-Season"",""Tires - Rear All-Season""],""interior"":[""AC"",""Adjustable Steering Wheel"",""Auto-Dimming Rearview Mirror"",""Bucket Seats"",""Climate Control"",""Cloth Seats"",""Driver Adjustable Lumbar"",""Driver Illuminated Vanity Mirror"",""Driver Vanity Mirror"",""Floor Mats"",""Intermittent Wipers"",""Panoramic Roof"",""Pass-Through Rear Seat"",""Passenger Illuminated Visor Mirror"",""Passenger Vanity Mirror"",""Power Door Locks"",""Power Driver Seat"",""Power Windows"",""Privacy Glass"",""Rear Defrost"",""Steering Wheel Audio Controls"",""Sunroof / Moonroof"",""Trip Computer"",""Universal Garage Door Opener"",""Variable Speed Intermittent Wipers""],""mechanical"":[""4 Cylinder Engine"",""4-Wheel Disc Brakes"",""All Wheel Drive"",""CVT Transmission"",""Gasoline Fuel"",""Power Steering""],""other"":[""Smart Device Integration""],""safety"":[""ABS"",""Brake Assist"",""Child Safety Locks"",""Daytime Running Lights"",""Driver Air Bag"",""Front Head Air Bag"",""Passenger Air Bag"",""Rear Head Air Bag"",""Stability Control"",""Temporary Spare Tire"",""Tire Pressure Monitor""],""technology"":[""AM/FM Stereo"",""Auxiliary Audio Input"",""Back-Up Camera"",""CD Player"",""Cruise Control"",""Engine Immobilizer"",""Keyless Entry"",""MP3 Player"",""Satellite Radio"",""Telematics""]}",59,"FUEL EFFICIENT 32 MPG Hwy/26 MPG City! Superb Condition. Premium trim, Crystal White Pearl exterior and Gray interior. Per Carfax Last Owned in Oklahoma, Clean Carfax, Manager Special, Recently Serviced.<br><br>KEY FEATURES INCLUDE<br>Per Carfax Last Owned in Oklahoma, Clean Carfax, Manager Special, Recently Serviced, Sunroof, Panoramic Roof, All Wheel Drive, Back-Up Camera, Satellite Radio, iPod/MP3 Input, CD Player, Onboard Communications System Rear Spoiler, MP3 Player, Keyless Entry, Privacy Glass.<br><br>OPTION PACKAGES<br>AUTO-DIMMING MIRROR W/COMPASS &amp; HOMELINK.<br><br>WHY BUY FROM US<br>Buy with confidence at Group 1 where every pre-owned vehicle, up to 175,000 miles, comes with a one month 1,000-mile limited warranty along with a 3-day 250-mile exchange policy. Some exclusions may apply, see Buyers Guide for specifics. Every vehicle is priced to market and includes a Carfax History Report.<br><br>MARKET-BASED PRICING<br>You expect fair &amp; competitive pricing. Thats why the price is based on current market data and is regularly compared to similar pre-owned vehicles in the region.<br><br>QUALITY INSPECTIONS<br>Every vehicle is thoroughly inspected and comes with a complimentary vehicle history report.<br><br>QUICK &amp; TRANSPARENT FINANCING<br>Need Financing? Apply in minutes with all terms and conditions clearly disclosed upfront.<br><br>VEHICLE SERVICE CONTRACTS<br>Avoid bumps in the road! Adding a service contract can help prevent future unexpected expenses from arising. Available for most purchases.<br><br>VEHICLE REVIEWS<br>Edmunds.com explains With a fairly plush ride, the Forester is a comfortable all-day cruiser. Even full-throttle acceleration doesnt significantly disturb the Foresters cabin, which remains impressively impervious to tire, wind and engine noise..<br><br>PRICED TO MOVE<br>AutoCheck One Owner<br><br>WHO WE ARE<br>Why Buy from South Pointe Honda? South Pointe Honda is one of the largest volume New and Certified PreOwned Honda Dealers in the state of Oklahoma. However, South Pointe Honda provides much more than just new and used vehicles. Current Honda owners love our onsite car service and maintenance center, employing the most Honda Certified Master Technicians in the state that use certified parts from the manufacturer. We make servicing your vehicle a simple, pleasant experience, with complimentary preliminary diagnosis, and over 160 years of combined repair experience. Our friendly management staff has over 60 years of combined Honda experience, most of which at South Pointe Honda, providing transparent pricing on every New, Certified PreOwned and Used vehicle. Our professionial staff is hired for their integrity, respect, professionalism and teamwork. Our entire dealership is here for you to provide the best experience possible, with over 4.5 stars on Carfax, Google, and DealerRater. We look forward to serving you!<br><br>Pricing analysis performed on 7/23/2026. Fuel economy calculations based on original manufacturer data for trim engine configuration. Please confirm the accuracy of the included equipment by calling us prior to purchase.<br>","[PREMIUM]",35,"9124 S MEMORIAL DR","Tulsa","OK","74133","[PREMIUM]"
"786389588","2026-07-28 23:40:25.886","2026-07-28 23:40:25.886","786389588","[PREMIUM]","TSP139",2017,"TOYOTA","Toyota","CAMRY","Camry","SE","SEDAN","Used","Used 2017 Toyota Camry SE",73716,"[PREMIUM]",,"Good","[PREMIUM]",15810,17460,"Cosmic Gray Mica","GRAY","Black","BLACK","4CLDR","4-Cylinder","2 wheel drive - front","AUT","6-Speed Automatic","Automatic","G","Gasoline","Gas",,,2.5,false,5,false,true,false,,false,,,"30",75658159,"[PREMIUM]","[PREMIUM]","[PREMIUM]",4993,"[PREMIUM]",false,"PARTNER",419890,4.4,547,0,"[""NO_SALVAGE_TITLE"",""NO_ACCIDENTS_REPORTED"",""NO_ONE_OWNER""]","{""exterior"":[""7.0J x 17\"" Alloy Wheels"",""Alloy wheels"",""Bumpers: body-color"",""Delay-off headlights"",""Fully automatic headlights"",""Heated door mirrors"",""Power door mirrors"",""Spoiler""],""interior"":[""Air Conditioning"",""Driver door bin"",""Driver vanity mirror"",""Fabric Seat Trim"",""Front Bucket Seats"",""Front Center Armrest"",""Front reading lights"",""Leather steering wheel"",""Overhead console"",""Passenger door bin"",""Passenger vanity mirror"",""Power driver seat"",""Power windows"",""Rear seat center armrest"",""Rear window defroster"",""Split folding rear seat"",""Sport steering wheel"",""Steering wheel mounted audio controls"",""Tachometer"",""Telescoping steering wheel"",""Tilt steering wheel"",""Trip computer"",""Variably intermittent wipers""],""mechanical"":[""4-Wheel Disc Brakes"",""Four wheel independent suspension"",""Power steering"",""Speed-sensing steering""],""other"":[""*THIS CAR IS LOCATED AT 1111 N. CLARK ST"",""*VIDEO WALK AROUND*"",""*VIRTUAL APPOINTMENTS*"",""CHICAGO"",""Front anti-roll bar"",""IL 60610*"",""Illuminated entry"",""Outside temperature display"",""Rear anti-roll bar""],""safety"":[""ABS brakes"",""Brake assist"",""Dual front impact airbags"",""Dual front side impact airbags"",""Electronic Stability Control"",""Knee airbag"",""Low tire pressure warning"",""Occupant sensing airbag"",""Overhead airbag"",""Panic alarm"",""Rear side impact airbag"",""Traction control""],""technology"":[""**BLUETOOTH**"",""6 Speakers"",""AM/FM radio"",""CD player"",""Exterior Parking Camera Rear"",""Radio: Entune Audio"",""Remote keyless entry"",""Speed control""]}",64,"4-Wheel Disc Brakes, 6 Speakers, 7.0J x 17 Alloy Wheels, ABS brakes, Air Conditioning, AM/FM radio, Brake assist, CD player, Delay-off headlights, Dual front impact airbags, Dual front side impact airbags, Electronic Stability Control, Exterior Parking Camera Rear, Fabric Seat Trim, Four wheel independent suspension, Front anti-roll bar, Front Bucket Seats, Front Center Armrest, Fully automatic headlights, Heated door mirrors, Illuminated entry, Knee airbag, Low tire pressure warning, Occupant sensing airbag, Overhead airbag, Overhead console, Power door mirrors, Power driver seat, Power steering, Power windows, Radio: Entune Audio, Rear anti-roll bar, Rear side impact airbag, Rear window defroster, Remote keyless entry, Speed-sensing steering, Split folding rear seat, Sport steering wheel, Steering wheel mounted audio controls, Telescoping steering wheel, Tilt steering wheel, Traction control.<br><br>A vehicle is only as reliable as the people standing behind it. When you buy from Murgado Automotive Group, you're buying from a multi-generational family business that has spent over 24 years building a reputation across more than 30 dealerships in five states. With both father and son actively involved in daily operations, we represent over 22 brands and employ more than 2,000 people. We're not going anywhere, and neither is our commitment to you. That kind of scale matters. It means we have the resources to inspect, recondition, and stand behind every vehicle we sell. It means we price based on real market data, not guesswork. And it means we have far more to lose from a bad experience than we have to gain from a bad deal. Our reputation is built one guest at a time. We believe you deserve honesty, respect, and a team that treats your purchase like it matters. Because it does. 4D Sedan<br><br>Clean CARFAX.<br><br><br>Odometer is 38853 miles below market average!","[PREMIUM]",34,"1561 N FREMONT ST","Chicago","IL","60642","[PREMIUM]"
"786424591","2026-07-28 23:40:25.885","2026-07-28 23:40:25.885","786424591","[PREMIUM]","R267028A",2017,"FORD","Ford","EXPLOR","Explorer","XLT","SUV","Used","Used 2017 Ford Explorer XLT w/ Equipment Group 202A",82599,"[PREMIUM]",,"Good","[PREMIUM]",17113,19213,"White Platinum Metallic Tri-co","WHITE","Ebony Black","BLACK","4CLDR","4-Cylinder Turbo","4 wheel drive","AUT","6-Speed Automatic","Automatic","G","Gasoline","Gas",16,23,2.3,true,5,false,true,false,,false,,,"30",70763,"[PREMIUM]","[PREMIUM]","[PREMIUM]",3729,"[PREMIUM]",false,"PARTNER",423817,4.2,368,1,"[""NO_SALVAGE_TITLE"",""NO_ACCIDENTS_REPORTED"",""ONE_OWNER""]","{""exterior"":[""Aluminum Wheels"",""Automatic Headlights"",""Fog Lamps"",""Heated Mirrors"",""Integrated Turn Signal Mirrors"",""LED Headlights"",""Power Mirror(s)"",""Rear Spoiler"",""Tires - Front All-Season"",""Tires - Rear All-Season""],""interior"":[""3rd Row Seat"",""A/C"",""Adjustable Steering Wheel"",""Bucket Seats"",""Cloth Seats"",""Driver Adjustable Lumbar"",""Driver Illuminated Vanity Mirror"",""Driver Vanity Mirror"",""Floor Mats"",""Intermittent Wipers"",""Leather Steering Wheel"",""Pass-Through Rear Seat"",""Passenger Illuminated Visor Mirror"",""Passenger Vanity Mirror"",""Power Door Locks"",""Power Driver Seat"",""Power Passenger Seat"",""Power Windows"",""Privacy Glass"",""Rear A/C"",""Rear Bench Seat"",""Rear Defrost"",""Steering Wheel Audio Controls"",""Trip Computer"",""Variable Speed Intermittent Wipers""],""mechanical"":[""4-Wheel Disc Brakes"",""CLASS II TRAILER TOW PACKAGE"",""ENGINE: 2.3L I-4 ECOBOOST"",""Four Wheel Drive"",""Power Steering""],""other"":[""Driver Restriction Features"",""EQUIPMENT GROUP 202A  -inc: Dual-Zone Electronic Automatic Temperature Ctrl  Driver Connect Package  SYNC 3 Communications & Entertainment System  enhanced voice recognition  8\"" LCD capacitive touchscreen in center stack w/swipe capability  pinch-to-zoom"",""Requires Subscription"",""Smart Device Integration"",""XLT TECHNOLOGY FEATURE BUNDLE  -inc: Voice-Activated Touchscreen Navigation System  pinch-to-zoom capability  SiriusXM Traffic and Travel Link (subscription required)  Note: SiriusXM Traffic and Travel Link (subscription required)  Service not available i""],""safety"":[""ABS"",""Brake Assist"",""Child Safety Locks"",""Daytime Running Lights"",""Driver Air Bag"",""Front Head Air Bag"",""Front Side Air Bag"",""Knee Air Bag"",""Passenger Air Bag"",""Passenger Air Bag Sensor"",""Rear Head Air Bag"",""Security System"",""Stability Control"",""Temporary Spare Tire"",""Tire Pressure Monitor"",""Traction Control""],""technology"":[""AM/FM Stereo"",""Auxiliary Audio Input"",""Back-Up Camera"",""Bluetooth Connection"",""CD Player"",""Cruise Control"",""Immobilizer"",""Keyless Entry"",""Keyless Start"",""MP3 Capability"",""Rear Parking Aid"",""Satellite Radio"",""Telematics""]}",74,"White Platinum Metallic Tri-Coat exterior and Ebony Black interior, XLT trim. Extra Clean. AND MORE!<br><br>DISCOVER THE LUTHER ADVANTAGE<br>The Luther Advantage is a complete and comprehensive package of benefits designed to make buying-and driving-a vehicle from the Luther dealerships a pleasant and convenient experience. From the peace of mind that comes with a 5 Day-500 Mile Return or Exchange Policy, 30 Day 1,500 miles Full Warranty and 60 Day 2,500 miles Limited Powertrain Warranty and Free CARFAX Reports &amp; Clean Title Guarantee on pre-owned vehicles, as well as providing Luther customers with full range of valuable savings at participating Holiday Stationstores including 20 cents off a gallon, $6 for The Works car wash among other advantages and guarantees. As much as we like satisfying customers, we like keeping them even more.<br><br>OPTION PACKAGES<br>EQUIPMENT GROUP 202A Dual-Zone Electronic Automatic Temperature Ctrl, Driver Connect Package, SYNC 3 Communications &amp; Entertainment System, enhanced voice recognition, 8 LCD capacitive touchscreen in center stack w/swipe capability, pinch-to-zoom capability included when equipped w/available voice-activated touchscreen navigation system, AppLink, 911 Assist, Apple CarPlay&reg; and Android Auto&reg;, 2 smart-charging multimedia USB ports (1 replaces the front center floor console powerpoint port), Note: SYNC AppLink lets you control some of your favorite compatible mobile apps w/your voice, It is compatible w/select smartphone platforms, Commands may vary by phone and AppLink software, 2 Driver Configurable 4.2 Color LCD Displays, Located in instrument cluster, Auto-Dimming Rearview Mirror, XLT TECHNOLOGY FEATURE BUNDLE Voice-Activated Touchscreen Navigation System, pinch-to-zoom capability, SiriusXM Traffic and Travel Link, Note: SiriusXM Traffic and Travel Link includes a, Service not available in Alaska or Hawaii, SiriusXM audio and data services each require a subscription sold separately, or as a package, by Sirius XM Radio Inc, If you decide to continue service after your trial, the subscription plan you choose will automatically renew thereafter and you will be charged according to your chosen payment method at then-current rates, Fees and taxes apply, To cancel you must call SiriusXM at  , See SiriusXM Customer Agreement for complete , All fees and programming subject to change, Sirius, XM and all, ENGINE: 2.3L I-4 ECOBOOST, CLASS II TRAILER TOW PACKAGE.<br><br>EXPERTS ARE SAYING<br>When it comes to horsepower, Fords 7-passenger Explorer SUV for 2017 delivers at every level. -KBB.com.<br><br>Check whether a vehicle is subject to open recalls for safety <br><br><br>Horsepower calculations based on trim engine configuration. Fuel economy calculations based on original manufacturer data for trim engine configuration. Please confirm the accuracy of the included equipment by calling us prior to purchase.<br><br>The price of this vehicle includes a $350 documentation fee.","[PREMIUM]",34,"250 Fifth Avenue South","Hopkins","MN","55343","[PREMIUM]"
"786062426","2026-07-28 23:40:25.875","2026-07-28 23:40:25.875","786062426","[PREMIUM]","E138868B",2017,"HONDA","Honda","PILOT","Pilot","LX","SUV","Used","Used 2017 Honda Pilot LX",78020,"[PREMIUM]",,"Great","[PREMIUM]",17580,19680,"Modern Steel Metallic","GRAY","Gray","GRAY","6CLDR","6-Cylinder","2 wheel drive - front","AUT","6-Speed Automatic","Automatic","G","Gasoline","Gas",19,27,3.5,false,9,false,false,true,,false,,,"30",90896,"[PREMIUM]","[PREMIUM]","[PREMIUM]",4296,"[PREMIUM]",false,"PARTNER",422408,3.5,308,0,"[""NO_SALVAGE_TITLE"",""NO_ACCIDENTS_REPORTED"",""NO_ONE_OWNER""]","{""exterior"":[""18\"" Alloy Wheels"",""Alloy wheels"",""Bumpers: body-color"",""Delay-off headlights"",""Power door mirrors"",""Rear window wiper"",""Spoiler""],""interior"":[""3rd row seats: split-bench"",""Air Conditioning"",""Cloth Seat Trim"",""Driver door bin"",""Driver vanity mirror"",""Front Bucket Seats"",""Front Center Armrest"",""Front reading lights"",""Overhead console"",""Passenger door bin"",""Passenger vanity mirror"",""Power windows"",""Rear reading lights"",""Rear seat center armrest"",""Rear window defroster"",""Speed-Sensitive Wipers"",""Split folding rear seat"",""Steering wheel mounted audio controls"",""Tachometer"",""Telescoping steering wheel"",""Tilt steering wheel"",""Trip computer"",""Variably intermittent wipers""],""mechanical"":[""4-Wheel Disc Brakes"",""4.25 Axle Ratio"",""Four wheel independent suspension"",""Power steering"",""Speed-sensing steering""],""other"":[""Front anti-roll bar"",""Illuminated entry"",""Rear anti-roll bar""],""safety"":[""ABS brakes"",""Brake assist"",""Dual front impact airbags"",""Dual front side impact airbags"",""Electronic Stability Control"",""Emergency communication system: HondaLink Assist"",""Low tire pressure warning"",""Occupant sensing airbag"",""Overhead airbag"",""Panic alarm"",""Security system"",""Traction control""],""technology"":[""7 Speakers"",""AM/FM radio"",""Exterior Parking Camera Rear"",""Radio data system"",""Radio: AM/FM Audio System"",""Remote keyless entry"",""Speed control""]}",57,"!!! LIFETIME POWERTRAIN WARRANTY On all New and Virtually Every Used Vehicle!!! Honda of Ocala offers more for less. All prices recently reduced. One year complimentary maintenance and unlimited car washes, as well as a full-service cafe with complimentary breakfast or lunch with each visit. Come see why Honda of Ocala makes the car buying experience easy today. Recent Arrival! Modern Steel Metallic 2017 Honda Pilot LX<br>18 Alloy Wheels, 3rd row seats: split-bench, 4-Wheel Disc Brakes, 4.25 Axle Ratio, 7 Speakers, ABS brakes, Air Conditioning, Alloy wheels, AM/FM radio, Brake assist, Bumpers: body-color, Cloth Seat Trim, Delay-off headlights, Driver door bin, Driver vanity mirror, Dual front impact airbags, Dual front side impact airbags, Electronic Stability Control, Emergency communication system: HondaLink Assist, Exterior Parking Camera Rear, Four wheel independent suspension, Front anti-roll bar, Front Bucket Seats, Front Center Armrest, Front reading lights, Illuminated entry, Low tire pressure warning, Occupant sensing airbag, Overhead airbag, Overhead console, Panic alarm, Passenger door bin, Passenger vanity mirror, Power door mirrors, Power steering, Power windows, Radio data system, Radio: AM/FM Audio System, Rear anti-roll bar, Rear reading lights, Rear seat center armrest, Rear window defroster, Rear window wiper, Remote keyless entry, Security system, Speed control, Speed-sensing steering, Speed-Sensitive Wipers, Split folding rear seat, Spoiler, Steering wheel mounted audio controls, Tachometer, Telescoping steering wheel, Tilt steering wheel, Traction control, Trip computer, and Variably intermittent wipers.<br><br>Awards:<br>* 2017 IIHS Top Safety Pick+ (When equipped with Honda Sensing and specific headlights) * 2017 KBB.com Best Buy Awards * 2017 KBB.com Brand Image Awards * 2017 KBB.com 12 Best Family Cars * 2017 KBB.com 10 Best Certified Pre-Owned 3-Row SUVs Under $30,000 * 2017 KBB.com 10 Most Awarded Brands<br>Kelley Blue Book Brand Image Awards are based on the Brand Watch(tm) study from Kelley Blue Book Market Intelligence. Award calculated among non-luxury shoppers. For more information, visit www.kbb.com. Kelley Blue Book is a registered trademark of Kelley Blue Book Co., Inc.<br><br>Reviews:<br>* A versatile, roomy interior with spacious rear seats; ride is smooth and compliant in most conditions; better fuel economy than rivals; multiple clever storage compartments. Source: Edmunds","[PREMIUM]",25,"1800 Southwest College Road","Ocala","FL","34471","[PREMIUM]"
"786232955","2026-07-28 23:40:25.874","2026-07-28 23:40:25.874","786232955","[PREMIUM]","J19971B",2017,"RAM","RAM","RM1500","1500","Tradesman","TRUCKS","Used","Used 2017 RAM 1500 Tradesman w/ Power & Remote Entry Group",77659,"[PREMIUM]",,"Great","[PREMIUM]",14900,16850,"Bright White Clearcoat","WHITE","Diesel Gray/Black","GRAY","8CLDR","8-Cylinder","2 wheel drive - rear","AUT","8-Speed Automatic","Automatic","G","Gasoline","Gas",17,25,5.7,false,6,false,true,false,,false,,,"30",72257175,"[PREMIUM]","[PREMIUM]","[PREMIUM]",2591,"[PREMIUM]",false,"PARTNER",429816,4.6,534,0,"[""NO_SALVAGE_TITLE"",""NO_ACCIDENTS_REPORTED"",""ONE_OWNER""]","{""exterior"":[""17\"" x 7\"" Aluminum Wheels"",""17\"" x 7\"" Steel Wheels"",""Active Grille Shutters"",""Bright Front Bumper"",""Bright Grille"",""Bright Rear Bumper"",""Chrome Appearance Group"",""Delay-off headlights"",""Exterior Mirrors w/Heating Element"",""Fully automatic headlights"",""Power Heated Fold-Away Mirrors"",""Rear step bumper""],""interior"":[""40/20/40 Split Bench Seat"",""Air Conditioning"",""Carpet Floor Covering"",""Cloth 40/20/40 Bench Seat"",""Driver door bin"",""Electronic Shift"",""Front Armrest w/3 Cupholders"",""Front Center Armrest"",""Front Floor Mats"",""Passenger door bin"",""Power Locks"",""Power Windows w/Front One-Touch Down"",""Tachometer"",""Tilt steering wheel"",""Variably intermittent wipers"",""Vendor Painted Cargo Box Tracking"",""Voltmeter""],""mechanical"":[""3.21 Rear Axle Ratio"",""4-Wheel Disc Brakes"",""Anti-Spin Differential Rear Axle"",""Front wheel independent suspension"",""Power steering""],""other"":[""1-Year SIRIUSXM Radio Service"",""AUX)"",""Black Exterior Mirrors"",""CLEAN CARFAX"",""Call 800-643-2112"",""Center Hub"",""FAST AND EASY FINANCING"",""For More Info"",""Front anti-roll bar"",""Heavy Duty Vinyl 40/20/40 Split Bench Seat"",""LOCAL TRADE"",""No Satellite Coverage w/AK/HI/PR/VI"",""ONE OWNER"",""Popular Equipment Group"",""Power & Remote Entry Group"",""Premium Vinyl Door Trim w/Map Pocket"",""Quick Order Package 26B Tradesman"",""Rear anti-roll bar"",""THE NEW PRICE OUTLET"",""Tip Start"",""Tradesman Package""],""safety"":[""ABS brakes"",""Brake assist"",""Dual front impact airbags"",""Dual front side impact airbags"",""Electronic Stability Control"",""Low tire pressure warning"",""Occupant sensing airbag"",""Overhead airbag"",""Traction control""],""technology"":[""6 Speakers"",""AM/FM radio"",""Audio Jack Input for Mobile Devices"",""Integrated Voice Command w/Bluetooth"",""Media Hub (USB"",""Radio data system"",""Radio: 3.0"",""Radio: Uconnect 3.0"",""Remote Keyless Entry w/All-Secure"",""Remote USB Port"",""SIRIUSXM Satellite Radio"",""Speed control""]}",76,"This 2017 Ram 1500 Tradesman delivers the capability and reliability you need in a full-size truck that's ready to work and ready to impress.<br><br>- CLEAN CARFAX<br>- ONE OWNER<br>- LOCAL TRADE<br>- HEMI 5.7L V8 Multi Displacement VVT engine<br>- 8-Speed Automatic transmission<br>- Chrome Appearance Group with bright bumpers and grille<br>- Power &amp; Remote Entry Group with heated mirrors and keyless entry<br>- SIRIUSXM Satellite Radio with 1-Year service<br>- Uconnect 3.0 radio with Bluetooth and voice command<br>- Power Windows with front one-touch down<br>- Power Locks<br>- 17 Aluminum Wheels<br>- Air Conditioning<br>- Electronic Stability Control<br>- 4-Wheel Disc Brakes with ABS<br><br>Powered by a HEMI 5.7L V8 engine with Multi Displacement VVT technology, this truck combines performance with the efficiency features you expect from modern engineering. The 8-Speed Automatic transmission delivers smooth, responsive power whether you're navigating city streets or highway driving. This configuration achieves 15 MPG city and 22 MPG highway, giving you solid fuel economy for a truck of this capability.<br><br>The exterior features a clean White finish enhanced by the Chrome Appearance Group, which includes bright front and rear bumpers, a bright grille, and 17 aluminum wheels that give the truck a polished, well-maintained appearance. The truck's rear step bumper and overall design reflect the Tradesman's practical, no-nonsense approach to truck ownership.<br><br>Inside, you'll find a comfortable environment built for both work and daily driving. The 40/20/40 split cloth bench seat provides flexibility for passengers and cargo, while the front armrest with three cupholders keeps essentials within reach. Power windows, power locks, and power heated fold-away mirrors with external heating elements offer the convenience features that make truck ownership more enjoyable. Premium vinyl door trim with map pockets adds functional storage throughout the cabin.<br><br>Entertainment and connectivity are handled by the Uconnect 3.0 system, which integrates Bluetooth for hands-free calling and audio streaming, along with an integrated voice command interface. SIRIUSXM Satellite Radio comes equipped with one year of service included, expanding your audio options well beyond traditional AM/FM reception. The Media Hub provides USB and AUX inputs for your mobile devices, ensuring your music and content are always accessible.<br><br>Safety and control features include Electronic Stability Control, traction control, four-wheel disc brakes with ABS, and a comprehensive airbag system with dual front impact, dual front side impact, and overhead airbags. The anti-spin differential rear axle enhances traction in varied driving conditions, while active grille shutters support engine efficiency.<br><br>This truck represents a solid investment in capability and dependability, backed by a clean Carfax history and one-owner service record. Visit us to see this Ram 1500 Tradesman in person and test drive this capable truck today.","[PREMIUM]",27,"2624 HAWKINS AVE","Sanford","NC","27330","[PREMIUM]"
"786579533","2026-07-28 23:40:25.874","2026-07-28 23:40:25.874","786579533","[PREMIUM]","52P321A",2017,"BUICK","Buick","BUIENVISI","Envision","Essence","SUV","Used","Used 2017 Buick Envision Essence",98775,"[PREMIUM]",,"Good","[PREMIUM]",13165,14965,"Ebony Twilight Metallic","BLACK","Ebony","BLACK","4CLDR","4-Cylinder","All wheel drive","AUT","6-Speed Automatic","Automatic","G","Gasoline","Gas",21,28,2.5,true,3,false,true,false,,false,,,"30",75573813,"[PREMIUM]","[PREMIUM]","[PREMIUM]",1008,"[PREMIUM]",false,"PARTNER",421247,4.6,66,0,"[""NO_SALVAGE_TITLE"",""NO_ACCIDENTS_REPORTED"",""ONE_OWNER""]","{""exterior"":[""18\"" 10-Spoke Polished Aluminum Wheels"",""ALLOY WHEELS"",""Alloy wheels"",""Auto-dimming door mirrors"",""Bumpers: body-color"",""Delay-off headlights"",""Front fog lights"",""Fully automatic headlights"",""Heated door mirrors"",""Power door mirrors"",""Rear window wiper"",""Spoiler"",""Turn signal indicator mirrors""],""interior"":[""Air Conditioning"",""Auto-dimming Rear-View mirror"",""Driver 8-Way Power Seat Adjuster"",""Driver door bin"",""Driver vanity mirror"",""Front Bucket Seats"",""Front Center Armrest"",""Front Passenger 8-Way Power Seat Adjuster"",""Front dual zone A/C"",""Front reading lights"",""Garage door transmitter"",""HEATED REAR OUTBOARD SEATS"",""HEATED SEATS"",""HEATED STEERING WHEEL"",""Heated Driver & Front Passenger Seats"",""Heated front seats"",""Heated rear seats"",""Heated steering wheel"",""LEATHER"",""MEMORY SEAT"",""Memory seat"",""Overhead console"",""PANORAMIC SUNROOF"",""POWER LIFTGATE"",""POWER OUTLET(S)"",""POWER SUNROOF"",""Passenger door bin"",""Passenger vanity mirror"",""Perforated Leather-Appointed Seat Trim"",""Power Liftgate"",""Power Panoramic Tilt-Sliding Moonroof"",""Power driver seat"",""Power passenger seat"",""Power windows"",""Rear air conditioning"",""Rear reading lights"",""Rear seat center armrest"",""Rear window defroster"",""Split folding rear seat"",""Steering wheel mounted audio controls"",""Tachometer"",""Telescoping steering wheel"",""Tilt steering wheel"",""Trip computer"",""UNIVERSAL HOME REMOTE"",""Variably intermittent wipers""],""mechanical"":[""3.50 Final Drive Axle Ratio"",""4-Wheel Disc Brakes"",""ALL WHEEL DRIVE"",""Four wheel independent suspension"",""Power steering"",""Speed-sensing steering""],""other"":[""15012"",""18 INCH WHEELS"",""ANDROID AUTO"",""APPLE CARPLAY"",""Apple CarPlay/Android Auto"",""Emergency communication system: OnStar Guidance"",""Front anti-roll bar"",""INCLUDES WARRANTY"",""Illuminated entry"",""Outside temperature display"",""Preferred Equipment Group 1SL"",""REMAINDER OF FACTORY WARRANTY"",""Rear anti-roll bar"",""Roof rack: rails only""],""safety"":[""8 AIRBAGS"",""ABS brakes"",""Brake assist"",""Dual front impact airbags"",""Dual front side impact airbags"",""Electronic Stability Control"",""Knee airbag"",""LANE CHANGE ALERT"",""Low tire pressure warning"",""Occupant sensing airbag"",""Overhead airbag"",""Panic alarm"",""REAR CROSS TRAFFIC ALERT"",""Rear side impact airbag"",""SIDE BLINDZONE ALERT"",""Security system"",""Traction control""],""technology"":[""6 Speakers"",""6-Speaker Audio System Feature"",""AM/FM radio: SiriusXM"",""Automatic temperature control"",""BACKUP CAMERA"",""BLUETOOTH HANDS FREE"",""Compass"",""Exterior Parking Camera Rear"",""ONSTAR"",""PREMIUM SOUND SYSTEM"",""Premium audio system: IntelliLink"",""REAR PARK ASSIST"",""REMOTE VEHICLE START"",""Radio data system"",""Radio: Buick IntelliLink AM/FM Stereo"",""Rear Parking Sensors"",""Remote keyless entry"",""SIRIUS XM"",""SiriusXM Satellite Radio"",""Speed control"",""WIFI HOTSPOT""]}",117,"2017 Buick Envision Essence Ebony Twilight Metallic AWD 2.5L 4-Cylinder DGI DOHC VVT<br>Recent Arrival! CARFAX One Owner.<br><br>All-wheel drive adds extra traction for changing road conditions.<br>Heated front seats and heated outboard rear seats add comfort for more passengers.<br>Blind spot monitoring with lane change assist helps with highway awareness.<br>Rear cross traffic alert, a rearview camera, and rear parking sensors help when backing up.<br>Power liftgate makes loading cargo easier.<br>Leather seating with an 8-way power driver seat and power lumbar support.<br>Driver memory settings store seat and mirror positions.<br>Heated leather-wrapped steering wheel adds cold-weather comfort.<br>Tri-zone automatic climate control includes rear air vents and rear climate settings.<br>Touchscreen audio system with Bluetooth hands-free calling, USB port, Wi-Fi, AM/FM, CD/MP3, and 6 speakers.<br>Remote start, push-button start, and passive keyless entry add everyday convenience.<br>Heated power mirrors include integrated turn signals and memory.<br>Auto-dimming rearview mirror and auto-dimming driver mirror help reduce glare.<br>60/40 split-folding rear seat folds flat, reclines, and slides for flexible cargo space.<br>18-inch polished aluminum wheels and all-season tires give it a clean, finished look.<br>Front fog lights, automatic halogen headlights, and daytime running lights improve visibility.<br>Roof rails add utility for carrying extra gear.<br>Teen Driver mode, tire pressure monitoring, and OnStar capability are included.","[PREMIUM]",15,"7500 West 145th Street","Apple Valley","MN","55124","[PREMIUM]"
"786379342","2026-07-28 23:40:25.873","2026-07-28 23:40:25.873","786379342","[PREMIUM]","1N6AD0EV0HN767792",2017,"NISSAN","Nissan","FRONTI","Frontier","PRO-4X","TRUCKS","Used","Used 2017 Nissan Frontier PRO-4X",94350,"[PREMIUM]",,"Great","[PREMIUM]",17450,19200,"Silver","SILVER","Black","BLACK","6CLDR","6-Cylinder","4 wheel drive","MAN","6-Speed Manual","Manual","G","Gasoline","Gas",16,21,4,false,5,false,true,false,,false,,,"30",75869383,"[PREMIUM]","[PREMIUM]","[PREMIUM]",,"[PREMIUM]",true,,421846,4.5,668,,"[""NO_SALVAGE_TITLE"",""NO_ACCIDENTS_REPORTED"",""NO_ONE_OWNER""]","{""exterior"":[""Alloy Wheels"",""Bed Liner"",""Fog Lights"",""Oversize Off-Road Tires"",""Rear Spoiler""],""interior"":[""Air Conditioning"",""Heated Seats"",""Power Door Locks"",""Power Windows"",""Sliding Rear Window"",""Tilt Wheel""],""mechanical"":[""Power Steering""],""other"":[""Grille Guard"",""NissanConnect""],""safety"":[""ABS (4-Wheel)"",""Alarm System"",""Dual Air Bags"",""Head Curtain Air Bags"",""Side Air Bags"",""Vehicle Dynamic Control""],""technology"":[""AM/FM Stereo"",""Backup Camera"",""Bluetooth Wireless"",""CD/MP3 (Single Disc)"",""Cruise Control"",""Hill Descent Control"",""Hill Start Assist Control"",""Keyless Entry"",""Navigation System"",""Parking Sensors"",""SiriusXM Satellite""]}",31,"Cheapest family owned, clean title/no accident 6-Speed Manual 2017 Nissan Frontier PRO-4X in the nation! Priced to move it fast as I've recently replaced it with a 2015 Nissan Xterra PRO-4X in manual with the same drivetrain etc (needed an SUV) but love the Frontier.<br><br>**Located in Fort Myers, FL**<br><br>It has 94,350 miles and is in really nice condition. This is the 4WD trim with a 4.0L V6 and a **6-speed manual**  a combo that's getting harder to find. It drives absolutely perfect. Normal signs of wear inside and out, the rear bumper does have some rust on the surface, as well as a spot on the front bumper. I've priced it accordingly. The underside only has surface rust. Tires are in great condition, replaced them 2 years ago. Has had normal service, just had tires rotated and balanced + alignment.<br><br>If you're looking at this you know it's one of the last analog trucks that will last forever, the manual transmission is very smooth and a joy to drive.<br><br>Firm on the price, I've priced it lower than anyone in the USA (private or dealer).","[PREMIUM]",27,,"Fort Myers","FL","33967","[PREMIUM]"
"786410307","2026-07-28 23:39:05.948","2026-07-28 23:39:05.948","786410307","[PREMIUM]","8036P",2017,"JEEP","Jeep","CHER","Cherokee","Limited","SUV","Used","Used 2017 Jeep Cherokee Limited",66462,"[PREMIUM]",,"Great","[PREMIUM]",16080,18230,"Bright White Clearcoat","WHITE","Black X9","BLACK","6CLDR","6-Cylinder","4 wheel drive","AUT","9-Speed Automatic","Automatic","G","Gasoline","Gas",21,28,3.2,true,5,false,true,false,,false,,,"30",71483,"[PREMIUM]","[PREMIUM]","[PREMIUM]",321,"[PREMIUM]",false,"PARTNER",420304,3.9,415,0,"[""NO_SALVAGE_TITLE"",""NO_FRAME_DAMAGE"",""NO_FLOOD_WATER_DAMAGE"",""NO_ACCIDENTS_REPORTED"",""NO_ONE_OWNER"",""FREE_REPORT""]","{""exterior"":[""Active Grille Shutters"",""Body Side Moldings Body-Color"",""Doors Liftgate Window: Fixed"",""Exterior Mirrors Heated"",""Front Fog Lights"",""Headlights Auto Delay Off"",""Headlights Auto On/Off"",""Headlights HID"",""Rear Bumper Color Body-Color"",""Roof Rails Chrome"",""Windows Rear Wiper: Intermittent""],""interior"":[""Adjustable Rear Headrests Integrated Headrests"",""Air Conditioning - Air Filtration"",""Air Conditioning - Front"",""Air Conditioning - Front - Dual Zones"",""Armrests - Rear Center"",""Cargo Area 12V Power Outlet"",""Cargo Area Light"",""Center Console Front Console With Armrest And Storage"",""Clock"",""Driver Seat Adjustable Lumbar Support: 4-Way Power"",""Driver Seat Heated"",""Driver Seat Power Adjustments: 8"",""Driver Seat Power Adjustments: Recline"",""Electronic Parking Brake"",""Engine Push-Button Start"",""Floor Mat Material Carpet"",""Front 12V Power Outlet (2)"",""Front Headrests Adjustable"",""Heated Steering Wheel"",""Inside Rearview Mirror Auto-Dimming"",""Interior Metallic-Tone Accents"",""Number Of Front Headrests 2"",""Number Of Rear Headrests 3"",""One-Touch Windows: 2"",""Passenger Seat Folds Flat"",""Passenger Seat Heated"",""Passenger Seat Manual Adjustments: 6"",""Passenger Seat Manual Adjustments: Recline"",""Power Outlet(s) 115V"",""Power Windows"",""Reading Lights Front"",""Reading Lights Rear"",""Rear Seats 60-40 Split Bench"",""Rear Seats Center Armrest: With Cupholders"",""Rear Seats Rear Heat: Vents"",""Rear Seats Reclining"",""Rear Seats Split Folding"",""Seats - Driver Seat Power Adjustments: Height"",""Seats Front Seat Type: Bucket"",""Steering Wheel Mounted Controls Audio"",""Steering Wheel Mounted Controls Cruise Controls"",""Steering Wheel Tilt And Telescopic"",""Tachometer"",""Vanity Mirrors Dual Illuminating"",""Windows Front Wipers: Variable Intermittent"",""Windows Humidity/Dewpoint Sensors"",""Windows Rear Defogger""],""mechanical"":[""Auxilliary Transmission Fluid Cooler"",""Drivetrain 4WD Type: On Demand"",""Drivetrain Oil Cooler: Auxiliary"",""Drivetrain Transfer Case: electronic"",""Front Suspension Classification: Independent"",""Front Suspension Type: Macpherson Struts"",""Power Brakes"",""Power Steering"",""Suspension Stabilizer Bar(s): Front"",""Suspension Stabilizer Bar(s): Rear""],""other"":[""Airbags - Rear - Side"",""Ambient Lighting"",""Auto-Lock"",""Braking assist hill start assist"",""Digital Odometer"",""Doors Rear Door Type: Liftgate"",""Driver Seat Active Head Restraint"",""Drivetrain Drive Mode Selector"",""Exterior Entry Lights Security Approach Lamps"",""Exterior Mirrors Integrated Turn Signals"",""Exterior Mirrors Manual Folding"",""Exterior Mirrors Power"",""External Temperature Display"",""Fuel Economy Display MPG"",""Fuel Economy Display Range"",""Mirror Color Body-Color"",""Seatbelts Seatbelt Warning Sensor: Driver And Passenger"",""Tail And Brake Lights LED"",""Trip Odometer"",""Warnings And Reminders Low Fuel Level"",""Warnings And Reminders Maintenance Reminder"",""Windows Lockout Button""],""safety"":[""ABS Brakes (4-Wheel)"",""Airbags - Front - Dual"",""Airbags - Front - Knee"",""Airbags - Front - Side"",""Airbags - Front - Side Curtain"",""Airbags - Passenger - Occupant Sensing Deactivation"",""Airbags - Rear - Side Curtain"",""Child Safety Locks"",""Child Seat Anchors LATCH System"",""Crumple Zones Front"",""Crumple Zones Rear"",""Daytime Running Lights LED"",""Electronic Brakeforce Distribution"",""Front Seatbelts: 3-Point"",""Roll Stability Control"",""Seatbelts Emergency Locking Retractors: Front"",""Seatbelts Emergency Locking Retractors: Front And Rear"",""Seatbelts Seatbelt Force Limiters: Front"",""Seatbelts Seatbelt Pretensioners: Front"",""Seatbelts Second Row 3-Point"",""Security Anti-Theft Alarm System"",""Stability Control"",""Traction Control""],""technology"":[""Audio - Antenna: Diversity"",""Audio - Antenna: Mast"",""Audio Auxiliary Input: IPod/IPhone Integration"",""Audio Auxiliary Input: Jack"",""Audio Auxiliary Input: Memory Card Slot"",""Audio Auxiliary Input: USB"",""Compass"",""Cruise Control"",""Multi-Function Display"",""Remote Engine Start"",""Security Engine Immobilizer""]}",124,"This 2017 Jeep Cherokee Limited is a reliable and powerful vehicle. It has a low mileage of 66,462 miles and is equipped with a 3.2 liter 6 cylinder engine, sequential port fuel injection, and on demand four wheel drive. The exterior of this car is bright white clearcoat while the interior is black. It has a crash test rating of 4 out of 5 stars, making it a safe choice for drivers. Additionally, this car comes with hill start assist to help you navigate steep inclines with ease. With its combination of power, safety, and style, this motorcar is sure to be a great addition to any driver's collection. All used vehicle prices do not include taxes, title, registration and documentation fee. Once a Customer, Always a Friend.","[PREMIUM]",25,"120 South Broad Street","Meriden","CT","06450","[PREMIUM]"
"785152883","2026-07-28 23:39:05.888","2026-07-28 23:39:05.888","785152883","[PREMIUM]","19282",2016,"HONDA","Honda","HONHRV","HR-V","EX","SUV","Used","Used 2016 Honda HR-V EX",64076,"[PREMIUM]",,"Great","[PREMIUM]",16510,18510,"Crystal Black Pearl","BLACK","Black","BLACK","4CLDR","4-Cylinder","2 wheel drive - front","AUT","Continuously Variable Automatic","Automatic","G","Gasoline","Gas",28,35,1.8,false,19,false,false,false,,false,,,"30",71753201,"[PREMIUM]","[PREMIUM]","[PREMIUM]",5047,"[PREMIUM]",false,"PARTNER",410142,4.1,142,0,"[""NO_SALVAGE_TITLE"",""NO_ACCIDENTS_REPORTED"",""NO_ONE_OWNER""]","{""exterior"":[""Alloy wheels"",""Bumpers: body-color"",""Front fog lights"",""Fully automatic headlights"",""Heated door mirrors"",""Power door mirrors"",""Rear window wiper"",""Spoiler"",""Turn signal indicator mirrors""],""interior"":[""Air Conditioning"",""Cloth Seat Trim"",""Driver door bin"",""Driver vanity mirror"",""Front Bucket Seats"",""Front Center Armrest"",""Front reading lights"",""Heated Front Bucket Seats"",""Heated front seats"",""Passenger door bin"",""Passenger vanity mirror"",""Power moonroof"",""Power windows"",""Rear window defroster"",""Split folding rear seat"",""Steering wheel mounted audio controls"",""Tachometer"",""Telescoping steering wheel"",""Tilt steering wheel"",""Trip computer"",""Variably intermittent wipers""],""mechanical"":[""4-Wheel Disc Brakes"",""5.436 Axle Ratio"",""Front wheel independent suspension"",""Power steering""],""other"":[""Illuminated entry"",""Outside temperature display"",""Rear anti-roll bar""],""safety"":[""ABS brakes"",""Brake assist"",""Dual front impact airbags"",""Dual front side impact airbags"",""Electronic Stability Control"",""Low tire pressure warning"",""Occupant sensing airbag"",""Overhead airbag"",""Panic alarm"",""Security system"",""Traction control""],""technology"":[""6 Speakers"",""AM/FM radio"",""AM/FM/CD Audio System (180 Watts)"",""Automatic temperature control"",""CD player"",""Exterior Parking Camera Rear"",""Radio data system"",""Remote keyless entry"",""Speed control""]}",57,"**THIS VEHICLE HAS BEEN INSPECTED by our ASE technicians who performed a lube and oil change, mounted and balanced four new tires, replaced front brake pads and front brake rotors, replaced rear brake pads and rear brake rotors, replaced engine air filter, replaced cabin air filter, and replaced wiper blades.**<br><br>This 2016 Honda HR-V EX in Black combines practical design with reliable performance for drivers seeking versatility and efficiency.<br><br>- AM/FM/CD Audio System with 180 Watts and steering wheel mounted audio controls<br>- Automatic temperature control with air conditioning<br>- Heated front bucket seats with driver vanity mirror and illuminated entry<br>- Power moonroof for added openness and natural light<br>- Exterior parking camera and rear window wiper for enhanced visibility<br>- Fully automatic headlights and front fog lights<br>- Electronic Stability Control and Traction control<br>- Remote keyless entry with security system<br>- Alloy wheels with 5.436 axle ratio<br>- Speed control and telescoping steering wheel<br>- Brake assist and 4-wheel disc brakes with ABS<br>- Dual front impact and side impact airbags plus overhead airbag<br>- Split folding rear seat for flexible cargo space<br>- Front wheel independent suspension and rear anti-roll bar<br><br>The HR-V EX delivers practical everyday capability with its spacious interior and thoughtful features. The heated front bucket seats ensure comfort during cooler months, while the power moonroof provides an airy feel when weather permits. Climate control maintains your preferred temperature automatically, and the audio system keeps your drives entertaining with multiple connectivity options. Navigation is simplified with the rear parking camera, and fully automatic headlights adapt to changing light conditions without manual adjustment.<br><br>Performance and efficiency go hand in hand with this model. The 1.8L four-cylinder engine with i-VTEC technology and continuously variable transmission achieves 28 city and 35 highway miles per gallon, making this HR-V a sensible choice for both daily commutes and longer journeys. Electronic stability and traction control systems work together to maintain secure handling in various driving conditions.<br><br>Safety features provide confidence on every trip. Multiple airbag placement, including dual front impact, dual front side impact, and overhead airbags protect occupants. Brake assist technology supports your stopping power, and the low tire pressure warning system keeps you informed about maintenance needs.<br><br>The EX trim level positions you between base and premium offerings, delivering meaningful upgrades including heated front seats, power moonroof, and alloy wheels that balance cost and features effectively. This vehicle has been well-maintained and is ready for the next chapter of ownership.<br><br>For nearly 70 years, our family has proudly served families across Kentucky and beyond. We believe buying a vehicle should feel simple, honest, and stress-free. Our finance team works closely with trusted lenders to help you find a payment that fits your budget. Stop in and see why so many of your friends and neighbors have chosen our family dealership since 1956.","[PREMIUM]",11,"2021 ALVERSON DR","Paris","KY","40361","[PREMIUM]"
"786511212","2026-07-28 23:39:05.766","2026-07-28 23:39:05.766","786511212","[PREMIUM]","83492AA",2017,"MAZDA","MAZDA","MAZDA3","MAZDA3","Grand Touring","SEDAN","Used","Used 2017 MAZDA MAZDA3 Grand Touring w/ Premium Equipment Package",33871,"[PREMIUM]",,"Great","[PREMIUM]",19250,21100,"Sonic Silver Metallic","SILVER","Black","BLACK","4CLDR","4-Cylinder","2 wheel drive - front","AUT","6-Speed Automatic","Automatic","G","Gasoline","Gas",27,36,2.5,true,4,false,true,false,,false,,,"30",73035699,"[PREMIUM]","[PREMIUM]","[PREMIUM]",6227,"[PREMIUM]",false,"PARTNER",421426,4.5,176,0,"[""NO_SALVAGE_TITLE"",""NO_FRAME_DAMAGE"",""NO_FLOOD_WATER_DAMAGE"",""NO_ACCIDENTS_REPORTED"",""ONE_OWNER"",""FREE_REPORT""]","{""exterior"":[""18\"" x 7.0J Alloy Wheels"",""Alloy wheels"",""Bumpers: body-color"",""Front fog lights"",""Fully automatic headlights"",""Heated door mirrors"",""LED Combination Taillights"",""Power door mirrors"",""Premium Wheels"",""Spoiler"",""Turn signal indicator mirrors""],""interior"":[""**HEATED LEATHER SEATS**"",""Air Conditioning"",""Driver door bin"",""Driver vanity mirror"",""Front Bucket Seats"",""Front Center Armrest"",""Front dual zone A/C"",""Front reading lights"",""Heated Reclining Front Bucket Seats"",""Heated Steering Wheel"",""Heated front seats"",""Leather Shift Knob"",""Moonroof"",""Overhead console"",""Passenger door bin"",""Passenger vanity mirror"",""Perforated Leather Seat Trim"",""Power driver seat"",""Power moonroof"",""Power windows"",""Rear seat center armrest"",""Rear window defroster"",""Split folding rear seat"",""Steering wheel mounted audio controls"",""Tachometer"",""Telescoping steering wheel"",""Tilt steering wheel"",""Trip computer"",""Variably intermittent wipers""],""mechanical"":[""4-Wheel Disc Brakes"",""Four wheel independent suspension"",""Power steering"",""Speed-sensing steering"",""Steering Wheel Paddle Shifters""],""other"":[""**CARFAX 1-OWNER**"",""Auto-Dimming Interior Mirror w/HomeLink"",""Bi-LED Headlights w/Auto Leveling"",""Front anti-roll bar"",""Illuminated entry"",""Outside temperature display"",""Pivoting Adaptive Front-Lighting System"",""Premium Equipment Package"",""Rear anti-roll bar""],""safety"":[""ABS brakes"",""Brake assist"",""Dual front impact airbags"",""Dual front side impact airbags"",""Electronic Stability Control"",""Emergency communication system: Mazda Connect"",""LED Daytime Running Lights"",""Low tire pressure warning"",""Occupant sensing airbag"",""Overhead airbag"",""Panic alarm"",""Traction control""],""technology"":[""9 Speakers"",""AM/FM radio: SiriusXM"",""Automatic temperature control"",""Backup Camera"",""Bluetooth"",""Bose Surround Sound System"",""Exterior Parking Camera Rear"",""Heads-Up Display"",""Mazda Navigation System"",""Radio data system"",""Radio: AM/FM/HD Audio System"",""Rain sensing wipers"",""Remote keyless entry"",""Speed control""]}",80,"This 2017 Mazda Mazda3 Grand Touring in Brown offers a compelling combination of refined styling, practical performance, and premium comfort features that make it an excellent choice for drivers seeking a well-maintained sedan.<br><br>- **CARFAX 1-Owner**<br>- **Heated Leather Seats**<br>- Backup Camera<br>- Bluetooth<br>- Moonroof<br>- Premium Wheels<br>- Bi-LED Headlights w/Auto Leveling<br>- Mazda Navigation System<br>- Heated Steering Wheel<br>- Pivoting Adaptive Front-Lighting System<br>- Steering Wheel Paddle Shifters<br>- LED Combination Taillights<br>- LED Daytime Running Lights<br>- Auto-Dimming Interior Mirror w/HomeLink<br>- Bose Surround Sound System<br><br>The heart of this Mazda3 is its SKYACTIV&reg;-G 2.5L 4-Cylinder engine paired with a smooth 6-Speed Automatic transmission, delivering an efficient balance of performance with 27 city MPG and 36 highway MPG. The front-wheel-drive configuration ensures reliable handling in various driving conditions, while the power steering and speed-sensing suspension provide responsive control and a composed ride quality.<br><br>Inside, you'll find a cabin designed for both comfort and convenience. The heated leather seats wrap you in warmth during cooler months, while the heated steering wheel adds another layer of comfort for those chilly morning drives. The Bose Surround Sound System ensures your music sounds rich and clear, whether you're listening through AM/FM radio, SiriusXM satellite radio, or connecting via Bluetooth. Full dual-zone automatic temperature control keeps front passengers at their preferred comfort levels independently.<br><br>The premium equipment package elevates this Grand Touring with advanced lighting technology, including Bi-LED headlights with automatic leveling and a pivoting adaptive front-lighting system that improves nighttime visibility. The power moonroof offers that open-air feel, while the navigation system with Mazda Connect keeps you confidently on route. Steering wheel paddle shifters give you manual control when you want it, adding an engaging element to your driving experience.<br><br>Safety and visibility are paramount in this design. Multiple airbags, four-wheel independent suspension, electronic stability control, and traction control work together to protect you and your passengers. Rain-sensing wipers, LED daytime running lights, front fog lights, and an exterior backup camera provide enhanced awareness in all driving conditions.<br><br>With 33,871 miles on the odometer and a verified one-owner history through CARFAX, this Mazda3 Grand Touring represents a well-maintained vehicle ready for its next chapter. The combination of proven reliability, practical features, and premium appointments makes this an intelligent choice for discerning buyers. We invite you to visit our showroom to experience this vehicle firsthand and discuss how it fits your driving needs.","[PREMIUM]",22,"4516 DURHAM CHAPEL HILL BLVD","Durham","NC","27707","[PREMIUM]"
"786198745","2026-07-28 23:39:05.679","2026-07-28 23:39:05.679","786198745","[PREMIUM]","8024A",2017,"CHEV","Chevrolet","EQUINOX","Equinox","Premier","SUV","Used","Used 2017 Chevrolet Equinox Premier w/ Enhanced Convenience Package",46946,"[PREMIUM]",,"Great","[PREMIUM]",19320,21370,"Siren Red Tintcoat","RED","Light Titanium/Jet Black","UNAVAIL","6CLDR","6-Cylinder","All wheel drive","AUT","6-Speed Automatic","Automatic","G","Gasoline","Gas",20,28,3.6,true,7,false,false,false,,false,,,"30",76781,"[PREMIUM]","[PREMIUM]","[PREMIUM]",734,"[PREMIUM]",false,"PARTNER",420930,3.9,730,0,"[""NO_SALVAGE_TITLE"",""NO_FRAME_DAMAGE"",""NO_FLOOD_WATER_DAMAGE"",""NO_ACCIDENTS_REPORTED"",""NO_ONE_OWNER"",""FREE_REPORT""]","{""exterior"":[""18\"" Aluminum Wheels"",""Alloy wheels"",""Bumpers: body-color"",""Delay-off headlights"",""Front fog lights"",""Fully automatic headlights"",""Heated door mirrors"",""Power Programmable Rear Liftgate"",""Power door mirrors"",""Rear window wiper"",""Spoiler""],""interior"":[""8-Way Power Driver Seat Adjuster"",""8-Way Power Front Passenger Seat Adjuster"",""Air Conditioning"",""Auto-dimming Rear-View mirror"",""Driver door bin"",""Driver vanity mirror"",""Front Bucket Seats"",""Front Center Armrest"",""Front reading lights"",""Heated Driver & Front Passenger Seats"",""Heated front seats"",""Memory seat"",""Passenger door bin"",""Passenger vanity mirror"",""Perforated Leather-Appointed Seat Trim"",""Power Tilt-Sliding Sunroof w/Express-Open"",""Power driver seat"",""Power windows"",""Rear seat center armrest"",""Rear window defroster"",""Split folding rear seat"",""Steering wheel mounted audio controls"",""Tachometer"",""Telescoping steering wheel"",""Tilt steering wheel"",""Trip computer"",""Universal Home Remote"",""Variably intermittent wipers""],""mechanical"":[""4-Wheel Disc Brakes"",""Four wheel independent suspension"",""Power steering"",""Speed-sensing steering""],""other"":[""155 Amp Alternator"",""Bluetoothᆴ For Phone"",""Deluxe Front Bucket Seats"",""Dual Exhaust w/Premium Tips"",""E10 Fuel Capable"",""Emergency communication system: OnStar Guidance"",""Enhanced Convenience Package"",""Front License Plate Bracket"",""Front anti-roll bar"",""Illuminated entry"",""Outside temperature display"",""Preferred Equipment Group 1LZ"",""Rear anti-roll bar"",""Ride & Handling Suspension"",""Roof rack: rails only"",""Technology Package""],""safety"":[""ABS brakes"",""Brake assist"",""Dual front impact airbags"",""Dual front side impact airbags"",""Electronic Stability Control"",""Low tire pressure warning"",""Occupant sensing airbag"",""Overhead airbag"",""Panic alarm"",""Security system"",""Traction control""],""technology"":[""6 Speaker Audio System Feature"",""6 Speakers"",""AM/FM radio: SiriusXM"",""Automatic temperature control"",""Compass"",""Exterior Parking Camera Rear"",""Pioneer Premium Audio System Feature"",""Premium audio system: Chevrolet MyLink"",""Radio data system"",""Radio: Chevrolet MyLink Audio System"",""Radio: Chevrolet MyLink Audio System w/Navigation"",""Remote keyless entry"",""SiriusXM Satellite Radio"",""Speed control""]}",84,"Serving Horry County for over 80 years!<br><br>This 2017 Chevrolet Equinox Premier in striking Siren Red Tintcoat combines practical design with genuine capability. With approximately 47,000 miles, this well-maintained crossover offers years of reliable service ahead. The Premier trim delivers a comprehensive set of features that balance comfort, technology, and functionality for the modern driver.<br><br>- Power tilt-sliding sunroof with express-open<br>- Chevrolet MyLink audio system with navigation<br>- Pioneer premium 8-speaker sound system<br>- SiriusXM satellite radio with 6 speakers<br>- 8-way power front passenger seat adjuster<br>- Heated driver and front passenger seats<br>- Perforated leather-appointed seat trim<br>- Power programmable rear liftgate<br>- Bluetooth connectivity for phone<br>- Universal home remote<br>- Remote keyless entry<br>- Automatic temperature control<br>- Rear parking camera<br>- Fully automatic headlights with delay-off feature<br><br>The heart of this Equinox is a capable 3.6L V6 SIDI engine producing 301 horsepower and 272 lb-ft of torque. Paired with a 6-speed automatic transmission and all-wheel drive, this powertrain delivers a balanced blend of performance and efficiency, achieving 16 city and 23 highway MPG. The ride quality benefits from four-wheel independent suspension tuned for both comfort and handling, while speed-sensing steering adapts to your driving conditions.<br><br>Inside, the Premier cabin prioritizes driver comfort and convenience. Memory seat adjustments allow you to save your preferred driving position, while heated front seats provide warmth during cooler months. The tilt and telescoping steering wheel adjusts to suit any driver, and the power windows and door mirrors are controlled conveniently from both the driver and passenger sides. A comprehensive array of safety features includes dual front impact airbags, dual front side impact airbags, overhead airbags, and an occupant sensing system.<br><br>The technology package elevates your driving experience with integrated navigation that helps you navigate with confidence. Steering wheel-mounted audio controls keep your focus on the road while managing entertainment options. The automatic temperature control system maintains your preferred cabin climate without constant adjustment, and the compass display provides directional awareness.<br><br>Exterior details complete the package with 18-inch aluminum wheels, body-color bumpers, dual exhaust with premium tips, and a roof rack for additional cargo flexibility. Deluxe front bucket seats with front center armrest create defined seating zones, while the split-folding rear seat expands versatility when you need additional cargo space. OnStar Guidance emergency communication provides peace of mind on every journey.<br><br>This Premier represents a genuine opportunity to own a capable, well-equipped crossover with modern conveniences and proven reliability.<br><br>NOBODY BEATS A PALMETTO DEAL!","[PREMIUM]",25,"1122 Fourth Avenue","Conway","SC","29526","[PREMIUM]"
"786122957","2026-07-28 23:39:05.674","2026-07-28 23:39:05.674","786122957","[PREMIUM]","BA19448A",2017,"MAZDA","MAZDA","MAZDA6","MAZDA6","Touring","SEDAN","Used","Used 2017 MAZDA MAZDA6 Touring w/ Touring Premium Package",35944,"[PREMIUM]",,"Great","[PREMIUM]",18669,20769,"Machine Gray Metallic","GRAY","Black","BLACK","4CLDR","4-Cylinder","2 wheel drive - front","AUT","6-Speed Automatic","Automatic","G","Gasoline","Gas",26,35,2.5,false,7,false,false,false,,false,,,"30",70998811,"[PREMIUM]","[PREMIUM]","[PREMIUM]",3908,"[PREMIUM]",false,"PARTNER",428228,4.5,248,0,"[""NO_SALVAGE_TITLE"",""NO_FRAME_DAMAGE"",""NO_FLOOD_WATER_DAMAGE"",""ACCIDENTS_REPORTED"",""NO_ONE_OWNER"",""FREE_REPORT""]","{""exterior"":[""19\"" ALLOY WHEELS"",""19\"" Alloy Wheels"",""Alloy wheels"",""Auto-Dimming Driver's Side Exterior Mirror"",""Bumpers: body-color"",""Delay-off headlights"",""Fully automatic headlights"",""Heated Exterior Side Mirrors"",""Machine Gray Metallic Paint Charge"",""Power door mirrors"",""Turn signal indicator mirrors""],""interior"":[""Air Conditioning"",""Anti-whiplash front head restraints"",""Driver door bin"",""Driver vanity mirror"",""Front Bucket Seats"",""Front Center Armrest"",""Front dual zone A/C"",""Front reading lights"",""HEATED SEATS"",""Heated Front Seats"",""Leather Shift Knob"",""Leatherette Seat Trim"",""Overhead console"",""Passenger door bin"",""Passenger vanity mirror"",""Power Sliding Moonroof"",""Power driver seat"",""Power windows"",""Rear reading lights"",""Rear seat center armrest"",""Rear window defroster"",""SPLIT FOLD DOWN REAR SEATS"",""SUNROOF"",""Split folding rear seat"",""Steering wheel mounted audio controls"",""Tachometer"",""Telescoping steering wheel"",""Tilt steering wheel"",""Trip computer"",""Variably intermittent wipers""],""mechanical"":[""4-Wheel Disc Brakes"",""Four wheel independent suspension"",""Power steering"",""Speed-sensing steering""],""other"":[""Adaptive Front-Lighting System (AFS)"",""Auto-Dimming Rear View Mirror w/HomeLink"",""Front anti-roll bar"",""Illuminated entry"",""LED Headlights w/Auto Leveling"",""Outside temperature display"",""PREMIUM PACKAGE"",""Rear anti-roll bar"",""Touring Bose/Moonroof/Satellite Radio Package"",""Touring Premium Package""],""safety"":[""ABS brakes"",""Brake assist"",""Dual front impact airbags"",""Dual front side impact airbags"",""Electronic Stability Control"",""Emergency communication system"",""Low tire pressure warning"",""Occupant sensing airbag"",""Overhead airbag"",""Panic alarm"",""Traction control""],""technology"":[""6 Speakers"",""AM/FM radio"",""Automatic temperature control"",""Bose Premium 11-Speaker Sound System"",""CD player"",""Exterior Parking Camera Rear"",""REAR VIEW CAMERA"",""REMOTE KEYLESS ENTRY"",""Radio data system"",""Radio: AM/FM/CD/MP3/AUX 6-Speaker Audio & HD Radio"",""Rain sensing wipers"",""Remote keyless entry"",""SiriusXM Satellite Radio"",""Speed control""]}",80,"MAZDA 6 TOURING WITH ONLY 32,000 MILES, TOURING PREMIUM PACKAGE, BOSE PREMIUM SOUND, SIRIUSXM, SUNROOF, HEATED SEATS, 19 ALLOY WHEELS, REAR VIEW CAMERA, SPLIT FOLD DOWN REAR SEATS, REMOTE KEYLESS ENTRY, 19 Alloy Wheels, Adaptive Front-Lighting System (AFS), Auto-Dimming Driver's Side Exterior Mirror, Auto-Dimming Rear View Mirror w/HomeLink, Bose Premium 11-Speaker Sound System, Exterior Parking Camera Rear, Heated Exterior Side Mirrors, Heated Front Seats, LED Headlights w/Auto Leveling, Power Sliding Moonroof, Remote keyless entry, SiriusXM Satellite Radio, Split folding rear seat, Touring Bose/Moonroof/Satellite Radio Package, Touring Premium Package.<br><br>Recent Arrival! 26/35 City/Highway MPG<br><br>Awards:<br>* 2017 IIHS Top Safety Pick+ * 2017 KBB.com 10 Best Used Cars Under $20,000 * 2017 KBB.com Brand Image Awards<br>Plus, the Bill Jacobs Auto Family has grown into one of the most respected businesses in the Chicagoland Area. We feature one of the largest selections of Certified BMW's and Pre-Owned vehicles in the Midwest. We boast a BRAND NEW STATE-OF-THE-ART FACILITY with unparalleled accommodations, developed to be one of Illinois' most environmentally advanced dealerships according to LEED guidelines. Here at Bill Jacobs BMW we offer complimentary BMW Courtesy/Demo vehicles while you service your vehicle, and our car wash is open and available to you six days a week. If you are looking to purchase from out of state, we are less than 30 minutes from either Chicago airport. Please check us out online @ www.billjacobsbmw.com **Online pricing includes all incentives and rebates. USED.<br><br>Reviews:<br>* Very responsive engine and transmission make it feel faster than most family sedans; fuel economy is competitive with any car in the class; reassuring handling that makes it entertaining to drive; one of the best technology interfaces in the class; graceful styling inside and out. Source: Edmunds","[PREMIUM]",25,"2495 AURORA AVE","Naperville","IL","60540","[PREMIUM]"
"786376778","2026-07-28 23:39:05.665","2026-07-28 23:39:05.665","786376778","[PREMIUM]","95098A",2017,"NISSAN","Nissan","NISROGSPT","Rogue Sport","SL","SUV","Used","Used 2017 Nissan Rogue Sport SL",53436,"[PREMIUM]",,"Great","[PREMIUM]",15290,17190,"Gun Metallic","GRAY","Charcoal","BLACK","4CLDR","4-Cylinder","All wheel drive","AUT","Continuously Variable Automatic","Automatic","G","Gasoline","Gas",24,30,2,true,5,false,true,false,,false,,,"30",1079103,"[PREMIUM]","[PREMIUM]","[PREMIUM]",1386,"[PREMIUM]",false,"PARTNER",428912,4.3,59,0,"[""NO_SALVAGE_TITLE"",""NO_ACCIDENTS_REPORTED"",""NO_ONE_OWNER""]","{""exterior"":[""Alloy wheels"",""Bumpers: body-color"",""Chrome Rear Bumper Protector"",""Delay-off headlights"",""Front fog lights"",""Fully automatic headlights"",""Heated door mirrors"",""Power door mirrors"",""Rear window wiper"",""Spoiler"",""Turn signal indicator mirrors"",""Wheels: 19\"" x 7.0\"" Aluminum Alloy""],""interior"":[""Air Conditioning"",""Carpeted Floor Mats"",""Driver door bin"",""Driver vanity mirror"",""Front Bucket Seats"",""Front Center Armrest"",""Front beverage holders"",""Front dual zone A/C"",""Front reading lights"",""Heated front seats"",""Heated steering wheel"",""Leather Appointed Seat Trim"",""Overhead console"",""Passenger door bin"",""Passenger vanity mirror"",""Power driver seat"",""Power windows"",""Quick Comfort Heated Front Bucket Seats"",""Rear Cargo Protector (2-Pc Carpet)"",""Rear seat center armrest"",""Rear window defroster"",""Speed-Sensitive Wipers"",""Split folding rear seat"",""Steering wheel mounted audio controls"",""Tachometer"",""Telescoping steering wheel"",""Tilt steering wheel"",""Trip computer"",""Variably intermittent wipers""],""mechanical"":[""4-Wheel Disc Brakes"",""Four wheel independent suspension"",""Power steering""],""other"":[""Activation Disclaimer"",""Black Splash Guards (Set of 4)"",""Front anti-roll bar"",""Illuminated Kick Plates"",""Illuminated entry"",""Outside temperature display"",""Rear anti-roll bar"",""Roof rack: rails only"",""TBD Axle Ratio""],""safety"":[""ABS brakes"",""Brake assist"",""Dual front impact airbags"",""Dual front side impact airbags"",""Electronic Stability Control"",""Emergency communication system: NissanConnect Services"",""Low tire pressure warning"",""Occupant sensing airbag"",""Overhead airbag"",""Panic alarm"",""Security system"",""Traction control""],""technology"":[""6 Speakers"",""AM/FM radio: SiriusXM"",""Automatic temperature control"",""CD player"",""Navigation System"",""Radio data system"",""Radio: AM/FM/CD/RDS/AUX NissanConnect w/Navigation"",""Remote keyless entry"",""Speed control""]}",74,"Priced below KBB Fair Purchase Price!<br><br><br>Clean CARFAX.<br><br>2017 Nissan Rogue Sport SL Gun Metallic AWD CVT with Xtronic 2.0L DOHC<br><br>Work your entire deal online under the payment section.<br><br>Text   to reserve this car now.<br><br>4-Wheel Disc Brakes, 6 Speakers, ABS brakes, Activation Disclaimer, Air Conditioning, Alloy wheels, AM/FM radio: SiriusXM, Automatic temperature control, Black Splash Guards (Set of 4), Brake assist, Bumpers: body-color, Carpeted Floor Mats, CD player, Chrome Rear Bumper Protector, Delay-off headlights, Driver door bin, Driver vanity mirror, Dual front impact airbags, Dual front side impact airbags, Electronic Stability Control, Emergency communication system: NissanConnect Services, Four wheel independent suspension, Front anti-roll bar, Front Bucket Seats, Front Center Armrest, Front dual zone A/C, Front fog lights, Front reading lights, Fully automatic headlights, Heated door mirrors, Heated front seats, Heated steering wheel, Illuminated entry, Illuminated Kick Plates, Leather Appointed Seat Trim, Low tire pressure warning, Navigation System, Occupant sensing airbag, Outside temperature display, Overhead airbag, Overhead console, Panic alarm, Passenger door bin, Passenger vanity mirror, Power door mirrors, Power driver seat, Power steering, Power windows, Quick Comfort Heated Front Bucket Seats, Radio data system, Radio: AM/FM/CD/RDS/AUX NissanConnect w/Navigation, Rear anti-roll bar, Rear Cargo Protector (2-Pc Carpet), Rear seat center armrest, Rear window defroster, Rear window wiper, Remote keyless entry, Roof rack: rails only, Security system, Speed control, Speed-Sensitive Wipers, Split folding rear seat, Spoiler, Steering wheel mounted audio controls, Tachometer, TBD Axle Ratio, Telescoping steering wheel, Tilt steering wheel, Traction control, Trip computer, Turn signal indicator mirrors, Variably intermittent wipers, Wheels: 19 x 7.0 Aluminum Alloy.<br><br><br>Recent Arrival!<br>Odometer is 33260 miles below market average!<br>24/30 City/Highway MPG 24/30 City/Highway MPG","[PREMIUM]",20,"877 Commercial Pkwy","Dover","OH","44622","[PREMIUM]"
"786319993","2026-07-28 23:37:35.554","2026-07-28 23:37:35.554","786319993","[PREMIUM]","7AM0021T",2016,"NISSAN","Nissan","MURANO","Murano","SL","SUV","Used","Used 2016 Nissan Murano SL w/ SL Technology Package",97798,"[PREMIUM]",,,"[PREMIUM]",11960,13560,"Java Metallic","BROWN","Black","BLACK","6CLDR","6-Cylinder","All wheel drive","AUT","Continuously Variable Automatic","Automatic","G","Gasoline","Gas",21,28,3.5,true,6,false,true,false,,false,,,"30",65074823,"[PREMIUM]","[PREMIUM]","[PREMIUM]",2288,"[PREMIUM]",false,"PARTNER",414779,4.6,152,1,"[""NO_SALVAGE_TITLE"",""NO_ACCIDENTS_REPORTED"",""NO_ONE_OWNER""]","{""exterior"":[""Aluminum Wheels"",""Automatic Headlights"",""Fog Lamps"",""Heated Mirrors"",""Integrated Turn Signal Mirrors"",""JAVA METALLIC"",""Mirror Memory"",""Power Mirror(s)"",""Rear Spoiler"",""Tires - Front All-Season"",""Tires - Rear All-Season""],""interior"":[""A/C"",""Adjustable Steering Wheel"",""Auto-Dimming Rearview Mirror"",""BLACK  LEATHER APPOINTED SEAT TRIM"",""Bucket Seats"",""Climate Control"",""Driver Adjustable Lumbar"",""Driver Illuminated Vanity Mirror"",""Driver Vanity Mirror"",""Heated Front Seat(s)"",""Intermittent Wipers"",""L92 CARPETED FLOOR MATS & CARGO MAT"",""Leather Seats"",""Leather Steering Wheel"",""Multi-Zone A/C"",""Pass-Through Rear Seat"",""Passenger Illuminated Visor Mirror"",""Passenger Vanity Mirror"",""Power Door Locks"",""Power Driver Seat"",""Power Liftgate"",""Power Passenger Seat"",""Power Windows"",""Privacy Glass"",""Rear Bench Seat"",""Rear Defrost"",""Remote Trunk Release"",""Seat Memory"",""Steering Wheel Audio Controls"",""Trip Computer"",""Universal Garage Door Opener"",""Variable Speed Intermittent Wipers""],""mechanical"":[""4-Wheel Disc Brakes"",""All Wheel Drive"",""Power Steering""],""other"":[""Aerial View Display System"",""B92 SPLASH GUARDS"",""Driver Monitoring"",""H01 SL TECHNOLOGY PACKAGE  -inc: Predictive Forward Collision Warning (PFCW)  Forward Emergency Braking (FEB)  Intelligent Cruise Control (ICC)  Power Panoramic Moonroof"",""Requires Subscription"",""Smart Device Integration"",""Z66 ACTIVATION DISCLAIMER""],""safety"":[""ABS"",""Blind Spot Monitor"",""Brake Assist"",""Child Safety Locks"",""Cross-Traffic Alert"",""Daytime Running Lights"",""Driver Air Bag"",""Front Collision Warning"",""Front Head Air Bag"",""Front Side Air Bag"",""Knee Air Bag"",""Passenger Air Bag"",""Passenger Air Bag Sensor"",""Rear Head Air Bag"",""Security System"",""Stability Control"",""Temporary Spare Tire"",""Tire Pressure Monitor"",""Traction Control""],""technology"":[""AM/FM Stereo"",""Auxiliary Audio Input"",""Back-Up Camera"",""Bluetooth Connection"",""CD Player"",""Cruise Control"",""HD Radio"",""Immobilizer"",""Keyless Entry"",""Keyless Start"",""MP3 Capability"",""Navigation System"",""Premium Sound System"",""Remote Engine Start"",""Satellite Radio""]}",87,"At Walser, you ll get an exceptional car-buying experience. Our *streamlined process* means you ll work with one dedicated customer specialist to help you find the perfect vehicle. Upfront Pricing on every vehicle ensures you ll *get a great deal without any surprises or gimmicks*. Buy with confidence because you re backed by our *Worry-Free Return &amp; Exchange Policy*.<br><br>The benefits don t stop there. We want you to be happy long after you ve left our store, so we include a *complimentary WalserCare warranty* with most used vehicles. Every used vehicle also undergoes a *comprehensive 190-point inspection* and includes a *free CarFax History Report*. Simply put: there s no better place to get a used car.<br><br>The best car-buying experience starts right here at Walser.","[PREMIUM]",32,"3300 129th Avenue NW","Coon Rapids","MN","55448","[PREMIUM]"
"786365329","2026-07-28 23:37:35.445","2026-07-28 23:37:35.445","786365329","[PREMIUM]","L265768A",2016,"TOYOTA","Toyota","SIENNA","Sienna","XLE Premium","VANS","Used","Used 2016 Toyota Sienna XLE Premium",113134,"[PREMIUM]",,"Great","[PREMIUM]",18470,20370,"Blizzard Pearl","WHITE","Bisque","BEIGE","6CLDR","6-Cylinder","2 wheel drive - front","AUT","6-Speed Automatic","Automatic","G","Gasoline","Gas",,,3.5,true,5,false,true,false,,false,,,"30",570140,"[PREMIUM]","[PREMIUM]","[PREMIUM]",13728,"[PREMIUM]",false,"PARTNER",413377,4.4,222,0,"[""NO_SALVAGE_TITLE"",""ACCIDENTS_REPORTED"",""ONE_OWNER""]","{""exterior"":[""Alloy wheels"",""Bumpers: body-color"",""Delay-off headlights"",""Front fog lights"",""Fully automatic headlights"",""Heated door mirrors"",""Power door mirrors"",""Rear window wiper"",""Spoiler"",""Wheels: 17\"" x 7\"" 7-Spoke Machine-Finished Alloy""],""interior"":[""3rd row seats: split-bench"",""Air Conditioning"",""Auto-dimming Rear-View mirror"",""Driver door bin"",""Driver vanity mirror"",""Driver's Seat Mounted Armrest"",""Front Bucket Seats"",""Front dual zone A/C"",""Front reading lights"",""Heated Front Bucket Seats"",""Heated front seats"",""Leather Seat Material"",""Overhead console"",""Passenger door bin"",""Passenger seat mounted armrest"",""Passenger vanity mirror"",""Power Liftgate"",""Power driver seat"",""Power moonroof"",""Power passenger seat"",""Power windows"",""Rear air conditioning"",""Rear reading lights"",""Rear window defroster"",""Reclining 3rd row seat"",""Split folding rear seat"",""Steering wheel mounted audio controls"",""Tachometer"",""Telescoping steering wheel"",""Tilt steering wheel"",""Trip computer"",""Variably intermittent wipers""],""mechanical"":[""4-Wheel Disc Brakes"",""Axle Ratio: 3.94"",""Front wheel independent suspension"",""Power steering"",""Speed-sensing steering""],""other"":[""Door auto-latch"",""Front anti-roll bar"",""Illuminated entry"",""Outside temperature display"",""Rear anti-roll bar"",""Roof rack: rails only""],""safety"":[""ABS brakes"",""Brake assist"",""Dual front impact airbags"",""Dual front side impact airbags"",""Electronic Stability Control"",""Knee airbag"",""Low tire pressure warning"",""Occupant sensing airbag"",""Overhead airbag"",""Panic alarm"",""Security system"",""Traction control""],""technology"":[""6 Speakers"",""AM/FM radio: SiriusXM"",""Automatic temperature control"",""CD player"",""Compass"",""Exterior Parking Camera Rear"",""Garage door transmitter: HomeLink"",""Radio data system"",""Radio: AM/FM/HD/CD w/6 Speakers"",""Remote keyless entry"",""Speed control""]}",76,"4 BRAND NEW TIRES<br><br>1-Owner New Vehicle Trade! XLE 3.5 V6 FWD. DVD Player, Power Sunroof, Power Rear Liftgate, Backup Camera, Backup Sensors, Third Row Seats, Second Row Bucket Seats, Heated Seats, Leather Seats, Leather Wrapped Steering Wheel, Steering Wheel Radio Controls, Automatic Dual Zone Air Conditioning, Remote Keyless Entry, Rear Window Defroster, Power Windows, Power Locks, Power Mirrors, Rear Tinted Windows, Alloy Wheels. This vehicle has good tires! Call us today, this vehicle won't last long at this price!   Laura Buick GMC, Serving our community for over 40 years!! We are a family owned dealership committed to providing our customers the best deals backed by outstanding service!","[PREMIUM]",33,"903 North Bluff Road","Collinsville","IL","62234","[PREMIUM]"
"786230488","2026-07-28 23:37:35.433","2026-07-28 23:37:35.433","786230488","[PREMIUM]","262043A",2017,"FORD","Ford","TAURUS","Taurus","SHO","SEDAN","Used","Used 2017 Ford Taurus SHO w/ Driver Assist Package",88789,"[PREMIUM]",,,"[PREMIUM]",17840,19790,"White Platinum Clearcoat Metal","WHITE","Charcoal Black","BLACK","6CLDR","6-Cylinder Turbo","All wheel drive","AUT","6-Speed Automatic","Automatic","G","Gasoline","Gas",16,24,3.5,true,6,false,true,false,,false,,,"30",88715,"[PREMIUM]","[PREMIUM]","[PREMIUM]",3058,"[PREMIUM]",false,"PARTNER",422251,4.5,411,1,"[""NO_SALVAGE_TITLE"",""NO_FRAME_DAMAGE"",""NO_FLOOD_WATER_DAMAGE"",""NO_ACCIDENTS_REPORTED"",""ONE_OWNER"",""FREE_REPORT""]","{""exterior"":[""Alloy wheels"",""Auto High-beam Headlights"",""Auto-dimming door mirrors"",""Bumpers: body-color"",""Delay-off headlights"",""Fully automatic headlights"",""Heated door mirrors"",""High-Intensity Discharge Headlights"",""Power door mirrors"",""Spoiler"",""Wheels: 20\"" Machined Finish""],""interior"":[""Adjustable pedals"",""Air Conditioning"",""Auto-dimming Rear-View mirror"",""Driver door bin"",""Driver vanity mirror"",""Front Bucket Seats"",""Front Center Armrest"",""Front dual zone A/C"",""Front reading lights"",""Heated & Cooled Leather Trimmed Bucket Seats"",""Heated front seats"",""Heated rear seats"",""Heated steering wheel"",""Memory seat"",""Overhead console"",""Passenger door bin"",""Passenger vanity mirror"",""Pedal memory"",""Power Moonroof"",""Power driver seat"",""Power passenger seat"",""Power windows"",""Rear Window Blind"",""Rear reading lights"",""Rear seat center armrest"",""Rear window defroster"",""Speed-Sensitive Wipers"",""Split folding rear seat"",""Steering wheel memory"",""Steering wheel mounted audio controls"",""Tachometer"",""Telescoping steering wheel"",""Tilt steering wheel"",""Trip computer"",""Variably intermittent wipers"",""Ventilated front seats""],""mechanical"":[""4-Wheel Disc Brakes"",""Four wheel independent suspension"",""Power steering"",""Speed-sensing steering""],""other"":[""Adaptive Cruise Control & Collision Warning"",""Android Auto"",""Apple CarPlay"",""Auto tilt-away steering wheel"",""Driver Assist Package"",""Equipment Group 401A"",""Front License Plate Bracket"",""Front anti-roll bar"",""Illuminated entry"",""One Owner"",""Outside temperature display"",""Rear anti-roll bar"",""SYNC 3""],""safety"":[""ABS brakes"",""Brake assist"",""Dual front impact airbags"",""Dual front side impact airbags"",""Electronic Stability Control"",""Emergency communication system: SYNC 3 911 Assist"",""Knee airbag"",""Lane Keep Assist & Lane Departure Warning"",""Low tire pressure warning"",""Occupant sensing airbag"",""Overhead airbag"",""Panic alarm"",""Security system"",""Traction control""],""technology"":[""12 Speakers"",""AM/FM Stereo/Single CD/MP3 Capable"",""AM/FM radio: SiriusXM"",""Active Park Assist"",""Automatic temperature control"",""CD player"",""Compass"",""Exterior Parking Camera Rear"",""Garage door transmitter: HomeLink"",""Radio data system"",""Rain sensing wipers"",""Rear Parking Sensors"",""Remote Start"",""Remote keyless entry"",""Speed control"",""Voice-Activated Touch-Screen Navigation System""]}",94,"Midway Ford is delighted to offer this good-looking 2017 Ford Taurus SHO in White Platinum Clearcoat Metallic, beautifully equipped with:<br><br>AWD 6-Speed Automatic with Select-Shift 3.5L V6<br><br>One Owner, Apple CarPlay, Android Auto, Remote Start, Adaptive Cruise Control &amp; Collision Warning, Driver Assist Package, Equipment Group 401A, Exterior Parking Camera Rear, Heated &amp; Cooled Leather Trimmed Bucket Seats, Heated front seats, Heated rear seats, Power Moonroof, Security system.<br><br><br>Recent Arrival!<br><br><br>Awards:<br>* 2017 KBB.com Brand Image Awards * 2017 KBB.com 10 Most Awarded Brands<br><br>Reviews:<br>* Excellent results in crash tests; rides comfortably and quietly on the highway; giant trunk is one of the roomiest in the large sedan class; available all-wheel drive for enhanced wet-weather traction. Source: Edmunds<br><br>CALL OR TEXT:  <br><br>Stop by and see us at:<br><br>2777 Snelling Ave N,<br>Saint Paul, Minnesota 55113<br>www.rosevillemidwayford.com","[PREMIUM]",42,"2777 North Snelling Avenue","Roseville","MN","55113","[PREMIUM]"
"784542417","2026-07-28 23:37:35.431","2026-07-28 23:37:35.431","784542417","[PREMIUM]","26-1839",2016,"CHEV","Chevrolet","CHEV150","Silverado 1500","W/T","TRUCKS","Used","Used 2016 Chevrolet Silverado 1500 W/T w/ WT Fleet Convenience Package",90643,"[PREMIUM]",,"Great","[PREMIUM]",23430,25180,"Summit White","WHITE","Dark Ash With Jet Black","UNAVAIL","6CLDR","6-Cylinder","4 wheel drive","AUT","6-Speed Automatic","Automatic","F","Flexible Fuel","Gas",17,22,4.3,false,27,true,false,false,,false,,,"30",100029716,"[PREMIUM]","[PREMIUM]","[PREMIUM]",3641,"[PREMIUM]",false,"PARTNER",413480,4.3,227,0,"[""NO_SALVAGE_TITLE"",""ACCIDENTS_REPORTED""]","{""exterior"":[""Black Power Adjustable Heated Outside Mirrors"",""Chrome Grille Surround"",""Delay-off headlights"",""Front Chrome Bumper"",""Fully automatic headlights"",""High-Intensity Discharge Headlights"",""Rear Chrome Bumper"",""Rear step bumper"",""Remote Locking Tailgate""],""interior"":[""40/20/40 Front Split Bench Seat"",""Air Conditioning"",""Cloth Seat Trim"",""Deep-Tinted Glass"",""Driver door bin"",""Front Center Armrest w/Storage"",""Front reading lights"",""Graphite-Colored Rubberized-Vinyl Floor Covering"",""Manual Tilt Wheel Steering Column"",""Overhead console"",""Passenger door bin"",""Passenger vanity mirror"",""Power Windows w/Driver Express Up"",""Tachometer"",""Tilt steering wheel"",""Trip computer"",""Variably intermittent wipers"",""Voltmeter""],""mechanical"":[""3.42 Rear Axle Ratio"",""4-Wheel Disc Brakes"",""E85 FlexFuel Capable"",""Front wheel independent suspension"",""Power steering"",""Speed-sensing steering"",""Trailering Package""],""other"":[""150 Amp Alternator"",""Bluetoothᆴ For Phone"",""Front License Plate Kit"",""Front anti-roll bar"",""Heavy Duty Suspension"",""Heavy-Duty Rear Locking Differential""],""safety"":[""ABS brakes"",""Brake assist"",""Dual front impact airbags"",""Dual front side impact airbags"",""Electronic Stability Control"",""Low tire pressure warning"",""Occupant sensing airbag"",""Overhead airbag"",""Traction control""],""technology"":[""6 Speaker Audio System"",""AM/FM radio"",""Driver Information Center"",""Integrated Trailer Brake Controller"",""OnStar 6 Months Guidance Plan"",""OnStar w/4G LTE"",""Radio data system"",""Radio: AM/FM w/7\"" Diagonal Color Touch Screen"",""Remote Keyless Entry"",""Speed control""]}",59,"If you're searching for the BEST PRICE on a quality pre-owned vehicle, look no further. Our NO-PRESSURE &amp; professional sales staff is eager to assist you! NO ADDENDUMS! That's Right, no $3900 Desert Protection Plan, No CRAZY non-disclosed add-ons (NO BS). THE PRICE YOU SEE IS THE PRICE YOU PAY! With over 500 vehicles in-stock, we guarantee we have a vehicle for everyone! *See Dealer for Details.<br><br><br>Summit White 2016 Chevrolet Silverado 1500 WT 4WD 6-Speed Automatic Electronic with Overdrive EcoTec3 4.3L V6 6-Speed Automatic Electronic with Overdrive, 4WD, Dark Ash With Jet Black Interior Accents Cloth.<br><br>At Sullivan Motor Company, it is our goal to provide our honored clients with an excellent purchase and ownership experience. We provide our clients with a 3 Month / 3,000 Mile Powertrain Warranty on ALL* vehicles!","[PREMIUM]",30,"1515 W Broadway","Mesa","AZ","85202","[PREMIUM]"
"785651497","2026-07-28 23:37:35.431","2026-07-28 23:37:35.431","785651497","[PREMIUM]","5U7497",2016,"SUB","Subaru","SUBCRSSTRK","Crosstrek","2.0i Premium","SUV","Used","Used 2016 Subaru Crosstrek 2.0i Premium",75096,"[PREMIUM]",,"Good","[PREMIUM]",14007,15457,"Crystal Black Silica","BLACK","Black","BLACK","4CLDR","4-Cylinder","All wheel drive","AUT","Continuously Variable Automatic","Automatic","G","Gasoline","Gas",26,34,2,true,5,false,true,false,,false,,,"30",1327780,"[PREMIUM]","[PREMIUM]","[PREMIUM]",3249,"[PREMIUM]",false,"PARTNER",413455,4.3,160,0,"[""NO_SALVAGE_TITLE"",""ACCIDENTS_REPORTED"",""ONE_OWNER""]","{""exterior"":[""17\"" x 7.0J Aluminum Alloy Wheels"",""Alloy wheels"",""Bumpers: body-color"",""Front fog lights"",""Heated door mirrors"",""Power door mirrors"",""Rear window wiper"",""Spoiler""],""interior"":[""Air Conditioning"",""Cloth Upholstery"",""Driver door bin"",""Driver vanity mirror"",""Front Bucket Seats"",""Front Center Armrest"",""Front reading lights"",""Heated Front Bucket Seats"",""Heated front seats"",""Passenger door bin"",""Passenger vanity mirror"",""Power windows"",""Rear window defroster"",""Split folding rear seat"",""Steering wheel mounted audio controls"",""Tachometer"",""Telescoping steering wheel"",""Tilt steering wheel"",""Trip computer"",""Variably intermittent wipers""],""mechanical"":[""3.70 Axle Ratio"",""4-Wheel Disc Brakes"",""Four wheel independent suspension"",""Power steering"",""Speed-sensing steering"",""Standard Model w/CVT""],""other"":[""Front anti-roll bar"",""HIGHLIGHTS INCLUDE..."",""Illuminated entry"",""Outside temperature display"",""Rear anti-roll bar"",""Roof rack: rails only""],""safety"":[""ABS brakes"",""Brake assist"",""Dual front impact airbags"",""Dual front side impact airbags"",""Electronic Stability Control"",""Emergency communication system: STARLINK"",""Knee airbag"",""Low tire pressure warning"",""Occupant sensing airbag"",""Overhead airbag"",""Panic alarm"",""Security system"",""Traction control""],""technology"":[""6 Speakers"",""AM/FM radio"",""CD player"",""Exterior Parking Camera Rear"",""Radio data system"",""Radio: Subaru Starlink 6.2\"" Multimedia System"",""Radio: Subaru Starlink 7.0\"" Multimedia Plus System"",""Rear Vision Camera"",""Remote keyless entry"",""Speed control"",""Subaru Starlink Smartphone Integration""]}",64,"AWD ~ 75K MILES ~ HEATED SEATS ~ 6.2'' RADIO ~ REARVIEW CAM ~ CRUISE CONTROL ~ BLUETOOTH<br><br>Recent Arrival! HIGHLIGHTS INCLUDE.... CARFAX One-Owner. AWD Lineartronic CVT 2.0L 16V DOHC Awards:<br>* JD Power Automotive Performance, Execution and Layout (APEAL) Study * 2016 IIHS Top Safety Pick+ * ALG Residual Value Awards, Residual Value Awards * 2016 KBB.com Best Resale Value Awards * 2016 KBB.com Brand Image Awards * 2016 KBB.com 10 Best All-Wheel Drive Vehicles Under $25,000<br><br>** Disclosure ** - Out of state residents are solely responsible for the passing/failing of other state inspections. Dealer has no knowledge of other state inspection requirements. - Must finance with dealer to receive online pricing. Online Price includes discount of compensation received by dealership for arranging financing. Rates and terms vary based on credit worthiness. - Vehicle customization parts and accessories available directly from dealer including: Bed Liners, Assist Steps, Running Boards, Sun-Roofs, Moon Roofs, LED Lights and Lighting, Wheels, Remote Start, Keyless Entry, Leather, Heated Seats and more. These customizations are available at the buyers expense. - See dealer for complete details. Odometer is 16717 miles below market average! 26/34 City/Highway MPG<br><br><br>Reviews:<br>* Standard all-wheel drive and a tall ride height give the Crosstrek relatively strong off-road capabilities; there's plenty of room for adults in front and rear; gets pretty good fuel economy. Source: Edmunds","[PREMIUM]",25,"140 West Avenue","Tallmadge","OH","44278","[PREMIUM]"
"786204259","2026-07-28 23:37:35.431","2026-07-28 23:37:35.431","786204259","[PREMIUM]","44438A",2016,"ROV","Land Rover","RANGESPORT","Range Rover Sport","HSE","SUV","Used","Used 2016 Land Rover Range Rover Sport HSE",74333,"[PREMIUM]",,"Good","[PREMIUM]",15360,18660,"Santorini Black","BLACK","Ebony/Pimento","UNAVAIL","6CLDR","6-Cylinder Supercharged","4 wheel drive","AUT","8-Speed Automatic","Automatic","G","Gasoline","Gas",17,23,3,true,7,false,false,false,,false,,,"30",75307,"[PREMIUM]","[PREMIUM]","[PREMIUM]",3558,"[PREMIUM]",false,"PARTNER",414770,3.9,53,1,"[""NO_SALVAGE_TITLE"",""NO_ACCIDENTS_REPORTED"",""NO_ONE_OWNER""]","{""exterior"":[""Alloy Wheels"",""Bumpers: body-color"",""Delay-off headlights"",""Front fog lights"",""Fully automatic headlights"",""Headlight cleaning"",""Heated door mirrors"",""High intensity discharge headlights: Bi-Xenon"",""Power door mirrors"",""Rear fog lights"",""Rear window wiper"",""Spoiler"",""Turn signal indicator mirrors"",""Wheels: 20\"" 5 Split Spoke (Style 520) 029YT""],""interior"":[""Air Conditioning"",""Auto-dimming Rear-View mirror"",""Driver door bin"",""Driver vanity mirror"",""Driver's Seat Mounted Armrest"",""Front Bucket Seats"",""Front Center Armrest"",""Front dual zone A/C"",""Front reading lights"",""Full Oxford Perforated Leather Seating Surfaces"",""Genuine wood console insert"",""Genuine wood dashboard insert"",""Genuine wood door panel insert"",""Heated Front Bucket Seats"",""Heated Front Seats"",""Leather Shift Knob"",""Memory seat"",""Passenger door bin"",""Passenger seat mounted armrest"",""Passenger vanity mirror"",""Power Liftgate"",""Power driver seat"",""Power passenger seat"",""Power windows"",""Rear reading lights"",""Rear seat center armrest"",""Rear window defroster"",""Sliding Panoramic Roof w/Power Blind"",""Speed-Sensitive Wipers"",""Split folding rear seat"",""Steering wheel memory"",""Steering wheel mounted audio controls"",""Tachometer"",""Telescoping steering wheel"",""Tilt steering wheel"",""Trip computer"",""Variably intermittent wipers""],""mechanical"":[""4-Wheel Disc Brakes"",""Auto-leveling suspension"",""Four wheel independent suspension"",""Power steering"",""Speed-sensing steering""],""other"":[""5+2 Seating Package"",""Auto tilt-away steering wheel"",""Front anti-roll bar"",""Illuminated entry"",""Outside temperature display"",""Rear anti-roll bar""],""safety"":[""ABS brakes"",""Brake assist"",""Dual front impact airbags"",""Dual front side impact airbags"",""Electronic Stability Control"",""Emergency communication system: InControl Protect"",""Low tire pressure warning"",""Occupant sensing airbag"",""Overhead airbag"",""Panic alarm"",""Security system"",""Traction control""],""technology"":[""8 Speakers"",""AM/FM radio: SIRIUS"",""Automatic temperature control"",""CD player"",""Compass"",""DVD-Audio"",""Exterior Parking Camera Rear"",""Garage door transmitter: HomeLink"",""Navigation System"",""Radio data system"",""Radio: Range Rover Audio System"",""Rain sensing wipers"",""Rear Parking Sensors"",""Remote keyless entry"",""Speed control"",""Weather band radio""]}",90,"Finished in Santorini Black, this 2016 Land Rover Range Rover Sport HSE blends iconic luxury with confident performance. Powered by a 3.0L Supercharged V6 paired with an 8-speed CommandShift automatic transmission, it delivers smooth power and renowned Land Rover capability. Exterior highlights include a sliding panoramic roof, bold 20-inch 5-split-spoke alloy wheels, and the unmistakable Range Rover Sport design that stands out on any road.<br><br>Inside, the Black Full Oxford perforated leather interior offers a premium environment with heated power front bucket seats, the desirable 5+2 seating package for added versatility, and a refined cabin crafted with upscale materials throughout. Comfort and convenience are complemented by the Range Rover audio system, panoramic glass roof, and the elevated driving position that defines the Range Rover experience.<br><br>This Range Rover Sport HSE has passed certification, is competitively priced nationwide, and has also received a recent price adjustment, making it an exceptional opportunity to own a luxury SUV that combines premium comfort, timeless style, and supercharged performance.","[PREMIUM]",31,"6027 Spur 327","Lubbock","TX","79424","[PREMIUM]"
"786390232","2026-07-28 23:37:35.430","2026-07-28 23:37:35.430","786390232","[PREMIUM]","6D0511A",2021,"KIA","Kia","SOUL","Soul","EX","HATCH","Certified","Certified 2021 Kia Soul EX",60226,"[PREMIUM]",,"Good","[PREMIUM]",14900,16550,"Sparkling Silver","SILVER","Gray","GRAY","4CLDR","4-Cylinder","2 wheel drive - front","AUT","Continuously Variable Automatic","Automatic","G","Gasoline","Gas",28,33,2,false,5,false,true,false,,false,,,"30",100017310,"[PREMIUM]","[PREMIUM]","[PREMIUM]",3996,"[PREMIUM]",false,"PARTNER",448776,4.4,77,1,"[""NO_SALVAGE_TITLE"",""NO_ACCIDENTS_REPORTED"",""ONE_OWNER""]","{""exterior"":[""Alloy wheels"",""Bumpers: body-color"",""Delay-off headlights"",""Front fog lights"",""Fully automatic headlights"",""Heated door mirrors"",""Power door mirrors"",""Rear window wiper"",""Wheels: 17\"" x 6.5 Alloy""],""interior"":[""Air Conditioning"",""Carpeted Floor Mats"",""Driver door bin"",""Driver vanity mirror"",""Front Bucket Seats"",""Front Center Armrest"",""Front dual zone A/C"",""Front reading lights"",""Heated Front Bucket Seats"",""Heated Seats"",""Heated front seats"",""Leather Shift Knob"",""Leather steering wheel"",""Overhead console"",""Passenger door bin"",""Passenger vanity mirror"",""Power driver seat"",""Power moonroof"",""Power windows"",""Premium Cloth Seat Trim"",""Rear seat center armrest"",""Rear window defroster"",""Split folding rear seat"",""Steering wheel mounted audio controls"",""Sunroof/Moonroof"",""Tachometer"",""Telescoping steering wheel"",""Tilt steering wheel"",""Trip computer"",""Variably intermittent wipers""],""mechanical"":[""4-Wheel Disc Brakes"",""Front wheel independent suspension"",""Power steering"",""Speed-sensing steering""],""other"":[""Apple CarPlay & Android Auto"",""Clean Carfax 1-OWNER"",""Emergency communication system: UVO link"",""Front anti-roll bar"",""Outside temperature display""],""safety"":[""ABS brakes"",""Brake assist"",""Dual front impact airbags"",""Dual front side impact airbags"",""Electronic Stability Control"",""Low tire pressure warning"",""Occupant sensing airbag"",""Overhead airbag"",""Traction control""],""technology"":[""6 Speakers"",""AM/FM radio: SiriusXM"",""Automatic temperature control"",""Exterior Parking Camera Rear"",""Navigation System"",""Navigation/GPS"",""Radio: AM/FM/MP3 Audio System"",""Remote keyless entry"",""Speed control""]}",66,"Clean Carfax 1-OWNER, Sunroof/Moonroof, Navigation/GPS, Heated Seats, Kia Certified Pre-Owned Certified, Navigation System, 4-Wheel Disc Brakes, 6 Speakers, ABS brakes, Air Conditioning, Alloy wheels, AM/FM radio: SiriusXM, Apple CarPlay &amp; Android Auto, Automatic temperature control, Brake assist, Bumpers: body-color, Carpeted Floor Mats, Delay-off headlights, Driver door bin, Driver vanity mirror, Dual front impact airbags, Dual front side impact airbags, Electronic Stability Control, Emergency communication system: UVO link, Exterior Parking Camera Rear, Front anti-roll bar, Front Bucket Seats, Front Center Armrest, Front dual zone A/C, Front fog lights, Front reading lights, Front wheel independent suspension, Fully automatic headlights, Heated door mirrors, Heated Front Bucket Seats, Heated front seats, Leather Shift Knob, Leather steering wheel, Low tire pressure warning, Occupant sensing airbag, Outside temperature display, Overhead airbag, Overhead console, Passenger door bin, Passenger vanity mirror, Power door mirrors, Power driver seat, Power moonroof, Power steering, Power windows, Premium Cloth Seat Trim, Radio: AM/FM/MP3 Audio System, Rear seat center armrest, Rear window defroster, Rear window wiper, Remote keyless entry, Speed control, Speed-sensing steering, Split folding rear seat, Steering wheel mounted audio controls, Tachometer, Telescoping steering wheel, Tilt steering wheel, Traction control, Trip computer, Variably intermittent wipers, Wheels: 17 x 6.5 Alloy, Navigation System.","[PREMIUM]",18,"5033 Detroit Rd","Sheffield","OH","44054","[PREMIUM]"
"786407055","2026-07-28 23:35:45.197","2026-07-28 23:35:45.197","786407055","[PREMIUM]","GB020638D",2016,"HONDA","Honda","ODYSSEY","Odyssey","EX-L","VANS","Used","Used 2016 Honda Odyssey EX-L",100226,"[PREMIUM]",,"Great","[PREMIUM]",17070,19270,"Modern Steel Metallic","GRAY","Truffle","UNAVAIL","6CLDR","6-Cylinder","2 wheel drive - front","AUT","6-Speed Automatic","Automatic","G","Gasoline","Gas",19,28,3.5,true,5,false,true,false,,false,,,"30",73042439,"[PREMIUM]","[PREMIUM]","[PREMIUM]",1918,"[PREMIUM]",false,"PARTNER",411855,4.2,200,0,"[""NO_SALVAGE_TITLE"",""NO_FRAME_DAMAGE"",""NO_FLOOD_WATER_DAMAGE"",""NO_ACCIDENTS_REPORTED"",""NO_ONE_OWNER"",""FREE_REPORT""]","{""exterior"":[""17\"" x 7\"" Alloy Wheels"",""Alloy wheels"",""Bumpers: body-color"",""Delay-off headlights"",""Fully automatic headlights"",""Heated door mirrors"",""Power door mirrors"",""Rear window wiper"",""Spoiler""],""interior"":[""3rd row seats: split-bench"",""Air Conditioning"",""Anti-whiplash front head restraints"",""Auto-dimming Rear-View mirror"",""Driver door bin"",""Driver vanity mirror"",""Driver's Seat Mounted Armrest"",""Front Bucket Seats"",""Front dual zone A/C"",""Front reading lights"",""Heated Front Bucket Seats"",""Heated front seats"",""LEATHER"",""Leather Seat Trim"",""Leather Shift Knob"",""Leather steering wheel"",""Overhead console"",""Passenger door bin"",""Passenger seat mounted armrest"",""Passenger vanity mirror"",""Power Liftgate"",""Power driver seat"",""Power moonroof"",""Power passenger seat"",""Power windows"",""Rear air conditioning"",""Rear reading lights"",""Rear seat center armrest"",""Rear window defroster"",""Reclining 3rd row seat"",""Speed-Sensitive Wipers"",""Split folding rear seat"",""Steering wheel mounted audio controls"",""Tachometer"",""Telescoping steering wheel"",""Tilt steering wheel"",""Trip computer"",""Variably intermittent wipers""],""mechanical"":[""4-Wheel Disc Brakes"",""4.25 Axle Ratio"",""Four wheel independent suspension"",""Power steering"",""Speed-sensing steering""],""other"":[""***Clean AutoCheck***"",""Front anti-roll bar"",""Illuminated entry"",""Outside temperature display""],""safety"":[""ABS brakes"",""Brake assist"",""Dual front impact airbags"",""Dual front side impact airbags"",""Electronic Stability Control"",""Low tire pressure warning"",""Occupant sensing airbag"",""Overhead airbag"",""Panic alarm"",""Security system"",""Traction control""],""technology"":[""7 Speakers"",""AM/FM radio: SiriusXM"",""Automatic temperature control"",""CD player"",""Compass"",""Exterior Parking Camera Rear"",""Garage door transmitter: HomeLink"",""Radio data system"",""Radio: 270-Watt AM/FM/CD Audio System w/7 Speakers"",""Remote keyless entry"",""Speed control""]}",78,"Modern Steel Metallic 2016 Honda Odyssey EX-L FWD 6-Speed Automatic 3.5L V6 SOHC i-VTEC 24V ***Clean AutoCheck***, LEATHER, Power moonroof.<br><br>Recent Arrival! Odometer is 46229 miles below market average! 19/28 City/Highway MPG<br><br>Awards:<br>* 2016 KBB.com Best Buy Awards * 2016 KBB.com Brand Image Awards * 2016 KBB.com 16 Best Family Cars * 2016 KBB.com Best Buy Awards Finalist<br>Kelley Blue Book Brand Image Awards are based on the Brand Watch(tm) study from Kelley Blue Book Market Intelligence. Award calculated among non-luxury shoppers. For more information, visit www.kbb.com. Kelley Blue Book is a registered trademark of Kelley Blue Book Co., Inc.<br><br><br>Reviews:<br>* Fuel-efficient V6; quiet cabin; configurable second-row seat; easy-to-fold third-row seat; top crash test scores; confident handling.Notably, we picked the 2016 Honda Odyssey as one of Edmunds' Best Used Cars. Source: Edmunds<br>* Fuel-efficient V6; quiet cabin; configurable second-row seat; easy-to-fold third-row seat; top crash test scores; confident handling. Source: Edmunds","[PREMIUM]",11,"2361 MORSE RD","Columbus","OH","43229","[PREMIUM]"
"785016276","2026-07-28 23:35:45.196","2026-07-28 23:35:45.196","785016276","[PREMIUM]","P55603",2016,"GMC","GMC","ACADIA","Acadia","Denali","SUV","Certified","Certified 2016 GMC Acadia Denali",70386,"[PREMIUM]",,"Great","[PREMIUM]",17830,20230,"Ebony Twilight Metallic","BLACK","Ebony","BLACK","6CLDR","6-Cylinder","All wheel drive","AUT","6-Speed Automatic","Automatic","G","Gasoline","Gas",15,22,3.6,true,21,false,false,false,,false,,,"30",96725,"[PREMIUM]","[PREMIUM]","[PREMIUM]",3303,"[PREMIUM]",false,"PARTNER",411919,3.9,608,0,"[""NO_SALVAGE_TITLE"",""ACCIDENTS_REPORTED"",""NO_ONE_OWNER""]","{""exterior"":[""20\"" x 7.5\"" Aluminum Wheels"",""Alloy wheels"",""Auto-dimming door mirrors"",""Bodyside moldings"",""Bumpers: body-color"",""Delay-off headlights"",""Denali Specific Body-Color Rocker Molding"",""Denali Specific Dual Flow Through Fascia Exhaust"",""Denali Specific Front Fascia"",""Denali Specific Illuminated Sill Plate"",""Front fog lights"",""Fully automatic headlights"",""Heated Power-Adjustable Outside Mirrors"",""Heated door mirrors"",""High-Intensity Discharge Headlights"",""Power door mirrors"",""Rear window wiper"",""Spoiler"",""Trailer Hitch"",""Turn signal indicator mirrors"",""Wheels: 20\"" x 7.5\"" Chrome-Clad Aluminum (4)""],""interior"":[""2-Position Memory For Driver's Seat Adjuster"",""3rd Row All-Weather Floor Mats"",""3rd row seats: split-bench"",""7-Passenger Seating (2-2-3 Seating Configuration)"",""8-Way Power Driver Seat w/Memory"",""8-Way Power Passenger Seat Adjuster"",""Air Conditioning"",""Auto-dimming Rear-View mirror"",""Body-Color Moldings w/Chrome Insert"",""Driver door bin"",""Driver vanity mirror"",""Dual SkyScape 2-Panel Power Sunroof"",""Front Bucket Seats"",""Front Center Armrest w/Storage"",""Front dual zone A/C"",""Front reading lights"",""Garage door transmitter"",""Heated & Cooled Front Seats"",""Heated Leather Wrapped Steering Wheel"",""Heated front seats"",""Heated steering wheel"",""Inside Rear-View Auto-Dimming Mirror"",""Leather Shift Knob"",""Leather steering wheel"",""Leather-Wrapped Steering Wheel w/Wood Trim"",""Memory seat"",""Overhead console"",""Passenger door bin"",""Passenger vanity mirror"",""Perforated Leather-Appointed Seat Trim"",""Power Liftgate"",""Power Rear Liftgate Body"",""Power Tilt & Telescopic Steering Column"",""Power Windows w/Driver Express-Up & -Down"",""Power driver seat"",""Power moonroof: Dual SkyScape"",""Power passenger seat"",""Power windows"",""Premium Carpeted Front 2nd & 3rd Row Floor Mats"",""Rear air conditioning"",""Rear reading lights"",""Rear window defroster"",""Steering Wheel Mounted Audio Controls"",""Steering wheel memory"",""Steering wheel mounted audio controls"",""Tachometer"",""Telescoping steering wheel"",""Tilt steering wheel"",""Tri-Zone Automatic Climate Control"",""Trip computer"",""Universal Home Remote"",""Variably intermittent wipers"",""Ventilated front seats"",""Voltmeter""],""mechanical"":[""3.16 Axle Ratio"",""4-Wheel Disc Brakes"",""Four wheel independent suspension"",""Heavy-Duty Cooling System"",""Power steering"",""Speed-sensing steering"",""Variable Effort Power Steering""],""other"":[""Denali Specific Acoustic Insulation Package"",""Denali Specific Bright Side Rails Luggage Rack"",""Emergency communication system: OnStar Guidance"",""Front anti-roll bar"",""High-Intensity Discharge Projector Low Beam Headlamps"",""Illuminated entry"",""Outside temperature display"",""Preferred Equipment Group 5SA"",""Rear Cargo Area Audio System Controls"",""Rear anti-roll bar"",""Roof rack: rails only"",""Technology Package"",""Trailering Equipment""],""safety"":[""ABS brakes"",""Brake assist"",""Dual front impact airbags"",""Dual front side impact airbags"",""Electronic Stability Control"",""Forward Collision Alert & Lane Departure Warning"",""Low tire pressure warning"",""Occupant sensing airbag"",""Overhead airbag"",""Panic alarm"",""Security system"",""Side Blind Zone Alert & Rear Cross Traffic Alert"",""Traction control""],""technology"":[""10 Speakers"",""AM/FM radio: SiriusXM"",""Automatic temperature control"",""Bose Premium 10-Speaker Audio System"",""CD player"",""Compass"",""Exterior Parking Camera Rear"",""Head-Up Display"",""Heads-Up Display"",""NavTraffic"",""Navigation System"",""Radio data system"",""Radio: Color Touch Navigation w/IntelliLink"",""Rear Audio System Controls"",""Rear Parking Sensors"",""Rear audio controls"",""Remote Vehicle Start"",""Remote keyless entry"",""Speed control""]}",127,"This 2016 GMC Acadia Denali in black delivers the sophisticated styling and capable performance you expect from the Denali nameplate, paired with the practical versatility a three-row family vehicle provides.<br><br>- Dual SkyScape 2-panel power sunroof<br>- Bose Premium 10-speaker audio system with SiriusXM<br>- Navigation system with color touch display and IntelliLink<br>- Tri-zone automatic climate control with heated and cooled front seats<br>- 8-way power driver seat with memory and power passenger seat<br>- Remote vehicle start and universal home remote<br>- Forward collision alert and lane departure warning<br>- Side blind zone alert and rear cross traffic alert<br>- Rear parking sensors and exterior parking camera<br>- Heated leather-wrapped steering wheel with wood trim<br>- 20-inch chrome-clad aluminum wheels<br>- Roof rack rails and trailer hitch<br>- 7-passenger seating with third-row all-weather floor mats<br><br>The Acadia's three-row configuration seats seven passengers comfortably, with well-appointed leather interior throughout. The second and third rows provide ample space for families, while the flexible seating arrangement allows you to fold sections down for cargo when needed. Perforated leather-appointed seat trim and heating for the front seats add refinement to your daily drives and longer journeys alike.<br><br>Under the hood, the 3.6L V6 SIDI engine paired with six-speed automatic transmission and all-wheel drive delivers dependable performance and traction in various driving conditions. With 70,383 miles on the odometer, this Acadia remains well-maintained and ready for years of reliable service.<br><br>Advanced technology features keep you connected and informed. The color touch navigation system with IntelliLink integration provides intuitive control, while the OnStar guidance system offers emergency communication and roadside assistance. Remote keyless entry, garage door transmitter capability, and remote vehicle start add convenience to your ownership experience.<br><br>Safety is engineered throughout this vehicle with multiple airbags, electronic stability control, traction control, and brake assist. The forward collision alert and lane departure warning systems provide additional peace of mind, while rear cross traffic alert helps you navigate parking situations with confidence.<br><br>The Denali trim elevates this Acadia with distinctive styling elements including the Denali-specific front fascia, dual flow-through exhaust with chrome finish, and illuminated sill plates. Body-color moldings with chrome accents and bright side rails round out the premium appearance.<br><br>Fox Chevrolet has been delivering on a promise since 1967. Come in and check out what the Fox Advantage truly is","[PREMIUM]",36,"725 South Rochester Road","Rochester Hills","MI","48307","[PREMIUM]"
"786148456","2026-07-28 23:35:45.193","2026-07-28 23:35:45.193","786148456","[PREMIUM]","26579XXA",2016,"MAZDA","MAZDA","CX-5","CX-5","Touring","SUV","Used","Used 2016 MAZDA CX-5 Touring w/ Bose/Moonroof Package",99125,"[PREMIUM]",,,"[PREMIUM]",13600,15150,"Sonic Silver Metallic","SILVER","Black","BLACK","4CLDR","4-Cylinder","All wheel drive","AUT","6-Speed Automatic","Automatic","G","Gasoline","Gas",24,30,2.5,false,7,false,false,false,,false,,,"30",1328749,"[PREMIUM]","[PREMIUM]","[PREMIUM]",4573,"[PREMIUM]",false,"PARTNER",406915,4.6,290,0,"[""NO_SALVAGE_TITLE"",""ACCIDENTS_REPORTED"",""ONE_OWNER""]","{""exterior"":[""17 x 7J Aluminum Alloy Wheels"",""Alloy wheels"",""Bumpers: body-color"",""Delay-off headlights"",""Front fog lights"",""Power door mirrors"",""Rear window wiper"",""Spoiler"",""Turn signal indicator mirrors""],""interior"":[""Air Conditioning"",""Cloth Seat Trim"",""Driver door bin"",""Driver vanity mirror"",""Front Bucket Seats"",""Front Center Armrest"",""Front reading lights"",""Leather Shift Knob"",""Overhead console"",""Passenger door bin"",""Passenger vanity mirror"",""Power Sliding-Glass Moonroof w/Interior Sunshade"",""Power driver seat"",""Power windows"",""Rear reading lights"",""Rear seat center armrest"",""Rear window defroster"",""Split folding rear seat"",""Steering wheel mounted audio controls"",""Tachometer"",""Telescoping steering wheel"",""Tilt steering wheel"",""Trip computer"",""Variably intermittent wipers""],""mechanical"":[""4-Wheel Disc Brakes"",""4.62 Axle Ratio"",""Four wheel independent suspension"",""Power steering"",""Speed-sensing steering""],""other"":[""BOSE/Moonroof Package"",""Front anti-roll bar"",""Illuminated entry"",""One Owner"",""Outside temperature display"",""Rear anti-roll bar""],""safety"":[""ABS brakes"",""Brake assist"",""Dual front impact airbags"",""Dual front side impact airbags"",""Electronic Stability Control"",""Low tire pressure warning"",""Occupant sensing airbag"",""Overhead airbag"",""Panic alarm"",""Traction control""],""technology"":[""*BLUTOOTH"",""6 Speakers"",""AM/FM radio"",""Bose 9-Speaker Audio Sound System"",""CD player"",""Exterior Parking Camera Rear"",""Radio data system"",""Radio: AM/FM/CD/HD Modular Audio System w/6 Spkrs"",""Remote keyless entry"",""Speed control""]}",64,"Recent Arrival! 2016 Mazda CX-5 Touring Sonic Silver Metallic *BLUTOOTH, One Owner, Bose 9-Speaker Audio Sound System, BOSE/Moonroof Package, Exterior Parking Camera Rear, Power Sliding-Glass Moonroof w/Interior Sunshade. 24/30 City/Highway MPG<br>Grand Subaru in Bensenville, IL treats the needs of each individual customer with paramount concern. We know that you have high expectations, and as a car dealer we enjoy the challenge of meeting and exceeding those standards. Our experienced Subaru Chicago sales staff is eager to share its knowledge and enthusiasm with you. We encourage you to browse our online inventory, schedule a test drive and investigate financing options.<br><br>Reviews:<br>* Sporty driving feel that makes you feel secure while cornering; engines earn great fuel economy; spacious seating in both rows; many desirable safety features. Source: Edmunds","[PREMIUM]",28,"125 West Grand Avenue","Bensenville","IL","60106","[PREMIUM]"
"786489093","2026-07-28 23:35:45.191","2026-07-28 23:35:45.191","786489093","[PREMIUM]","LLM13134",2016,"SUB","Subaru","SUBOUTBK","Outback","2.5i Limited","SUV","Used","Used 2016 Subaru Outback 2.5i Limited",76874,"[PREMIUM]",,"Great","[PREMIUM]",17710,19710,"Gray","GRAY","Black","BLACK","4CLDR","4-Cylinder","All wheel drive","AUT","Continuously Variable Automatic","Automatic","G","Gasoline","Gas",25,33,2.5,true,4,false,true,false,,false,,,"30",67118809,"[PREMIUM]","[PREMIUM]","[PREMIUM]",593,"[PREMIUM]",false,"PARTNER",410349,4.4,269,0,"[""NO_SALVAGE_TITLE"",""NO_ACCIDENTS_REPORTED"",""ONE_OWNER""]","{""exterior"":[""Alloy Wheels"",""Fog Lights"",""Power Mirrors""],""interior"":[""A/C Front"",""Dual Climate Controls"",""Electromechanical Parking Brake"",""Heated Front Seats"",""Heated Seats"",""Leather Interior"",""Leather Seats"",""Memory Seat"",""Multi-Zone A/C"",""Power Door Locks"",""Power Seats"",""Power Windows"",""Steering Wheel Audio Controls"",""Tilt Wheel""],""mechanical"":[""All Wheel Drive"",""Power Steering""],""other"":[""Android Auto"",""Apple CarPlay"",""Bluetooth Capable"",""Heat/AC""],""safety"":[""Anti-Lock Brakes"",""BLIS (blind spot information system)"",""Blind Spot Monitor"",""Driver Air Bag"",""Passenger Air Bag"",""Side Air Bag"",""Traction Control""],""technology"":[""AM/FM Stereo"",""Backup Camera"",""Cruise Control"",""Keyless Entry"",""Premium Sound System"",""Satellite Radio"",""USB Port""]}",37,"***** WE FINANCE ***** 2016 SUBARU OUTBACK 2.5I LIMITED CLEAN VEHICLE ONE OWNER VEHICLE NO ACCIDENT REPORTED / VEHICLE LOADED WITH BLUETOOTH CONNECTION / PREMIUM SOUND SYSTEM / ALLOY WHEELS / BACKUP CAMERA/ SATELLITE RADIO/ HEATED SEATS/ BLIND SPOT MONITOR/ AND GOOD TIRES A MUST SEE!ASK OUR SALES DEPARTMENT FOR EXTENDED WARRANTY. After business hours please contact Zack at","[PREMIUM]",42,"11340 Patriot hwy","Fredericksburg","VA","22408","[PREMIUM]"
"786409541","2026-07-28 23:35:45.188","2026-07-28 23:35:45.188","786409541","[PREMIUM]","B1630",2016,"POR","Porsche","PORMACAN","Macan","S","SUV","Used","Used 2016 Porsche Macan S",68110,"[PREMIUM]",,"Great","[PREMIUM]",19299,21449,"White","WHITE",,,"6CLDR","6-Cylinder Turbo","All wheel drive","AUT","7-Speed Automatic","Automatic","G","Gasoline","Gas",17,23,3,true,5,false,true,false,,false,,,"30",69653435,"[PREMIUM]","[PREMIUM]","[PREMIUM]",6739,"[PREMIUM]",false,"PARTNER",412859,4.7,75,1,"[""NO_SALVAGE_TITLE"",""NO_FRAME_DAMAGE"",""NO_FLOOD_WATER_DAMAGE"",""NO_ACCIDENTS_REPORTED"",""NO_ONE_OWNER"",""FREE_REPORT""]","{""exterior"":[""Alloy wheels"",""Bumpers: body-color"",""Delay-off headlights"",""Front fog lights"",""Fully automatic headlights"",""Headlight cleaning"",""Heated door mirrors"",""High intensity discharge headlights: Bi-Xenon"",""Power door mirrors"",""Rear window wiper"",""Spoiler""],""interior"":[""8-Way Power Front Bucket Seats w/Memory"",""Air Conditioning"",""Alcantara/Leather Seat Trim"",""Driver door bin"",""Driver vanity mirror"",""Front Bucket Seats"",""Front Center Armrest"",""Front dual zone A/C"",""Front reading lights"",""Leather Shift Knob"",""Memory seat"",""Overhead console"",""Passenger door bin"",""Passenger vanity mirror"",""Power Liftgate"",""Power driver seat"",""Power passenger seat"",""Power windows"",""Rear air conditioning"",""Rear reading lights"",""Rear seat center armrest"",""Rear window defroster"",""Split folding rear seat"",""Sport steering wheel"",""Steering wheel mounted audio controls"",""Tachometer"",""Telescoping steering wheel"",""Tilt steering wheel"",""Trip computer"",""Variably intermittent wipers""],""mechanical"":[""4-Wheel Disc Brakes"",""4.13 Axle Ratio"",""Four wheel independent suspension"",""Power steering"",""Speed-sensing steering""],""other"":[""Front anti-roll bar"",""Illuminated entry"",""Outside temperature display"",""Rear anti-roll bar"",""Wheels: 19\"" Macan Design""],""safety"":[""ABS brakes"",""Brake assist"",""Dual front impact airbags"",""Dual front side impact airbags"",""Electronic Stability Control"",""Low tire pressure warning"",""Occupant sensing airbag"",""Overhead airbag"",""Panic alarm"",""Rear side impact airbag"",""Security system"",""Traction control""],""technology"":[""11 Speakers"",""AM/FM radio"",""Automatic temperature control"",""CD player"",""DVD-Audio"",""Garage door transmitter: HomeLink"",""Radio data system"",""Radio: CDR-Plus Audio System w/MP3/Single CD/DVD"",""Rain sensing wipers"",""Remote keyless entry"",""Speed control""]}",74,"Recent Arrival! Priced below KBB Fair Purchase Price! Odometer is 21557 miles below market average! 11 Speakers, 4-Wheel Disc Brakes, 4.13 Axle Ratio, 8-Way Power Front Bucket Seats w/Memory, ABS brakes, Air Conditioning, Alcantara/Leather Seat Trim, Alloy wheels, AM/FM radio, Automatic temperature control, Brake assist, Bumpers: body-color, CD player, Delay-off headlights, Driver door bin, Driver vanity mirror, Dual front impact airbags, Dual front side impact airbags, DVD-Audio, Electronic Stability Control, Four wheel independent suspension, Front anti-roll bar, Front Bucket Seats, Front Center Armrest, Front dual zone A/C, Front fog lights, Front reading lights, Fully automatic headlights, Garage door transmitter: HomeLink, Headlight cleaning, Heated door mirrors, High intensity discharge headlights: Bi-Xenon, Illuminated entry, Leather Shift Knob, Low tire pressure warning, Memory seat, Occupant sensing airbag, Outside temperature display, Overhead airbag, Overhead console, Panic alarm, Passenger door bin, Passenger vanity mirror, Power door mirrors, Power driver seat, Power Liftgate, Power passenger seat, Power steering, Power windows, Radio data system, Radio: CDR-Plus Audio System w/MP3/Single CD/DVD, Rain sensing wipers, Rear air conditioning, Rear anti-roll bar, Rear reading lights, Rear seat center armrest, Rear side impact airbag, Rear window defroster, Rear window wiper, Remote keyless entry, Security system, Speed control, Speed-sensing steering, Split folding rear seat, Spoiler, Sport steering wheel, Steering wheel mounted audio controls, Tachometer, Telescoping steering wheel, Tilt steering wheel, Traction control, Trip computer, Variably intermittent wipers, and Wheels: 19 Macan Design.<br><br><br>At Germain Honda of Beavercreek We have a strong and committed sales staff with many years of experience satisfying our customers' needs. Don't take our word for it see, what our customers are saying about us!! Copy and paste this link: http://www.germainhondaofbeavercreek.com/dealerrater-reviews.htm Germain Honda of Beavercreek!! The Right Car. The Right Price. The Right WaY.<br><br><br>Awards:<br>* JD Power Automotive Performance, Execution and Layout (APEAL) Study, Initial Quality Study (IQS) * 2016 KBB.com Best Resale Value Awards * 2016 KBB.com Brand Image Awards * 2016 KBB.com 10 Most Fun SUVs<br>Reviews:<br>* Spirited performance even in base trim; athletic and engaging to drive; comfortable and quiet ride; highly customizable. Source: Edmunds","[PREMIUM]",7,"2300 HELLER DR","Beavercreek","OH","45434","[PREMIUM]"
"786522758","2026-07-28 23:35:45.186","2026-07-28 23:35:45.186","786522758","[PREMIUM]","W30770",2016,"HONDA","Honda","CIVIC","Civic","EX-L","SEDAN","Used","Used 2016 Honda Civic EX-L",80610,"[PREMIUM]",,,"[PREMIUM]",14150,15800,"Cosmic Blue Metallic","BLUE","Gray","GRAY","4CLDR","4-Cylinder Turbo","2 wheel drive - front","AUT","Continuously Variable Automatic","Automatic","G","Gasoline","Gas",31,42,1.5,true,4,false,true,false,,false,,,"30",70763,"[PREMIUM]","[PREMIUM]","[PREMIUM]",3729,"[PREMIUM]",false,"PARTNER",412892,4.7,688,0,"[""NO_SALVAGE_TITLE"",""NO_ACCIDENTS_REPORTED"",""ONE_OWNER""]","{""exterior"":[""Aluminum Wheels"",""Automatic Headlights"",""Fog Lamps"",""Heated Mirrors"",""Power Mirror(s)"",""Rear Spoiler"",""Tires - Front Performance"",""Tires - Rear Performance""],""interior"":[""A/C"",""Adjustable Steering Wheel"",""Auto-Dimming Rearview Mirror"",""Bucket Seats"",""Climate Control"",""Driver Illuminated Vanity Mirror"",""Driver Vanity Mirror"",""Floor Mats"",""Generic Sun/Moonroof"",""Heated Front Seat(s)"",""Intermittent Wipers"",""Leather Seats"",""Leather Steering Wheel"",""Multi-Zone A/C"",""Pass-Through Rear Seat"",""Passenger Illuminated Visor Mirror"",""Passenger Vanity Mirror"",""Power Door Locks"",""Power Driver Seat"",""Power Windows"",""Rear Bench Seat"",""Rear Defrost"",""Steering Wheel Audio Controls"",""Sun/Moonroof"",""Trip Computer"",""Variable Speed Intermittent Wipers""],""mechanical"":[""4-Wheel Disc Brakes"",""Front Wheel Drive"",""Power Steering"",""Turbocharged""],""other"":[""Requires Subscription"",""Smart Device Integration""],""safety"":[""ABS"",""Brake Assist"",""Child Safety Locks"",""Daytime Running Lights"",""Driver Air Bag"",""Front Head Air Bag"",""Front Side Air Bag"",""Passenger Air Bag"",""Passenger Air Bag Sensor"",""Rear Head Air Bag"",""Security System"",""Stability Control"",""Temporary Spare Tire"",""Tire Pressure Monitor"",""Traction Control""],""technology"":[""AM/FM Stereo"",""Auxiliary Audio Input"",""Back-Up Camera"",""Bluetooth Connection"",""Cruise Control"",""HD Radio"",""Immobilizer"",""Keyless Entry"",""Keyless Start"",""MP3 Capability"",""Remote Engine Start"",""Satellite Radio"",""Telematics""]}",68,"This vehicle has passed a Safety Inspection and is sold AS IS with No Warranty. Bought New and Serviced at Luther Hopkins Honda! CARFAX 1-Owner, Extra Clean. Cosmic Blue Metallic exterior and Gray interior, EX-L trim. FUEL EFFICIENT 42 MPG Hwy/31 MPG City! Bought New and Serviced at Luther Hopkins Honda! CLICK NOW!<br><br>DISCOVER THE LUTHER ADVANTAGE<br>The Luther Advantage is designed to make buying-and driving-a vehicle from the Luther dealerships a pleasant and convenient experience. From the peace of mind that comes with the Free CARFAX Reports &amp; Clean Title Guarantee on pre-owned vehicles, as well as providing Luther customers with full range of valuable discounts at participating Holiday Station stores including 20 cents off a gallon, $6 for The Works car wash among other advantages. As much as we like satisfying customers, we like keeping them even more.<br><br>EXPERTS REPORT<br>. this Civic is seriously roomy. Four 6-footers should be content to ride all day, which is an extraordinary achievement for a compact sedan, and that enhanced space should also be a boon to families using bulky child safety seats. -Edmunds.com.<br><br>Check whether a vehicle is subject to open recalls for safety <br><br><br>Horsepower calculations based on trim engine configuration. Fuel economy calculations based on original manufacturer data for trim engine configuration. Please confirm the accuracy of the included equipment by calling us prior to purchase.<br><br>The price of this vehicle includes a $350 documentation fee.","[PREMIUM]",16,"250 Fifth Avenue South","Hopkins","MN","55343","[PREMIUM]"
"786312573","2026-07-28 23:35:45.149","2026-07-28 23:35:45.149","786312573","[PREMIUM]","2HGFC2F66MH556230",2021,"HONDA","Honda","CIVIC","Civic","LX","SEDAN","Used","Used 2021 Honda Civic LX",61300,"[PREMIUM]",,"Good","[PREMIUM]",16490,19040,"White","WHITE","Tan","TAN","4CLDR","4-Cylinder","2 wheel drive - front","AUT","Continuously Variable Automatic","Automatic","G","Gasoline","Gas",30,38,2,false,6,false,true,false,,false,,,"30",75868785,"[PREMIUM]","[PREMIUM]","[PREMIUM]",,"[PREMIUM]",true,,449969,4.7,688,,"[""NO_SALVAGE_TITLE"",""ACCIDENTS_REPORTED"",""NO_ONE_OWNER""]","{""exterior"":[""Steel Wheels""],""interior"":[""Air Conditioning"",""Power Door Locks"",""Power Windows""],""mechanical"":[""Power Steering""],""other"":[""Collision Mitigation"",""Tilt & Telescoping Wheel""],""safety"":[""ABS (4-Wheel)"",""Alarm System"",""Daytime Running Lights"",""Dual Air Bags"",""F&R Head Curtain Air Bags"",""Lane Departure Warning System"",""Side Air Bags"",""Stability Control"",""Traction Control""],""technology"":[""AM/FM Stereo"",""Adaptive Cruise Control"",""Backup Camera"",""Bluetooth Wireless"",""CD/MP3 (Single Disc)"",""Hill Start Assist"",""Keyless Entry""]}",23,"2021 Honda Civic LX - 4D Sedan <br>61k miles | 2.0L I4 Automatic<br>2 owners and regularly serviced at dealership<br>Clean title<br>Bought Honda Pre-owned Certified in Dec. 2022 with 11k miles. It runs perfectly and gets great gas mileage.<br>All 4 tires replaced January 2025.<br>Minor exterior flaws, but the interior is in great condition with no stains, rips, or tears.<br>Non-smoking<br>2 Keys<br>Seat covers available if wanted. <br><br>Features:<br>Bluetooth/Hands-Free<br>Heated front seats<br>Brake Hold<br>Backup Camera<br>Adaptive Cruise Control<br>Lane Keeping Assist<br>Collision Mitigation Braking<br>Power Windows, Locks, and Mirrors<br>Keyless Entry<br>Civic Brand Front, Back, and Cargo Floor Liners<br><br>Cosmetic Flaws:<br>Scratch on front passenger-side bumper (there when I bought it)<br>Small chip/crack in windshield (there when I bought it)<br>Minor scratches on doors, barely noticeable.<br>","[PREMIUM]",17,,"Wilmington","NC","28401","[PREMIUM]"
"786424529","2026-07-28 23:34:45.323","2026-07-28 23:34:45.323","786424529","[PREMIUM]","G5302811",2016,"FORD","Ford","MUST","Mustang","Premium","CONVERT","Used","Used 2016 Ford Mustang Premium w/ Pony Package",75698,"[PREMIUM]",,"Great","[PREMIUM]",16620,18220,"Oxford White","WHITE","Ebony","BLACK","4CLDR","4-Cylinder Turbo","2 wheel drive - rear","AUT","6-Speed Automatic","Automatic","G","Gasoline","Gas",,,2.3,true,5,false,true,false,,false,,,"30",774095,"[PREMIUM]","[PREMIUM]","[PREMIUM]",6763,"[PREMIUM]",false,"PARTNER",410725,4.6,229,1,"[""NO_SALVAGE_TITLE"",""NO_FRAME_DAMAGE"",""NO_FLOOD_WATER_DAMAGE"",""NO_ACCIDENTS_REPORTED"",""ONE_OWNER"",""FREE_REPORT""]","{""exterior"":[""Automatic Headlights"",""Fog Lamps"",""HID headlights"",""Heated Mirrors"",""Integrated Turn Signal Mirrors"",""Power Mirror(s)"",""Rear Spoiler"",""Tires - Front Performance"",""Tires - Rear Performance"",""Wheel Locks""],""interior"":[""AC"",""Adjustable Steering Wheel"",""Auto-Dimming Rearview Mirror"",""Bucket Seats"",""Climate Control"",""Driver Adjustable Lumbar"",""Driver Illuminated Vanity Mirror"",""Driver Vanity Mirror"",""Floor Mats"",""Heated Seats"",""Intermittent Wipers"",""Leather Seats"",""Leather Steering Wheel"",""Multi-Zone A/C"",""Passenger Illuminated Visor Mirror"",""Passenger Vanity Mirror"",""Power Door Locks"",""Power Driver Seat"",""Power Passenger Seat"",""Power Windows"",""Rear Defrost"",""Steering Wheel Audio Controls"",""Transmission w/Dual Shift Mode"",""Trip Computer"",""Universal Garage Door Opener"",""Variable Speed Intermittent Wipers""],""mechanical"":[""4 Cylinder Engine"",""4-Wheel Disc Brakes"",""6-Speed A/T"",""6-Speed M/T"",""A/T"",""Gasoline Fuel"",""Power Steering"",""Rear Wheel Drive"",""Turbo/Supercharged""],""other"":[""Locking/Limited Slip Differential"",""Premium Sound"",""Smart Device Integration""],""safety"":[""ABS"",""Brake Assist"",""Driver Air Bag"",""Front Side Air Bag"",""Passenger Air Bag"",""Security System"",""Stability Control"",""Temporary Spare Tire"",""Tire Pressure Monitor"",""Traction Control""],""technology"":[""AM/FM Stereo"",""Auxiliary Audio Input"",""Back-Up Camera"",""Bluetooth"",""CD Player"",""Cruise Control"",""Engine Immobilizer"",""Keyless Entry"",""Keyless Start"",""MP3 Player"",""Navigation System"",""Rear Parking Aid"",""Remote Start"",""Satellite Radio"",""Telematics""]}",73,"EcoBoost Premium trim. Heated/Cooled Leather Seats, Nav System, Premium Sound System, Back-Up Camera, Turbo Charged Engine, REVERSE SENSING SYSTEM, SPARE WHEEL &amp; TIRE, PONY PACKAGE, TRANSMISSION: 6-SPEED SELECTSHIFT AUT...<br><br>KEY FEATURES INCLUDE<br>Leather Seats, Heated Driver Seat, Cooled Driver Seat, Back-Up Camera, Turbocharged, Premium Sound System Rear Spoiler, MP3 Player, Keyless Entry, Steering Wheel Controls.<br><br>OPTION PACKAGES<br>TRANSMISSION: 6-SPEED SELECTSHIFT AUTOMATIC paddle shifters, Leather-Wrapped Shift Knob, Remote Start System, PONY PACKAGE Premium Carpeted Floor Mats w/Pony Logo, Tires: 19, Wheels: 19 Polished Aluminum, Side Stripe, Unique Upper &amp; Lower Grilles, tri-bar pony logo on upper grille, VOICE-ACTIVATED TOUCH-SCREEN NAVIGATION SYSTEM SiriusXM Traffic and Travel Link w/a, SYNC services are not available in AK and HI, SiriusXM audio and data services each require a subscription sold seperately, or as a package, by SiriusXM Radio Inc, If you decide to continue service after your trial, the subsription plan you choose will automatically renew thereafter and you will be charged according to your chosen payment method at then-current rates, Fees and taxes apply, REVERSE SENSING SYSTEM, SPARE WHEEL &amp; TIRE.<br><br>WHY BUY FROM US<br>Buy with confidence at Group 1 where every pre-owned vehicle, up to 175,000 miles, comes with a one month 1,000-mile limited warranty along with a 3-day 250-mile exchange policy. Some exclusions may apply, see Buyers Guide for specifics. Every vehicle is priced to market and includes a Carfax History Report.<br><br>NO HAGGLE, NO HASSLE PRICING<br>When buying a pre-owned vehicle, Group 1 Automotive keeps things simple. You get competitive, up-front pricing based on live data pulled from more than 20,000 websites, updated hourly. No pricing games. No inflated numbers. No back-and-forth negotiation. Just market-based pricing you can trust.<br><br>MARKET-BASED PRICING<br>You expect fair &amp; competitive pricing. Thats why the price is based on current market data and is regularly compared to similar pre-owned vehicles in the region.<br><br>QUALITY INSPECTIONS<br>Every vehicle is thoroughly inspected and comes with a complimentary vehicle history report.<br><br>QUICK &amp; TRANSPARENT FINANCING<br>Need Financing? Apply in minutes with all terms and conditions clearly disclosed upfront.<br><br>VEHICLE SERVICE CONTRACTS<br>Avoid bumps in the road! Adding a service contract can help prevent future unexpected expenses from arising. Available for most purchases.<br><br>EXPERTS CONCLUDE<br>The 2016 Ford Mustang is a well-behaved muscle car that loves the open road. Tire and wind noise are modest, making for a fairly peaceful cabin at highway speeds. -Edmunds.com.<br><br>PURCHASE WITH CONFIDENCE<br>CARFAX 1-Owner AutoCheck One Owner<br><br>OUR OFFERINGS<br>At Lexus of Clear Lake, we take as much pride in our customer service as we do in our vehicles. When you arrive, well go the extra mile to make sure your experience at our dealership is beyond compare.<br><br>Please confirm the accuracy of the included equipment by calling us prior to purchase.<br>","[PREMIUM]",36,"18160 GULF FWY","Friendswood","TX","77546","[PREMIUM]"
"781616096","2026-07-28 23:34:44.931","2026-07-28 23:34:44.931","781616096","[PREMIUM]",,2016,"BMW","BMW","535IXD","535i xDrive","Sedan","SEDAN","Used","Used 2016 BMW 535i xDrive Sedan",54645,"[PREMIUM]",,"Great","[PREMIUM]",17393,20243,"Black","BLACK","Black","BLACK","6CLDR","6-Cylinder Turbo","All wheel drive","AUT","8-Speed Automatic","Automatic","G","Gasoline","Gas",20,29,3,true,61,false,false,false,,false,,,"30",67905093,"[PREMIUM]","[PREMIUM]","[PREMIUM]",404,"[PREMIUM]",false,"FEATURED PLUS",412993,4.3,194,0,"[""NO_SALVAGE_TITLE"",""NO_ACCIDENTS_REPORTED"",""NO_ONE_OWNER""]","{""exterior"":[""Exhaust - Dual Tip"",""Front Bumper Color - Body-Color"",""Headlights - Auto Delay Off"",""Memorized Settings - Side Mirrors"",""Rear Bumper Color - Body-Color""],""interior"":[""Air Filtration - Active Charcoal"",""Armrests - Rear Folding"",""Cargo Area Floor Mat"",""Cargo Area Light"",""Center Console - Front Console With Storage"",""Clock"",""Cupholders - Front"",""Cupholders - Rear"",""Dash Trim - Alloy"",""Dash Trim - Wood"",""Door Handle Color - Body-Color"",""Floor Mat Material - Carpet"",""Floor Material - Carpet"",""Floor Mats - Front"",""Floor Mats - Rear"",""Front Air Conditioning - Automatic Climate Control"",""Front Air Conditioning Zones - Dual"",""Gauge - Tachometer"",""Interior Accents - Woodgrain"",""Memorized Settings - Climate Control"",""Memorized Settings - Driver Seat"",""Memorized Settings - Steering Wheel"",""One-Touch Windows - 4"",""Power Outlet(S) - 12v Front"",""Power Outlet(S) - 3 Total"",""Power Windows - Lockout Button"",""Push-Button Start"",""Reading Lights - Front"",""Reading Lights - Rear"",""Shift Knob Trim - Leather"",""Steering Wheel - Power Tilt And Telescopic"",""Steering Wheel Mounted Controls - Audio"",""Steering Wheel Mounted Controls - Cruise Control"",""Steering Wheel Mounted Controls - Multi-Function"",""Steering Wheel Mounted Controls - Phone"",""Steering Wheel Trim - Leather"",""Storage - Door Pockets"",""Storage - Seatback"",""Universal Remote Transmitter - Garage Door Opener"",""Vanity Mirrors - Dual Illuminating""],""mechanical"":[""4wd Type - Full Time"",""Axle Ratio - 3.08"",""Brake Drying"",""Front Shock Type - Gas"",""Front Spring Type - Coil"",""Front Stabilizer Bar"",""Front Struts"",""Front Suspension Classification - Independent"",""Power Brakes"",""Power Steering - Variable/Speed-Proportional"",""Rear Shock Type - Gas"",""Rear Spring Type - Coil"",""Rear Stabilizer Bar"",""Rear Struts"",""Rear Suspension Classification - Independent"",""Rear Suspension Type - Multi-Link""],""other"":[""Ambient Lighting"",""Assist Handle - Front"",""Assist Handle - Rear"",""Connected In-Car Apps - Facebook"",""Connected In-Car Apps - Google Search"",""Connected In-Car Apps - Twitter"",""Digital Odometer"",""Door Trim - Leather"",""Drive Mode Selector"",""Driver Assistance App - Roadside Assistance"",""Emergency Braking Preparation"",""Exhaust Tip Color - Chrome"",""External Temperature Display"",""Front Brake Diameter - 13.7"",""Front Brake Type - Ventilated Disc"",""Front Suspension Type - Double Ball Joint"",""Fuel Economy Display - Mpg"",""Grille Color - Black"",""Hands-Free Phone Call Integration - Voice Operated"",""Headlights"",""Memorized Settings - 2 Driver"",""Mirror Color - Body-Color"",""Multi-Function Remote - Keyless Entry"",""Multi-Function Remote - Panic Alarm"",""Multi-Function Remote - Trunk Release"",""Navigation Data - Real Time Traffic"",""Rear Brake Diameter - 13.0"",""Rear Brake Type - Ventilated Disc"",""Rear Vents - Second Row"",""Rearview Mirror - Auto-Dimming"",""Regenerative Braking System"",""Smart Device App Function - Horn/Light Operation"",""Smart Device App Function - Lock Operation"",""Smart Device App Function - Maintenance Status"",""Smart Device App Function - Vehicle Location"",""Steering Wheel Mounted Controls - Paddle Shifter"",""Touch-Sensitive Controls"",""Trip Odometer"",""Warnings And Reminders - Coolant Temperature Warning"",""Warnings And Reminders - Lamp Failure"",""Warnings And Reminders - Low Fuel Level""],""safety"":[""Abs - 4-Wheel"",""Braking Assist"",""Daytime Running Lights - Led"",""Electronic Brakeforce Distribution"",""Stability Control"",""Traction Control""],""technology"":[""Antenna Type - Diversity"",""Auto Start/Stop"",""Auxiliary Audio Input - Bluetooth"",""Auxiliary Audio Input - Ipod/Iphone"",""Auxiliary Audio Input - Jack"",""Auxiliary Audio Input - Usb"",""Compass"",""Cruise Control"",""Hard Drive - 20gb"",""In-Dash Cd - Mp3 Playback"",""In-Dash Cd - Single Disc"",""Infotainment Screen Size - 10.2 In."",""Memorized Settings - Audio System"",""Multi-Function Display"",""Navigation System - Hard Drive"",""Navigation System - Voice Operated"",""Radio - Am/Fm"",""Radio - Hd Radio"",""Radio Data System"",""Satellite Communications - Bmw Assist"",""Satellite Radio - Siriusxm"",""Speed Sensitive Volume Control"",""Total Speakers - 12""]}",131,"Experience luxury, performance, and confidence in this 2016 BMW 535i xDrive AWD Sedan, finished in Black with a Black leather interior and showing just 54,645 miles. Powered by a responsive 3.0L turbocharged inline-6 engine paired with an 8-speed automatic transmission and BMW's xDrive all-wheel-drive system, this sedan delivers an exceptional driving experience in all conditions. This clean-title, accident-free vehicle has had only two owners and has been meticulously maintained, with service performed almost exclusively at BMW dealerships. Well-equipped with premium features including navigation, sunroof, heated front and rear seats, power front seats with memory, rearview camera, parking sensors, lane assist, following distance monitoring, paddle shifters, dual-zone climate control, and stylish BMW alloy wheels. A perfect blend of luxury, technology, and performance, this 535i is ready for its next owner. Trade-ins are welcome, extended warranties are available, and nationwide shipping can be arranged. Contact us today at   for more information.","[PREMIUM]",40,"2021 Mainstreet","Hopkins","MN","55343","[PREMIUM]"
"786522615","2026-07-28 23:34:44.928","2026-07-28 23:34:44.928","786522615","[PREMIUM]","67155B",2016,"TOYOTA","Toyota","CAMRY","Camry","LE","SEDAN","Used","Used 2016 Toyota Camry LE",92718,"[PREMIUM]",,,"[PREMIUM]",15310,17160,"Celestial Silver Metallic","SILVER","Black","BLACK","4CLDR","4-Cylinder","2 wheel drive - front","AUT","6-Speed Automatic","Automatic","G","Gasoline","Gas",25,35,2.5,true,4,false,true,false,,false,,,"30",582559,"[PREMIUM]","[PREMIUM]","[PREMIUM]",2310,"[PREMIUM]",false,"PARTNER",412707,4.4,547,0,"[""NO_SALVAGE_TITLE"",""NO_ACCIDENTS_REPORTED"",""ONE_OWNER""]","{""exterior"":[""Automatic Headlights"",""Heated Mirrors"",""Power Mirror(s)"",""Steel Wheels"",""Tires - Front All-Season"",""Tires - Front Performance"",""Tires - Rear All-Season"",""Tires - Rear Performance"",""Wheel Covers""],""interior"":[""A/C"",""Adjustable Steering Wheel"",""Bucket Seats"",""Cloth Seats"",""Driver Adjustable Lumbar"",""Driver Vanity Mirror"",""Intermittent Wipers"",""Pass-Through Rear Seat"",""Passenger Vanity Mirror"",""Power Door Locks"",""Power Driver Seat"",""Power Windows"",""Rear Bench Seat"",""Rear Defrost"",""Remote Trunk Release"",""Steering Wheel Audio Controls"",""Trip Computer"",""Variable Speed Intermittent Wipers"",""Woodgrain Interior Trim""],""mechanical"":[""4-Wheel Disc Brakes"",""Front Wheel Drive"",""Power Steering""],""safety"":[""ABS"",""Brake Assist"",""Child Safety Locks"",""Daytime Running Lights"",""Driver Air Bag"",""Front Head Air Bag"",""Front Side Air Bag"",""Knee Air Bag"",""Passenger Air Bag"",""Passenger Air Bag Sensor"",""Rear Head Air Bag"",""Rear Side Air Bag"",""Stability Control"",""Temporary Spare Tire"",""Tire Pressure Monitor"",""Traction Control""],""technology"":[""AM/FM Stereo"",""Auxiliary Audio Input"",""Back-Up Camera"",""Bluetooth Connection"",""CD Player"",""Cruise Control"",""Immobilizer"",""Keyless Entry"",""MP3 Capability""]}",56,"Celestial Silver Metallic exterior and BLACK interior. Back-Up Camera, CD Player, Bluetooth&reg;, Aftermarket Leather and Heated Front Seats!<br><br>DISCOVER THE LUTHER ADVANTAGE<br>The Luther Advantage is a complete and comprehensive package of benefits designed to make buying-and driving-a vehicle from the Luther dealerships a pleasant and convenient experience. From the peace of mind that comes with a 5 Day-500 Mile Return or Exchange Policy, 30 Day 1,500 miles Full Warranty and 60 Day 2,500 miles Limited Powertrain Warranty and Free CARFAX Reports &amp; Clean Title Guarantee on pre-owned vehicles, as well as providing Luther customers with full range of valuable savings at participating Holiday Stationstores including 20 cents off a gallon, $6 for The Works car wash among other advantages and guarantees. As much as we like satisfying customers, we like keeping them even more.<br><br>WHY BUY FROM US?<br>HUGE Selection - - Fair Value Pricing! Our best price right up front, saves you time, no need to negotiate, and the best part? No pressure! Our salespeople are trained to help you find the best vehicle based on your needs. Stop by and experience it for yourself!<br><br>EXPERTS ARE SAYING<br>The 2016 Toyota Camry provides one of the most comfortable and spacious cabins of any midsize family sedan. Theres plenty of headroom and legroom up front and not much less in back, where even taller adults will be content to ride for extended periods. -Edmunds.com. Check whether a vehicle is subject to open recalls for safety <br><br>The Number 1 VW Certified Dealer in the NATION!!!<br><br><br>Horsepower calculations based on trim engine configuration. Fuel economy calculations based on original manufacturer data for trim engine configuration. Please confirm the accuracy of the included equipment by calling us prior to purchase.<br><br>The price of this vehicle includes a $350 documentation fee.","[PREMIUM]",33,"2370 South Hwy 100","Saint Louis Park","MN","55416","[PREMIUM]"
"785198763","2026-07-28 23:34:44.924","2026-07-28 23:34:44.924","785198763","[PREMIUM]","CC260860A",2016,"FORD","Ford","EXPLOR","Explorer","Platinum","SUV","Used","Used 2016 Ford Explorer Platinum",106445,"[PREMIUM]",,"Great","[PREMIUM]",14403,16603,"Guard Metallic","GRAY","Medium Soft Ceramic","WHITE","6CLDR","6-Cylinder Turbo","4 wheel drive","AUT","6-Speed Automatic","Automatic","G","Gasoline","Gas",16,22,3.5,true,19,false,false,false,,false,,,"30",74890031,"[PREMIUM]","[PREMIUM]","[PREMIUM]",1249,"[PREMIUM]",false,"PARTNER",406995,4.2,368,1,"[""NO_SALVAGE_TITLE"",""ACCIDENTS_REPORTED"",""ONE_OWNER""]","{""exterior"":[""Alloy wheels"",""Auto High-beam Headlights"",""Auto-dimming door mirrors"",""Bumpers: body-color"",""Delay-off headlights"",""Front fog lights"",""Fully automatic headlights"",""Heated door mirrors"",""Power door mirrors"",""Rear window wiper"",""Roof Rail Crossbars (Dealer Installed)"",""Spoiler"",""Turn signal indicator mirrors"",""Wheels: 20\"" Bright Machined Face Aluminum""],""interior"":[""3rd row seats: split-bench"",""Adjustable pedals"",""Air Conditioning"",""All Weather Floor Mats"",""Auto-dimming Rear-View mirror"",""Driver door bin"",""Driver vanity mirror"",""Front Bucket Seats"",""Front Center Armrest"",""Front dual zone A/C"",""Front reading lights"",""Garage door transmitter"",""Genuine wood dashboard insert"",""Genuine wood door panel insert"",""Heated front seats"",""Heated rear seats"",""Heated steering wheel"",""Leather steering wheel"",""Memory seat"",""Nirvana Multi Contour Leather Cooled Bucket Seats"",""Overhead console"",""Passenger door bin"",""Passenger vanity mirror"",""Pedal memory"",""Power Liftgate"",""Power driver seat"",""Power moonroof"",""Power passenger seat"",""Power windows"",""Rear air conditioning"",""Rear reading lights"",""Rear seat center armrest"",""Rear window defroster"",""Speed-Sensitive Wipers"",""Split folding rear seat"",""Steering wheel memory"",""Steering wheel mounted audio controls"",""Tachometer"",""Telescoping steering wheel"",""Tilt steering wheel"",""Trip computer"",""Variably intermittent wipers"",""Ventilated front seats""],""mechanical"":[""3.16 Axle Ratio"",""4-Wheel Disc Brakes"",""Four wheel independent suspension"",""Power steering"",""Speed-sensing steering""],""other"":[""**LOCAL TRADE**"",""Auto tilt-away steering wheel"",""Equipment Group 600A"",""Front License Plate Bracket"",""Front anti-roll bar"",""Illuminated entry"",""Outside temperature display"",""Rear anti-roll bar"",""Roof rack: rails only""],""safety"":[""ABS brakes"",""Brake assist"",""Dual front impact airbags"",""Dual front side impact airbags"",""Electronic Stability Control"",""Emergency communication system: 911 Assist"",""Knee airbag"",""Lane Departure Warning System"",""Low tire pressure warning"",""Occupant sensing airbag"",""Overhead airbag"",""Panic alarm"",""Security system"",""Traction control""],""technology"":[""12 Speakers"",""AM/FM radio: SiriusXM"",""Automatic temperature control"",""CD player"",""Compass"",""Exterior Parking Camera Rear"",""Navigation System"",""Premium audio system: Sony"",""Radio data system"",""Radio: Premium Sound from Sony"",""Rain sensing wipers"",""Remote keyless entry"",""SYNC w/MyFord Touch"",""Speed control""]}",99,"**LOCAL TRADE**, 4WD, Equipment Group 600A, Navigation System, Power Liftgate, Power moonroof. Guard Metallic 2016 Ford Explorer Platinum 4WD 6-Speed Automatic with Select-Shift 3.5L V6<br><br>Recent Arrival! Odometer is 15413 miles below market average!<br><br>Awards:<br>* 2016 KBB.com 5-Year Cost to Own Awards * 2016 KBB.com Best Buy Awards Finalist * 2016 KBB.com Brand Image Awards<br><br><br>Reviews:<br>* High-tech features are plentiful and easy to use; cargo space is generous, even behind the third row; turbocharged V6 engine delivers plentiful power; quiet and comfortable on the highway. Source: Edmunds","[PREMIUM]",33,"1070 W US HIGHWAY 12","Clinton","MI","49236","[PREMIUM]"
"781634969","2026-07-28 23:34:44.922","2026-07-28 23:34:44.922","781634969","[PREMIUM]","NT19357A1",2016,"JEEP","Jeep","WRANGLER","Wrangler","Unlimited Sahara","SUV","Used","Used 2016 Jeep Wrangler Unlimited Sahara",101786,"[PREMIUM]",,,"[PREMIUM]",15826,17776,"Mojave Sand Clearcoat","TAN","Black","BLACK","6CLDR","6-Cylinder","4 wheel drive","AUT","5-Speed Automatic","Automatic","G","Gasoline","Gas",,,3.6,true,60,false,false,false,,false,,,"30",569097,"[PREMIUM]","[PREMIUM]","[PREMIUM]",2064,"[PREMIUM]",false,"PARTNER",412849,4.5,934,0,"[""NO_SALVAGE_TITLE"",""ACCIDENTS_REPORTED"",""ONE_OWNER""]","{""exterior"":[""75th Anniversary Badge"",""Alloy wheels"",""Black 3-Piece Hard Top"",""Body Color Grille w/Bronze Accent"",""Bronze Jeep Grille Badge"",""Bronze Trail Rated Badge"",""Class II Receiver Hitch"",""Front fog lights"",""Fully automatic headlights"",""Heated door mirrors"",""Painted Front Bumper"",""Painted Rear Bumper"",""Power door mirrors"",""Rear Window Wiper/Washer"",""Wheels: 17 x 7.5 Aluminum Bronze""],""interior"":[""Air Conditioning"",""Air Filtering"",""Auto-dimming Rear-View mirror"",""Chrome/Leather Wrapped Shift Knob"",""Cloth Seats w/Adjustable Head Restraints"",""Driver door bin"",""Driver vanity mirror"",""Freedom Panel Storage Bag"",""Front Bucket Seats"",""Front Center Armrest w/Storage"",""Front reading lights"",""Heated Front Seats"",""Humidity Sensor"",""Leather Seat w/Cloth (Ombre Mesh)"",""Leather Wrapped Steering Wheel"",""Leather steering wheel"",""MOPAR Slush Mats"",""Moroccan Sun Instrument Panel Bezel"",""Moroccan Sun Interior Accents"",""Passenger door bin"",""Passenger vanity mirror"",""Power windows"",""Rear Window Defroster"",""Split folding rear seat"",""Steering wheel mounted audio controls"",""Tachometer"",""Tilt steering wheel"",""Trip computer"",""Variably intermittent wipers""],""mechanical"":[""4-Wheel Disc Brakes"",""Anti-Spin Differential Rear Axle"",""Engine Block Heater"",""Heavy Duty Suspension w/Gas Shocks"",""Max Tow Package"",""Power steering""],""other"":[""18\"" x 7.5\"" Polished Satin Carbon Wheels"",""2 Front & 1 Rear Bronze Tow Hook"",""5-Year SiriusXM Travel Link Service"",""Connectivity Group"",""Front anti-roll bar"",""Hood w/Power Dome"",""Illuminated entry"",""Jeep 75th Anniversary Package"",""Low Gloss Black Wrangler Decal"",""Outside temperature display"",""Quick Order Package 24H 75th Anniversary"",""Rear anti-roll bar"",""SiriusXM Travel Link""],""safety"":[""ABS brakes"",""Brake assist"",""Dual front impact airbags"",""Electronic Stability Control"",""Integrated roll-over protection"",""Low tire pressure warning"",""Occupant sensing airbag"",""Panic alarm"",""Security system"",""Supplemental Front Seat Side Airbags"",""Tire Pressure Monitoring Display"",""Traction control""],""technology"":[""40GB Hard Drive w/28GB Available"",""6.5\"" Touchscreen Display"",""8 Speakers"",""AM/FM radio: SiriusXM"",""Air Conditioning w/Auto Temperature Control"",""Alpine 9-Speaker w/All Weather Subwoofer"",""Audio Jack Input for Mobile Devices"",""CD player"",""Compass"",""GPS Navigation"",""Radio data system"",""Radio: 130"",""Radio: 430"",""Radio: 430 (DISC)"",""Radio: 430N"",""Remote USB Port"",""Remote keyless entry"",""Speed control"",""Trailer Tow w/4-Pin Connector Wiring"",""Uconnect Voice Command w/Bluetooth"",""Vehicle Information Center""]}",96,"2 Front &amp; 1 Rear Bronze Tow Hook, 75th Anniversary Badge, Anti-Spin Differential Rear Axle, Body Color Grille w/Bronze Accent, Bronze Jeep Grille Badge, Bronze Trail Rated Badge, Chrome/Leather Wrapped Shift Knob, Connectivity Group, Heated Front Seats, Hood w/Power Dome, Jeep 75th Anniversary Package, Leather Seat w/Cloth (Ombre Mesh), Leather Wrapped Steering Wheel, Low Gloss Black Wrangler Decal, MOPAR Slush Mats, Moroccan Sun Instrument Panel Bezel, Moroccan Sun Interior Accents, Painted Front Bumper, Painted Rear Bumper, Quick Order Package 24H 75th Anniversary, Radio: 430, Remote USB Port, Tire Pressure Monitoring Display, Uconnect Voice Command w/Bluetooth, Vehicle Information Center, Wheels: 17 x 7.5 Aluminum Bronze. CARFAX One-Owner.","[PREMIUM]",30,"12101 Highway 35W South","Burnsville","MN","55337","[PREMIUM]"
"786569626","2026-07-28 23:34:34.697","2026-07-28 23:34:34.697","786569626","[PREMIUM]","248156",2003,"CHEV","Chevrolet","CHEVC25","Silverado 2500","LT","TRUCKS","Used","Used 2003 Chevrolet Silverado 2500 LT w/ Skid Plate Package",258220,"[PREMIUM]",,,"[PREMIUM]",9790,11590,"Olympic White","OFFWHITE","Medium Gray","GRAY","8CLDR","8-Cylinder Turbo","4 wheel drive","AUT","5-Speed Automatic","Automatic","D","Diesel","Gas",,,6.6,true,3,false,true,false,,false,,,"10",75324669,"[PREMIUM]","[PREMIUM]","[PREMIUM]",257,"[PREMIUM]",false,"PARTNER",348653,4.7,1331,1,"[""NO_SALVAGE_TITLE"",""ACCIDENTS_REPORTED"",""NO_ONE_OWNER""]","{""exterior"":[""Bumpers: chrome"",""Fully automatic headlights"",""Rear step bumper"",""Skid Plate Package""],""interior"":[""Air Conditioning"",""Color-Keyed Carpeted Floor Covering"",""Driver door bin"",""Electric Rear-Window Defogger"",""Front dual zone A/C"",""Passenger door bin"",""Passenger vanity mirror"",""Power Programmable Door Locks"",""Solar-Ray Deep Tinted Glass"",""Split folding rear seat"",""Tachometer"",""Tilt steering wheel"",""Variably intermittent wipers"",""Voltmeter""],""mechanical"":[""4-Wheel Disc Brakes"",""Engine Block Heater"",""Front wheel independent suspension"",""Power steering""],""other"":[""Front anti-roll bar"",""Heavy-Duty Handling/Trailering Suspension Package"",""Heavy-Duty Rear Locking Differential"",""Heavy-Duty Trailering Equipment""],""safety"":[""ABS brakes"",""Dual front impact airbags""],""technology"":[""AM/FM radio"",""Electronic Cruise Control w/Set & Resume Speed""]}",30,"Olympic White 2003 Chevrolet Silverado 2500HD LT 4WD Allison 1000 5-Speed Automatic Duramax 6.6L V8 Turbodiesel<br><br>Duramax 6.6L V8 Turbodiesel, Allison 1000 5-Speed Automatic, 4WD, Air Conditioning, Heavy-Duty Handling/Trailering Suspension Package, Heavy-Duty Trailering Equipment. Well Equipped with: Heavy-Duty Handling/Trailering Suspension Package, Heavy-Duty Trailering Equipment, Skid Plate Package, Duramax 6.6L V8 Turbodiesel, Allison 1000 5-Speed Automatic, 4WD, Air Conditioning, 4-Wheel Disc Brakes, ABS brakes, AM/FM radio, Bumpers: chrome, Color-Keyed Carpeted Floor Covering, Driver door bin, Dual front impact airbags, Electric Rear-Window Defogger, Electronic Cruise Control w/Set &amp; Resume Speed, Engine Block Heater, Front anti-roll bar, Front dual zone A/C, Front wheel independent suspension, Fully automatic headlights, Heavy-Duty Rear Locking Differential, Passenger door bin, Passenger vanity mirror, Power Programmable Door Locks, Power steering, Rear step bumper, Solar-Ray Deep Tinted Glass, Split folding rear seat, Tachometer, Tilt steering wheel, Variably intermittent wipers, and Voltmeter.<br><br><br>At Roberts Auto Services, we believe that buying a car should be exciting, stress-free, and tailored to you! Located in Sanford, North Carolina our dealership has been proudly serving the community with a wide selection of high-quality pre-owned vehicles at affordable prices. Our team is passionate about helping you find the perfect vehicle, whether you re looking for a reliable daily driver, a family-friendly SUV, or a sporty sedan. We re committed to transparency, honesty, and customer satisfaction, offering flexible financing options to make your car-buying experience seamless!","[PREMIUM]",1,"402 WICKER ST","Sanford","NC","27330","[PREMIUM]"
"786020942","2026-07-28 23:33:44.559","2026-07-28 23:33:44.559","786020942","[PREMIUM]","D7604TB",2021,"JEEP","Jeep","COMPASS","Compass","Latitude","SUV","Used","Used 2021 Jeep Compass Latitude",57666,"[PREMIUM]",,,"[PREMIUM]",17680,19380,"White Clearcoat","WHITE","Black","BLACK","4CLDR","4-Cylinder","4 wheel drive","AUT","9-Speed Automatic","Automatic","G","Gasoline","Gas",22,30,2.4,false,10,false,false,false,,false,,,"30",73506797,"[PREMIUM]","[PREMIUM]","[PREMIUM]",1044,"[PREMIUM]",false,"PARTNER",449362,4.7,504,0,"[""NO_SALVAGE_TITLE"",""NO_ACCIDENTS_REPORTED"",""NO_ONE_OWNER""]","{""exterior"":[""Alloy wheels"",""Black Grille w/Black Rings"",""Bumpers: body-color"",""Delay-off headlights"",""Front fog lights"",""Fully automatic headlights"",""Gloss Black Compass Badge"",""Gloss Black Fog Lamp Bezels"",""Gloss Black Jeep Badge"",""Gloss Black Lower Rear Fascia Valance"",""Heated door mirrors"",""Power door mirrors"",""Rear window wiper"",""Spoiler"",""Wheels: 17\"" x 7.0\"" Silver Painted Aluminum"",""Wheels: 18\"" x 7.0\"" Black Aluminum"",""Windshield Wiper De-Icer""],""interior"":[""115V Auxiliary Power Outlet"",""4-Way Power Lumbar Adjust"",""Air Conditioning"",""All-Season Floor Mats"",""Anti-whiplash front head restraints"",""Auto-Dimming Rear-View Mirror"",""Driver door bin"",""Driver vanity mirror"",""Front Bucket Seats"",""Front Center Armrest w/Storage"",""Front dual zone A/C"",""Front reading lights"",""Heated Front Seats"",""Heated Steering Wheel"",""Overhead console"",""Passenger door bin"",""Passenger vanity mirror"",""Piano Black Interior Accents"",""Power windows"",""Premium Cloth/Vinyl Bucket Seats"",""Rear seat center armrest"",""Rear window defroster"",""Reversible Carpet/Vinyl Cargo Mat"",""Split folding rear seat"",""Steering wheel mounted audio controls"",""Tachometer"",""Telescoping steering wheel"",""Tilt steering wheel"",""Trip computer"",""Variably intermittent wipers""],""mechanical"":[""3.73 Axle Ratio"",""4-Wheel Disc Brakes"",""Four wheel independent suspension"",""Power steering""],""other"":[""Altitude Special Edition"",""Apple CarPlay/Android Auto"",""Black 4x4 Tailgate Badge"",""Black Roof"",""Bright Exhaust Tip"",""Convenience Group"",""Front License Plate Bracket"",""Front anti-roll bar"",""Illuminated entry"",""Outside temperature display"",""Power 8-Way Driver/Manual 6-Way Pass Seat"",""Quick Order Package 2GB Altitude"",""Rear anti-roll bar"",""Roof rack: rails only""],""safety"":[""ABS brakes"",""Black Day Light Opening Moldings"",""Brake assist"",""Dual front impact airbags"",""Dual front side impact airbags"",""Electronic Stability Control"",""Knee airbag"",""Low tire pressure warning"",""Occupant sensing airbag"",""Overhead airbag"",""Panic alarm"",""Traction control""],""technology"":[""6 Speakers"",""AM/FM radio: SiriusXM"",""Automatic temperature control"",""Cluster 7.0\"" Color Driver Info Display"",""Compass"",""ParkView Rear Back-Up Camera"",""Radio: Uconnect 4 w/7\"" Display"",""Remote Start System"",""Remote keyless entry"",""Speed control""]}",87,"This 2021 Jeep Compass Latitude in white combines practical design with thoughtful features that make every drive more comfortable and convenient.<br><br>- Heated front seats and heated steering wheel for cold weather comfort<br>- Remote start system for convenient engine operation<br>- 7.0 color driver information display cluster<br>- Uconnect 4 infotainment system with 7 display and smartphone integration<br>- Apple CarPlay and Android Auto compatibility<br>- Auto-dimming rear-view mirror<br>- Power 8-way driver seat with 4-way power lumbar adjustment<br>- SiriusXM satellite radio with six speakers<br>- ParkView rear back-up camera<br>- Altitude Special Edition styling with gloss black accents and 18 black aluminum wheels<br>- All-season floor mats and reversible cargo mat<br>- Windshield wiper de-icer<br>- 115V auxiliary power outlet<br>- Four-wheel independent suspension with 3.73 axle ratio<br><br>The Compass Latitude represents a capable choice for drivers seeking four-wheel drive capability with everyday practicality. Its 2.4L four-cylinder engine paired with a 9-speed automatic transmission delivers efficiency, achieving 22 city and 30 highway miles per gallon. The 4WD system provides added traction when conditions demand it, while the responsive steering and well-tuned suspension create a composed driving experience.<br><br>Built-in safety features include dual front impact airbags, dual front side impact airbags, front and rear anti-roll bars, electronic stability control with traction control, and brake assist. The ParkView back-up camera helps during reversing maneuvers, and low tire pressure warning monitors your tires throughout ownership.<br><br>Interior comfort extends to climate control with front dual zone air conditioning and rear window defroster, ensuring all occupants remain comfortable regardless of season. The premium cloth and vinyl bucket seats provide support for daily commuting and longer drives. Split folding rear seating adds flexibility when you need to accommodate passengers or cargo.<br><br>The Altitude Special Edition exterior styling distinguishes this Compass with its black grille, black roof, gloss black fog lamp bezels, and distinctive black tailgate badge, all complemented by the signature gloss black Jeep badge and bright exhaust tip.<br><br>This Compass delivers the reliability and capability Jeep owners expect, presented in a compact package that handles both urban environments and off-road situations. Its combination of efficiency, features, and proven engineering makes it a straightforward choice for your next vehicle.<br><br>Pierre of Hermiston has a huge selection of new and used vehicles to choose from. We specialize in Trucks and have an excellent selection, including Certified Pre-owned. We provide great service, great prices, and a great experience, as proven by our excellent customer ratings! These ratings are a testament to our commitment to providing the best service. We are non-pushy, genuine, and honest. Pierre Auto of Hermiston is a family owned and operated dealership since 1947 serving Hermiston, Umatilla, Irrigon Mcnary Charlestown Stanfield Echo Hinkle Pendleton Boardman Heppner La Grande Pilot Rock Lexington Meacham Ione Arlington Bickleton Paterson Touchet Athena Milton-Freewater Prescott Waitsburg The Dalles Goldendale Walla Walla Tri-Cities Pasco Kennewick Richland West Richland and Benton City. Our friendly staff is funny, approachable, and very knowledgeable. We are trained to serve you, and we will bend over backwards to help you find the financing and a vehicle that meets your needs.","[PREMIUM]",40,"80522 HIGHWAY 395 N","Hermiston","OR","97838","[PREMIUM]"
"786489392","2026-07-28 23:33:44.535","2026-07-28 23:33:44.535","786489392","[PREMIUM]","3GTN9AEF1MG393345",2021,"GMC","GMC","15SIPU4WD","Sierra 1500","4x4 Regular Cab","TRUCKS","Used","Used 2021 GMC Sierra 1500 4x4 Regular Cab w/ Sierra Value Package",89250,"[PREMIUM]",,"Great","[PREMIUM]",21500,24600,"White","WHITE","Charcoal","BLACK","8CLDR","8-Cylinder","4 wheel drive","AUT","6-Speed Automatic","Automatic","F","Flexible Fuel","Gas",15,20,5.3,false,4,false,true,false,,false,,,"30",75870713,"[PREMIUM]","[PREMIUM]","[PREMIUM]",,"[PREMIUM]",true,,454864,3.9,94,,"[""NO_SALVAGE_TITLE"",""NO_ACCIDENTS_REPORTED"",""NO_ONE_OWNER""]","{""exterior"":[""LED Headlamps"",""Steel Wheels""],""interior"":[""Air Conditioning"",""Power Door Locks"",""Power Windows"",""Tilt Wheel""],""mechanical"":[""Power Steering"",""Towing Pkg""],""other"":[""Active Fuel Management Delete""],""safety"":[""ABS (4-Wheel)"",""Daytime Running Lights"",""Dual Air Bags"",""Head Curtain Air Bags"",""Side Air Bags"",""StabiliTrak"",""Traction Control""],""technology"":[""AM/FM Stereo"",""Backup Camera"",""Bluetooth Wireless"",""Cruise Control"",""Hill Start Assist Control"",""Keyless Entry""]}",22,"Truck comes with Weatherguard cross box and side boxes with keys. Ladder rack.(2) ignition keys. Has factory trans cooler and factory cylinder de-activate delete. Dent in front of passenger rear tire. Runs great and all fluids are current. has the part time/ full-time/ low gear transfer case. Ready to go and make more money.","[PREMIUM]",5,,"Palmdale","CA","93550","[PREMIUM]"
"785876193","2026-07-28 23:33:34.408","2026-07-28 23:33:34.408","785876193","[PREMIUM]","X3317",2021,"FORD","Ford","ESCAPE","Escape","S","SUV","Certified","Certified 2021 Ford Escape S",58689,"[PREMIUM]",,"Great","[PREMIUM]",16240,18390,"Oxford White","WHITE","Gray","GRAY","3CLDR","3-Cylinder Turbo","All wheel drive","AUT","8-Speed Automatic","Automatic","G","Gasoline","Gas",26,31,1.5,false,11,false,false,true,,false,,,"30",70042919,"[PREMIUM]","[PREMIUM]","[PREMIUM]",1131,"[PREMIUM]",false,"PARTNER",451497,3.8,71,1,"[""NO_SALVAGE_TITLE"",""NO_FRAME_DAMAGE"",""NO_FLOOD_WATER_DAMAGE"",""NO_ACCIDENTS_REPORTED"",""ONE_OWNER"",""FREE_REPORT""]","{""exterior"":[""Auto High-beam Headlights"",""Bumpers: body-color"",""Delay-off headlights"",""Fully automatic headlights"",""Power door mirrors"",""Rear window wiper"",""Spoiler"",""Wheels: 17\"" Steel w/Sparkle Silver-Painted Covers""],""interior"":[""Air Conditioning"",""Cloth Front Bucket Seats"",""Driver door bin"",""Driver vanity mirror"",""Front Bucket Seats"",""Front Center Armrest"",""Front reading lights"",""Overhead console"",""Passenger door bin"",""Passenger vanity mirror"",""Power windows"",""Rear reading lights"",""Rear window defroster"",""Speed-Sensitive Wipers"",""Split folding rear seat"",""Steering wheel mounted audio controls"",""Tachometer"",""Telescoping steering wheel"",""Tilt steering wheel"",""Trip computer"",""Variably intermittent wipers""],""mechanical"":[""3.81 Axle Ratio"",""4-Wheel Disc Brakes"",""Four wheel independent suspension"",""Power steering"",""Speed-sensing steering""],""other"":[""Equipment Group 100A"",""FordPass Connect"",""Front License Plate Bracket"",""Front anti-roll bar"",""Illuminated entry"",""Outside temperature display"",""Rear anti-roll bar"",""Wheels: 17\"" Shadow Silver-Painted Aluminum""],""safety"":[""ABS brakes"",""Brake assist"",""Dual front impact airbags"",""Dual front side impact airbags"",""Electronic Stability Control"",""Emergency communication system: 911 Assist"",""Knee airbag"",""Low tire pressure warning"",""Occupant sensing airbag"",""Overhead airbag"",""Panic alarm"",""Traction control""],""technology"":[""6 Speakers"",""AM/FM Stereo"",""AM/FM radio"",""Compass"",""Exterior Parking Camera Rear"",""Radio data system"",""Remote keyless entry"",""SYNC Communications & Entertainment System"",""Speed control""]}",63,"The 2021 Ford Escape S is the compact SUV that's ready to make every drive around Camp Verde and the Verde Valley more enjoyable. Whether you're commuting through Cottonwood, taking in the breathtaking views of Sedona, or heading out for a weekend getaway across Arizona, the 2021 Ford Escape S delivers the perfect mix of comfort, efficiency, and versatility.<br><br>Packed with smart features, the 2021 Ford Escape S offers a fuel-efficient engine, a user-friendly touchscreen infotainment system with Apple CarPlay and Android Auto, Bluetooth&reg; connectivity, Ford Co-Pilot360 driver-assist technology, a backup camera, spacious seating for five, and flexible cargo space for everything from groceries to camping gear. Its smooth ride and agile handling make it a great companion for both city streets and open highways.<br><br>At Jones Auto Group, we're proud to provide quality vehicles and an exceptional customer experience for drivers throughout Camp Verde and the surrounding communities. Known for our friendly service, dependable inventory, and strong support of the local community, Jones Auto Group is committed to helping you find the perfect vehicle for every lifestyle and Arizona adventure. VIN: 1FMCU9F61MUA95793.<br><br><br><br>Recent Arrival! Priced below KBB Fair Purchase Price! 26/31 City/Highway MPG<br><br>At Jones Ford Verde Valley we want you to know that all our vehicles are priced at a competitive value position to the market. We use an independent 3rd party software to research internet listings on all vehicles in the market so we can ensure that our prices are the most competitive out there. We do this simply so people choose us when they start searching for their next car. This car is well equipped with the following features: Equipment Group 100A, 3.81 Axle Ratio, 4-Wheel Disc Brakes, 6 Speakers, ABS brakes, Air Conditioning, AM/FM radio, AM/FM Stereo, Auto High-beam Headlights, Brake assist, Bumpers: body-color, Cloth Front Bucket Seats, Compass, Delay-off headlights, Driver door bin, Driver vanity mirror, Dual front impact airbags, Dual front side impact airbags, Electronic Stability Control, Emergency communication system: 911 Assist, Exterior Parking Camera Rear, FordPass Connect, Four wheel independent suspension, Front anti-roll bar, Front Bucket Seats, Front Center Armrest, Front License Plate Bracket, Front reading lights, Fully automatic headlights, Illuminated entry, Knee airbag, Low tire pressure warning, Occupant sensing airbag, Outside temperature display, Overhead airbag, Overhead console, Panic alarm, Passenger door bin, Passenger vanity mirror, Power door mirrors, Power steering, Power windows, Radio data system, Rear anti-roll bar, Rear reading lights, Rear window defroster, Rear window wiper, Remote keyless entry, Speed control, Speed-sensing steering, Speed-Sensitive Wipers, Split folding rear seat, Spoiler, Steering wheel mounted audio controls, SYNC Communications &amp; Entertainment System, Tachometer, Telescoping steering wheel, Tilt steering wheel, Traction control, Trip computer, Variably intermittent wipers, Wheels: 17 Shadow Silver-Painted Aluminum, and Wheels: 17 Steel w/Sparkle Silver-Painted Covers.","[PREMIUM]",23,"5980 E. COURY DRIVE","Camp Verde","AZ","86322","[PREMIUM]"
"786245697","2026-07-28 23:33:34.288","2026-07-28 23:33:34.288","786245697","[PREMIUM]","K4792",2021,"HYUND","Hyundai","ELANTR","Elantra","Limited","SEDAN","Used","Used 2021 Hyundai Elantra Limited w/ Cargo Package",61661,"[PREMIUM]",,"Good","[PREMIUM]",17040,18740,"Quartz","UNKNOWN","Gray","GRAY","4CLDR","4-Cylinder","2 wheel drive - front","AUT","Continuously Variable Automatic","Automatic","G","Gasoline","Gas",31,41,2,true,6,false,true,false,,false,,,"30",67736913,"[PREMIUM]","[PREMIUM]","[PREMIUM]",11869,"[PREMIUM]",false,"PARTNER",450176,4,70,0,"[""NO_SALVAGE_TITLE"",""NO_FRAME_DAMAGE"",""NO_FLOOD_WATER_DAMAGE"",""ACCIDENTS_REPORTED"",""NO_ONE_OWNER"",""FREE_REPORT""]","{""exterior"":[""*ALLOY WHEELS"",""17\"" x 7.0J Alloy Wheels"",""Alloy wheels"",""Auto High-beam Headlights"",""Bumpers: body-color"",""Delay-off headlights"",""Fully automatic headlights"",""Heated door mirrors"",""Power door mirrors"",""Turn signal indicator mirrors""],""interior"":[""*LEATHER"",""*STEERING WHEEL AUDIO CONTROLS"",""*SUNROOF/MOONROOF"",""Air Conditioning"",""Auto-dimming Rear-View mirror"",""Cargo Net"",""Carpeted Floor Mats"",""Driver door bin"",""Driver vanity mirror"",""Front Bucket Seats"",""Front Center Armrest"",""Front dual zone A/C"",""Front reading lights"",""Heated Front Bucket Seats"",""Heated front seats"",""Leather-Trimmed Seats"",""Overhead console"",""Passenger door bin"",""Passenger vanity mirror"",""Power driver seat"",""Power moonroof"",""Power windows"",""Rear seat center armrest"",""Rear window defroster"",""Reversible Cargo Tray"",""Split folding rear seat"",""Steering wheel mounted audio controls"",""Tachometer"",""Telescoping steering wheel"",""Tilt steering wheel"",""Trip computer"",""Variably intermittent wipers""],""mechanical"":[""4-Wheel Disc Brakes"",""Front wheel independent suspension"",""Power steering"",""Speed-sensing steering""],""other"":[""*ANDROID AUTO"",""*APPLE CARPLAY"",""*COLLISION AVOIDANCE SYSTEM"",""*Certified Pre-Owned 3 month/ 3"",""*NO SMOKE SMELL"",""*PUSH TO START"",""000 Mile Warranty"",""Apple CarPlay & Android Auto"",""Cargo Package"",""Emergency communication system: Blue Link Connected Car Service (3-year complimentary subscription)"",""Front anti-roll bar"",""HANDS-FREE"",""Illuminated entry"",""Option Group 01"",""Outside temperature display""],""safety"":[""*LANE DEPARTURE WARNING"",""ABS brakes"",""Brake assist"",""Dual front impact airbags"",""Dual front side impact airbags"",""Electronic Stability Control"",""First Aid Kit"",""Low tire pressure warning"",""Occupant sensing airbag"",""Overhead airbag"",""Panic alarm"",""Security system"",""Traction control""],""technology"":[""*BACKUP CAMERA"",""*BLUETOOTH"",""*NAVIGATION/NAV/GPS"",""*USB INPUT"",""*XM RADIO"",""8 Speakers"",""AM/FM radio: SiriusXM"",""Automatic temperature control"",""Exterior Parking Camera Rear"",""Garage door transmitter: HomeLink"",""Navigation System"",""Radio: AM/FM/HD/SiriusXM Display Audio"",""Remote keyless entry"",""Speed control""]}",88,"Certified.<br>Certification Program Details: 3 month/3000 Miles Certified Warranty<br>2021 Hyundai Elantra Limited FWD<br>Current Odometer 61661<br>, *Certified Pre-Owned 3 month/ 3,000 Mile Warranty, *NO SMOKE SMELL, *NAVIGATION/NAV/GPS, *SUNROOF/MOONROOF, *BACKUP CAMERA, *LEATHER, *BLUETOOTH, HANDS-FREE, *ANDROID AUTO, *APPLE CARPLAY, *XM RADIO, *USB INPUT, *STEERING WHEEL AUDIO CONTROLS, *ALLOY WHEELS, *COLLISION AVOIDANCE SYSTEM, *LANE DEPARTURE WARNING, *PUSH TO START.<br><br>Priced below KBB Fair Purchase Price!<br>Awards:<br>* NACTOY 2021 North American Car of the Year<br><br>If there is any information or extra photos you need that you don't see listed, we will walk out to the vehicle and text them directly to you! JUST ASK!","[PREMIUM]",22,"1016 North Main Street","Summerville","SC","29483","[PREMIUM]"
"786201702","2026-07-28 23:33:34.241","2026-07-28 23:33:34.241","786201702","[PREMIUM]","S176699C",2021,"JEEP","Jeep","JEEPGRAND","Grand Cherokee","Limited","SUV","Used","Used 2021 Jeep Grand Cherokee Limited w/ Luxury Group II",86920,"[PREMIUM]",,"Great","[PREMIUM]",19167,21517,"Bright White Clearcoat","WHITE","Black","BLACK","6CLDR","6-Cylinder","2 wheel drive - rear","AUT","8-Speed Automatic","Automatic","G","Gasoline","Gas",19,26,3.6,true,7,false,false,true,,false,,,"30",68630421,"[PREMIUM]","[PREMIUM]","[PREMIUM]",2895,"[PREMIUM]",false,"PARTNER",449820,4.3,587,0,"[""NO_SALVAGE_TITLE"",""ACCIDENTS_REPORTED"",""NO_ONE_OWNER""]","{""exterior"":[""Alloy wheels"",""Auto-dimming door mirrors"",""Bumpers: body-color"",""Delay-off headlights"",""Front fog lights"",""Fully automatic headlights"",""Heated door mirrors"",""Power door mirrors"",""Rear window wiper"",""Spoiler"",""Turn signal indicator mirrors""],""interior"":[""Air Conditioning"",""Anti-whiplash front head restraints"",""Auto-dimming Rear-View mirror"",""Cargo Compartment Cover"",""Driver door bin"",""Driver vanity mirror"",""Dual-Pane Panoramic Sunroof"",""Front Bucket Seats"",""Front Center Armrest w/Storage"",""Front dual zone A/C"",""Front reading lights"",""Garage door transmitter"",""Heated Second Row Seats"",""Heated front seats"",""Heated steering wheel"",""Leather Shift Knob"",""Leather Trimmed Bucket Seats"",""Leather Trimmed Seats w/Perforated Inserts"",""Memory seat"",""Overhead console"",""Passenger door bin"",""Passenger vanity mirror"",""Power Liftgate"",""Power Tilt/Telescope Steering Column"",""Power driver seat"",""Power moonroof"",""Power passenger seat"",""Power windows"",""Rear reading lights"",""Rear seat center armrest"",""Rear window defroster"",""Speed-Sensitive Wipers"",""Split folding rear seat"",""Steering wheel mounted audio controls"",""Tachometer"",""Telescoping steering wheel"",""Tilt steering wheel"",""Trip computer"",""Variably intermittent wipers"",""Ventilated Front Seats""],""mechanical"":[""3.27 Rear Axle Ratio"",""4-Wheel Disc Brakes"",""Four wheel independent suspension"",""Power steering"",""Speed-sensing steering""],""other"":[""1-Year SiriusXM Guardian Trial"",""4G LTE Wi-Fi Hot Spot"",""Apple CarPlay"",""Apple CarPlay/Android Auto"",""Eco Suspension I"",""Emergency communication system: SiriusXM Guardian"",""Front License Plate Bracket"",""Front anti-roll bar"",""GPS Antenna Input"",""Google Android Auto"",""Illuminated entry"",""Luxury Group II"",""Outside temperature display"",""Quick Order Package 2BH"",""Rear anti-roll bar"",""Roof rack: rails only"",""SiriusXM Traffic Plus"",""SiriusXM Travel Link"",""Wheels: 18\"" x 8.0\"" Tech Gray Diamond Cut""],""safety"":[""ABS brakes"",""Brake assist"",""Dual front impact airbags"",""Dual front side impact airbags"",""Electronic Stability Control"",""Knee airbag"",""Low tire pressure warning"",""Occupant sensing airbag"",""Overhead airbag"",""Panic alarm"",""Security system"",""Traction control""],""technology"":[""6 Speakers"",""8.4\"" Touchscreen Display"",""AM/FM radio: SiriusXM"",""Audio memory"",""Automatic temperature control"",""Compass"",""GPS Navigation"",""HD Radio"",""Integrated Voice Command w/Bluetooth"",""Navigation System"",""ParkView Rear Back-Up Camera"",""Radio data system"",""Radio: Uconnect 4C Nav w/8.4\"" Display"",""Rain Sensitive Windshield Wipers"",""Remote keyless entry"",""SiriusXM Satellite Radio"",""Speed control""]}",104,"Bright White Clearcoat 2021 Jeep Grand Cherokee Limited RWD 8-Speed Automatic 3.6L V6 24V VVT<br><br>Recent Arrival! 19/26 City/Highway MPG<br><br><br>Call us to check on the availability of this vehicle or Shop 24 hours a day @ www.NewnanPeachtreeCDJR.com We'll Buy Your Vehicle, even if You Don't Buy Ours","[PREMIUM]",10,"53 HOLLZ PKWY","Newnan","GA","30265","[PREMIUM]"
"785884069","2026-07-28 23:33:34.233","2026-07-28 23:33:34.233","785884069","[PREMIUM]","M2M93051",2021,"MINI","MINI","COOPER","Cooper","2-Door Hardtop","HATCH","Used","Used 2021 MINI Cooper 2-Door Hardtop",37313,"[PREMIUM]",,"Great","[PREMIUM]",19360,21160,"Chili Red","RED","Carbon Black","BLACK","3CLDR","3-Cylinder Turbo","2 wheel drive - front","AUT","7-Speed Automatic","Automatic","G","Gasoline","Gas",,,1.5,false,11,false,false,false,,false,,,"30",73042439,"[PREMIUM]","[PREMIUM]","[PREMIUM]",1918,"[PREMIUM]",false,"PARTNER",452931,4.6,54,0,"[""NO_SALVAGE_TITLE"",""NO_FRAME_DAMAGE"",""NO_FLOOD_WATER_DAMAGE"",""NO_ACCIDENTS_REPORTED"",""ONE_OWNER"",""FREE_REPORT""]","{""exterior"":[""Alloy wheels"",""Auto High-beam Headlights"",""Bumpers: body-color"",""Delay-off headlights"",""Front fog lights"",""Fully automatic headlights"",""Heated door mirrors"",""Power door mirrors"",""Rear fog lights"",""Rear window wiper"",""Spoiler""],""interior"":[""Air Conditioning"",""Driver door bin"",""Driver vanity mirror"",""Front Bucket Seats"",""Front Center Armrest w/Storage"",""Front reading lights"",""Leather steering wheel"",""Overhead console"",""Passenger door bin"",""Passenger vanity mirror"",""Power windows"",""Rear window defroster"",""SensaTec Leatherette Upholstery"",""Speed-Sensitive Wipers"",""Split folding rear seat"",""Sport steering wheel"",""Steering wheel mounted audio controls"",""Tachometer"",""Telescoping steering wheel"",""Tilt steering wheel"",""Trip computer"",""Variably intermittent wipers""],""mechanical"":[""4-Wheel Disc Brakes"",""Four wheel independent suspension"",""Power steering"",""Speed-sensing steering""],""other"":[""Front anti-roll bar"",""Illuminated entry"",""Outside temperature display"",""Rear anti-roll bar""],""safety"":[""ABS brakes"",""Brake assist"",""Dual front impact airbags"",""Dual front side impact airbags"",""Electronic Stability Control"",""Emergency communication system"",""Knee airbag"",""Low tire pressure warning"",""Occupant sensing airbag"",""Overhead airbag"",""Traction control""],""technology"":[""6 Speakers"",""AM/FM Stereo"",""AM/FM radio"",""Automatic temperature control"",""Exterior Parking Camera Rear"",""Radio data system"",""Rain sensing wipers"",""Remote keyless entry"",""Speed control""]}",61,"Chili Red 2021 MINI Cooper Oxford Edition FWD 7-Speed Automatic 1.5L 12V TwinPower Turbo ABS brakes, Alloy wheels, Electronic Stability Control, Emergency communication system, Heated door mirrors, Illuminated entry, Low tire pressure warning, Remote keyless entry, Traction control.<br><br>Recent Arrival! Odometer is 8941 miles below market average! 28/37 City/Highway MPG","[PREMIUM]",10,"2361 MORSE RD","Columbus","OH","43229","[PREMIUM]"
"786056064","2026-07-28 23:33:34.231","2026-07-28 23:33:34.231","786056064","[PREMIUM]","TGB31809A",2021,"FORD","Ford","EDGE","Edge","SE","SUV","Used","Used 2021 Ford Edge SE",72246,"[PREMIUM]",,"Good","[PREMIUM]",15350,16750,"Oxford White","WHITE","Dune","BEIGE","4CLDR","4-Cylinder Turbo","2 wheel drive - front","AUT","8-Speed Automatic","Automatic","G","Gasoline","Gas",21,29,2,false,9,false,false,false,,false,,,"30",583414,"[PREMIUM]","[PREMIUM]","[PREMIUM]",9351,"[PREMIUM]",false,"PARTNER",452710,4.2,184,1,"[""NO_SALVAGE_TITLE"",""NO_FRAME_DAMAGE"",""NO_FLOOD_WATER_DAMAGE"",""NO_ACCIDENTS_REPORTED"",""ONE_OWNER"",""FREE_REPORT""]","{""exterior"":[""Alloy wheels"",""Auto High-beam Headlights"",""Black Roof-Rack Side Rails"",""Bumpers: body-color"",""Delay-off headlights"",""Fully automatic headlights"",""Power door mirrors"",""Rear window wiper"",""Spoiler""],""interior"":[""Air Conditioning"",""Cloth Bucket Seats"",""Driver door bin"",""Driver vanity mirror"",""Front Bucket Seats"",""Front Center Armrest w/Storage"",""Front dual zone A/C"",""Front reading lights"",""Overhead console"",""Passenger door bin"",""Passenger vanity mirror"",""Power windows"",""Rear reading lights"",""Rear seat center armrest"",""Rear window defroster"",""Speed-Sensitive Wipers"",""Split folding rear seat"",""Steering wheel mounted audio controls"",""Tachometer"",""Telescoping steering wheel"",""Tilt steering wheel"",""Trip computer"",""Variably intermittent wipers""],""mechanical"":[""3.80 Axle Ratio"",""4-Wheel Disc Brakes"",""Four wheel independent suspension"",""Power steering""],""other"":[""Emergency communication system: SYNC 4 911 Assist"",""Equipment Group 100A"",""FordPass Connect"",""Front License Plate Bracket"",""Front anti-roll bar"",""Illuminated entry"",""Outside temperature display"",""Rear anti-roll bar"",""SYNC 4A w/Enhanced Voice Recognition"",""Wheels: 18\"" Sparkle Silver-Painted Aluminum""],""safety"":[""ABS brakes"",""Brake assist"",""Dual front impact airbags"",""Dual front side impact airbags"",""Electronic Stability Control"",""Knee airbag"",""Low tire pressure warning"",""Occupant sensing airbag"",""Overhead airbag"",""Panic alarm"",""Traction control""],""technology"":[""6 Speakers"",""AM/FM radio: SiriusXM with 360L"",""Automatic temperature control"",""Compass"",""Cruise Control"",""Radio: AM/FM Stereo/MP3 Capable"",""Remote keyless entry"",""SiriusXM w/360L""]}",65,"Morning school drop-off, a work commute that stretches forty minutes each way, and weekend errands that never seem to end are exactly what this Edge was made to absorb without drama. This particular one comes with dual-zone automatic climate, SYNC 4A with enhanced voice recognition, and SiriusXM with 360L, so the cabin stays dialed in whether you're the only one in the car or not. You're already mapping out Monday's route in your head.<br><br>Ford Blue Certification backs this Edge with a limited warranty and roadside assistance, which matters when this car is pulling double duty as your daily lifeline and your family's backup plan all at once. The 911 Assist through SYNC and the tire pressure monitoring mean the car is keeping an eye on things even when you're focused on everything else. That kind of coverage is not a nice-to-have when a vehicle is this deep in your daily routine.<br><br>- Ford Blue Certified<br>- 139-point inspection<br>- 3-month/4,000-mile Comprehensive Limited Warranty<br>- Roadside assistance<br>- 11,000 FordPass Rewards Points<br>- Vehicle history report","[PREMIUM]",33,"6618 Northeast Loop 820","North Richland Hills","TX","76180","[PREMIUM]"
"786523965","2026-07-28 23:33:34.228","2026-07-28 23:33:34.228","786523965","[PREMIUM]","3T008349H",2003,"NISSAN","Nissan","350Z","350Z","Touring","COUPE","Used","Used 2003 Nissan 350Z Touring",88093,"[PREMIUM]",,,"[PREMIUM]",10870,12470,"Silver","SILVER","Charcoal","BLACK","6CLDR","6-Cylinder","2 wheel drive - rear","MAN","6-Speed Manual","Manual","G","Gasoline","Gas",20,26,3.5,true,4,false,true,false,,false,,,"30",69505,"[PREMIUM]","[PREMIUM]","[PREMIUM]",1095,"[PREMIUM]",false,"PARTNER",2901,4.7,597,0,"[""NO_SALVAGE_TITLE"",""NO_FRAME_DAMAGE"",""NO_FLOOD_WATER_DAMAGE"",""NO_ACCIDENTS_REPORTED"",""NO_ONE_OWNER"",""FREE_REPORT""]","{""exterior"":[""Aluminum Wheels"",""HID headlights"",""Heated Mirrors"",""Power Mirror(s)"",""Tires - Front Performance"",""Tires - Rear Performance""],""interior"":[""AC"",""Adjustable Steering Wheel"",""Bucket Seats"",""Climate Control"",""Driver Illuminated Vanity Mirror"",""Driver Vanity Mirror"",""Intermittent Wipers"",""Leather Seats"",""Leather Steering Wheel"",""Passenger Illuminated Visor Mirror"",""Passenger Vanity Mirror"",""Power Door Locks"",""Power Driver Seat"",""Power Passenger Seat"",""Power Windows"",""Rear Defrost"",""Trip Computer"",""Universal Garage Door Opener"",""Variable Speed Intermittent Wipers""],""mechanical"":[""4-Wheel Disc Brakes"",""6-Speed M/T"",""Gasoline Fuel"",""Power Steering"",""Rear Wheel Drive"",""V6 Cylinder Engine""],""other"":[""Locking/Limited Slip Differential"",""Premium Sound""],""safety"":[""ABS"",""Driver Air Bag"",""Passenger Air Bag"",""Security System"",""Stability Control"",""Temporary Spare Tire"",""Traction Control""],""technology"":[""AM/FM Stereo"",""CD Changer"",""CD Player"",""Cassette"",""Cruise Control"",""Engine Immobilizer"",""Keyless Entry""]}",47,"Recent Arrival! 20/26 City/Highway MPG<br><br>Experience the Lithia Honda Difference! Upfront Pricing, Third Party Trade Values, Low-APR Financing.<br><br>Chrome Silver Metallic 2003 Nissan 350Z Touring RWD Close-Ratio 6-Speed Manual<br><br><br>Full Spectrum Financing, We Work with Over 50 Lenders. Plus license and title, and $250 title and registration processing fee. Price does not include a charge for 0.40% Oregon Corporate Activity Tax. A 0.5% state sales tax will be added to new vehicle sales Not all sales at MSRP.","[PREMIUM]",,"4095 CRATER LAKE HWY","Medford","OR","97504","[PREMIUM]"
"786140248","2026-07-28 23:32:34.116","2026-07-28 23:32:34.116","786140248","[PREMIUM]","Y631255A",2021,"DODGE","Dodge","DODCHAR","Charger","SXT","SEDAN","Used","Used 2021 Dodge Charger SXT w/ Leather Interior Group",68442,"[PREMIUM]",,"Great","[PREMIUM]",18866,20966,"Granite Pearlcoat","GRAY","Black","BLACK","6CLDR","6-Cylinder","2 wheel drive - rear","AUT","8-Speed Automatic","Automatic","G","Gasoline","Gas",19,30,3.6,true,7,false,false,true,,false,,,"30",74281623,"[PREMIUM]","[PREMIUM]","[PREMIUM]",444,"[PREMIUM]",false,"PARTNER",450144,4.6,287,0,"[""NO_SALVAGE_TITLE"",""ACCIDENTS_REPORTED"",""NO_ONE_OWNER""]","{""exterior"":[""Alloy wheels"",""Bumpers: body-color"",""Delay-off headlights"",""Fully automatic headlights"",""Power door mirrors"",""Wheels: 17\"" x 7.0\"" Painted Cast Aluminum""],""interior"":[""Air Conditioning"",""Anti-whiplash front head restraints"",""Cloth Sport Seat"",""Driver door bin"",""Driver vanity mirror"",""Front Bucket Seats"",""Front Center Armrest"",""Front dual zone A/C"",""Front reading lights"",""Leather Shift Knob"",""Overhead console"",""Passenger door bin"",""Passenger vanity mirror"",""Power 8-Way Driver Seat"",""Power Sunroof"",""Power driver seat"",""Power windows"",""Rear Armrest w/Cupholder Seat"",""Rear reading lights"",""Rear seat center armrest"",""Rear window defroster"",""Speed-Sensitive Wipers"",""Split folding rear seat"",""Steering wheel mounted audio controls"",""Tachometer"",""Telescoping steering wheel"",""Tilt steering wheel"",""Trip computer"",""Variably intermittent wipers""],""mechanical"":[""4-Wheel Disc Brakes"",""Four wheel independent suspension"",""Power steering""],""other"":[""Apple CarPlay/Android Auto"",""Front License Plate Bracket"",""Front anti-roll bar"",""Illuminated entry"",""Manufacturer's Statement of Origin"",""Outside temperature display"",""Quick Order Package 2EG"",""Rear anti-roll bar""],""safety"":[""ABS brakes"",""Brake assist"",""Dual front impact airbags"",""Dual front side impact airbags"",""Electronic Stability Control"",""Knee airbag"",""Low tire pressure warning"",""Occupant sensing airbag"",""Overhead airbag"",""Panic alarm"",""Traction control""],""technology"":[""6 Speakers"",""AM/FM radio: SiriusXM"",""Compass"",""ParkView Rear Back-Up Camera"",""Radio: Uconnect 4 w/7\"" Display"",""Remote keyless entry"",""Speed control""]}",64,"Bridgeton Automall is proud to present you with another True Market Priced Pre-Owned Vehicle.<br><br>This 2021 Dodge Charger SXT delivers performance and style in a package designed for drivers who demand both. With a 3.6L V6 engine producing 292 horsepower paired with an 8-speed automatic transmission, this rear-wheel-drive sedan provides responsive acceleration and efficient highway cruising. The gray exterior presents a modern, sophisticated appearance that complements the vehicle's athletic stance.<br><br>- Leather Interior Group with heated front and rear seats<br>- Heated steering wheel for comfort in cold weather<br>- Power sunroof for natural light and open-air driving<br>- Uconnect 4 infotainment system with 7 touchscreen display<br>- Apple CarPlay and Android Auto smartphone integration<br>- SiriusXM satellite radio with 6-speaker audio system<br>- Power 8-way driver seat with memory settings<br>- Power heated memory mirrors with manual fold-away function<br>- ParkView rear back-up camera for enhanced visibility<br>- Front dual zone climate control with rear window defroster<br>- 17 painted cast aluminum alloy wheels<br>- Electronic Stability Control and traction control<br>- Four-wheel independent suspension with four-wheel disc brakes<br><br>The interior reflects quality craftsmanship with leather seating surfaces throughout. The driver benefits from power-adjustable front seats with memory functions, allowing you to save your preferred positioning. Climate control operates through independent front zones, while heated seats and a heated steering wheel ensure comfort during colder months. The rear seats feature their own heating elements and a center armrest with cupholder.<br><br>Technology seamlessly integrates into your daily driving experience. The Uconnect 4 system with its 7-inch display provides intuitive control over audio, climate, and vehicle settings. Steering wheel-mounted audio controls keep your focus on the road, while smartphone compatibility through Apple CarPlay and Android Auto connects your device wirelessly for navigation and music streaming.<br><br>Safety features include dual front impact airbags, front side impact airbags, knee airbags, and overhead airbags positioned throughout the cabin. Electronic Stability Control works alongside traction control to maintain grip during demanding driving conditions. The rear back-up camera displays on the infotainment screen, providing clear visibility when reversing. Anti-lock brakes and brake assist technology enhance stopping capability across various road conditions.<br><br>This Charger SXT achieves 19 city MPG and 30 highway MPG, balancing the performance you expect with reasonable fuel economy. The vehicle shows 68,442 miles and has been carefully maintained. Visit our showroom to experience this well-equipped sedan firsthand and discover why the Charger remains a standout choice in the midsize performance segment.","[PREMIUM]",31,"808 N PEARL ST","Bridgeton","NJ","08302","[PREMIUM]"
"786560474","2026-07-28 23:32:34.091","2026-07-28 23:32:34.091","786560474","[PREMIUM]","1GNES13H382185384",2008,"CHEV","Chevrolet","TRAILBLZ","TrailBlazer","SS","SUV","Used","Used 2008 Chevrolet TrailBlazer SS w/ Sun And Sound Package",42700,"[PREMIUM]",,,"[PREMIUM]",12830,14130,"Burgundy","BURGUNDY","Gray","GRAY","8CLDR","8-Cylinder","2 wheel drive - rear","AUT","4-Speed Automatic","Automatic","G","Gasoline","Gas",12,16,6,false,3,false,true,false,,false,,,"30",75871271,"[PREMIUM]","[PREMIUM]","[PREMIUM]",,"[PREMIUM]",true,,197036,4.3,1929,,"[""NO_SALVAGE_TITLE"",""NO_ACCIDENTS_REPORTED"",""NO_ONE_OWNER""]","{""exterior"":[""Alloy Wheels"",""Fog Lights""],""interior"":[""Air Conditioning"",""Moon Roof"",""Power Door Locks"",""Power Seat"",""Power Windows"",""Tilt Wheel""],""mechanical"":[""Power Steering"",""Towing Pkg""],""other"":[""Premium Sound"",""Rear""],""safety"":[""ABS (4-Wheel)"",""Anti-Theft System"",""Dual Air Bags"",""F&R Head Curtain Air Bags"",""StabiliTrak""],""technology"":[""AM/FM Stereo"",""CD/MP3 (Single Disc)"",""Cassette"",""Cruise Control"",""OnStar""]}",22,"Awesome SS RWD up for sale. In great shape over all, some maintenance done recently. No accidents and clean title in my name. Priced to sell. <br><br>Due to scams I will only respond by text or call. # is in the last photo","[PREMIUM]",21,,"Harwood Heights","IL","60706","[PREMIUM]"
"760057298","2026-07-28 23:32:34.043","2026-07-28 23:32:34.043","760057298","[PREMIUM]","P15399",2021,"JEEP","Jeep","CHER","Cherokee","Latitude Lux","SUV","Used","Used 2021 Jeep Cherokee Latitude Lux w/ Sun & Sound Group",70562,"[PREMIUM]",,"Good","[PREMIUM]",17876,19726,"Granite Crystal Metallic Clear","GRAY","Black","BLACK","6CLDR","6-Cylinder","4 wheel drive","AUT","9-Speed Automatic","Automatic","G","Gasoline","Gas",19,27,3.2,true,103,false,false,true,,false,,,"30",66774133,"[PREMIUM]","[PREMIUM]","[PREMIUM]",2629,"[PREMIUM]",false,"PARTNER",449442,3.9,415,1,"[""NO_SALVAGE_TITLE"",""NO_ACCIDENTS_REPORTED"",""NO_ONE_OWNER""]","{""exterior"":[""Alloy wheels"",""Bumpers: body-color"",""Class III Receiver Hitch"",""Delay-off headlights"",""Front fog lights"",""Fully automatic headlights"",""Heated door mirrors"",""Power door mirrors"",""Rear window wiper"",""Spoiler"",""Turn signal indicator mirrors""],""interior"":[""115V Auxiliary Power Outlet"",""Air Conditioning"",""Anti-whiplash front head restraints"",""Auto-Dimming Rear-View Mirror"",""Driver door bin"",""Driver vanity mirror"",""Front Bucket Seats"",""Front Center Armrest"",""Front reading lights"",""Heated front seats"",""Heated steering wheel"",""Leather Shift Knob"",""Liquid Titanium Accents"",""Overhead console"",""Passenger door bin"",""Passenger vanity mirror"",""Power Front/Fixed Rear Full Sunroof"",""Power Liftgate"",""Power driver seat"",""Power passenger seat"",""Power windows"",""Rear reading lights"",""Rear seat center armrest"",""Rear window defroster"",""Split folding rear seat"",""Steering wheel mounted audio controls"",""Tachometer"",""Telescoping steering wheel"",""Tilt steering wheel"",""Trip computer"",""Universal Garage Door Opener"",""Variably intermittent wipers"",""Voltmeter""],""mechanical"":[""4-Wheel Disc Brakes"",""AutoStick Automatic Transmission"",""Auxiliary Transmission Oil Cooler"",""Engine Oil Cooler"",""Four wheel independent suspension"",""Heavy-Duty Engine Cooling"",""Power steering"",""Speed-sensing steering"",""Trailer Tow Group""],""other"":[""Apple CarPlay/Android Auto"",""Comfort/Convenience Group"",""Dual Bright Exhaust Tips"",""Front License Plate Bracket"",""Front anti-roll bar"",""Illuminated entry"",""Liquid Titanium Door Trim Appliques"",""Low Miles!"",""Manuf Statement of Origin"",""Normal Duty Suspension"",""Off Road Suspension"",""Outside temperature display"",""Premium Leather Trimmed Bucket Seats"",""Quick Order Package 27H"",""Rear anti-roll bar"",""Stop-Start Multiple VSM System"",""Sun & Sound Group"",""Wheels: 17\"" x 7\"" Satin Carbon Aluminum""],""safety"":[""ABS brakes"",""Brake assist"",""Dual front impact airbags"",""Dual front side impact airbags"",""Electronic Stability Control"",""Knee airbag"",""Low tire pressure warning"",""Occupant sensing airbag"",""Overhead airbag"",""Panic alarm"",""Rear side impact airbag"",""Security Alarm"",""Traction control""],""technology"":[""6 Speakers"",""7 & 4 Pin Wiring Harness"",""AM/FM radio: SiriusXM"",""Compass"",""ParkView Rear Back-Up Camera"",""Premium Alpine Speaker System"",""Radio data system"",""Radio: Uconnect 4 w/7\"" Display"",""Radio: Uconnect 4 w/8.4\"" Display"",""Rain sensing wipers"",""Remote keyless entry"",""Speed control"",""Trailer Tow Wiring Harness""]}",97,"2021 Jeep Cherokee Latitude Lux 70,074 Miles $21,991<br><br>This 2021 Jeep Cherokee Latitude Lux is a great mix of comfort, power, and everyday usability. With just over 70k miles, it s a well-equipped SUV priced right for the market.<br><br>Under the hood, this trim typically comes with the 3.2L Pentastar V6 pushing 271 horsepower and 239 lb-ft of torque, paired with a smooth 9-speed automatic.<br>That gives you strong acceleration and confident highway driving more power than most in this class.<br><br>What sets the Latitude Lux apart is the upgraded comfort:<br>Leather-trimmed seats, heated front seats, premium interior touches, and modern infotainment make this feel like a step above your typical Cherokee.<br><br>You also get Jeep capability:<br>Available 4x4, solid ground clearance, and the ability to handle rough roads, weather, and light off-road use without breaking a sweat.<br><br>Inside, it s practical and roomy:<br>Comfortable seating for five, good cargo space, and a layout that works great for commuting, road trips, or daily errands.<br><br>At $21,991, this is a strong value for a V6-powered SUV with luxury touches and Jeep capability.<br><br>Come see it at Astoria Ford this one checks a lot of boxes for the price.","[PREMIUM]",25,"1809 SE ENSIGN LN","Warrenton","OR","97146","[PREMIUM]"
"781261946","2026-07-28 23:32:33.995","2026-07-28 23:32:33.995","781261946","[PREMIUM]","34576B",2021,"HYUND","Hyundai","SANTAFE","Santa Fe","SEL","SUV","Used","Used 2021 Hyundai Santa Fe SEL w/ Convenience Package",67545,"[PREMIUM]",,"Great","[PREMIUM]",18344,20394,"Shimmering Silver Pearl","SILVER","Black","BLACK","4CLDR","4-Cylinder","All wheel drive","AUT","8-Speed Automatic","Automatic","G","Gasoline","Gas",22,25,2.5,false,65,false,false,true,,false,,,"30",69769,"[PREMIUM]","[PREMIUM]","[PREMIUM]",1668,"[PREMIUM]",false,"PARTNER",450624,4.4,113,0,"[""NO_SALVAGE_TITLE"",""ACCIDENTS_REPORTED"",""NO_ONE_OWNER""]","{""exterior"":[""18\"" x 7.5J Alloy Wheels"",""Auto High-beam Headlights"",""Bumpers: body-color"",""Delay-off headlights"",""Fully automatic headlights"",""Heated door mirrors"",""Power door mirrors"",""Rear window wiper"",""Spoiler"",""Wheel Locks""],""interior"":[""**POWER DRIVER'S SEAT**"",""6-Way Power Passenger Seat"",""Air Conditioning"",""Auto-Dimming Inside Rear-View Mirror"",""Cargo Net"",""Cargo Tray"",""Carpeted Floor Mats"",""Driver door bin"",""Driver vanity mirror"",""Dual Automatic Temperature Control"",""Front Bucket Seats"",""Front Center Armrest"",""Front reading lights"",""Heated Seats"",""Leather Wrapped Steering Wheel"",""Manual Rear Side Sunshades"",""Overhead console"",""Passenger door bin"",""Passenger vanity mirror"",""Power driver seat"",""Power windows"",""Rear seat center armrest"",""Rear window defroster"",""Split folding rear seat"",""Steering wheel mounted audio controls"",""Tachometer"",""Telescoping steering wheel"",""Trip computer"",""Variably intermittent wipers"",""YES Essentials Stain-Resistant Cloth Seat Trim""],""mechanical"":[""4-Wheel Disc Brakes"",""Axle Ratio: 4.081"",""Four wheel independent suspension"",""Power steering"",""Speed-sensing steering""],""other"":[""**FULLY SERVICED AND DETAILED**"",""**LOCAL TRADE IN**"",""12.3\"" LCD Instrument Cluster"",""20\"" Premium Painted Wheels"",""Acoustic-Laminated Front Side Windows"",""Android Auto"",""Apple Carplay-Android Auto"",""Convenience Package"",""Digital Key"",""Front anti-roll bar"",""Hands-Free Smart Liftgate w/Hands-Free Auto Open"",""Heated Front and Rear Seats Bucket Seats"",""Illuminated entry"",""LED Taillights"",""Mudguards"",""Option Group 02"",""Outside temperature display"",""Power Release 2nd Row Seats"",""Puddle Lamps"",""Rear anti-roll bar"",""Side Mirrors w/Turn Signal Indicators"",""Ultrasonic Rear Occupant Alert""],""safety"":[""**BLIND SPOT MONITOR**"",""ABS brakes"",""Brake assist"",""Dual front impact airbags"",""Dual front side impact airbags"",""Electronic Stability Control"",""Emergency communication system"",""First Aid Kit"",""Lane Keep Assist"",""Low tire pressure warning"",""Occupant sensing airbag"",""Overhead airbag"",""Panic alarm"",""Security system"",""Traction control""],""technology"":[""**BACK UP CAMERA**"",""**BLUETOOTH HANDS FREE**"",""AM/FM radio: SiriusXM"",""Cruise Control"",""Exterior Parking Camera Rear"",""Harman Kardon Premium Audio"",""Radio: AM/FM/MP3 Display Audio"",""Remote keyless entry""]}",90,"Discover the exceptional 2021 Hyundai Santa Fe SEL, a versatile and well-equipped SUV that's ready to elevate your driving experience. Boasting a sleek silver exterior and a spacious, meticulously maintained interior, this Santa Fe is a true standout.<br><br>- **BACK UP CAMERA** - **BLIND SPOT MONITOR** - **BLUETOOTH HANDS FREE** - **FULLY SERVICED AND DETAILED** - **LOCAL TRADE IN** - **POWER DRIVER'S SEAT** - Apple Carplay-Android Auto - Dual Automatic Temperature Control - Heated Seats - Lane Keep Assist - Power Release 2nd Row Seats<br><br>Vehicle Detailed: This 2021 Hyundai Santa Fe SEL has been thoroughly inspected and serviced by our expert technicians, ensuring it's in top condition and ready for its next adventure.<br><br>The Santa Fe's 2.5L I4 engine, paired with an 8-Speed Automatic with SHIFTRONIC transmission and all-wheel drive, delivers a smooth and responsive performance. With an EPA-estimated 22 city / 25 highway MPG, this SUV balances power and efficiency for your daily drives.<br><br>Slip into the well-appointed cabin and experience the comfort of heated front seats, a power driver's seat, and dual automatic climate control. Stay connected with Apple CarPlay and Android Auto, while the 12.3 LCD instrument cluster and digital key add a touch of modern convenience.<br><br>Safety is paramount in the Santa Fe, with features like a backup camera, blind spot monitoring, and lane keep assist providing added peace of mind. The Convenience Package further enhances your driving experience with a hands-free smart liftgate, auto-dimming rearview mirror, and more.<br><br>Don't miss your chance to make this 2021 Hyundai Santa Fe SEL your own. Schedule a test drive today and discover the perfect blend of style, technology, and capability.","[PREMIUM]",37,"2393 HIGHWAY 501 WEST","Conway","SC","29526","[PREMIUM]"
"786416016","2026-07-28 23:32:33.960","2026-07-28 23:32:33.960","786416016","[PREMIUM]","17095",2003,"CHEV","Chevrolet","CHEVC25","Silverado 2500","LS","TRUCKS","Used","Used 2003 Chevrolet Silverado 2500 LS w/ Snow Plow Prep Pkg",76184,"[PREMIUM]",,,"[PREMIUM]",10185,11660,"White","WHITE","Gray","GRAY","8CLDR","8-Cylinder","4 wheel drive","AUT","4-Speed Automatic","Automatic","G","Gasoline","Gas",,,6,false,5,false,true,false,,false,,,"10",69529243,"[PREMIUM]","[PREMIUM]","[PREMIUM]",1393,"[PREMIUM]",false,"PARTNER",348504,4.7,1331,0,"[""NO_SALVAGE_TITLE"",""NO_ACCIDENTS_REPORTED"",""NO_ONE_OWNER""]",,,"2003 Chevrolet Silverado 2500HD LS Crew Cab 4x4 powered by the legendary 6.0L Vortec V8 paired with a heavy duty 4 speed automatic transmission. Equipped with a 4.10 rear axle, locking rear differential, heavy duty trailering package, snow plow prep package, skid plates, power heated mirrors, dual zone air conditioning, power windows and locks, and seating for six. A tough, proven heavy duty truck ready for work, towing, or everyday use. We offer nationwide shipping and work with a strong network of lenders to provide competitive financing options. Visit us at GW Trucks, home of Jacksonville s largest indoor, climate controlled showroom.","[PREMIUM]",5,"4930 Spring Park Road","Jacksonville","FL","32207","[PREMIUM]"
"786356089","2026-07-28 23:32:33.944","2026-07-28 23:32:33.944","786356089","[PREMIUM]","HV743978A",2021,"JEEP","Jeep","JEEPRENEG","Renegade","Latitude","SUV","Used","Used 2021 Jeep Renegade Latitude",45345,"[PREMIUM]",,"Great","[PREMIUM]",17030,18730,"Alpine White Clearcoat","WHITE","Black","BLACK","4CLDR","4-Cylinder","2 wheel drive - front","AUT","9-Speed Automatic","Automatic","G","Gasoline","Gas",22,30,2.4,false,5,false,true,false,,false,,,"30",72890019,"[PREMIUM]","[PREMIUM]","[PREMIUM]",1095,"[PREMIUM]",false,"PARTNER",451761,3.8,176,1,"[""NO_SALVAGE_TITLE"",""NO_ACCIDENTS_REPORTED"",""ONE_OWNER""]","{""exterior"":[""17\"" x 7.0\"" Aluminum Wheels"",""Alloy wheels"",""Delay-off headlights"",""Front fog lights"",""Fully automatic headlights"",""Heated door mirrors"",""Power door mirrors"",""Rear window wiper"",""Spoiler""],""interior"":[""Air Conditioning"",""Anti-whiplash front head restraints"",""Driver door bin"",""Driver vanity mirror"",""Front Bucket Seats"",""Front Center Armrest"",""Front dual zone A/C"",""Front reading lights"",""Manual Adjust 4-Way Front Passenger Seat"",""Passenger door bin"",""Passenger vanity mirror"",""Power windows"",""Premium Cloth Bucket Seats"",""Rear window defroster"",""Split folding rear seat"",""Steering wheel mounted audio controls"",""Tachometer"",""Telescoping steering wheel"",""Tilt steering wheel"",""Trip computer"",""Variably intermittent wipers"",""Voltmeter""],""mechanical"":[""3.734 Final Drive Ratio"",""4-Wheel Disc Brakes"",""Four wheel independent suspension"",""Power steering""],""other"":[""Apple CarPlay/Android Auto"",""Emergency communication system: SiriusXM Guardian"",""Front anti-roll bar"",""Illuminated entry"",""Normal Duty Suspension"",""Outside temperature display"",""Quick Order Package 2XB"",""Rear anti-roll bar"",""Roof rack: rails only""],""safety"":[""ABS brakes"",""Brake assist"",""Dual front impact airbags"",""Dual front side impact airbags"",""Electronic Stability Control"",""Knee airbag"",""Low tire pressure warning"",""Occupant sensing airbag"",""Overhead airbag"",""Panic alarm"",""Security system"",""Traction control""],""technology"":[""6 Speakers"",""AM/FM radio: SiriusXM"",""Automatic temperature control"",""Compass"",""ParkView Rear Back-Up Camera"",""Radio data system"",""Radio: Uconnect 4 w/7\"" Display"",""Remote keyless entry"",""Speed control""]}",65,"We do business one way... Your Way. At Hyundai of Venice, our customers consistently tell us they appreciate our honest, friendly, and hassle-free buying experience. Whether you prefer to shop online or visit us in person, move quickly or take your time, we're here to make buying a vehicle as easy as possible. Every pre-owned vehicle is priced using AI-driven market analysis and reviewed daily to stay competitive. Our HOV Value Price also includes our standard dealer-required fees, so you won't encounter hidden dealer charges or pricing surprises. Recent Arrival! Odometer is 12002 miles below market average!<br><br>Alpine White Clearcoat 2021 Jeep Renegade Latitude 17 x 7.0 Aluminum Wheels, AM/FM radio: SiriusXM, Apple CarPlay/Android Auto, Automatic temperature control, Compass, Dual front impact airbags, Dual front side impact airbags, Electronic Stability Control, Four wheel independent suspension, Front dual zone A/C, Fully automatic headlights, Knee airbag, Occupant sensing airbag, Outside temperature display, Overhead airbag, ParkView Rear Back-Up Camera, Premium Cloth Bucket Seats, Remote keyless entry, Telescoping steering wheel, Tilt steering wheel. CARFAX One-Owner.<br><br><br>O Pricing &amp; Disclosure Information: The advertised price for each vehicle is the total price, which includes all dealer fees. The only charges excluded from the advertised price are state and local taxes, tag, title, and registration fees. Pricing may include manufacturer rebates available to all buyers. Conditional incentive programs (such as College Graduate, Military, First Responder, Loyalty, or trade-in incentives) are not included in the advertised price but may represent additional savings for qualified buyers. See dealer for eligibility details. While we strive for accuracy in all pricing and vehicle information, please verify details with the dealership prior to purchase. All vehicles are subject to prior sale. Images shown may not represent the actual vehicle; options, colors, trim, and body style may vary. CPO and used vehicles may be subject to unrepaired manufacturer recalls. Please contact the manufacturer or visit the applicable brand website for current recall information.","[PREMIUM]",18,"200 JACARANDA BLVD","Venice","FL","34292","[PREMIUM]"
"786259955","2026-07-28 23:31:15.256","2026-07-28 23:31:15.256","786259955","[PREMIUM]","TMUA95913",2021,"FORD","Ford","ESCAPE","Escape","SE","SUV","Used","Used 2021 Ford Escape SE w/ Convenience Package",70706,"[PREMIUM]",,"Good","[PREMIUM]",15340,16840,"Oxford White","WHITE","Gray","GRAY","3CLDR","3-Cylinder Turbo","2 wheel drive - front","AUT","8-Speed Automatic","Automatic","G","Gasoline","Gas",28,34,1.5,false,6,false,true,false,,false,,,"30",72681693,"[PREMIUM]","[PREMIUM]","[PREMIUM]",4643,"[PREMIUM]",false,"PARTNER",451517,3.8,71,1,"[""NO_SALVAGE_TITLE"",""NO_ACCIDENTS_REPORTED"",""NO_ONE_OWNER""]","{""exterior"":[""Alloy wheels"",""Auto High-beam Headlights"",""Bumpers: body-color"",""Delay-off headlights"",""Fully automatic headlights"",""Halogen Projector Headlamps w/LED Signature"",""Power door mirrors"",""Rear window wiper"",""Spoiler""],""interior"":[""10-Way Power Driver's Seat"",""Air Conditioning"",""Driver door bin"",""Driver vanity mirror"",""Dual-Zone Electronic Automatic Temperature Control"",""Front Bucket Seats"",""Front Center Armrest"",""Front reading lights"",""Overhead console"",""Passenger door bin"",""Passenger vanity mirror"",""Power Liftgate"",""Power windows"",""Rear reading lights"",""Rear window defroster"",""Speed-Sensitive Wipers"",""Split folding rear seat"",""Steering wheel mounted audio controls"",""Tachometer"",""Telescoping steering wheel"",""Tilt steering wheel"",""Trip computer"",""Unique Cloth Front Bucket Seats"",""Variably intermittent wipers""],""mechanical"":[""3.52 Axle Ratio"",""4-Wheel Disc Brakes"",""Four wheel independent suspension"",""Power steering"",""Speed-sensing steering""],""other"":[""** HOME OF THE LIFETIME WARRANTY - SEE DEALER FOR DETAILS **"",""Convenience Package"",""Equipment Group 200A"",""Fold-Down Rear Center Armrest w/2 Cupholders"",""FordPass Connect"",""Front anti-roll bar"",""Illuminated entry"",""Outside temperature display"",""Rear anti-roll bar"",""SecuriCode Keyless-Entry Keypad"",""Wheels: 17\"" Shadow Silver-Painted Aluminum""],""safety"":[""ABS brakes"",""Brake assist"",""Dual front impact airbags"",""Dual front side impact airbags"",""Electronic Stability Control"",""Emergency communication system: SYNC 3 911 Assist"",""Knee airbag"",""Low tire pressure warning"",""Occupant sensing airbag"",""Overhead airbag"",""Panic alarm"",""Traction control""],""technology"":[""** BACKUP CAMERA **"",""** BLUETOOTH **"",""6 Speakers"",""AM/FM Stereo"",""AM/FM radio: SiriusXM"",""Compass"",""Exterior Parking Camera Rear"",""Radio data system"",""Remote keyless entry"",""SYNC 3 Communications & Entertainment System"",""Speed control""]}",72,"2021 Ford Oxford White 4D Sport Utility Escape SE 8-Speed Automatic FWD 1.5L EcoBoost<br><br>** HOME OF THE LIFETIME WARRANTY - SEE DEALER FOR DETAILS **, ** BACKUP CAMERA **, ** BLUETOOTH **. Priced below KBB Fair Purchase Price! Odometer is 5800 miles below market average!<br><br><br>This Pre-owned vehicle has been Previous loved and needs a NEW HOME!! Also backed with Fords Certified Blue Oval Certification!!<br><br>Please call to confirm availability. Proudly Serving: Nashville, Knoxville, Brentwood, Franklin, Huntsville, Hendersonville, Gallatin, Bowling Green, Murfreesboro, Clarksville, Hopkinsville, Paducah, Cookeville, Chattanooga, Decatur, Jackson, Louisville, Memphis, and all of greater Tennessee, Kentucky, and Alabama.","[PREMIUM]",36,"646 THOMPSON LN","Nashville","TN","37204","[PREMIUM]"
"784696916","2026-07-28 23:31:13.729","2026-07-28 23:31:13.729","784696916","[PREMIUM]","7934A",2021,"CHEV","Chevrolet","COLORADO","Colorado","W/T","TRUCKS","Used","Used 2021 Chevrolet Colorado W/T w/ WT Convenience Package",67525,"[PREMIUM]",,"Great","[PREMIUM]",18210,20210,"Summit White","WHITE","Jet Black/Dark Ash","UNAVAIL","6CLDR","6-Cylinder","2 wheel drive - rear","AUT","8-Speed Automatic","Automatic","G","Gasoline","Gas",19,25,3.6,false,26,false,false,true,,false,,,"30",76781,"[PREMIUM]","[PREMIUM]","[PREMIUM]",734,"[PREMIUM]",false,"PARTNER",448687,4.2,150,0,"[""NO_SALVAGE_TITLE"",""NO_FRAME_DAMAGE"",""NO_FLOOD_WATER_DAMAGE"",""NO_ACCIDENTS_REPORTED"",""ONE_OWNER"",""FREE_REPORT""]","{""exterior"":[""Bumpers: body-color"",""Delay-off headlights"",""EZ-Lift & Lower Tailgate"",""Fully automatic headlights"",""Rear step bumper"",""Remote Locking Tailgate""],""interior"":[""Air Conditioning"",""Driver 4-Way Power Seat Adjuster"",""Driver door bin"",""Front Bucket Seats"",""Front Center Armrest"",""Passenger door bin"",""Passenger vanity mirror"",""Power driver seat"",""Power windows"",""Split folding rear seat"",""Tachometer"",""Tilt steering wheel"",""Trip computer"",""Variably intermittent wipers"",""Vinyl Seat Trim""],""mechanical"":[""4-Wheel Disc Brakes"",""Front wheel independent suspension"",""Heavy-Duty Trailering Package"",""Power steering"",""Speed-sensing steering"",""Tow/Haul Mode""],""other"":[""Apple CarPlay/Android Auto"",""Automatic Locking Rear Differential"",""Front License Plate Kit"",""Front anti-roll bar"",""Hitch Guidance"",""Preferred Equipment Group 2WT"",""Premium audio system: Chevrolet Infotainment 3"",""WT Convenience Package"",""Wheels: 17\"" x 8\"" Ultra Silver Metallic Steel""],""safety"":[""ABS brakes"",""Dual front impact airbags"",""Dual front side impact airbags"",""Electronic Stability Control"",""Low tire pressure warning"",""Occupant sensing airbag"",""Overhead airbag"",""Traction control"",""Unauthorized Entry Theft-Deterrent System""],""technology"":[""6 Speakers"",""6-Speaker Audio System Feature"",""AM/FM radio: SiriusXM"",""Electronic Automatic Cruise Control"",""Extended Range Remote Keyless Entry"",""Exterior Parking Camera Rear"",""Radio data system"",""Radio: Chevrolet Infotainment 3 System"",""SiriusXM Radio""]}",54,"Serving Horry County for over 80 years!<br><br>This 2021 Chevrolet Colorado Work Truck combines practical capability with dependable performance. With a powerful 3.6L V6 engine delivering 308 horsepower and 275 lb-ft of torque, paired with an 8-speed automatic transmission, this truck handles the demands of work and daily life with confidence.<br><br>- Automatic Locking Rear Differential<br>- 3.6L V6 Engine with Variable Valve Timing<br>- Heavy-Duty Trailering Package with trailer hitch and 7-pin connector<br>- WT Convenience Package with Remote Keyless Entry<br>- Electronic Automatic Cruise Control<br>- EZ-Lift &amp; Lower Tailgate with Remote Locking<br>- Theft-Deterrent System<br>- Chevrolet Infotainment 3 System with Apple CarPlay and Android Auto<br>- SiriusXM Radio with 6 speakers<br>- Exterior Parking Camera Rear<br>- Air Conditioning with Power Climate Control<br>- Power Steering and Power Windows<br>- Electronic Stability Control and Traction Control<br>- Front Disc Brakes with ABS<br><br>The exterior presents a clean white finish with 17-inch ultra silver metallic steel wheels. This crew cab configuration provides comfortable seating for up to five occupants with front bucket seats and a split folding rear seat. The vinyl seat trim is practical and easy to maintain, while the front center armrest adds convenience for daily driving.<br><br>The work-focused interior is equipped with electronic automatic cruise control for highway comfort, a tilt steering wheel for optimal positioning, and a trip computer to monitor your driving. Power door locks and windows enhance convenience, while the delay-off headlights and automatic headlight feature ensure visibility. Multiple airbags, including dual front impact and side impact airbags, work alongside electronic stability control to prioritize safety.<br><br>Fuel efficiency reaches 18 city and 25 highway miles per gallon, making this truck practical for both job sites and regular commuting. The Hitch Guidance system simplifies towing operations, while the Tow/Haul mode optimizes transmission performance when hauling cargo. The rear step bumper and front license plate kit complete the work-ready exterior.<br><br>This 2021 Colorado has been carefully selected and is ready to serve your needs. Whether you require a reliable work vehicle or a capable daily driver, this truck delivers the performance and features you expect. Visit us today to take this Colorado for a test drive and discover why it remains a trusted choice.<br><br>NOBODY BEATS A PALMETTO DEAL!","[PREMIUM]",25,"1122 Fourth Avenue","Conway","SC","29526","[PREMIUM]"
"783631032","2026-07-28 23:31:13.597","2026-07-28 23:31:13.597","783631032","[PREMIUM]","ZN2R93313",2022,"MINI","MINI","COOPER","Cooper","S","HATCH","Used","Used 2022 MINI Cooper S w/ Premium Package",28979,"[PREMIUM]",,"Great","[PREMIUM]",21930,24180,"Pepper White","OFFWHITE","Carbon Black","BLACK","4CLDR","4-Cylinder Turbo","2 wheel drive - front","AUT","7-Speed Automatic","Automatic","G","Gasoline","Gas",,,2,false,38,false,false,true,,false,,,"30",72857211,"[PREMIUM]","[PREMIUM]","[PREMIUM]",2478,"[PREMIUM]",false,"PARTNER",454192,4.6,54,0,"[""NO_SALVAGE_TITLE"",""NO_ACCIDENTS_REPORTED"",""NO_ONE_OWNER""]","{""exterior"":[""Alloy wheels"",""Auto High-beam Headlights"",""Bumpers: body-color"",""Delay-off headlights"",""Front fog lights"",""Fully automatic headlights"",""Heated door mirrors"",""Power door mirrors"",""Rear fog lights"",""Rear window wiper"",""Spoiler""],""interior"":[""Air Conditioning"",""Driver door bin"",""Driver vanity mirror"",""Dual Zone Auto Climate Control"",""Dynamic Digital Instrument Cluster"",""Front Bucket Seats"",""Front Center Armrest w/Storage"",""Front reading lights"",""Heated Front Seats"",""Leather steering wheel"",""Overhead console"",""Panoramic Moonroof"",""Passenger Seat Height Adjustment"",""Passenger door bin"",""Passenger vanity mirror"",""Power windows"",""Rear window defroster"",""SensaTec Leatherette Upholstery"",""Speed-Sensitive Wipers"",""Split folding rear seat"",""Sport steering wheel"",""Steering wheel mounted audio controls"",""Tachometer"",""Telescoping steering wheel"",""Tilt steering wheel"",""Trip computer"",""Variably intermittent wipers""],""mechanical"":[""4-Wheel Disc Brakes"",""Four wheel independent suspension"",""Power steering"",""Speed-sensing steering""],""other"":[""**SUPER LOW MILES**"",""Body Color Roof"",""CLEAN CARFAX REPORT"",""Comfort Access Keyless Entry"",""ConnectedDrive Services"",""Enhanced USB & Bluetooth"",""Front anti-roll bar"",""Illuminated entry"",""MINI Assist eCall"",""MINI Connected"",""MINI TeleServices"",""Media Display"",""Outside temperature display"",""Piano Black Interior Surface"",""Rear anti-roll bar"",""Remote Services"",""Signature Trim"",""Sport Seats"",""Storage Package"",""Touchscreen Media Display"",""Wheels: 16\"" x 6.5\"" Revolite Spoke Spectre Gray"",""Wheels: 17\"" x 7.0\"" Tentacle Spoke Silver Alloy""],""safety"":[""ABS brakes"",""Brake assist"",""Dual front impact airbags"",""Dual front side impact airbags"",""Electronic Stability Control"",""Emergency communication system"",""Knee airbag"",""Low tire pressure warning"",""Occupant sensing airbag"",""Overhead airbag"",""Traction control""],""technology"":[""6 Speakers"",""AM/FM Stereo"",""AM/FM radio: SiriusXM"",""Exterior Parking Camera Rear"",""Radio Control US"",""Radio data system"",""Rain sensing wipers"",""Remote keyless entry"",""SiriusXM Satellite Radio"",""Speed control""]}",85,"**SUPER LOW MILES**, CLEAN CARFAX REPORT, ABS brakes, Alloy wheels, Body Color Roof, Comfort Access Keyless Entry, ConnectedDrive Services, Dual Zone Auto Climate Control, Electronic Stability Control, Emergency communication system, Enhanced USB &amp; Bluetooth, Heated door mirrors, Heated Front Seats, Illuminated entry, Low tire pressure warning, Media Display, MINI Assist eCall, MINI Connected, MINI TeleServices, Panoramic Moonroof, Remote keyless entry, Remote Services, Signature Trim, Storage Package, Touchscreen Media Display, Traction control, Wheels: 17 x 7.0 Tentacle Spoke Silver Alloy. Odometer is 11068 miles below market average! Priced below KBB Fair Purchase Price!","[PREMIUM]",46,"2836 Laurens Rd","Greenville","SC","29607","[PREMIUM]"
"786571726","2026-07-28 23:31:13.569","2026-07-28 23:31:13.569","786571726","[PREMIUM]","B9796X",2003,"FORD","Ford","MUST","Mustang","GT","COUPE","Used","Used 2003 Ford Mustang GT",18193,"[PREMIUM]",,,"[PREMIUM]",12295,13345,"Gray","GRAY",,,"8CLDR","8-Cylinder","2 wheel drive - rear",,,,"G","Gasoline","Gas",,,4.6,true,3,false,true,false,,false,,,"30",77280,"[PREMIUM]","[PREMIUM]","[PREMIUM]",1879,"[PREMIUM]",false,"PARTNER",2253,4.6,2054,0,"[""NO_SALVAGE_TITLE"",""NO_ACCIDENTS_REPORTED"",""NO_ONE_OWNER""]","{""exterior"":[""Alloy wheels"",""Bumpers: body-color"",""Front fog lights"",""Power door mirrors"",""Spoiler""],""interior"":[""Air Conditioning"",""Driver door bin"",""Driver vanity mirror"",""Front Bucket Seats"",""Front Center Armrest"",""Front reading lights"",""Leather steering wheel"",""Passenger door bin"",""Passenger vanity mirror"",""Power driver seat"",""Power windows"",""Rear window defroster"",""Split folding rear seat"",""Tachometer"",""Tilt steering wheel"",""Variably intermittent wipers"",""Voltmeter""],""mechanical"":[""4-Wheel Disc Brakes"",""Front wheel independent suspension"",""Power steering""],""other"":[""Clean Carfax"",""Front anti-roll bar"",""Illuminated entry"",""Imola Leather Seating Surfaces Sport Bucket Seats"",""Rear anti-roll bar""],""safety"":[""ABS brakes"",""Dual front impact airbags"",""Panic alarm"",""Traction control""],""technology"":[""AM/FM radio"",""Am-Fm Cd Player"",""CD player"",""Cruise Control/Speed Control"",""Keyless Entry"",""Remote keyless entry"",""Speed control""]}",41,"**2003 Ford Mustang GT Deluxe with features such as *Cruise control/Speed control*, *Remote keyless entry*, *AM/FM Stereo*, and much more listed below!**<br><br>Turn heads and enjoy true American muscle in this **2003 Ford Mustang GT Deluxe**. With its legendary V8 performance, unmistakable styling, and exciting driving dynamics, this Mustang is ready to deliver smiles every time you get behind the wheel.<br><br>Under the hood, you'll find a powerful **4.6L SOHC V8 engine** paired with a smooth **5-speed manual transmission**, providing the thrilling performance and unmistakable exhaust note that have made the Mustang GT an icon for generations.<br><br>Inside, the GT Deluxe features a comfortable cabin with **Premium cloth seating** and a driver-focused layout. Convenience features include **Power windows and locks**, **Cruise control/Speed control**, **Remote keyless entry**, and an **AM/FM/CD audio system** to keep you comfortable on every drive.<br><br>Safety features include **4-wheel ABS**, **Dual front airbags**, and a solid rear-wheel-drive chassis that delivers the engaging performance enthusiasts love. The exterior showcases the Mustang's timeless design with an aggressive front fascia, hood scoop, rear spoiler, dual exhaust outlets, and stylish **17 alloy wheels**.<br><br>Powerful, fun to drive, and a true American classic, this 2003 Ford Mustang GT Deluxe is ready for its next owner. Visit **Lavery Automotive** or call **  ** to schedule your test drive today!<br><br>Recent Arrival! If you are interested in shopping for a vehicle please send us an email, call or chat. We can use video and provide you all the information you need without coming into the dealership. Our Internet Sales team can help you gather information remotely. We can arrange for you to test drive the vehicle at your home (within proximity to our dealership) If you do decide to purchase we can DocuSign or deliver the vehicle to you or arrange an appointment to pick it up at the dealership. Check out on Google our 5 star reviews from real customers! Completely satisfied with their buying experience.<br><br>Though we try our best to remove vehicles when sold please confirm information and availability before making a purchase decision.<br><br>Dealership is not responsible for clerical, computer generated or data entry errors as it relates to vehicles, prices,equipment or incentives. Though we try our best to remove vehicles when sold please confirm information and availability before making a purchase decision.","[PREMIUM]",,"1096 W State Street","Alliance","OH","44601","[PREMIUM]"
"784855489","2026-07-28 23:31:13.565","2026-07-28 23:31:13.565","784855489","[PREMIUM]","D8622",2021,"FORD","Ford","FORDECOSPT","EcoSport","SE","SUV","Used","Used 2021 Ford EcoSport SE w/ SE Convenience Package",46561,"[PREMIUM]",,"Great","[PREMIUM]",15899,17899,"Smoke Metallic","GRAY","Ebony Black","BLACK","3CLDR","3-Cylinder Turbo","2 wheel drive - front","AUT","6-Speed Automatic","Automatic","G","Gasoline","Gas",27,29,1,false,24,true,false,true,,false,,,"30",71858415,"[PREMIUM]","[PREMIUM]","[PREMIUM]",2436,"[PREMIUM]",false,"PARTNER",451616,3.9,95,0,"[""NO_SALVAGE_TITLE"",""ACCIDENTS_REPORTED"",""ONE_OWNER""]","{""exterior"":[""Alloy wheels"",""Bumpers: body-color"",""Delay-off headlights"",""Front fog lights"",""Fully automatic headlights"",""Power door mirrors"",""Rear window wiper"",""SE Appearance Package"",""Turn signal indicator mirrors"",""Wheels: 16\"" Shadow Silver-Painted Aluminum""],""interior"":[""110V/150W AC Power Outlet"",""6-Way Power Driver's Seat"",""Air Conditioning"",""Driver door bin"",""Driver vanity mirror"",""Front Bucket Seats"",""Front Center Armrest"",""Front reading lights"",""Heated front seats"",""Leather Shift Knob"",""Leather-Wrapped Steering Wheel"",""Overhead console"",""Passenger door bin"",""Passenger vanity mirror"",""Power moonroof"",""Power windows"",""Rear seat center armrest"",""Rear window defroster"",""Split folding rear seat"",""Steering wheel mounted audio controls"",""Tachometer"",""Telescoping steering wheel"",""Tilt steering wheel"",""Trip computer"",""Unique Cloth Heated Front Bucket Seats"",""Variably intermittent wipers""],""mechanical"":[""3.44 Axle Ratio"",""4-Wheel Disc Brakes"",""Front wheel independent suspension"",""Power steering"",""Speed-sensing steering""],""other"":[""APPLE/ANDROID CARPLAY"",""Ambient Lighting"",""AppLink/Apple CarPlay and Android Auto"",""CARFAX ONE OWNER"",""Equipment Group 200A"",""Front License Plate Bracket"",""Front anti-roll bar"",""GREAT MILES"",""Illuminated entry"",""Orange Instrument Panel Appliques"",""Outside temperature display"",""Roof rack: rails only"",""SE Convenience Package"",""SiriusXM Traffic & Travel Link"",""Unique Cloth Heated Front Bucket Seats w/47A"",""Wheels: 17\"" Shadow Silver Aluminum""],""safety"":[""ABS brakes"",""BLIS Blind Spot Information System"",""Brake assist"",""Dual front impact airbags"",""Dual front side impact airbags"",""Electronic Stability Control"",""Emergency communication system: SYNC 3 911 Assist"",""Knee airbag"",""Low tire pressure warning"",""Occupant sensing airbag"",""Overhead airbag"",""Panic alarm"",""Rear side impact airbag"",""Traction control""],""technology"":[""6 Speakers"",""7 Speakers"",""AM/FM radio: SiriusXM"",""Automatic temperature control"",""BACK UP CAMERA"",""BLUETOOTH"",""Compass"",""Exterior Parking Camera Rear"",""Radio data system"",""Radio: AM/FM/MP3 Stereo"",""Rear Parking Sensors"",""Remote keyless entry"",""SYNC 3 Communications & Entertainment System"",""SYNC 3 Communications & Entertainment System w/47B"",""SiriusXM Radio"",""Speed control""]}",87,"2021 FORD ECOSPORT SE - COMPACT, CONNECTED, AND EASY TO OWN<br><br>Simplify your daily drive with this 2021 Ford EcoSport SE, finished in a sharp Smoke Metallic exterior over an Ebony Black interior. A turbocharged EcoBoost 1.0L I3 engine paired with a 6-speed automatic delivers a fun-to-drive feel with the fuel efficiency you want in a compact SUV.<br><br>Reasons to make this EcoSport yours:<br>- Turbocharged EcoBoost 1.0L I3 engine with 6-speed automatic for lively, efficient performance<br>- Apple/Android CarPlay and Bluetooth keep you connected on every drive<br>- Backup camera with rear parking sensors adds extra confidence in tight spaces<br>- Mileage that is below the market average for this model<br>- Compact SUV footprint that is easy to park and maneuver every day<br><br>This well-equipped EcoSport is priced to move. Call or stop by our dealership today to schedule your test drive before someone else drives it home!<br><br>All of our vehicles come standard with a professional inspection by certified technicians and most vehicles qualify for our LIFETIME WARRANTY! We also price our vehicles very aggressive to make sure we have fresh inventory for you. Our vehicles typically sell within 20-30 days upon stocked in so if you see something you like give us a call ASAP. Online price includes $459 (Doc Fee, Convenience Fee). Vehicles may have optional added equipment. See Dealer for details.","[PREMIUM]",35,"3724 VETERANS BLVD","Metairie","LA","70002","[PREMIUM]"
"786492626","2026-07-28 23:31:13.564","2026-07-28 23:31:13.564","786492626","[PREMIUM]","23EM0058P",2021,"CHEV","Chevrolet","MALI","Malibu","LT","SEDAN","Used","Used 2021 Chevrolet Malibu LT",72381,"[PREMIUM]",,"Good","[PREMIUM]",15450,17150,"Silver Ice Metallic","SILVER","Jet Black","BLACK","4CLDR","4-Cylinder Turbo","2 wheel drive - front","AUT","Continuously Variable Automatic","Automatic","G","Gasoline","Gas",29,36,1.5,false,4,false,true,false,,false,,,"30",71187877,"[PREMIUM]","[PREMIUM]","[PREMIUM]",1062,"[PREMIUM]",false,"PARTNER",451019,3.9,156,0,"[""NO_SALVAGE_TITLE"",""ACCIDENTS_REPORTED"",""NO_ONE_OWNER""]","{""exterior"":[""Aluminum Wheels"",""Automatic Headlights"",""Heated Mirrors"",""Power Mirror(s)"",""SILVER ICE METALLIC"",""TIRES  P225/55R17 ALL-SEASON  BLACKWALL"",""Tires - Front Performance"",""Tires - Rear Performance"",""WHEELS  17\"" (43.2 CM) ALUMINUM  (STD)""],""interior"":[""A/C"",""Adjustable Steering Wheel"",""Bucket Seats"",""Climate Control"",""Cloth Seats"",""Driver Adjustable Lumbar"",""Driver Illuminated Vanity Mirror"",""Driver Vanity Mirror"",""Floor Mats"",""Heated Front Seat(s)"",""JET BLACK  PREMIUM CLOTH SEAT TRIM"",""Multi-Zone A/C"",""Pass-Through Rear Seat"",""Passenger Illuminated Visor Mirror"",""Passenger Vanity Mirror"",""Power Door Locks"",""Power Driver Seat"",""Power Outlet"",""Power Windows"",""Rear Bench Seat"",""Rear Defrost"",""SEATS  FRONT BUCKET  (STD)"",""SUNROOF  POWER  TILT-SLIDING  with additional skylight fixed glass aft of the sliding glass and sunshade"",""Steering Wheel Audio Controls""],""mechanical"":[""4-Wheel Disc Brakes"",""ENGINE  1.5L TURBO DOHC 4-CYLINDER DI  with Variable Valve Timing (VVT) (160 hp 119.3 kW @ 5700 rpm  184 lb-ft torque 248.4 N-m @ 2500-3000 rpm) (STD)"",""Front Wheel Drive"",""TRANSMISSION  CONTINUOUSLY VARIABLE (CVT)  (STD)"",""Turbocharged""],""other"":[""AUDIO SYSTEM  CHEVROLET INFOTAINMENT 3 SYSTEM  8\"" DIAGONAL COLOR TOUCHSCREEN  AM/FM STEREO.  Additional features for compatible phones include: Bluetooth audio streaming for 2 active devices  voice command pass-through to phone  Apple CarPlay and Android"",""Driver Restriction Features"",""LICENSE PLATE BRACKET  FRONT"",""LT PREFERRED EQUIPMENT GROUP  includes standard equipment"",""Requires Subscription"",""Smart Device Integration""],""safety"":[""ABS"",""Brake Assist"",""Child Safety Locks"",""Daytime Running Lights"",""Driver Air Bag"",""Front Head Air Bag"",""Front Side Air Bag"",""Knee Air Bag"",""Passenger Air Bag"",""Passenger Air Bag Sensor"",""Rear Head Air Bag"",""Security System"",""Stability Control"",""Temporary Spare Tire"",""Tire Pressure Monitor"",""Traction Control""],""technology"":[""AM/FM Stereo"",""Auxiliary Audio Input"",""Back-Up Camera"",""Bluetooth Connection"",""Cruise Control"",""Keyless Entry"",""Keyless Start"",""MP3 Capability"",""Remote Engine Start"",""Satellite Radio"",""Telematics"",""WiFi Hotspot""]}",72,"At Walser, you ll get an exceptional car-buying experience. Our *streamlined process* means you ll work with one dedicated customer specialist to help you find the perfect vehicle. Upfront Pricing on every vehicle ensures you ll *get a great deal without any surprises or gimmicks*. Buy with confidence because you re backed by our *Worry-Free Return &amp; Exchange Policy*.<br><br>The benefits don t stop there. We want you to be happy long after you ve left our store, so we include a *complimentary WalserCare warranty* with most used vehicles. Every used vehicle also undergoes a *comprehensive 190-point inspection* and includes a *free CarFax History Report*. Simply put: there s no better place to get a used car.<br><br>The best car-buying experience starts right here at Walser.","[PREMIUM]",28,"4095 Hwy 61 N","White Bear Lake","MN","55110","[PREMIUM]"
"786372727","2026-07-28 23:31:13.562","2026-07-28 23:31:13.562","786372727","[PREMIUM]","TM7127208",2021,"KIA","Kia","SOUL","Soul","GT-Line","HATCH","Used","Used 2021 Kia Soul GT-Line",38279,"[PREMIUM]",,"Great","[PREMIUM]",16850,18750,"Cherry Black","BLACK","Black","BLACK","4CLDR","4-Cylinder","2 wheel drive - front","AUT","Continuously Variable Automatic","Automatic","G","Gasoline","Gas",28,33,2,false,5,false,true,false,,false,,,"30",74646493,"[PREMIUM]","[PREMIUM]","[PREMIUM]",3780,"[PREMIUM]",false,"PARTNER",448793,4.4,77,1,"[""NO_SALVAGE_TITLE"",""ACCIDENTS_REPORTED"",""ONE_OWNER""]","{""exterior"":[""Alloy wheels"",""Bumpers: body-color"",""Delay-off headlights"",""Front fog lights"",""Fully automatic headlights"",""Power door mirrors"",""Rear window wiper"",""Wheels: 18\"" x 7.5 Alloy""],""interior"":[""Air Conditioning"",""Carpeted Floor Mats"",""Driver door bin"",""Driver vanity mirror"",""Front Bucket Seats"",""Front Center Armrest"",""Front reading lights"",""Leather Shift Knob"",""Leather steering wheel"",""Overhead console"",""Passenger door bin"",""Passenger vanity mirror"",""Power moonroof"",""Power windows"",""Premium Cloth Seat Trim"",""Rear window defroster"",""Split folding rear seat"",""Sport steering wheel"",""Steering wheel mounted audio controls"",""Tachometer"",""Telescoping steering wheel"",""Tilt steering wheel"",""Trip computer"",""Variably intermittent wipers""],""mechanical"":[""4-Wheel Disc Brakes"",""Front wheel independent suspension"",""Power steering"",""Speed-sensing steering""],""other"":[""Apple CarPlay & Android Auto"",""Front anti-roll bar"",""Outside temperature display""],""safety"":[""ABS brakes"",""Brake assist"",""Dual front impact airbags"",""Dual front side impact airbags"",""Electronic Stability Control"",""Low tire pressure warning"",""Occupant sensing airbag"",""Overhead airbag"",""Traction control""],""technology"":[""6 Speakers"",""AM/FM radio"",""Exterior Parking Camera Rear"",""Radio: AM/FM/MP3 Audio System"",""Remote keyless entry"",""Speed control""]}",54,"This 2021 Kia Soul GT-Line delivers the practicality and style you need for everyday driving, combined with the reliability that helps you feel confident behind the wheel.<br><br>- 2.0L 4-cylinder engine with 147 horsepower<br>- Apple CarPlay &amp; Android Auto integration<br>- Power moonroof<br>- 18-inch alloy wheels<br>- Leather steering wheel and shift knob<br>- Sport steering wheel<br>- Front fog lights<br>- Exterior parking camera with rear view<br>- Premium cloth seat trim<br>- Remote keyless entry<br>- Fully automatic headlights<br>- Dual front impact airbags and dual front side impact airbags<br>- Electronic Stability Control and traction control<br>- Split folding rear seat<br>- Steering wheel mounted audio controls<br><br>This vehicle has been certified, meaning it has undergone a comprehensive inspection to verify its condition and performance. When you choose a certified vehicle, you gain the added assurance that it meets rigorous quality standards, giving you peace of mind as you drive.<br><br>With 28 city miles per gallon and 33 highway miles per gallon, this Soul balances everyday efficiency with the capability to handle longer road trips. The responsive steering and well-tuned suspension make it enjoyable to drive through city streets and on the highway alike. The spacious interior provides ample room for passengers and cargo, while the split folding rear seat offers flexibility for your varying needs.<br><br>The GT-Line trim elevates the Soul's appeal with distinctive styling and thoughtful touches that go beyond the basics. The black exterior presents a clean, sophisticated appearance, while the interior features quality cloth seating and modern conveniences. You'll appreciate the attention to detail, from the leather steering wheel to the overhead console that keeps essentials within reach.<br><br>Safety is woven into every aspect of this vehicle's design. Four-wheel disc brakes with ABS, speed-sensing steering, and brake assist work together to help you maintain control when it matters most. The comprehensive airbag system and structural design provide multiple layers of protection for you and your passengers.<br><br>This 2021 Kia Soul GT-Line represents practical value without compromise. It offers the features you want, the efficiency you need, and the dependability you deserve. We invite you to experience this capable vehicle firsthand and discover why it's the right choice for your next vehicle.<br><br>Spartanburg Honda proudly serves drivers throughout Spartanburg and the surrounding Upstate communities, including Greenville, Greer, Duncan, Boiling Springs, Gaffney, Simpsonville, Anderson, Easley, Rock Hill, and Union. We also proudly assist drivers from major surrounding counties including Spartanburg County, Greenville County, Cherokee County, Union County, Laurens County, Anderson County, York County, and Pickens County. From new Honda models to quality pre-owned vehicles, our team is here to provide a simple, transparent, and customer-focused experience every step of the way.<br><br>We also offer an exclusive Nationwide Lifetime Powertrain Warranty on select inventory. This warranty covers everything the manufacturer considers part of the powertrain and can be used with any ASE Certified Mechanic across the country and even in Canada. Ask your salesperson if your vehicle qualifies.","[PREMIUM]",33,"320 UPPER VALLEY FALLS ROAD","Spartanburg","SC","29303","[PREMIUM]"
"786398380","2026-07-28 23:30:03.317","2026-07-28 23:30:03.317","786398380","[PREMIUM]","C394523A",2003,"TOYOTA","Toyota","4RUN","4Runner","Limited","SUV","Used","Used 2003 Toyota 4Runner Limited",109678,"[PREMIUM]",,,"[PREMIUM]",6680,7730,"Dorado Gold Pearl","GOLD","Taupe","TAN","6CLDR","6-Cylinder","2 wheel drive - rear","AUT","4-Speed Automatic","Automatic","G","Gasoline","Gas",18,21,4,true,5,false,true,false,,false,,,"20",73026963,"[PREMIUM]","[PREMIUM]","[PREMIUM]",1133,"[PREMIUM]",false,"PARTNER",3202,4.8,992,0,"[""NO_SALVAGE_TITLE"",""NO_ACCIDENTS_REPORTED"",""NO_ONE_OWNER""]","{""exterior"":[""17\"" x  7.5\"" JJ Aluminum Wheels"",""Alloy wheels"",""Bumpers: body-color"",""Front fog lights"",""Fully automatic headlights"",""Heated door mirrors"",""Illuminated running boards"",""Power door mirrors"",""Rear Spoiler w/Center High Mounted Stop Light"",""Rear window wiper"",""Roof rack""],""interior"":[""Air Conditioning"",""Auto-dimming Rear-View mirror"",""Carpet Floor/Cargo Mat Set (5 Piece)"",""Driver door bin"",""Driver vanity mirror"",""Front Bucket Seats"",""Front Center Armrest"",""Front dual zone A/C"",""Front reading lights"",""Heated front seats"",""Leather Power Heated Seats"",""Leather Shift Knob"",""Leather steering wheel"",""Overhead console"",""Passenger door bin"",""Passenger vanity mirror"",""Power Tilt & Slide Sunroof"",""Power driver seat"",""Power passenger seat"",""Power windows"",""Rear Seat Audio"",""Rear seat center armrest"",""Rear window defroster"",""Split folding rear seat"",""Steering wheel mounted audio controls"",""Tachometer"",""Telescoping steering wheel"",""Tilt steering wheel"",""Trip computer"",""Variably intermittent wipers""],""mechanical"":[""3.91 Axle Ratio"",""4-Wheel Disc Brakes"",""Front wheel independent suspension"",""Power steering"",""Speed-sensing steering""],""other"":[""Factory Warranty Still Applies"",""Front anti-roll bar"",""Illuminated entry"",""Outside temperature display"",""Rear anti-roll bar"",""X-REAS Shock Absorber""],""safety"":[""ABS brakes"",""Brake assist"",""Driver & Passenger Curtain & Side Airbags"",""Dual front impact airbags"",""Electronic Stability Control"",""Panic alarm"",""Security system"",""Traction control""],""technology"":[""6 Speakers"",""AM/FM radio"",""Automatic temperature control"",""CD player"",""Cassette"",""Compass"",""Garage door transmitter: Homelink"",""Rear audio controls"",""Remote keyless entry"",""Speed control""]}",70,"This vehicle grew up in Sunny Southern California. A comprehensive inspection was conducted by our factory certified technicians. All necessary services have been done for the appropriate mileage interval. Buy with confidence as we are a large used car super store serving Los Angeles and Orange County. Please chat, email, text or call to verify any information in question and to schedule your product preview!<br><br>Recent Arrival! Odometer is 114077 miles below market average!<br>2003 Toyota 4Runner Limited","[PREMIUM]",9,"28332 CAMINO CAPISTRANO","Laguna Niguel","CA","92677","[PREMIUM]"
"786189267","2026-07-28 23:29:53.697","2026-07-28 23:29:53.697","786189267","[PREMIUM]","18814",2012,"FORD","Ford","MUST","Mustang","GT Premium","COUPE","Used","Used 2012 Ford Mustang GT Premium w/ Security Pkg",114354,"[PREMIUM]",,,"[PREMIUM]",13190,15040,"Silver","SILVER","Black","BLACK","8CLDR","8-Cylinder","2 wheel drive - rear","MAN","6-Speed Manual","Manual","G","Gasoline","Gas",17,26,5,true,7,false,false,false,,false,,,"30",75249979,"[PREMIUM]","[PREMIUM]","[PREMIUM]",315,"[PREMIUM]",false,"PARTNER",360959,4.7,1894,0,"[""NO_SALVAGE_TITLE"",""NO_ACCIDENTS_REPORTED"",""NO_ONE_OWNER""]","{""exterior"":[""Alloy Wheels"",""Fog Lights"",""Rear Spoiler""],""interior"":[""Air Conditioning"",""Leather"",""Power Door Locks"",""Power Seat"",""Power Windows"",""Remote Trunk Release"",""Tilt Wheel""],""mechanical"":[""Manual 6-Spd"",""Power Steering"",""RWD"",""V8 5.0 Liter""],""other"":[""Shaker Premium Sound""],""safety"":[""ABS (4-Wheel)"",""AdvanceTrac"",""Dual Air Bags"",""Side Air Bags"",""Traction Control""],""technology"":[""AM/FM Stereo"",""CD/MP3 (Single Disc)"",""Cruise Control"",""Keyless Entry"",""SYNC"",""Sirius Satellite""]}",26,"?? *$2,750 Suggested Down Payment With Approved Credit*<br>?? This is NOT the price of the vehicle message us for financing details or availability.<br><br>?? *2012 Ford Mustang GT Premium 5.0L V8 6-SPEED MANUAL SILVER/BLACK*<br>?? *114,354 miles*<br>?? *5.0L Coyote V8* 412 horsepower of legendary Mustang performance<br>?? *Rear-Wheel Drive (RWD)*<br>?? *GT Premium Package*<br>?? Silver exterior / Black interior<br><br>? 5.0L Coyote V8 engine<br>? 6-speed manual transmission<br>? Leather seating<br>? Power driver's seat<br>? Heated front seats<br>? Shaker premium audio system<br>? Bluetooth connectivity<br>? SYNC voice command system<br>? Steering wheel audio &amp; cruise controls<br>? Premium alloy wheels<br>? Fog lights<br>? Dual exhaust<br>? Rear spoiler<br>? Aggressive GT styling<br><br>Nothing beats the sound and performance of Ford's legendary *5.0L Coyote V8.* This Mustang GT Premium pairs that iconic V8 with a *6-speed manual transmission* for the ultimate driving experience. With premium interior features, aggressive styling, and classic rear-wheel-drive performance, this Mustang is built for enthusiasts who enjoy being behind the wheel.<br><br>----------------------------------------<br><br>?? *Why Buy From Mathis Motors*<br>20-minute paperwork process<br>99% approval rate<br>Financing for *ALL credit types*<br>Build credit while you pay (*not BHPH*)<br>Top-dollar trade-ins<br>Live market pricing<br>5-star customer experience<br><br>?? *Mathis Motors*<br>564 St. Peters Howell Road St. Charles, MO<br>??<br><br>----------------------------------------<br><br>?? Trade in anything with value cars, trucks, motorcycles, tools &amp; more<br>?? Delivery available<br>?? Vehicle history available upon request","[PREMIUM]",13,"564 SAINT PETERS HOWELL RD","Saint Charles","MO","63304","[PREMIUM]"
"786364403","2026-07-28 23:29:53.112","2026-07-28 23:29:53.112","786364403","[PREMIUM]","U240A",2003,"FORD","Ford","TBIRD","Thunderbird",,"CONVERT","Used","Used 2003 Ford Thunderbird",54794,"[PREMIUM]",,,"[PREMIUM]",0,0,,,,,"8CLDR","8-Cylinder","2 wheel drive - rear","AUT","5-Speed Automatic","Automatic","G","Gasoline","Gas",,,3.9,true,5,false,true,false,,false,,,"20",73793,"[PREMIUM]","[PREMIUM]","[PREMIUM]",12,"[PREMIUM]",false,"PARTNER",2272,4.8,281,0,"[""NO_SALVAGE_TITLE"",""NO_FRAME_DAMAGE"",""NO_FLOOD_WATER_DAMAGE"",""NO_ACCIDENTS_REPORTED"",""NO_ONE_OWNER"",""FREE_REPORT""]","{""exterior"":[""Alloy wheels"",""Bodyside moldings"",""Bumpers: body-color"",""Delay-off headlights"",""Fully automatic headlights"",""Power door mirrors""],""interior"":[""Air Conditioning"",""Driver door bin"",""Driver vanity mirror"",""Front Bucket Seats"",""Front Center Armrest"",""Front dual zone A/C"",""Front reading lights"",""Leather Shift Knob"",""Leather steering wheel"",""Passenger door bin"",""Passenger vanity mirror"",""Power driver seat"",""Power passenger seat"",""Power windows"",""Rear window defroster"",""Steering wheel mounted audio controls"",""Tachometer"",""Telescoping steering wheel"",""Tilt steering wheel"",""Variably intermittent wipers""],""mechanical"":[""4-Wheel Disc Brakes"",""Four wheel independent suspension"",""Power steering"",""Speed-sensing steering""],""other"":[""Auto tilt-away steering wheel"",""Clean AutoCheck"",""Convertible roof lining"",""Front anti-roll bar"",""Glass rear window"",""Illuminated entry"",""Outside temperature display"",""Power convertible roof"",""Rear anti-roll bar""],""safety"":[""ABS brakes"",""Dual front impact airbags"",""Dual front side impact airbags"",""Panic alarm"",""Passenger cancellable airbag"",""Security system"",""Traction control""],""technology"":[""8 Speakers"",""AM/FM radio"",""Audiophile ETR AM/FM Stereo w/In-Dash 6-CD"",""Automatic temperature control"",""CD player"",""Premium audio system: Audiophile"",""Radio data system"",""Remote keyless entry"",""Speed control""]}",55,"Recent Arrival! Clean AutoCheck, 4-Wheel Disc Brakes, 8 Speakers, Alloy wheels, Audiophile ETR AM/FM Stereo w/In-Dash 6-CD, Dual front impact airbags, Dual front side impact airbags, Power convertible roof.<br><br>At Burritt Motors we have auction-to-you pricing on all our inventory. Please confirm availability because all our vehicles are selling quickly. Odometer is 3593 miles below market average!<br><br><br>See the rest of our inventory at: BURRITTMOTORS.COM.","[PREMIUM]",,"340 State Route 104 East","Oswego","NY","13126","[PREMIUM]"
"785334267","2026-07-28 23:29:52.968","2026-07-28 23:29:52.968","785334267","[PREMIUM]","27586CK",2022,"KIA","Kia","SPORTA","Sportage","LX","SUV","Certified","Certified 2022 Kia Sportage LX w/ LX FWD Value Edition Package",35038,"[PREMIUM]",,"Great","[PREMIUM]",19320,21170,"Black Cherry Pearl","BLACK","Black","BLACK","4CLDR","4-Cylinder","2 wheel drive - front","AUT","6-Speed Automatic","Automatic","G","Gasoline","Gas",23,30,2.4,false,17,true,false,false,,false,,,"30",54071115,"[PREMIUM]","[PREMIUM]","[PREMIUM]",2409,"[PREMIUM]",false,"PARTNER",453235,4.4,137,0,"[""NO_SALVAGE_TITLE"",""NO_FRAME_DAMAGE"",""NO_FLOOD_WATER_DAMAGE"",""ACCIDENTS_REPORTED"",""NO_ONE_OWNER"",""FREE_REPORT""]","{""exterior"":[""17\"" Alloy Wheels"",""ALLOY WHEELS"",""Alloy wheels"",""Auto High-beam Headlights"",""Bumpers: body-color"",""Delay-off headlights"",""Fully automatic headlights"",""Heated Outside Mirrors"",""Power door mirrors"",""Rear window wiper"",""Spoiler"",""Windshield Wiper De-Icer""],""interior"":[""10-Way Power Adjustable Driver Seat"",""Air Conditioning"",""Carpeted Floor Mats"",""Cloth Seat Trim"",""DUAL CLIMATE CONTROL"",""Driver door bin"",""Driver vanity mirror"",""Dual Zone Automatic Climate Control"",""Front Bucket Seats"",""Front Center Armrest"",""Front reading lights"",""HEATED SEATS"",""Heated Front Seats"",""Illuminated Sunvisor Mirror"",""Overhead console"",""PUSH BUTTON START"",""Passenger door bin"",""Passenger vanity mirror"",""Power windows"",""Rear seat center armrest"",""Rear window defroster"",""Split folding rear seat"",""Steering wheel mounted audio controls"",""Tachometer"",""Telescoping steering wheel"",""Tilt steering wheel"",""Trip computer"",""Variably intermittent wipers"",""YES Essentials Cloth Seat Trim""],""mechanical"":[""4-Wheel Disc Brakes"",""Axle Ratio: 3.064"",""Four wheel independent suspension"",""Power steering"",""Speed-sensing steering""],""other"":[""6-Way Manual Adjustable Driver's Seat"",""APPLE CARPLAY & ANDROID AUTO"",""Apple CarPlay & Android Auto"",""BEST WARRANTY"",""BOUGHT"",""CERTIFIED"",""Front anti-roll bar"",""Fully Detailed"",""Fully Inspected"",""INCLUDES WARRANTY"",""Illuminated entry"",""KIA CERTIFIED"",""LX FWD Value Edition Package"",""Outside temperature display"",""Power Folding Outside Mirrors w/LED Turn Signals"",""RECENT TRADE IN"",""REMAINDER OF FACTORY WARRANTY"",""Rear anti-roll bar"",""Recent Oil Change"",""SERVICE RECORDS AVAILABLE"",""SERVICED AND TRADED AT SPITZER KIA"",""Smart Key w/Push Button Start"",""Smart Welcome"",""Solar Glass"",""Wheels: 18\"" Dark Gray Alloy""],""safety"":[""ABS brakes"",""BLIND SPOT DETECTION"",""Blind Spot Collision Warning"",""Brake assist"",""Dual front impact airbags"",""Dual front side impact airbags"",""Electronic Stability Control"",""FORWARD COLLISION WARNING"",""LANE DEPARTURE WARNING"",""Low tire pressure warning"",""Occupant sensing airbag"",""Overhead airbag"",""Panic alarm"",""Rear Cross-Traffic Collision Warning"",""Security system"",""Traction control""],""technology"":[""6 Speakers"",""AM/FM radio"",""BACKUP CAMERA"",""Exterior Parking Camera Rear"",""Radio: AM/FM Audio System"",""Remote keyless entry"",""Speed control""]}",94,"Certified.<br><br><br>ALLOY WHEELS, BACKUP CAMERA, HEATED SEATS, FORWARD COLLISION WARNING, LANE DEPARTURE WARNING, BLIND SPOT DETECTION, BEST WARRANTY, CERTIFIED, Fully Detailed, Fully Inspected, Recent Oil Change, BOUGHT, SERVICED AND TRADED AT SPITZER KIA, RECENT TRADE IN, SERVICE RECORDS AVAILABLE, KIA CERTIFIED, REMAINDER OF FACTORY WARRANTY, INCLUDES WARRANTY, DUAL CLIMATE CONTROL, PUSH BUTTON START, APPLE CARPLAY &amp; ANDROID AUTO, 10-Way Power Adjustable Driver Seat, Blind Spot Collision Warning, Dual Zone Automatic Climate Control, Heated Front Seats, Heated Outside Mirrors, Illuminated Sunvisor Mirror, LX FWD Value Edition Package, Power Folding Outside Mirrors w/LED Turn Signals, Rear Cross-Traffic Collision Warning, Smart Key w/Push Button Start, Smart Welcome, Solar Glass, Wheels: 18 Dark Gray Alloy, Windshield Wiper De-Icer, YES Essentials Cloth Seat Trim.<br><br><br>Welcome to Spitzer Kia Cleveland! Here at Spitzer, we try to make the purchase process as easy and hassle free as possible. We encourage you to experience this for yourself when you come to look at this outstanding-looking 2022 Kia Sportage. Black Cherry Pearl 2022 Kia Sportage LX FWD Automatic 2.4L I4 DGI DOHC 16V<br><br>Recent Arrival! Odometer is 36507 miles below market average! 23/30 City/Highway MPG<br>Kia Certified Pre-Owned Details:<br><br>* Transferable Warranty<br>* Roadside Assistance<br>* Vehicle History<br>* Powertrain Limited Warranty: 120 Month/100,000 Mile (whichever comes first) from original in-service date<br>* Warranty Deductible: $50<br>* 165 Point Inspection<br>* Includes Rental Car and Trip Interruption Reimbursement. 3 month Sirius trial subscription<br>* Limited Warranty: 12 Month/12,000 Mile (whichever comes first) Platinum Coverage from certified purchase date","[PREMIUM]",26,"3414 Brookpark Road","Cleveland","OH","44134","[PREMIUM]"
"786540604","2026-07-28 23:29:52.942","2026-07-28 23:29:52.942","786540604","[PREMIUM]","N2792A",2003,"CHEV","Chevrolet","CHEVC25","Silverado 2500","W/T","TRUCKS","Used","Used 2003 Chevrolet Silverado 2500 W/T",119046,"[PREMIUM]",,,"[PREMIUM]",7260,8560,"Light Pewter Metallic","SILVER","Dark Charcoal","BLACK","8CLDR","8-Cylinder","4 wheel drive","AUT","4-Speed Automatic","Automatic","G","Gasoline","Gas",,,6,false,3,false,true,false,,false,,,"30",69867,"[PREMIUM]","[PREMIUM]","[PREMIUM]",3016,"[PREMIUM]",false,"PARTNER",349279,4.7,1331,0,"[""NO_SALVAGE_TITLE"",""NO_ACCIDENTS_REPORTED"",""NO_ONE_OWNER""]","{""exterior"":[""16\"" x 6.5\"" Painted Steel Wheels"",""Bumpers: chrome"",""Fully automatic headlights"",""Rear step bumper""],""interior"":[""Air Conditioning"",""Cloth Seat Trim"",""Driver door bin"",""Front 40/20/40 Split-Bench Seat"",""Front dual zone A/C"",""Passenger door bin"",""Passenger vanity mirror"",""Tachometer"",""Tilt steering wheel"",""Variably intermittent wipers"",""Voltmeter""],""mechanical"":[""4-Wheel Disc Brakes"",""4.10 Rear Axle Ratio"",""Front wheel independent suspension"",""Power steering""],""other"":[""**2 SETS OF KEYS**"",""**CLEAN CARFAX/NO ACCIDENTS REPORTED**"",""Front anti-roll bar"",""Heavy-Duty Handling/Trailering Suspension Package"",""Heavy-Duty Rear Locking Differential"",""Heavy-Duty Trailering Equipment"",""Preferred Equipment Group 1SW""],""safety"":[""ABS brakes"",""Dual front impact airbags"",""Passenger cancellable airbag""],""technology"":[""4 Speakers"",""AM/FM radio""]}",31,"Recent Arrival!<br>Clean CARFAX.<br><br>Light Pewter Metallic 2003 Chevrolet Silverado 2500HD 2D Standard Cab Work Truck 4WD 4-Speed Automatic HD with Overdrive Vortec 6.0L V8 SFI<br><br><br>**CLEAN CARFAX/NO ACCIDENTS REPORTED**, **2 SETS OF KEYS**, Silverado 2500HD Work Truck, 2D Standard Cab, Vortec 6.0L V8 SFI, 4-Speed Automatic HD with Overdrive, 4WD, Light Pewter Metallic, Dark Charcoal Cloth, 16&quot; x 6.5&quot; Painted Steel Wheels, 4 Speakers, 4-Wheel Disc Brakes, 4.10 Rear Axle Ratio, ABS brakes, Air Conditioning, AM/FM radio, Bumpers: chrome, Cloth Seat Trim, Driver door bin, Dual front impact airbags, Front 40/20/40 Split-Bench Seat, Front anti-roll bar, Front dual zone A/C, Front wheel independent suspension, Fully automatic headlights, Heavy-Duty Handling/Trailering Suspension Package, Heavy-Duty Rear Locking Differential, Heavy-Duty Trailering Equipment, Passenger cancellable airbag, Passenger door bin, Passenger vanity mirror, Power steering, Preferred Equipment Group 1SW, Rear step bumper, Tachometer, Tilt steering wheel, Variably intermittent wipers, Voltmeter, Silverado 2500HD Work Truck, 2D Standard Cab, Vortec 6.0L V8 SFI, 4-Speed Automatic HD with Overdrive, 4WD, Light Pewter Metallic, Dark Charcoal Cloth.<br><br>**AS-IS**, **PRE-AUCTION**, **WHOLESALE TO THE PUBLIC**<br><br> Ask us for the full details. West Chevrolet is located on Alcoa Highway near the Knoxville Airport.","[PREMIUM]",19,"3450 Airport Highway","Alcoa","TN","37701","[PREMIUM]"
"786561353","2026-07-28 23:29:52.929","2026-07-28 23:29:52.929","786561353","[PREMIUM]","5GRGN23U13H100963",2003,"AMGEN","HUMMER","H2","H2",,"SUV","Used","Used 2003 HUMMER H2 w/ Preferred Equipment Group",81309,"[PREMIUM]",,,"[PREMIUM]",0,0,"White","WHITE","Wheat","UNAVAIL","8CLDR","8-Cylinder","4 wheel drive","AUT","4-Speed Automatic","Automatic","G","Gasoline","Gas",,,6,false,3,false,true,false,,false,,,"20",71994051,"[PREMIUM]","[PREMIUM]","[PREMIUM]",62,"[PREMIUM]",false,"FEATURED PLUS",2524,4.6,327,0,"[""NO_SALVAGE_TITLE"",""ACCIDENTS_REPORTED"",""NO_ONE_OWNER""]","{""exterior"":[""Towing and Hauling : Trailer hitch"",""Windows : Rear wiper""],""interior"":[""Air Conditioning : Front air conditioning"",""Air Conditioning : Front air conditioning : automatic climate control"",""Instrumentation : Clock"",""Instrumentation : Gauge : tachometer"",""Seats : Driver seat power adjustments : height"",""Seats : Front headrests : 2"",""Seats : Front headrests : adjustable"",""Seats : Front seat type : bucket"",""Seats : Passenger seat power adjustments : 4-way power lumbar"",""Seats : Passenger seat power adjustments : height"",""Security : Power door locks"",""Windows : Power windows""],""mechanical"":[""Brakes : Power brakes"",""Suspension : Front shock type : monotube""],""other"":[""Air Conditioning : Front air conditioning zones : dual"",""Audio System : Premium brand"",""Audio System : Premium brand : Bose"",""Audio System : Rear audio : volume control"",""Brakes : ABS : 4-wheel"",""Comfort Features : Shift knob trim : alloy"",""Comfort Features : Shift knob trim : leather"",""Comfort Features : Steering wheel trim : leather"",""Convenience Features : Center console"",""Convenience Features : Cruise control"",""Convenience Features : Memorized settings : driver seat"",""Convenience Features : Multi-function remote : keyless entry"",""Convenience Features : Overhead console : front"",""Convenience Features : Power steering"",""Convenience Features : Rearview mirror : auto-dimming"",""Convenience Features : Steering wheel : tilt"",""Convenience Features : Steering wheel mounted controls : audio"",""Convenience Features : Universal remote transmitter : garage door opener"",""Exterior Features : Skid plate(s)"",""Instrumentation : Trip odometer"",""Lights : Exterior entry lights : approach lamps"",""Lights : Headlights : auto on/off"",""Mirrors : Side mirror adjustments : power"",""Mirrors : Side mirror adjustments : power folding"",""Mirrors : Side mirrors : auto-dimming"",""Mirrors : Side mirrors : heated"",""Powertrain : 4WD selector : electronic hi-lo"",""Powertrain : Locking differential : center"",""Powertrain : Locking differential : rear"",""Roof : Roof rack crossbars : black"",""Seats : Driver seat power adjustments : 4-way power lumbar"",""Seats : Driver seat power adjustments : 8"",""Seats : Passenger seat power adjustments : 8"",""Seats : Rear seat type : split-bench"",""Suspension : Front spring type : torsion bars"",""Suspension : Front suspension classification : independent"",""Suspension : Front suspension type : double wishbone"",""Suspension : Rear shock type : monotube"",""Suspension : Rear spring type : coil"",""Suspension : Rear suspension classification : solid live axle"",""Suspension : Rear suspension type : multi-link"",""Wheels and Tires : Wheels : aluminum alloy"",""Windows : Front wipers : intermittent"",""Windows : Rear privacy glass"",""Windows : Window defogger : rear""],""safety"":[""Airbags : Front airbags : dual"",""Lights : Daytime running lights"",""Security : Anti-theft system : alarm"",""Stability and Traction : Traction control""],""technology"":[""Audio System : Radio : AM/FM"",""Telematics : Satellite communications : OnStar""]}",67,"2003 HUMMER H2HARD TO FIND WHITE/TAN H2!CLEAN CARFAX!BLACK FUEL WHEELS! TERRAIN TIRES!SERVICED AND MAINTAINED!ONLY 81K ORIGINAL MILES!LOOK NO FURTHER! IF YOU HAVE BEEN IN THE MARKET FOR A WHITE H2 AND CAN'T FIND IT! THIS IS THE ONE!SERIOUS INQUIRES ONLY! CASH BUYERS! PLUS TAX TITLE AND DOC FEE!CALL DIRECTLY","[PREMIUM]",24,"Call For Appointment","Naperville","IL","60563","[PREMIUM]"
"786513087","2026-07-28 23:29:52.926","2026-07-28 23:29:52.926","786513087","[PREMIUM]","660879",2003,"POR","Porsche","BOXSTE","Boxster","S","CONVERT","Used","Used 2003 Porsche Boxster S",51183,"[PREMIUM]",,,"[PREMIUM]",16602,18952,"Blue","BLUE","Gray","GRAY","6CLDR","6-Cylinder","2 wheel drive - rear",,,,"G","Gasoline","Gas",,,3.2,true,4,false,true,false,,false,,,"20",75588783,"[PREMIUM]","[PREMIUM]","[PREMIUM]",0,"[PREMIUM]",false,"PARTNER",3050,4.7,246,1,"[""NO_SALVAGE_TITLE"",""ACCIDENTS_REPORTED"",""NO_ONE_OWNER""]","{""exterior"":[""Alloy Wheels"",""Rear Spoiler""],""interior"":[""Air Conditioning"",""Dual Power Seats"",""Leather"",""Power Door Locks"",""Power Windows""],""mechanical"":[""6-Cyl 3.2 Liter"",""Manual 6-Spd"",""Power Steering"",""RWD""],""other"":[""Telescoping Wheel""],""safety"":[""ABS (4-Wheel)"",""Dual Air Bags"",""Side Air Bags""],""technology"":[""AM/FM Stereo"",""CD/MP3 (Single Disc)"",""Cassette""]}",18,"*NEW ARRIVAL!*<br><br>*This car just arrived and has entered our reconditioning process. Photography will be completed once that stage is complete. If interested, do not hesitate to reach out now! These are are becoming increasingly hard to find and often sell before we are even finished with reconditioning! Do miss your chance, call us!*<br><br>====== 2003 Porsche Boxster S 6-Speed Manual | IMS Bearing Replaced | Only 51,200 Miles ======<br><br>Enthusiast-owned and finished in stunning Midnight Blue Metallic over a Graphite Grey leather interior, this 2003 Porsche Boxster S is an exceptionally well-preserved example of Porsche's legendary mid-engine roadster. With just *51,200 original miles* and a desirable *6-speed manual transmission*, this Boxster S delivers the balanced handling, precise steering, and exhilarating performance that have made the 986 a modern classic.<br><br>One of the biggest concerns for prospective Boxster buyers is the Intermediate Shaft (IMS) bearing. This example stands apart because the *CarFax documents the IMS bearing replacement at 42,678 miles*, providing valuable peace of mind for the next owner. In addition, as part of the reconditioning process, we installed BRAND NEW Bridgestone tires.<br><br>==== Factory Equipment Includes: ====<br><br>3.2L Flat-Six Engine<br>6-Speed Manual Transmission<br>Midnight Blue Metallic Exterior<br>Metropol Blue Power Convertible Top<br>Graphite Grey Standard Leather Interior<br>Heated Front Seats<br>18-Inch Carrera Light Alloy Wheels<br>Bose Digital Sound System<br>Wind Deflector<br>Xenon Headlamp Package<br>Cruise Control<br><br>The Boxster S offers a driving experience that remains special more than two decades after it was built. Its naturally aspirated flat-six engine, perfectly balanced mid-engine chassis, and crisp manual gearbox make every drive engaging, whether you're carving through back roads or enjoying a relaxed weekend cruise.<br><br>The paint presents beautifully, the interior shows very well for its age, as the car has exceptionally low mileage. The convertible top is finished in the factory Metropol Blue, complementing the Midnight Blue Metallic exterior for a timeless Porsche color combination.<br><br>At RMC Auto Sales, we specialize in enthusiast vehicles that are carefully selected and thoroughly inspected before being offered for sale. We believe in honest descriptions, transparent history, and providing exceptional value. TRADES WELCOMED!<br><br>Finding a manual-transmission Boxster S with documented IMS bearing replacement, tasteful factory options, and only 51,200 miles is becoming increasingly difficult. If you've been searching for a clean, unmodified Porsche roadster that is ready to be enjoyed, this is an outstanding opportunity.<br><br>We welcome independent pre-purchase inspections and are happy to answer any questions. Contact RMC Auto Sales today to schedule a showing or test drive.","[PREMIUM]",7,"4980 SW 52ND ST","Davie","FL","33314","[PREMIUM]"
"786545297","2026-07-28 23:29:52.923","2026-07-28 23:29:52.923","786545297","[PREMIUM]","14352",2003,"AMGEN","HUMMER","H2","H2",,"SUV","Used","Used 2003 HUMMER H2 w/ Preferred Equipment Group",148000,"[PREMIUM]",,,"[PREMIUM]",0,0,"Competition Yellow","YELLOW","Opal Gray Leather",,"8CLDR","8-Cylinder","4 wheel drive","AUT","4-Speed Automatic","Automatic","G","Gasoline","Gas",,,6,true,3,false,true,false,,false,,,"10",617393,"[PREMIUM]","[PREMIUM]","[PREMIUM]",461,"[PREMIUM]",false,"PARTNER",2524,4.6,327,0,"[""NO_SALVAGE_TITLE"",""NO_ACCIDENTS_REPORTED"",""NO_ONE_OWNER""]","{""exterior"":[""Headlights - Auto On/Off"",""Rear Wiper"",""Side Mirror Adjustments - Power Folding"",""Side Mirrors - Heated"",""Trailer Hitch"",""Wheels - Aluminum Alloy""],""interior"":[""Center Console"",""Clock"",""Driver Seat Power Adjustments - 4-Way Power Lumbar"",""Driver Seat Power Adjustments - 8"",""Driver Seat Power Adjustments - Height"",""Front Air Conditioning"",""Front Air Conditioning - Automatic Climate Control"",""Front Air Conditioning Zones - Dual"",""Front Headrests - 2"",""Front Headrests - Adjustable"",""Front Seat Type - Bucket"",""Gauge - Tachometer"",""Memorized Settings - Driver Seat"",""Overhead Console - Front"",""Passenger Seat Power Adjustments - 4-Way Power Lumbar"",""Passenger Seat Power Adjustments - 8"",""Passenger Seat Power Adjustments - Height"",""Power Door Locks"",""Power Windows"",""Rear Privacy Glass"",""Rear Seat Type - Split-Bench"",""Shift Knob Trim - Alloy"",""Shift Knob Trim - Leather"",""Steering Wheel - Tilt"",""Steering Wheel Mounted Controls - Audio"",""Steering Wheel Trim - Leather"",""Universal Remote Transmitter - Garage Door Opener"",""Window Defogger - Rear""],""mechanical"":[""4wd Selector - Electronic Hi-Lo"",""Axle Ratio - 4.10"",""Front Shock Type - Monotube"",""Front Suspension Classification - Independent"",""Front Suspension Type - Double Wishbone"",""Power Brakes"",""Power Steering"",""Power Steering - Hydraulic"",""Rear Shock Type - Monotube"",""Rear Suspension Classification - Solid Live Axle"",""Rear Suspension Type - Multi-Link"",""Self Leveling Suspension""],""other"":[""Exterior Entry Lights - Approach Lamps"",""Front Spring Type - Torsion Bars"",""Front Wipers - Intermittent"",""Locking Differential - Center"",""Locking Differential - Rear"",""Multi-Function Remote - Keyless Entry"",""Option List:Skid Plate(S)"",""Premium Brand"",""Rear Audio - Volume Control"",""Rearview Mirror - Auto-Dimming"",""Roof Rack Crossbars - Black"",""Side Mirror Adjustments - Power"",""Side Mirrors - Auto-Dimming"",""Trip Odometer"",""Wheel Diameter - 17 Inch""],""safety"":[""Abs - 4-Wheel"",""Anti-Theft System - Alarm"",""Daytime Running Lights"",""Front Airbags - Dual"",""Traction Control""],""technology"":[""Cruise Control"",""Premium Brand - Bose"",""Radio - Am/Fm"",""Satellite Communications - Onstar""]}",70,"JUST TRADED!!!, *H2 , *SUV, *PUSH BUTTON AWD, *PREMIUM CHROME DENALI WHEELS, *HEATED FRONT AND REAR SEATS, *PREMIUM LEATHER SEATS, *CHROME GRILLE, *CHROME FENDER VENTS, *CHROME HOOD VENTS, *H I D HEAD LIGHTS W L E D, *FOG LIGHTS, *KEYLESS ENTRY, *L E D ROOF LIGHT BARS, *NEW AGGRESSIVE TIRES, *DUAL POWER SEATS W/LUMBAR, *6 DISC INDASH CD, *REAR FOLDING SEATS, *ONSTAR, *MEMORY SEAT, *STEERING WHEEL AUDIO CONTROLS, *DIGITAL DUAL ZONE CLIMATE CONTROLS, *HOME LINK, *SUPER CLEAN IN AND OUT !!!, *CALIFORNIA TRUCK !!!, *NO RUST !!!, *TRADES CONSIDERED , *CALL US AT","[PREMIUM]",5,"5574 East Avon Road","Avon","NY","14414","[PREMIUM]"
"777554124","2026-07-28 23:27:32.781","2026-07-28 23:27:32.781","777554124","[PREMIUM]","D47941",2008,"PONT","Pontiac","SOLSTICE","Solstice","Convertible","CONVERT","Used","Used 2008 Pontiac Solstice Convertible w/ Premium Package",13646,"[PREMIUM]",,,"[PREMIUM]",8315,9115,"Envious (emerald Green Metalli",,"Ebony","BLACK","4CLDR","4-Cylinder","2 wheel drive - rear","MAN","5-Speed Manual","Manual","G","Gasoline","Gas",19,25,2.4,true,105,false,false,false,,false,,,"30",72763243,"[PREMIUM]","[PREMIUM]","[PREMIUM]",610,"[PREMIUM]",false,"PARTNER",197651,4.6,289,0,"[""NO_SALVAGE_TITLE"",""NO_ACCIDENTS_REPORTED"",""NO_ONE_OWNER""]","{""exterior"":[""Headlamps halogen composite with automatic exterior lamp control and flash-to-pass feature"",""Mirrors outside manual body-color with foldaway feature"",""Tires P245/45R18 all-season blackwall""],""interior"":[""Cup holders 1 on passenger-side of front center console and 2 in rear center console"",""Glass Solar-Ray light-tinted"",""Instrumentation analog backlit and chrome bezels with speedometer fuel level and tachometer"",""Lighting trunk illumination"",""Parking brake center console-mounted"",""Power outlet instrument panel-mounted auxiliary with cover 12-volt"",""Seat adjuster driver 2-way power height adjustment"",""Steering column rake-adjustable"",""Steering wheel 3-spoke urethane"",""Trunk release power remote located in glovebox"",""Visors driver and front passenger includes vanity mirror on driver-side""],""mechanical"":[""Drivetrain rear-wheel drive"",""Engine ECOTEC 2.4L Variable Valve Timing DOHC 4-cylinder SFI aluminum (173 hp 129.0 kW @ 5800 rpm 167 lb-ft of torque 225.5 N-m @ 4500 rpm)"",""Rear axle 3.91 ratio"",""Steering power rack-and-pinion"",""Suspension Sport 4-wheel independent includes front and rear stabilizer bars and Bilstein monotube shock absorbers""],""other"":[""Air bags frontal driver and right-front passenger with Passenger Sensing System (Always use safety belts and the correct child restraints for your childs age and size. Even in vehicles equipped with air bags and the Passenger Sensing System children are s"",""Battery maintenance-free with rundown protection"",""Decklid reverse hinged with glovebox remote release"",""Door locks manual"",""Driver Information Center that monitors numerous systems depending on vehicle equipment includes steering-wheel accessory controls"",""Exhaust outlet single high-polished stainless-steel"",""Exhaust stainless-steel"",""Headliner premium acoustic"",""Hood front hinged with struts"",""Mirror inside rearview with dual reading lights"",""Tire repair kit includes inflator and tire sealant"",""Windows manual"",""Wipers front intermittent wet-arm variable""],""safety"":[""Daytime running lamps"",""Safety belts 3-point driver and right-front passenger pillar-mounted inboard to seat pretensioners dual-mode retractors"",""Tire pressure monitoring system""],""technology"":[""Antenna fixed-mast AM/FM"",""Audio system feature 6-speaker system"",""Theft-deterrent system vehicle PASS-Key III+""]}",38,"Why BUY from Craig and Landreth Cars? When you choose this Envious (Emerald Green Metallic) 2008 Pontiac Solstice 2DR CONV with 13,646 miles, you are not just buying a used vehicle - you are investing in quality, reliability and peace of mind. Our clientele depend on us for Transparent Pricing $14,800, Convenience and, most importantly, Customer FIRST Service! No Accidents! What this vehicle includes: Convenience Package ($395 value)Electronic Cruise Control with Set and Resume SpeedFront Halogen Fog LampsPremium Package ($690 value)Leather Seating Surfaces3-Spoke Leather-Wrapped Steering WheelSteering Wheel Accessory ControlsLeather Wrapped Shift KnobPreferred Package ($625 value)Power WindowsRemote Keyless EntryPower Door LocksBody-Color Power Outside Mirrors Comfort Leather seat upholstery - superior sitting. There s more class in the cabin with leather seat upholstery. The leather material is luxurious to the touch, offers a distinctive look, and is easy to clean. Put a little luxury behind you with leather seat upholstery. Manual reclining driver seat - Lean back. Gain some space between you and the wheel with manual reclining driver seat. It lets you adjust the angle of the seatback for added comfort while you re driving, or for a more comfortable rest while you re pulled over. Settle in, with manual reclining driver seat.Convenience Cruise control with steering wheel mounted controls. Set it and forget it. Road trips used to be stressful, until cruise control set the pace. Simply set the desired speed using the steering wheel mounted controls and it will maintain that speed without driver intervention. This can help minimize driver fatigue and improve overall fuel economy. Resting your right foot is right at your fingertips thanks to cruise control with steering wheel mounted controls.Exterior and Appearance Manual convertible roofTechnology and Telematics Selective Internet access - a more focused delivery. Selective internet access allows you to tailor the features for your feed, such as sports scores, local news, or current weather. When it comes to getting what you want, selective internet access is a net gain. EMISSIONS, FEDERAL REQUIREMENTS, ENGINE, ECOTEC 2.4L VARIABLE VALVE TIMING DOHC 4-CYLINDER SFI, ALUMINUM, TRANSMISSION, 5-SPEED MANUAL, DIFFERENTIAL, LIMITED SLIP REAR, SEATS, FRONT BUCKET, ENVIOUS (EMERALD GREEN METALLIC), DARKSIDE (BLACK), EBONY, LEATHER SEATING SURFACES, AIR CONDITIONING, SINGLE-ZONE MANUAL, AUDIO SYSTEM, AM/FM STEREO WITH CD PLAYER AND MP3 PLAYBACK, WHEELS, 18'' (45.7 CM) POLISHED ALUMINUM, CONVENIENCE PACKAGE, CRUISE CONTROL, ELECTRONIC WITH SET AND RESUME SPEED, STEERING-WHEEL MOUNTED, FOG LAMPS, FRONT, HALOGEN, FLOOR MATS, COLOR-KEYED AND CARPETED FRONT, PREFERRED PACKAGE, REMOTE KEYLESS ENTRY, PREMIUM PACKAGE, STEERING WHEEL ACCESSORY CONTROLS, LICENSE PLATE BRACKET, FRONT, SPOILER, REAR, CUSTOMER DIALOGUE NETWORK Come on in to Craig and Landreth Cars today at 4156 Shelbyville Rd. Louisville KY 40207 or call   to schedule a test drive!","[PREMIUM]",22,"4156 SHELBYVILLE RD","Louisville","KY","40207","[PREMIUM]"
"786567734","2026-07-28 23:27:32.661","2026-07-28 23:27:32.661","786567734","[PREMIUM]","GT200311B",2007,"TOYOTA","Toyota","4RUN","4Runner","Limited","SUV","Used","Used 2007 Toyota 4Runner Limited",160162,"[PREMIUM]",,,"[PREMIUM]",11360,13010,"Shadow Mica","GRAY","Stone","UNAVAIL","6CLDR","6-Cylinder","4 wheel drive","AUT","5-Speed Automatic","Automatic","G","Gasoline","Gas",17,21,4,true,3,false,true,false,,false,,,"30",75141015,"[PREMIUM]","[PREMIUM]","[PREMIUM]",6584,"[PREMIUM]",false,"PARTNER",84311,4.8,992,0,"[""NO_SALVAGE_TITLE"",""ACCIDENTS_REPORTED"",""NO_ONE_OWNER""]","{""exterior"":[""Alloy wheels"",""Bumpers: body-color"",""Front fog lights"",""Fully automatic headlights"",""Heated door mirrors"",""Illuminated running boards"",""Power door mirrors"",""Rear window wiper"",""Roof rack""],""interior"":[""Air Conditioning"",""Auto-dimming Rear-View mirror"",""Driver door bin"",""Driver vanity mirror"",""Front Bucket Seats"",""Front Center Armrest w/Storage"",""Front dual zone A/C"",""Front reading lights"",""Garage door transmitter"",""Heated Bucket Seats"",""Heated front seats"",""Leather Seat Trim"",""Leather Shift Knob"",""Leather Steering Wheel"",""Leather steering wheel"",""Memory seat"",""Overhead console"",""Passenger door bin"",""Passenger vanity mirror"",""Power Tilt/Slide Moonroof w/Sunshade"",""Power driver seat"",""Power passenger seat"",""Power windows"",""Rear seat center armrest"",""Rear window defroster"",""Split folding rear seat"",""Steering wheel mounted audio controls"",""Tachometer"",""Telescoping steering wheel"",""Tilt steering wheel"",""Trip computer"",""Variably intermittent wipers""],""mechanical"":[""3.727 Axle Ratio"",""4-Wheel Disc Brakes"",""4X4"",""Front wheel independent suspension"",""Power steering"",""Speed-sensing steering""],""other"":[""18\"" x 7.5JJ Aluminum Disc Wheels"",""Front anti-roll bar"",""Illuminated entry"",""Local Trade"",""Oil and Oil Filter Changed"",""Outside temperature display"",""Rear anti-roll bar"",""Recent Trade"",""Service Records Available"",""X-REAS Shock Absorbers""],""safety"":[""ABS brakes"",""Brake assist"",""Dual front impact airbags"",""Electronic Stability Control"",""Low tire pressure warning"",""Occupant sensing airbag"",""Panic alarm"",""Security system"",""Traction control""],""technology"":[""6 Speakers"",""AM/FM CD-Changer w/6 Speakers"",""AM/FM radio"",""Automatic temperature control"",""CD player"",""Compass"",""Navigation System w/JBL Audio"",""Remote keyless entry"",""Speed control""]}",75,"Recent Arrival!<br><br>This vehicle has undergone a thorough inspection of its tires, brakes, and steering components to ensure safety, reliability and full road worthiness. All systems have been checked and confirmed to be in proper working order for confident driving.<br><br>4X4, Power Tilt/Slide Moonroof w/Sunshade, 4Runner Limited V6, 4D Sport Utility, 4.0L V6 SMPI DOHC, 5-Speed Automatic with Overdrive, 4WD, Front dual zone A/C, Leather Steering Wheel, Navigation System w/JBL Audio.<br><br><br>Odometer is 23071 miles below market average!<br><br><br>Colorado s Original Toyota Location has served drivers from this address for 60 years, and Groove Toyota continues that legacy with a focus on transparency and long-term relationships. Every vehicle is competitively priced using real time market data and third-party valuation tools, so you see clear, market-based pricing from the start without inflated numbers or unexpected add-ons. Our process is efficient, professional, and designed to deliver a straightforward buying experience. Dealer Documentation fee of $799 is included in the quoted price. Sales tax, tag, title, registration, and government fees are not included.","[PREMIUM]",26,"5460 S Broadway","Englewood","CO","80113","[PREMIUM]"
"786255080","2026-07-28 23:27:32.647","2026-07-28 23:27:32.647","786255080","[PREMIUM]","B2610161",2012,"CHEV","Chevrolet","TAHOE","Tahoe","LT","SUV","Used","Used 2012 Chevrolet Tahoe LT w/ Suspension Package, Off-Road",111383,"[PREMIUM]",,,"[PREMIUM]",12512,14612,"Silver Ice Metallic","SILVER","Light Titanium/Dark Titanium","GRAY","8CLDR","8-Cylinder","4 wheel drive","AUT","6-Speed Automatic","Automatic","F","Flexible Fuel","Gas",15,21,5.3,true,6,false,true,false,,false,,,"30",620401,"[PREMIUM]","[PREMIUM]","[PREMIUM]",15,"[PREMIUM]",false,"PARTNER",370505,4.5,603,0,"[""NO_SALVAGE_TITLE"",""NO_ACCIDENTS_REPORTED"",""ONE_OWNER""]","{""exterior"":[""17\"" x 7.5\"" 5-Spoke Aluminum Wheels"",""18\"" x 8\"" Aluminum Wheels"",""Alloy wheels"",""Automatic Headlights"",""Bodyside moldings"",""Bright Chrome Grille Insert"",""Bumpers: body-color"",""Delay-off headlights"",""Front & Rear Wheel Flares"",""Front Halogen Fog Lamps"",""Front fog lights"",""Fully automatic headlights"",""Heated door mirrors"",""Power door mirrors"",""Rear window wiper"",""Roof rack"",""Skid Plate Package"",""Spoiler""],""interior"":[""2nd Row Reclining Bucket Seats"",""3rd row seats: split-bench"",""6-Way Power Driver Seat Adjuster"",""6-Way Power Front Passenger Seat Adjuster"",""Adjustable pedals"",""Air Conditioning"",""Automatic Tri-Zone Air Conditioning"",""Custom Leather-Appointed Seat Trim"",""Driver Manual Lumbar Control"",""Driver door bin"",""Driver vanity mirror"",""Floor Console"",""Front Bucket Seats"",""Front Center Armrest"",""Front Reclining Bucket Seats"",""Front dual zone A/C"",""Front reading lights"",""Heated Driver & Front Passenger Seats"",""Heated Seats"",""Heated front seats"",""Overhead console"",""Passenger door bin"",""Passenger vanity mirror"",""Power Adjustable Pedals For Accelerator & Brake"",""Power driver seat"",""Power passenger seat"",""Power windows"",""Rear air conditioning"",""Rear reading lights"",""Rear seat center armrest"",""Rear window defroster"",""Split folding rear seat"",""Steering wheel mounted audio controls"",""Tachometer"",""Tilt steering wheel"",""Trip computer"",""Variably intermittent wipers"",""Voltmeter""],""mechanical"":[""2-Speed Active Electronic AutoTrac Transfer Case"",""3.42 Rear Axle Ratio"",""4-Wheel Disc Brakes"",""Front wheel independent suspension"",""Heavy-Duty Air-to-Oil Auxiliary Transmission Oil Cooler"",""Heavy-Duty Air-to-Oil External Engine Oil Cooler"",""Heavy-Duty Trailering Package"",""Power steering""],""other"":[""Emergency communication system: OnStar Directions & Connections"",""Front License Plate Bracket"",""Front anti-roll bar"",""Heavy-Duty Rear Locking Differential"",""Illuminated entry"",""Off-Road Suspension Package"",""Outside temperature display"",""Preferred Equipment Group 1LT"",""Premium Smooth Ride Suspension Package"",""Rear anti-roll bar"",""Satin Chrome Tubular Assist Steps"",""Z71 Off-Road Appearance Package""],""safety"":[""ABS brakes"",""Dual front impact airbags"",""Dual front side impact airbags"",""Electronic Stability Control"",""Low tire pressure warning"",""Occupant sensing airbag"",""Overhead airbag"",""Panic alarm"",""Security system"",""Traction control""],""technology"":[""9 Speakers"",""AM/FM Stereo w/CD Player & MP3 Playback"",""AM/FM radio: SiriusXM"",""Automatic temperature control"",""Bose Premium 9-Speaker Audio System Feature"",""CD player"",""Compass"",""Radio data system"",""Rear Park Assist"",""Rear audio controls"",""Remote Vehicle Starter System"",""Remote keyless entry"",""SIRIUSXM Satellite Radio"",""Speed control"",""USB Port Audio System Feature""]}",101,"This Chevrolet Tahoe is well equipped and includes the following key features, Heated Seats, Automatic Headlights, 18 x 8 Aluminum Wheels, 2-Speed Active Electronic AutoTrac Transfer Case, 3.42 Rear Axle Ratio, Automatic Tri-Zone Air Conditioning, Bose Premium 9-Speaker Audio System Feature, Bright Chrome Grille Insert, Front &amp; Rear Wheel Flares, Front Halogen Fog Lamps, Heavy-Duty Air-to-Oil Auxiliary Transmission Oil Cooler, Heavy-Duty Air-to-Oil External Engine Oil Cooler, Heavy-Duty Rear Locking Differential, Heavy-Duty Trailering Package, Off-Road Suspension Package, Power Adjustable Pedals For Accelerator &amp; Brake, Preferred Equipment Group 1LT, Premium Smooth Ride Suspension Package, Rear Park Assist, Remote Vehicle Starter System, Satin Chrome Tubular Assist Steps, Skid Plate Package, Z71 Off-Road Appearance Package.<br><br>Silver Ice Metallic 2012 Chevrolet Tahoe LT Z71 4D Sport Utility 4WD Vortec 5.3L V8 SFI Flex Fuel Iron Block 15/21 City/Highway MPG<br><br><br>Servicing the Bozeman, Butte, Billings, Great Falls, Missoula, Kalispell, Helena, and Great Southwest Montana areas for over 21 years. We offer transparency with the opportunity to build your deal online, buy from home, or visit one of our clean, state of the art Ressler facilities. We also offer remote test drives and vehicle delivery within the Gallatin Valley. As part of the Ressler group, we are Community Born, Community Driven.","[PREMIUM]",30,"8474 Huffine Lane","Bozeman","MT","59715","[PREMIUM]"
"786517932","2026-07-28 23:27:32.631","2026-07-28 23:27:32.631","786517932","[PREMIUM]","77L015171",2007,"HONDA","Honda","ELEMENT","Element","EX","SUV","Used","Used 2007 Honda Element EX",48068,"[PREMIUM]",,,"[PREMIUM]",,,"Black","BLACK",,,"4CLDR","4-Cylinder","4 wheel drive","AUT","5-Speed Automatic","Automatic","G","Gasoline","Gas",21,26,2.4,false,4,false,true,false,,false,,,"30",68663501,"[PREMIUM]","[PREMIUM]","[PREMIUM]",5664,"[PREMIUM]",false,"PARTNER",,,,1,"[""NO_SALVAGE_TITLE"",""NO_ACCIDENTS_REPORTED"",""ONE_OWNER""]","{""exterior"":[""Alloy wheels"",""Power door mirrors"",""Rear window wiper""],""interior"":[""Air Conditioning"",""Driver door bin"",""Driver vanity mirror"",""Driver's Seat Mounted Armrest"",""Front Bucket Seats"",""Front reading lights"",""Overhead console"",""Passenger door bin"",""Passenger seat mounted armrest"",""Passenger vanity mirror"",""Power windows"",""Premium Cloth Seat Trim"",""Rear window defroster"",""Split folding rear seat"",""Steering wheel mounted audio controls"",""Tachometer"",""Tilt steering wheel""],""mechanical"":[""4-Wheel Disc Brakes"",""4.50 Axle Ratio"",""Four wheel independent suspension"",""Power steering"",""Speed-sensing steering""],""other"":[""Front anti-roll bar"",""Illuminated entry"",""Rear anti-roll bar""],""safety"":[""ABS brakes"",""Brake assist"",""Dual front impact airbags"",""Dual front side impact airbags"",""Electronic Stability Control"",""Low tire pressure warning"",""Occupant sensing airbag"",""Overhead airbag"",""Panic alarm"",""Traction control""],""technology"":[""7 Speakers"",""AM/FM radio: XM"",""AM/FM/XM Satellite Radio Audio System"",""CD player"",""Remote keyless entry"",""Speed control""]}",44,"Recent Arrival!<br><br><br>Looking for a pre-owned vehicle you can truly depend on? At Lou Sobh Honda, every used car we offer has been carefully selected, extensively inspected, and professionally reconditioned to meet our high standards because we believe peace of mind shouldn't be optional. This this charming-looking 2007 Honda Element comes equipped with 4-Wheel Disc Brakes, 4.50 Axle Ratio, 7 Speakers, ABS brakes, Air Conditioning, Alloy wheels, AM/FM radio: XM, AM/FM/XM Satellite Radio Audio System, Brake assist, CD player, Driver door bin, Driver vanity mirror, Driver's Seat Mounted Armrest, Dual front impact airbags, Dual front side impact airbags, Electronic Stability Control, Four wheel independent suspension, Front anti-roll bar, Front Bucket Seats, Front reading lights, Illuminated entry, Low tire pressure warning, Occupant sensing airbag, Overhead airbag, Overhead console, Panic alarm, Passenger door bin, Passenger seat mounted armrest, Passenger vanity mirror, Power door mirrors, Power steering, Power windows, Premium Cloth Seat Trim, Rear anti-roll bar, Rear window defroster, Rear window wiper, Remote keyless entry, Speed control, Speed-sensing steering, Split folding rear seat, Steering wheel mounted audio controls, Tachometer, Tilt steering wheel, and Traction control, and was just serviced by our factory-trained technicians.<br><br>Don t be tempted by lower prices from dealers that don t even have a service department! At Lou Sobh Honda, every pre-owned vehicle undergoes a thorough inspection and professional reconditioning process so you can drive with confidence from day one. We're a family-owned dealership with a #1-rated service facility, and we re committed to delivering quality, value, and long-term peace of mind. Extensive Multi-Point Inspections Professional Reconditioning on Every Vehicle #1-Rated Service Department On-Site Transparent Pricing &amp; Vehicle History Friendly, No-Pressure Team Stop by today and see why more drivers choose Lou Sobh Honda!","[PREMIUM]",18,"1105 BUFORD RD","Cumming","GA","30041","[PREMIUM]"
"786338814","2026-07-28 23:27:32.630","2026-07-28 23:27:32.630","786338814","[PREMIUM]","TP3875",2008,"FORD","Ford","F350","F350","XLT","TRUCKS","Used","Used 2008 Ford F350 XLT",72406,"[PREMIUM]",,,"[PREMIUM]",0,0,"White","WHITE",,,"8CLDR","8-Cylinder","2 wheel drive - rear","AUT","5-Speed Automatic","Automatic","G","Gasoline","Gas",,,5.4,false,5,false,true,false,,false,,,"30",70221601,"[PREMIUM]","[PREMIUM]","[PREMIUM]",4768,"[PREMIUM]",false,"PARTNER",0,,,0,"[""NO_SALVAGE_TITLE"",""NO_ACCIDENTS_REPORTED"",""ONE_OWNER""]","{""exterior"":[""17\"" Argent Painted Steel Wheels""],""interior"":[""Cloth 40/20/40 Split Bench Seat"",""Front reading lights"",""Passenger vanity mirror"",""Tachometer"",""Trip computer"",""Variably intermittent wipers"",""Voltmeter""],""mechanical"":[""4-Wheel Disc Brakes"",""Front wheel independent suspension"",""Power steering""],""other"":[""000 lb Payload Package"",""Accident Free Carfax"",""Dual rear wheels"",""Front anti-roll bar"",""GVWR: 13"",""Rear anti-roll bar""],""safety"":[""ABS brakes"",""Dual front impact airbags"",""Passenger cancellable airbag""],""technology"":[""AM/FM radio""]}",21,"Recent Arrival! Accident Free Carfax, GVWR: 13,000 lb Payload Package. 2008 Ford F-350SD DRW Clean CARFAX.<br><br>TO KEEP YOU SAFE, WE DELIVER!<br><br>BUY ONLINE-TEXT-EMAIL-CHAT-PHONE AND WE WILL DELIVER YOUR NEXT VEHICLE TO YOUR DOOR!<br><br>FROM OUR SALES FLOOR TO YOUR DOOR!<br><br>IT'S THAT EASY!<br>Awards:<br>* 2008 KBB.com Brand Image Awards<br><br>Grieco Toyota is out to be #1 Toyota Pre-owned sales in all of Rhode Island and SE Mass. We will not lose a deal to price. **WE SHIP NATIONWIDE!<br><br>GVWR: 13,000 lb Payload Package, 17 Argent Painted Steel Wheels, 4-Wheel Disc Brakes, ABS brakes, AM/FM radio, Cloth 40/20/40 Split Bench Seat, Dual front impact airbags, Dual rear wheels, Front anti-roll bar, Front reading lights, Front wheel independent suspension, Passenger cancellable airbag, Passenger vanity mirror, Power steering, Rear anti-roll bar, Tachometer, Trip computer, Variably intermittent wipers, and Voltmeter.","[PREMIUM]",23,"415 TAUNTON AVE","East Providence","RI","02914","[PREMIUM]"
"786388555","2026-07-28 23:27:32.630","2026-07-28 23:27:32.630","786388555","[PREMIUM]","CT138970",2022,"CHEV","Chevrolet","EQUINOX","Equinox","LS","SUV","Used","Used 2022 Chevrolet Equinox LS w/ LS Convenience Package",11780,"[PREMIUM]",,"Great","[PREMIUM]",18920,20620,"Black Metallic","BLACK","Medium Ash Gray","GRAY","4CLDR","4-Cylinder Turbo","2 wheel drive - front","AUT","6-Speed Automatic","Automatic","G","Gasoline","Gas",26,31,1.5,false,5,true,true,false,,false,,,"30",45836265,"[PREMIUM]","[PREMIUM]","[PREMIUM]",4495,"[PREMIUM]",false,"PARTNER",454206,3.9,155,0,"[""NO_SALVAGE_TITLE"",""NO_ACCIDENTS_REPORTED"",""NO_ONE_OWNER""]","{""exterior"":[""17\"" Aluminum Wheels"",""Alloy wheels"",""Auto High-beam Headlights"",""Bumpers: body-color"",""Delay-off headlights"",""Front & Rear Black Bowtie Emblems (LPO)"",""Fully automatic headlights"",""Heated door mirrors"",""Power door mirrors"",""Rear window wiper"",""Spoiler""],""interior"":[""2-Way Power Driver Lumbar Control Seat Adjuster"",""8-Way Power Driver Seat Adjuster"",""Air Conditioning"",""Deep-Tinted Rear Glass"",""Driver door bin"",""Driver vanity mirror"",""Front Bucket Seats"",""Front Center Armrest"",""Front reading lights"",""Overhead console"",""Passenger door bin"",""Passenger vanity mirror"",""Power windows"",""Premium Cloth Seat Trim"",""Rear reading lights"",""Rear seat center armrest"",""Rear window defroster"",""Split folding rear seat"",""Steering wheel mounted audio controls"",""Tachometer"",""Telescoping steering wheel"",""Tilt steering wheel"",""Trip computer"",""Variably intermittent wipers""],""mechanical"":[""3.50 Final Drive Axle Ratio"",""4-Wheel Disc Brakes"",""Four wheel independent suspension"",""Power steering"",""Speed-sensing steering""],""other"":[""2 Rear USB Charging-Only Ports"",""4-Way Manual Driver Seat Adjuster"",""Bluetoothᆴ For Phone"",""Driver Confidence II Package"",""Emergency communication system: OnStar and Chevrolet connected services capable"",""Front Passenger 4-Way Manual Seat Adjuster"",""Front anti-roll bar"",""Illuminated entry"",""LS Convenience Package"",""Multi-Color Enhanced Driver Instrument Info Display"",""Outside temperature display"",""Preferred Equipment Group 1LS"",""Premium audio system: Chevrolet Infotainment 3"",""Rear anti-roll bar"",""Wireless Apple CarPlay/Wireless Android Auto""],""safety"":[""ABS brakes"",""Brake assist"",""Dual front impact airbags"",""Dual front side impact airbags"",""Electronic Stability Control"",""Lane Change Alert w/Side Blind Zone Alert"",""Low tire pressure warning"",""Occupant sensing airbag"",""Overhead airbag"",""Panic alarm"",""Rear Cross Traffic Alert"",""Security system"",""Traction control""],""technology"":[""2 USB Ports & Auxiliary Input Jack"",""6 Speaker Audio System Feature"",""6 Speakers"",""AM/FM radio: SiriusXM"",""Compass"",""Radio data system"",""Radio: Chevrolet Infotainment 3 System w/AM/FM"",""Rear Park Assist w/Audible Warning"",""Remote keyless entry"",""SiriusXM Radio"",""Speed control""]}",79,"Recent Arrival! 2022 Chevrolet Equinox LS<br>Black Metallic FWD 1.5L DOHC 6-Speed Automatic Electronic with Overdrive 17 Aluminum Wheels, 2 Rear USB Charging-Only Ports, 2 USB Ports &amp; Auxiliary Input Jack, 2-Way Power Driver Lumbar Control Seat Adjuster, 3.50 Final Drive Axle Ratio, 4-Way Manual Driver Seat Adjuster, 4-Wheel Disc Brakes, 6 Speaker Audio System Feature, 6 Speakers, 8-Way Power Driver Seat Adjuster, ABS brakes, Air Conditioning, Alloy wheels, AM/FM radio: SiriusXM, Auto High-beam Headlights, Bluetooth&reg; For Phone, Brake assist, Bumpers: body-color, Compass, Deep-Tinted Rear Glass, Delay-off headlights, Driver Confidence II Package, Driver door bin, Driver vanity mirror, Dual front impact airbags, Dual front side impact airbags, Electronic Stability Control, Emergency communication system: OnStar and Chevrolet connected services capable, Four wheel independent suspension, Front &amp; Rear Black Bowtie Emblems (LPO), Front anti-roll bar, Front Bucket Seats, Front Center Armrest, Front Passenger 4-Way Manual Seat Adjuster, Front reading lights, Fully automatic headlights, Heated door mirrors, Illuminated entry, Lane Change Alert w/Side Blind Zone Alert, Low tire pressure warning, LS Convenience Package, Multi-Color Enhanced Driver Instrument Info Display, Occupant sensing airbag, Outside temperature display, Overhead airbag, Overhead console, Panic alarm, Passenger door bin, Passenger vanity mirror, Power door mirrors, Power steering, Power windows, Preferred Equipment Group 1LS, Premium audio system: Chevrolet Infotainment 3, Premium Cloth Seat Trim, Radio data system, Radio: Chevrolet Infotainment 3 System w/AM/FM, Rear anti-roll bar, Rear Cross Traffic Alert, Rear Park Assist w/Audible Warning, Rear reading lights, Rear seat center armrest, Rear window defroster, Rear window wiper, Remote keyless entry, Security system, SiriusXM Radio, Speed control, Speed-sensing steering, Split folding rear seat, Spoiler, Steering wheel mounted audio controls, Tachometer, Telescoping steering wheel, Tilt steering wheel, Traction control, Trip computer, Variably intermittent wipers, Wireless Apple CarPlay/Wireless Android Auto.<br><br>26/31 City/Highway MPG","[PREMIUM]",38,"5500 N State Road 7","Coconut Creek","FL","33073","[PREMIUM]"
"786558619","2026-07-28 23:27:32.630","2026-07-28 23:27:32.630","786558619","[PREMIUM]","B8144113",2008,"MAZDA","MAZDA","MIATA","MX-5 Miata","Grand Touring","CONVERT","Used","Used 2008 MAZDA MX-5 Miata Grand Touring",25447,"[PREMIUM]",,,"[PREMIUM]",,,"True Red","RED","Black","BLACK","4CLDR","4-Cylinder","2 wheel drive - rear","MAN","6-Speed Manual","Manual","G","Gasoline","Gas",21,28,2,true,0,false,true,false,,false,,,"30",72955211,"[PREMIUM]","[PREMIUM]","[PREMIUM]",1384,"[PREMIUM]",false,"PARTNER",,,,0,"[""NO_SALVAGE_TITLE"",""NO_FRAME_DAMAGE"",""NO_FLOOD_WATER_DAMAGE"",""NO_ACCIDENTS_REPORTED"",""NO_ONE_OWNER"",""FREE_REPORT""]","{""exterior"":[""Alloy wheels"",""Bumpers: body-color"",""Good Tires"",""Power door mirrors""],""interior"":[""Driver vanity mirror"",""Front Bucket Seats"",""Heated Leather Seats"",""Passenger vanity mirror"",""Power windows"",""Rear window defroster"",""Sport steering wheel"",""Tachometer"",""Tilt steering wheel""],""mechanical"":[""4-Wheel Disc Brakes"",""6-Speed Manual"",""Four wheel independent suspension"",""Power steering"",""Speed-sensing steering""],""other"":[""Convertible roof wind blocker"",""Front anti-roll bar"",""Fully Serviced By Our Expert Technicians Including"",""Glass rear window"",""Good Brakes"",""Rear anti-roll bar""],""safety"":[""ABS brakes"",""Dual front impact airbags"",""Dual front side impact airbags"",""Low tire pressure warning"",""Occupant sensing airbag"",""Passenger cancellable airbag""],""technology"":[""CD player""]}",31,"Crossroads Car &amp; Truck Has Always Specialized In A Hand Selected Inventory Of Top Quality Sports Cars From Around The World. Cars That Stir The Soul Of Any Gear Head. Stop In Today To View Either Of Our Beautifully Kept And Stocked Showrooms, See For Yourself!<br><br>- 6-Speed Manual transmission<br>- Heated Leather Seats<br>- Fully Serviced by Our Expert Technicians<br>- Good Brakes<br>- Good Tires<br>- 2.0L I4 DOHC VVT 16V Engine<br>- RWD with Four Wheel Independent Suspension<br>- Speed-Sensing Steering<br>- Power windows and Power door mirrors<br>- Sport steering wheel with Tilt adjustment<br>- 4-Wheel Disc Brakes with ABS<br>- Dual front impact airbags and Dual front side impact airbags<br>- Alloy wheels<br>- CD player with Rear window defroster<br><br>This 2008 Mazda Miata Grand Touring represents a well-maintained example of one of the automotive world's most celebrated roadster designs. Finished in striking red with a convertible configuration, this vehicle delivers the open-air driving experience that defines the Miata lineage. Our technicians have thoroughly serviced this model, ensuring the braking system and tires meet our exacting standards, while the heated leather seats provide comfort during all seasons.<br><br>The powertrain combines a 2.0L I4 DOHC VVT 16V engine with a 6-speed manual transmission, offering responsive performance paired with efficient fuel economy rated at 21 city and 28 highway miles per gallon. The rear-wheel-drive configuration, supported by four-wheel independent suspension and speed-sensing steering, creates the balanced handling characteristics that make the Miata a driver's car. The sport steering wheel and tilt steering column allow you to customize your driving position for maximum control and comfort.<br><br>Safety features include 4-wheel disc brakes with ABS, dual front impact airbags, dual front side impact airbags, occupant sensing technology, and passenger cancellable airbag capability. The low tire pressure warning system adds an additional layer of protection during your drives. Body-color bumpers, a convertible roof wind blocker, and alloy wheels complete the exterior presentation.<br><br>Inside, power windows and power door mirrors operate at the touch of a button, while the driver and passenger vanity mirrors enhance functionality. The included CD player and rear window defroster round out the standard features, making daily use practical alongside the focused driving experience this roadster provides.<br><br>We are a locally owned and operated dealership that places customer satisfaction as its highest priority. We have designed all our departments around putting our customers needs first. At Crossroads Car and Truck we pride ourselves in listening to the wants and needs of our customers. Everything we do is designed to make your car buying experience easier and more enjoyable. Competitive pricing, knowledgeable staff and superior customer service all add up to create a fast and simple way to purchase a world class automobile at a great price. Our goal is to provide the highest quality service at the lowest possible price. Please visit us and see for yourself how enjoyable your total ownership experience can be.","[PREMIUM]",46,"1000 BUSINESS 28","Milford","OH","45150","[PREMIUM]"
"786523093","2026-07-28 23:26:12.605","2026-07-28 23:26:12.605","786523093","[PREMIUM]","P32524A",2022,"VOLKS","Volkswagen","VOLKSTAOS","Taos","SE","SUV","Used","Used 2022 Volkswagen Taos SE",53634,"[PREMIUM]",,"Good","[PREMIUM]",17281,18931,,,,,"4CLDR","4-Cylinder Turbo","2 wheel drive - front","AUT","8-Speed Automatic","Automatic","G","Gasoline","Gas",28,36,1.5,false,4,false,true,false,,false,,,"30",77511,"[PREMIUM]","[PREMIUM]","[PREMIUM]",1605,"[PREMIUM]",false,"PARTNER",454194,3.6,47,0,"[""NO_SALVAGE_TITLE"",""NO_ACCIDENTS_REPORTED"",""ONE_OWNER""]","{""exterior"":[""Aluminum Wheels"",""Automatic Headlights"",""Heated Mirrors"",""LED Headlights"",""Power Mirror(s)"",""Rear Spoiler"",""Tires - Front Performance"",""Tires - Rear Performance""],""interior"":[""A/C"",""Adjustable Steering Wheel"",""Bucket Seats"",""Cloth Seats"",""Driver Adjustable Lumbar"",""Driver Illuminated Vanity Mirror"",""Driver Vanity Mirror"",""Heated Front Seat(s)"",""Intermittent Wipers"",""Pass-Through Rear Seat"",""Passenger Illuminated Visor Mirror"",""Passenger Vanity Mirror"",""Power Door Locks"",""Power Driver Seat"",""Power Windows"",""Premium Synthetic Seats"",""Privacy Glass"",""Rear Bench Seat"",""Rear Defrost"",""Steering Wheel Audio Controls"",""Trip Computer"",""Variable Speed Intermittent Wipers""],""mechanical"":[""4-Wheel Disc Brakes"",""Front Wheel Drive"",""Power Steering"",""Turbocharged""],""other"":[""Front Collision Mitigation"",""Rear Collision Mitigation"",""Requires Subscription"",""Smart Device Integration""],""safety"":[""ABS"",""Blind Spot Monitor"",""Brake Assist"",""Child Safety Locks"",""Cross-Traffic Alert"",""Daytime Running Lights"",""Driver Air Bag"",""Front Head Air Bag"",""Front Side Air Bag"",""Passenger Air Bag"",""Passenger Air Bag Sensor"",""Rear Head Air Bag"",""Security System"",""Stability Control"",""Temporary Spare Tire"",""Tire Pressure Monitor"",""Traction Control""],""technology"":[""AM/FM Stereo"",""Auxiliary Audio Input"",""Back-Up Camera"",""Bluetooth Connection"",""Cruise Control"",""HD Radio"",""Immobilizer"",""Keyless Entry"",""Keyless Start"",""MP3 Capability"",""Remote Engine Start"",""Satellite Radio"",""Telematics"",""WiFi Hotspot""]}",69,"*DESIRED FEATURES:* Backup Camera, Heated Seats, Remote Start, Blind Spot Monitor, SiriusXM, Bluetooth.<br><br>With 53,634 miles this 2022 Taos with a 1.5 l engine is your best buy near Columbus, OH.<br><br>*TECHNOLOGY FEATURES:* GPS System, WiFi Mobile Hotspot, Keyless Start, Smart Device Integration, HD Radio, Keyless Entry. 2022 Volkswagen Taos 1.5T SE near Columbus, Ohio is available for immediate test drives in Columbus, OH.<br><br>*Our Car Dealership near Columbus, Ohio:* Call Byers Volkswagen today at * TO SCHEDULE YOUR TEST DRIVE* of this 2022 Volkswagen Taos 1.5T SE! Byers Volkswagen serves Columbus, OH. You can also visit us at, 401 N Hamilton Rd Columbus OH, 43213 to check it out in person! Byers Volkswagen Used car dealership only sells used cars Columbus, OH buyers can trust for safety and worry free driving.<br><br>*MECHANICAL FEATURES:* This Volkswagen Taos comes factory equipped with an impressive 1.5 l engine, an 8-speed automatic w/od transmission. Other installed mechanical features include Turbocharged Engine, Push Button Start, Power One-touch down windows, Heated Mirrors, Power Locks, Power Mirrors, Front Wheel Drive, Traction Control, Ventilated Disc Brakes, Cruise Control, Intermittent Wipers, Variable Speed Intermittent Wipers, Trip Computer, Tires - Rear Performance, Tires - Front Performance, Power Steering. Byers Volkswagen is Central Ohio's only location where you can test drive a new, used or Certified car. That's why more Ohio used car shoppers and owners drive to Byers Volkswagen in Columbus for used cars, trucks &amp; SUVs sales, service, parts and accessories.<br><br>*INTERIOR OPTIONS:* Premium Synthetic Seats, Adjustable Lumbar Seats, Cloth Seats, Power Drivers Seat, Bucket Front Seats, Driver Illuminated Vanity Mirror, Steering Wheel Audio Controls, Pass-Through Rear Seat, Air Conditioning, Passenger Illuminated Visor Mirror, Rear Window Defroster, Vanity Mirrors, Tilt Steering Wheel, Trip Odometer, Auxiliary Audio Input, AM/FM Stereo, Bench Seats<br><br>*EXTERIOR OPTIONS:* Aluminum Wheels, Privacy Glass, Auto Headlamp, Spoiler, Spare Tire *Small Size*<br><br>*SAFETY OPTIONS:* Electronic Stability Control, Cross Traffic Alerts, Brake Assist, Front Collision Mitigation, Rear Collision Warning, LED Headlights, Security System, Daytime Running Lights, ABS Brakes, Tire Pressure Monitoring System, Drivers Air Bag, Rear Air Bag, Passenger Air Bag Sensor, Driver Front Side Impact Air Bag, Front Head Air Bag, Child Proof Locks. This 2022 Volkswagen Taos 1.5T SE comes standard with peace of mind for any driving conditions<br><br>*Why utilize Volkswagen Financial Financing?* You can use our Volkswagen Dealer car payment calculator to calculate your payment on this 2022 Volkswagen Taos 1.5T SE. Our Byers Volkswagen Volkswagen Financial Specialists work with every level of credit and Volkswagen Financing needs. Our Volkswagen Financial experts offer more and better credit options than used car lots in Columbus, Ohio.<br><br>The Byers Volkswagen used car dealership in Central Ohio is an easy drive or fly in from anywhere in the United States. Our car lot sits just east of Columbus, OH where your 2022 Volkswagen Taos 1.5T SE will be waiting for your test drive and/or shipping instructions.<br><br>Looking for used cars in Columbus, Ohio? We're glad you found this used Volkswagen Taos for sale at our car dealership in Columbus, OH just east of Columbus, OH. Looking for financing? Our Byers Volkswagen finance specialist will find the best rates available for this used Volkswagen Taos for sale. Byers Volkswagen has new cars for sale and used cars for sale in Columbus. So, if you're shopping used car dealerships in Columbus, Ohio consider driving just past Bexley, OH to Columbus where you'll experience Central Ohio's preferred Volkswagen dealer service, sales and the Byers Volkswagen difference!<br><br>Byers Volkswagen Used Car, Truck, SUV And Van Super cent&gt;","[PREMIUM]",12,"401 North Hamilton Road","Columbus","OH","43213","[PREMIUM]"
"786207529","2026-07-28 23:26:12.599","2026-07-28 23:26:12.599","786207529","[PREMIUM]","H27244A",2022,"HYUND","Hyundai","ELANTR","Elantra","SEL","SEDAN","Certified","Certified 2022 Hyundai Elantra SEL w/ Convenience + Premium Package",53896,"[PREMIUM]",,"Great","[PREMIUM]",17631,19431,"Quartz White","WHITE","Black","BLACK","4CLDR","4-Cylinder","2 wheel drive - front","AUT","Continuously Variable Automatic","Automatic","G","Gasoline","Gas",31,41,2,false,7,false,false,false,,false,,,"30",67628699,"[PREMIUM]","[PREMIUM]","[PREMIUM]",6618,"[PREMIUM]",false,"PARTNER",454882,4,70,0,"[""NO_SALVAGE_TITLE"",""ACCIDENTS_REPORTED"",""NO_ONE_OWNER""]","{""exterior"":[""16\"" x 6.5J Alloy Wheels"",""17\"" x 7.0J Alloy Wheels"",""Alloy wheels"",""Auto High-beam Headlights"",""Bumpers: body-color"",""Delay-off headlights"",""Fully automatic headlights"",""Power door mirrors"",""Wheel Locks""],""interior"":[""60/40 Split-Folding Rear Seat"",""Air Conditioning"",""Carpeted Floor Mats"",""Cloth Seat Trim"",""Driver door bin"",""Driver vanity mirror"",""Front Bucket Seats"",""Front Center Armrest"",""Front dual zone A/C"",""Front reading lights"",""Overhead console"",""Passenger Seat Back Pocket"",""Passenger door bin"",""Passenger vanity mirror"",""Power Driver Seat w/Lumbar"",""Power Sunroof"",""Power windows"",""Rear window defroster"",""Steering wheel mounted audio controls"",""Tachometer"",""Telescoping steering wheel"",""Tilt steering wheel"",""Trip computer"",""Variably intermittent wipers""],""mechanical"":[""4-Wheel Disc Brakes"",""Front wheel independent suspension"",""Power steering"",""Speed-sensing steering""],""other"":[""Apple CarPlay & Android Auto"",""Chrome Beltline Molding"",""Convenience + Premium Package"",""Dark Chrome Exterior Accents"",""Emergency communication system: Blue Link Connected Car Service (3-year complimentary subscription)"",""Front anti-roll bar"",""Hyundai Digital Key"",""Illuminated entry"",""LED & Bulb Tail Lights"",""Mudguards"",""Option Group 03"",""Outside temperature display"",""Side Mirror Turn Signal Indicators""],""safety"":[""ABS brakes"",""Brake assist"",""Dual front impact airbags"",""Dual front side impact airbags"",""Electronic Stability Control"",""Low tire pressure warning"",""Occupant sensing airbag"",""Overhead airbag"",""Panic alarm"",""Security system"",""Traction control""],""technology"":[""6 Speakers"",""AM/FM radio: SiriusXM"",""Automatic temperature control"",""Bose Premium Audio"",""Exterior Parking Camera Rear"",""Radio: AM/FM/HD/SiriusXM Display Audio"",""Remote keyless entry"",""Speed control""]}",69,"Recent Arrival! Certified. Quartz White 2022 Hyundai Elantra 4D Sedan SEL 2.0L 4-Cylinder DOHC 16V FWD Odometer is 4464 miles below market average!<br><br>17 x 7.0J Alloy Wheels, 60/40 Split-Folding Rear Seat, Bose Premium Audio, Chrome Beltline Molding, Convenience + Premium Package, Dark Chrome Exterior Accents, Hyundai Digital Key, LED &amp; Bulb Tail Lights, Option Group 03, Passenger Seat Back Pocket, Power Driver Seat w/Lumbar, Power Sunroof, Side Mirror Turn Signal Indicators.<br><br>Hyundai Certified Used Vehicles Details:<br><br>* Warranty Deductible: $50<br>* Limited Warranty: 60 Month/60,000 Mile (whichever comes first) from original in-service date<br>* Vehicle History<br>* Roadside Assistance<br>* Includes 10-year/Unlimited Mileage Roadside Assistance with Rental Car and Trip Interruption Reimbursement; Please See Dealers for Specific Vehicle Eligibility Requirements. 10-Year/100,000 Mile Hybrid/EV Battery Warranty. 3-Months SiriusXM Trial Subscription. Complimentary 1 Year (Connected Care &amp; Remote Pkgs).<br>* Powertrain Limited Warranty: 120 Month/100,000 Mile (whichever comes first) from original in-service date<br>* 173+ Point Inspection<br><br><br>This Elantra is well equipped with Convenience + Premium Package (17 x 7.0J Alloy Wheels, 60/40 Split-Folding Rear Seat, Bose Premium Audio, Chrome Beltline Molding, Dark Chrome Exterior Accents, Hyundai Digital Key, LED &amp; Bulb Tail Lights, Option Group 03, Passenger Seat Back Pocket, Power Driver Seat w/Lumbar, Power Sunroof, and Side Mirror Turn Signal Indicators), Hyundai Certified Used Vehicles Certified, 16 x 6.5J Alloy Wheels, 4-Wheel Disc Brakes, 6 Speakers, ABS brakes, Air Conditioning, Alloy wheels, AM/FM radio: SiriusXM, Apple CarPlay &amp; Android Auto, Auto High-beam Headlights, Automatic temperature control, Brake assist, Bumpers: body-color, Carpeted Floor Mats, Cloth Seat Trim, Delay-off headlights, Driver door bin, Driver vanity mirror, Dual front impact airbags, Dual front side impact airbags, Electronic Stability Control, Emergency communication system: Blue Link Connected Car Service (3-year complimentary subscription), Exterior Parking Camera Rear, Front anti-roll bar, Front Bucket Seats, Front Center Armrest, Front dual zone A/C, Front reading lights, Front wheel independent suspension, Fully automatic headlights, Illuminated entry, Low tire pressure warning, Mudguards, Occupant sensing airbag, Outside temperature display, Overhead airbag, Overhead console, Panic alarm, Passenger door bin, Passenger vanity mirror, Power door mirrors, Power steering, Power windows, Radio: AM/FM/HD/SiriusXM Display Audio, Rear window defroster, Remote keyless entry, Security system, Speed control, Speed-sensing steering, Steering wheel mounted audio controls, Tachometer, Telescoping steering wheel, Tilt steering wheel, Traction control, Trip computer, Variably intermittent wipers, and Wheel Locks.","[PREMIUM]",26,"4333 Ogden Ave","Aurora","IL","60504","[PREMIUM]"
"780842939","2026-07-28 23:26:12.359","2026-07-28 23:26:12.359","780842939","[PREMIUM]","B11662",2022,"HYUND","Hyundai","TUCSON","Tucson","SEL","SUV","Third-Party Certified","Used 2022 Hyundai Tucson SEL",58105,"[PREMIUM]",,"Great","[PREMIUM]",18513,20663,"Portofino Gray","GRAY","Gray","GRAY","4CLDR","4-Cylinder","2 wheel drive - front","AUT","8-Speed Automatic","Automatic","G","Gasoline","Gas",26,33,2.5,false,69,false,false,true,,false,,,"30",27319120,"[PREMIUM]","[PREMIUM]","[PREMIUM]",5505,"[PREMIUM]",false,"PARTNER",453244,4.1,101,0,"[""NO_SALVAGE_TITLE"",""NO_ACCIDENTS_REPORTED"",""NO_ONE_OWNER""]","{""exterior"":[""Alloy wheels"",""Auto High-beam Headlights"",""Bumpers: body-color"",""Delay-off headlights"",""Fully automatic headlights"",""Heated door mirrors"",""Power door mirrors"",""Rear window wiper"",""Spoiler"",""Turn signal indicator mirrors""],""interior"":[""Air Conditioning"",""Cargo Cover"",""Cargo Net"",""Cargo Tray"",""Carpeted Floor Mats"",""Driver door bin"",""Driver vanity mirror"",""Front Bucket Seats"",""Front Center Armrest"",""Front reading lights"",""Heated Front Bucket Seats"",""Overhead console"",""Passenger door bin"",""Passenger vanity mirror"",""Power driver seat"",""Power windows"",""Rear seat center armrest"",""Rear window defroster"",""Split folding rear seat"",""Steering wheel mounted audio controls"",""Tachometer"",""Telescoping steering wheel"",""Tilt steering wheel"",""Trip computer"",""Variably intermittent wipers""],""mechanical"":[""3.648 Axle Ratio"",""4-Wheel Disc Brakes"",""Four wheel independent suspension"",""Power steering""],""other"":[""***SAVE MORE WHEN YOU TRADE WITH HIESTER CHEVROLET!***"",""*CERTIFIED*"",""ACCIDENT FREE CARFAX"",""Apple CarPlay & Android Auto"",""BALANCE OF FACTORY WARRANTY"",""Blind Spot Collision-Avoidance Assist"",""Emergency communication system: Blue Link Connected Car Service (3-year complimentary subscription)"",""FAST AND EASY FINANCING"",""Forward Collision-Avoidance Assist"",""Front and Rear Mudguards"",""Front anti-roll bar"",""Illuminated entry"",""LIFETIME ENGINE GUARANTEE"",""Lane Keeping Assist; Lane Following Assist"",""Option Group 01"",""Outside temperature display"",""PASSED OUR RIGOROUS SERVICE INSPECTION"",""Rear Cross-Traffic Collision-Avoidance Assist"",""Rear anti-roll bar"",""Roof rack: rails only"",""Stain & Odor Resistant Cloth Seat Trim""],""safety"":[""ABS brakes"",""Brake assist"",""Dual front impact airbags"",""Dual front side impact airbags"",""Electronic Stability Control"",""First Aid Kit"",""Low tire pressure warning"",""Occupant sensing airbag"",""Overhead airbag"",""Panic alarm"",""Security system"",""Traction control""],""technology"":[""6 Speakers"",""AM/FM radio: SiriusXM"",""Radio data system"",""Radio: AM/FM/HD/SiriusXM Audio System"",""Remote keyless entry"",""Speed control""]}",78,"Experience the exceptional 2022 Hyundai Tucson SEL, a crossover that blends style, technology, and versatility. Boasting a sleek exterior and a spacious, well-appointed interior, this Tucson is ready to elevate your driving experience.<br><br>- ***SAVE MORE WHEN YOU TRADE WITH HIESTER CHEVROLET!***<br>- *CERTIFIED*<br>- ACCIDENT FREE CARFAX<br>- BALANCE OF FACTORY WARRANTY<br>- Blind Spot Collision-Avoidance Assist<br>- FAST AND EASY FINANCING<br>- Forward Collision-Avoidance Assist<br>- Lane Keeping Assist; Lane Following Assist<br>- LIFETIME ENGINE GUARANTEE<br>- PASSED OUR RIGOROUS SERVICE INSPECTION<br>- Rear Cross-Traffic Collision-Avoidance Assist<br><br>This Tucson SEL comes equipped with a 2.5L I4 DGI DOHC 16V engine paired with an 8-Speed Automatic transmission, delivering an impressive 26 city / 33 highway MPG. Enjoy the convenience of Apple CarPlay and Android Auto, as well as heated front bucket seats for a touch of luxury.<br><br>The Tucson has been meticulously inspected and certified, giving you the peace of mind that comes with a balance of the factory warranty. Experience the difference with this exceptional Hyundai Tucson SEL.","[PREMIUM]",35,"3100 N Main St","Fuquay-varina","NC","27526","[PREMIUM]"
"786523848","2026-07-28 23:26:12.356","2026-07-28 23:26:12.356","786523848","[PREMIUM]","N90878T",2022,"JEEP","Jeep","JEEPRENEG","Renegade","Latitude","SUV","Used","Used 2022 Jeep Renegade Latitude",26158,"[PREMIUM]",,"Great","[PREMIUM]",19990,21640,"Slate Blue Pearlcoat","BLUE","Black","BLACK","4CLDR","4-Cylinder Turbo","4 wheel drive","AUT","9-Speed Automatic","Automatic","G","Gasoline","Gas",23,29,1.3,false,4,false,true,false,,false,,,"30",69676007,"[PREMIUM]","[PREMIUM]","[PREMIUM]",1413,"[PREMIUM]",false,"PARTNER",458857,3.8,176,1,"[""NO_SALVAGE_TITLE"",""ACCIDENTS_REPORTED"",""ONE_OWNER""]","{""exterior"":[""Black Power Heated Side Mirrors w/Manual Folding""],""interior"":[""Black  Premium cloth bucket seats""],""mechanical"":[""Transmission: 9-speed 948te automatic""],""other"":[""4-Wheel Disc Brakes w/4-Wheel ABS  Front Vented Discs  Brake Assist  Hill Hold Control and Electric Parking Brake"",""Quick order package 22b Engine: 1.3L I4 Turbo MAIR DI w/ESS  Transmission: 9-Speed 948TE Automatic"",""Radio w/Seek-Scan  Clock  Speed Compensated Volume Control  Aux Audio Input Jack  Steering Wheel Controls  Voice Activation  Radio Data System and External Memory ControlEngine: 1.3l i4 turbo mair di w/ess"",""Slate blue pearlcoat ($395.00 Value when New)""],""safety"":[""Blind Spot Detection Blind Spot"",""Tire Specific Low Tire Pressure Warning""],""technology"":[""ParkView Back-Up Camera""]}",10,"EPA 29 MPG Hwy/23 MPG City! CARFAX 1-Owner. Latitude trim, Slate Blue Pearlcoat exterior and Black interior.<br><br>DISCOVER THE LANDERS ADVANTAGE<br>The Landers Advantage is a complete and comprehensive package of benefits designed to make buying-and driving-a vehicle from the Landers dealerships a pleasant and convenient experience. From the peace of mind that comes with a 5 Day-500 Mile Exchange Policy, 30 Day 1,500 miles Full Warranty and 60 Day 2,500 miles Limited Powertrain Warranty and Free CARFAX Reports &amp; Clean Title Guarantee on pre-owned vehicles. As much as we like satisfying customers, we like keeping them even more.<br><br>WHY BUY FROM US?<br>We are a full-service dealership that provides high-quality new and used vehicles and service to communities in Arkansas, including: North Little Rock, Sherwood, Maumelle Conway, Searcy, Cabot, Jacksonville, Benton, Bryant and the rest of Central Arkansas.Our No. 1 goal is to provide you with the best car-buying or leasing experience in the market, along with the best service throughout the lifetime of your vehicle! Give us the opportunity to show you greatness. You wont regret it!<br><br>OPTION PACKAGES<br>TRANSMISSION: 9-SPEED 948TE AUTOMATIC (STD), ENGINE: 1.3L I4 TURBO MAIR DI W/ESS (STD).<br><br>Fuel economy calculations based on original manufacturer data for trim engine configuration.<br><br><br>Horsepower calculations based on trim engine configuration. Fuel economy calculations based on original manufacturer data for trim engine configuration. Please confirm the accuracy of the included equipment by calling us prior to purchase.<br><br>The price of this vehicle includes a $Used service and handling fee.","[PREMIUM]",11,"201 COLONEL GLENN PLAZA LOOP","Little Rock","AR","72210","[PREMIUM]"
"786056213","2026-07-28 23:26:12.351","2026-07-28 23:26:12.351","786056213","[PREMIUM]","77598A",2022,"VOLKS","Volkswagen","TIGUAN","Tiguan","S","SUV","Used","Used 2022 Volkswagen Tiguan S",40899,"[PREMIUM]",,"Great","[PREMIUM]",18627,20527,"Black","BLACK","Titan Black","BLACK","4CLDR","4-Cylinder Turbo","All wheel drive","AUT","8-Speed Automatic","Automatic","G","Gasoline","Gas",22,29,2,false,9,false,false,false,,false,,,"30",72051387,"[PREMIUM]","[PREMIUM]","[PREMIUM]",2202,"[PREMIUM]",false,"PARTNER",457304,4.2,87,0,"[""NO_SALVAGE_TITLE"",""NO_ACCIDENTS_REPORTED"",""ONE_OWNER""]","{""exterior"":[""Alloy wheels"",""Bumpers: body-color"",""Delay-off headlights"",""Fully automatic headlights"",""Heated door mirrors"",""Power door mirrors"",""Rear window wiper"",""Spoiler"",""Turn signal indicator mirrors""],""interior"":[""Air Conditioning"",""Cloth Seating Surfaces"",""Driver door bin"",""Driver vanity mirror"",""Front Bucket Seats"",""Front Center Armrest"",""Front reading lights"",""Heated Front Bucket Seats"",""Heated front seats"",""Leather Shift Knob"",""Overhead console"",""Passenger door bin"",""Passenger vanity mirror"",""Power windows"",""Rear reading lights"",""Rear seat center armrest"",""Rear window defroster"",""Split folding rear seat"",""Steering wheel mounted audio controls"",""Tachometer"",""Telescoping steering wheel"",""Tilt steering wheel"",""Trip computer"",""Variably intermittent wipers""],""mechanical"":[""3.33 Axle Ratio"",""4-Wheel Disc Brakes"",""4-Wheel Independent Suspension"",""Four wheel independent suspension"",""Power steering"",""Speed-sensing steering""],""other"":[""Emergency communication system: Car-Net"",""Forward collision: FCW w/Autonomous Emergency Braking mitigation"",""Front anti-roll bar"",""Illuminated entry"",""Outside temperature display"",""Rear anti-roll bar"",""Roof rack: rails only"",""Wheels: 17\"" 2-Tone Machined Twin 5-Spoke Alloy""],""safety"":[""ABS brakes"",""Brake assist"",""Dual front impact airbags"",""Dual front side impact airbags"",""Electronic Stability Control"",""Low tire pressure warning"",""Occupant sensing airbag"",""Overhead airbag"",""Panic alarm"",""Traction control""],""technology"":[""6 Speakers"",""AM/FM radio"",""Compass"",""Exterior Parking Camera Rear"",""Radio data system"",""Radio: Composition Color AM/FM"",""Remote keyless entry"",""Speed control""]}",65,"Recent Arrival!<br><br>Welcome To Findlay Mazda. All of our vehicles are hand picked and inspected for your peace of mind. This Volkswagen is equipped with the following options:<br><br>AWD. AWD 8-Speed Automatic with Tiptronic 2.0L TSI DOHC<br><br>Odometer is 8562 miles below market average! 22/29 City/Highway MPG","[PREMIUM]",23,"7760 EASTGATE RD","Henderson","NV","89011","[PREMIUM]"
"786429267","2026-07-28 23:26:03.079","2026-07-28 23:26:03.079","786429267","[PREMIUM]","27C0010A",2022,"CHEV","Chevrolet","EQUINOX","Equinox","LT","SUV","Used","Used 2022 Chevrolet Equinox LT",25048,"[PREMIUM]",,"Great","[PREMIUM]",21920,24020,"Iridescent Pearl Tricoat","WHITE","Jet Black, Premium Cloth Seat ","BLACK","4CLDR","4-Cylinder Turbo","2 wheel drive - front","AUT","6-Speed Automatic","Automatic","G","Gasoline","Gas",26,31,1.5,false,4,false,true,false,,false,,,"30",71672719,"[PREMIUM]","[PREMIUM]","[PREMIUM]",2269,"[PREMIUM]",false,"PARTNER",454239,3.9,155,0,"[""NO_SALVAGE_TITLE"",""NO_ACCIDENTS_REPORTED"",""ONE_OWNER""]","{""exterior"":[""18\""\"" (45.7 CM)"",""BLACK BOWTIE EMBLEMS""],""interior"":[""PREMIUM CLOTH SEAT TRIM  STEERING WHEEL""],""other"":[""3.50 FINAL DRIVE RATIO  IRIDESCENT PEARL TRICOAT  JET BLACK"",""ALUMINUM  LPO"",""CONNECTICUT"",""DELAWARE"",""FRONT AND REAR  LIFTGATE"",""LEATHER-WRAPPED 3-SPOKE  EMISSIONS"",""MAINE"",""MARYLAND"",""MASSACHUSETTS"",""NEW JERSEY"",""NEW YORK"",""OREGON"",""P225/60R18 ALL-SEASON BLACKWALL  WHEELS"",""PENNSYLVANIA"",""REAR POWER  FRONT AND REAR PARK ASSIST"",""REMOTE START  AXLE"",""RHODE ISLAND"",""VERMONT AND WASHINGTON STATE REQUIREMENTS  TIRES""]}",21,"CARFAX One-Owner. Clean CARFAX. 2022 Chevrolet Equinox LT Odometer is 43433 miles below market average! Recent Arrival! Iridescent Pearl Tricoat LT FWD 6-Speed Automatic Electronic with Overdrive 1.5L DOHCSchedule your test drive or simply come into Hessert Chevrolet today. Where it is Your way or No way! 26/31 City/Highway MPG","[PREMIUM]",47,"6301 ROOSEVELT BLVD","Philadelphia","PA","19149","[PREMIUM]"
"785475929","2026-07-28 23:26:02.626","2026-07-28 23:26:02.626","785475929","[PREMIUM]","FS720364",2015,"RAM","RAM","RM1500","1500","Tradesman","TRUCKS","Used","Used 2015 RAM 1500 Tradesman w/ Popular Equipment Group",102848,"[PREMIUM]",,"Great","[PREMIUM]",18850,21050,"Blue Streak Pearlcoat","BLUE",,,"8CLDR","8-Cylinder","4 wheel drive","AUT","6-Speed Automatic","Automatic","G","Gasoline","Gas",16,23,5.7,false,15,false,false,false,,false,,,"30",53578813,"[PREMIUM]","[PREMIUM]","[PREMIUM]",6444,"[PREMIUM]",false,"PARTNER",403156,4.6,534,0,"[""NO_SALVAGE_TITLE"",""NO_FRAME_DAMAGE"",""NO_FLOOD_WATER_DAMAGE"",""NO_ACCIDENTS_REPORTED"",""NO_ONE_OWNER"",""FREE_REPORT""]","{""exterior"":[""Automatic Headlights"",""Bed Liner"",""Heated Mirrors"",""Power Mirror(s)"",""Steel Wheels"",""Tires - Front All-Season"",""Tires - Rear All-Season"",""Tow Hitch""],""interior"":[""AC"",""Adjustable Steering Wheel"",""Floor Mats"",""Intermittent Wipers"",""Power Door Locks"",""Power Windows"",""Privacy Glass"",""Split Bench Seat"",""Variable Speed Intermittent Wipers"",""Vinyl Seats""],""mechanical"":[""4-Wheel Disc Brakes"",""6-Speed A/T"",""8 Cylinder Engine"",""8-Speed A/T"",""A/T"",""Four Wheel Drive"",""Gasoline Fuel"",""Power Steering"",""V6 Cylinder Engine""],""safety"":[""ABS"",""Brake Assist"",""Child Safety Locks"",""Conventional Spare Tire"",""Driver Air Bag"",""Front Head Air Bag"",""Front Side Air Bag"",""Passenger Air Bag"",""Rear Head Air Bag"",""Stability Control"",""Tire Pressure Monitor"",""Traction Control""],""technology"":[""AM/FM Stereo"",""Auxiliary Audio Input"",""CD Player"",""Cruise Control"",""Engine Immobilizer"",""HD Radio"",""MP3 Player""]}",46,"Tradesman trim. iPod/MP3 Input, 4x4, Bed Liner, Tow Hitch, ENGINE: 5.7L V8 HEMI MDS VVT, TRANSMISSION: 6-SPEED AUTOMATIC (65RF... POPULAR EQUIPMENT GROUP, EXTERIOR APPEARANCE GROUP, SINGLE DISC REMOTE CD PLAYER. SEE MORE!<br><br>KEY FEATURES INCLUDE<br>4x4, iPod/MP3 Input, Trailer Hitch. MP3 Player, Privacy Glass, Child Safety Locks, Electronic Stability Control, Heated Mirrors.<br><br>OPTION PACKAGES<br>ENGINE: 5.7L V8 HEMI MDS VVT, POPULAR EQUIPMENT GROUP SIRIUSXM Satellite Radio, No Satellite Coverage w/AK/HI, For More Info, Call  , Front &amp; Rear Floor Mats, Remote Keyless Entry w/All-Secure, EXTERIOR APPEARANCE GROUP Bright Rear Bumper, Bright Grille, Wheels: 17 x 7 Aluminum, Bright Front Bumper, SINGLE DISC REMOTE CD PLAYER, TRANSMISSION: 6-SPEED AUTOMATIC (65RFE) 3.55 Rear Axle Ratio. Ram Tradesman with Blue Streak Pearlcoat exterior and Diesel Gray/Black interior features a 8 Cylinder Engine with 305 HP at 6400 RPM*.<br><br>EXPERTS ARE SAYING<br>The 2015 Ram 1500 is a top contender in the full-size pickup segment, thanks to a winning combination of strong powertrains, a smooth ride and a well-trimmed cabin. -Edmunds.com.<br><br>A GREAT VALUE<br>This 1500 is priced $1,800 below Kelley Blue Book.<br><br>BUY FROM AN AWARD WINNING DEALER<br>At Lithia Reno Subaru youll get a great vehicle, at a great price, with the experience and dedication of our team behind you throughout the purchasing process, and the duration of your ownership of your Subaru automobile. Our service to you does not end at the sale. Call us anytime with questions. Our entire team at Lithia Reno Subaru is here to help. If youre looking to purchase from a dealership dedicated to its customers, come by Lithia Reno Subaru and experience our service for yourself!<br><br>New<br>Price does not include taxes and license fees. Prices include $599 dealer doc fee and $20 Electronic Titling Fee. Does not include optional accessories of $499 PermaPlate.<br><br>Used<br>Price does not include taxes and license fees. Prices include $599 dealer doc fee, $20 Electronic Titling Fee, and $41.50 Smog Fee. Does not include optional accessories of $499 PermaPlate.<br>","[PREMIUM]",29,"2270 Kietzke Lane","Reno","NV","89502","[PREMIUM]"
"786516797","2026-07-28 23:26:02.528","2026-07-28 23:26:02.528","786516797","[PREMIUM]","20976V",2012,"TOYOTA","Toyota","TUNDRA","Tundra","2WD Double Cab","TRUCKS","Used","Used 2012 Toyota Tundra 2WD Double Cab w/ Convenience Pkg",123309,"[PREMIUM]",,,"[PREMIUM]",15780,17830,"Super White","WHITE","Graphite","GRAY","8CLDR","8-Cylinder","2 wheel drive - rear","AUT","6-Speed Automatic","Automatic","G","Gasoline","Gas",15,20,4.6,false,4,false,true,false,,false,,,"30",1381810,"[PREMIUM]","[PREMIUM]","[PREMIUM]",,"[PREMIUM]",false,"PARTNER",371187,4.6,1084,0,"[""NO_SALVAGE_TITLE"",""NO_ACCIDENTS_REPORTED"",""ONE_OWNER""]","{""exterior"":[""18\"" x 8J Styled Steel Wheels"",""Bumpers: chrome"",""Heated door mirrors"",""Power door mirrors"",""Rear step bumper""],""interior"":[""3-Passenger Front Bench Seat"",""Air Conditioning"",""Driver door bin"",""Driver vanity mirror"",""Fabric Seat Trim"",""Front Center Armrest w/Storage"",""Front dual zone A/C"",""Front reading lights"",""Overhead console"",""Passenger door bin"",""Passenger vanity mirror"",""Power windows"",""Rear reading lights"",""Split folding rear seat"",""Tachometer"",""Tilt steering wheel"",""Variably intermittent wipers"",""Voltmeter""],""mechanical"":[""3.909 Axle Ratio"",""4-Wheel Disc Brakes"",""Front wheel independent suspension"",""Power steering"",""Speed-sensing steering""],""other"":[""Front anti-roll bar"",""Illuminated entry"",""Outside temperature display""],""safety"":[""ABS brakes"",""Brake assist"",""Dual front impact airbags"",""Dual front side impact airbags"",""Electronic Stability Control"",""Knee airbag"",""Low tire pressure warning"",""Occupant sensing airbag"",""Overhead airbag"",""Panic alarm"",""Traction control""],""technology"":[""6 Speakers"",""AM/FM radio"",""AM/FM w/CD Player"",""CD player"",""Radio: AM/FM Audio w/CD/MP3/WMA Playback"",""Remote keyless entry"",""Speed control""]}",49,"Graphite w/Fabric Seat Trim or Heavy Duty Vinyl Seat Trim w/Work Truck. Recent Arrival!<br><br>Super White 2012 Toyota Tundra Grade 4.6L V8 RWD 6-Speed Automatic Electronic with Overdrive 4.6L V8 DOHC 32V VVT-i<br><br>Odometer is 6252 miles below market average!","[PREMIUM]",3,"745 CAPITOL EXPRESSWAY AUTO MALL","San Jose","CA","95136","[PREMIUM]"
"782277553","2026-07-28 23:25:01.986","2026-07-28 23:25:01.986","782277553","[PREMIUM]","R27368",2012,"FORD","Ford","E350ECON","E-350 and Econoline 350","Extended Super Duty","VANS","Used","Used 2012 Ford E-350 and Econoline 350 Extended Super Duty w/ PWR Group",25347,"[PREMIUM]",,,"[PREMIUM]",12270,13770,"White","WHITE","Gray","GRAY","8CLDR","8-Cylinder","2 wheel drive - rear","AUT","4-Speed Automatic","Automatic","F","Flexible Fuel","Gas",12,16,5.4,false,54,false,false,true,,false,,,"30",67632025,"[PREMIUM]","[PREMIUM]","[PREMIUM]",2388,"[PREMIUM]",false,"PARTNER",373812,4.4,329,0,"[""NO_SALVAGE_TITLE"",""NO_ACCIDENTS_REPORTED"",""NO_ONE_OWNER""]","{""interior"":[""Tachometer: Tachometer""],""other"":[""12V power outlets: 3 12V power outlets"",""ABS Brakes: 4-wheel antilock (ABS) brakes"",""ABS Brakes: Three channel ABS brakes"",""Alternator Type: Alternator"",""Antenna: Fixed audio antenna"",""Basic warranty: 36 month/36 000 miles"",""Battery charge warning: Battery charge warning"",""Beverage holders: Front beverage holders"",""Body panels: Fully galvanized steel body panels with side impact beams"",""Brake type: 4-wheel disc brakes"",""Cigarette lighter: Front cigarette lighter"",""Clock: Digital clock"",""Corrosion perforation warranty: 60 month/unlimited"",""Door bins front: Driver and passenger door bins"",""Door handle material: Black door handles"",""Door locks: Manual door locks"",""Drive type: Rear-wheel drive"",""Electronic stability control: Electronic stability control system with anti-roll"",""Engine cooler: Engine oil cooler"",""Engine temperature warning: Engine temperature warning"",""Engine/electric motor temperature gauge: Engine/electric motor temperature gauge"",""First-row windows: Manual first-row windows"",""Floor console storage: Floor console storage"",""Floor console: Partial floor console"",""Front anti-roll: Front anti-roll bar"",""Front impact airbag driver: Driver front impact airbag"",""Front impact airbag passenger: Passenger front impact airbag"",""Gearshifter material: Urethane gear shifter material"",""Glove box: Standard glove box"",""Grille style: Black grille"",""Headlight type: Sealed beam headlights"",""Headlights on reminder: Headlights on reminder"",""Height adjustable seatbelts: Front height adjustable seatbelts"",""High mount stop light: High mounted center stop light"",""Ignition type: Mechanical"",""Instrumentation display: Analog instrumentation display"",""Key in vehicle warning: Key in vehicle warning"",""Low level warnings: Low level warning for fuel and brake fluid"",""Low tire pressure warning: Low tire pressure warning"",""Number of airbags: 2 airbags"",""Number of doors: 3 doors"",""Oil pressure gauge: Oil pressure gauge"",""Oil pressure warning: Oil pressure warning"",""Passenger doors rear right: Split swing-out right rear passenger door"",""Powertrain type: ICE"",""Powertrain warranty: 60 month/60 000 miles"",""Radiator: Radiator"",""Rear Springs: Regular grade rear springs"",""Rear cargo door: Split swing-out rear cargo door"",""Roadside warranty: 60 month/60 000 miles"",""Seatbelt pretensioners number: 2 seatbelt pre-tensioners"",""Seatbelt pretensioners: Front seatbelt pretensioners"",""Service interval warning: Service interval indicator"",""Shock absorbers: Heavy-duty gas-pressurized shock absorbers"",""Spare tire location: Crank-down spare tire"",""Spare tire: Full-size spare tire with steel wheel"",""Speakers number: 2 speakers"",""Speakers: Standard grade speakers"",""Special paint: Monotone paint"",""Springs front: Front coil springs"",""Springs rear: Rear leaf springs"",""Steering type: Re-circulating ball steering"",""Steering wheel material: Urethane steering wheel"",""Steering wheel tilt: Manual tilting steering wheel"",""Steering: Hydraulic power-assist steering system"",""Sun visor strip: Sun visor strip"",""Suspension ride type front: Twin I-Beam independent front suspension"",""Suspension ride type rear: Rigid axle rear suspension"",""Suspension type rear: Leaf spring rear suspension"",""Suspension: Standard ride suspension"",""Tailgate control: Manual tailgate/rear door lock"",""Tailpipe: Stainless steel single exhaust"",""Tinted windows: Light tinted windows"",""Traction control: All-speed ABS and driveline traction control"",""Transmission oil cooler: Transmission oil cooler"",""Trip odometer: Trip odometer"",""Variable panel light: Variable instrument panel light"",""Ventilated brakes: Front ventilated disc brakes"",""Voltmeter: Voltmeter"",""Window Trim: Black side window trim"",""Windshield trim: Black windshield trim"",""Wipers: Variable intermittent front windshield wipers""]}",83,"The 2012 Ford E-350 Super Duty is a dependable and versatile full-size van built to handle demanding work, passenger transport, and commercial applications. Powered by a strong V8 engine and paired with a durable automatic transmission, the E-350 Super Duty delivers the capability needed for hauling cargo, towing equipment, or carrying multiple passengers with confidence. Its heavy-duty chassis and suspension provide excellent stability and reliability, making it a popular choice for businesses, contractors, shuttle services, and fleet operators. Inside, the cabin offers straightforward controls, comfortable seating, and ample space designed for practicality and functionality. Large rear cargo capacity allows for easy loading and transport of tools, supplies, or equipment, while wide-opening doors improve accessibility.","[PREMIUM]",43,"1325 MAIN ST","Longmont","CO","80501","[PREMIUM]"
"786325007","2026-07-28 23:25:01.972","2026-07-28 23:25:01.972","786325007","[PREMIUM]","T340726",2012,"TOYOTA","Toyota","CAMRY","Camry","XLE","SEDAN","Used","Used 2012 Toyota Camry XLE",96811,"[PREMIUM]",,,"[PREMIUM]",12250,13600,"Magnetic Gray Metallic","GRAY","Ash","GRAY","6CLDR","6-Cylinder","2 wheel drive - front","AUT","6-Speed Automatic","Automatic","G","Gasoline","Gas",21,30,3.5,true,5,false,true,false,,false,,,"30",614925,"[PREMIUM]","[PREMIUM]","[PREMIUM]",3731,"[PREMIUM]",false,"PARTNER",370423,4.4,547,0,"[""NO_SALVAGE_TITLE"",""NO_ACCIDENTS_REPORTED"",""ONE_OWNER""]","{""exterior"":[""Aluminum Wheels"",""Automatic Headlights"",""Fog Lamps"",""Heated Mirrors"",""Power Mirror(s)"",""Tires - Front Performance"",""Tires - Rear Performance""],""interior"":[""AC"",""Adjustable Steering Wheel"",""Auto-Dimming Rearview Mirror"",""Bucket Seats"",""Climate Control"",""Driver Adjustable Lumbar"",""Driver Illuminated Vanity Mirror"",""Driver Vanity Mirror"",""Emergency Trunk Release"",""Front Reading Lamps"",""Generic Sun/Moonroof"",""Heated Front Seat(s)"",""Intermittent Wipers"",""Leather Seats"",""Leather Steering Wheel"",""Multi-Zone A/C"",""Pass-Through Rear Seat"",""Passenger Illuminated Visor Mirror"",""Passenger Vanity Mirror"",""Power Door Locks"",""Power Driver Seat"",""Power Outlet"",""Power Passenger Seat"",""Power Windows"",""Rear Bench Seat"",""Rear Defrost"",""Rear Reading Lamps"",""Remote Trunk Release"",""Steering Wheel Audio Controls"",""Sun/Moonroof"",""Trip Computer"",""Universal Garage Door Opener"",""Variable Speed Intermittent Wipers"",""Woodgrain Interior Trim""],""mechanical"":[""4-Wheel Disc Brakes"",""Front Wheel Drive"",""Power Steering""],""other"":[""Bluetoothᆴ Connection"",""Requires Subscription"",""Smart Device Integration""],""safety"":[""ABS"",""Brake Assist"",""Child Safety Locks"",""Daytime Running Lights"",""Driver Air Bag"",""Front Head Air Bag"",""Front Side Air Bag"",""Knee Air Bag"",""Passenger Air Bag"",""Passenger Air Bag Sensor"",""Rear Head Air Bag"",""Rear Side Air Bag"",""Security System"",""Stability Control"",""Temporary Spare Tire"",""Tire Pressure Monitor"",""Traction Control""],""technology"":[""AM/FM Stereo"",""Auxiliary Audio Input"",""Back-Up Camera"",""CD Player"",""Cruise Control"",""HD Radio"",""Immobilizer"",""Keyless Entry"",""Keyless Start"",""MP3 Capability"",""Navigation System"",""Satellite Radio""]}",76,"New Arrival! CarFax 1-Owner, This 2012 Toyota Camry XLE will sell fast -Backup Camera -Navigation -Leather -Auto Climate Control Vehicle Detailed -Aux. Audio Input ABS Brakes -Power Seat -Automatic Headlights -Heated Front Seats -AM/FM Radio Based on the excellent condition of this vehicle, along with the options and color, this Toyota Camry is sure to sell fast. -Front Wheel Drive -Multi-Zone Air Conditioning - Garage Door Opener -CARFAX 1-Owner and many other amenities that are sure to please. You can reach Chuck Hutton Toyota any time by filling out our contact form, by calling us or simply visiting our Memphis Toyota dealership at 4601 Hutton Way. We are proud to serve Memphis, Southaven, Olive Branch and Hernando, MS.","[PREMIUM]",5,"4601 Hutton Way","Memphis","TN","38116","[PREMIUM]"
"786490390","2026-07-28 23:25:01.971","2026-07-28 23:25:01.971","786490390","[PREMIUM]","T14011",2012,"RAM","RAM","RM1500","1500","ST","TRUCKS","Used","Used 2012 RAM 1500 ST w/ ST Popular Equipment Group",80972,"[PREMIUM]",,"Great","[PREMIUM]",15415,17290,"Bright Silver Metallic","SILVER","Dark Slate/Medium Graystone","GRAY","8CLDR","8-Cylinder","4 wheel drive","AUT","6-Speed Automatic","Automatic","F","Flexible Fuel","Gas",14,19,4.7,false,4,false,true,false,,false,,,"30",55868087,"[PREMIUM]","[PREMIUM]","[PREMIUM]",1817,"[PREMIUM]",false,"PARTNER",371352,4.6,534,0,"[""NO_SALVAGE_TITLE"",""NO_ACCIDENTS_REPORTED"",""ONE_OWNER""]","{""exterior"":[""Automatic Headlights"",""Heated Mirrors"",""Power Mirror(s)"",""Steel Wheels"",""Tires - Front All-Season"",""Tires - Rear All-Season"",""Tow Hitch""],""interior"":[""AC"",""Adjustable Steering Wheel"",""Cloth Seats"",""Floor Mats"",""Intermittent Wipers"",""Power Door Locks"",""Power Outlet"",""Power Windows"",""Split Bench Seat"",""Variable Speed Intermittent Wipers"",""Vinyl Seats""],""mechanical"":[""4-Wheel Disc Brakes"",""6-Speed A/T"",""8 Cylinder Engine"",""A/T"",""Flex Fuel Capability"",""Four Wheel Drive"",""Power Steering""],""other"":[""Locking/Limited Slip Differential"",""Tow Hooks""],""safety"":[""ABS"",""Child Safety Locks"",""Conventional Spare Tire"",""Driver Air Bag"",""Front Head Air Bag"",""Front Side Air Bag"",""Passenger Air Bag"",""Rear Head Air Bag"",""Stability Control"",""Tire Pressure Monitor"",""Traction Control""],""technology"":[""AM/FM Stereo"",""Auxiliary Audio Input"",""CD Player"",""Engine Immobilizer"",""MP3 Player""]}",43,"ST trim, Bright Silver Metallic exterior and Dark Slate/Medium Graystone interior.<br><br>KEY FEATURES INCLUDE<br>4x4, iPod/MP3 Input, CD Player.<br><br>OPTION PACKAGES<br>ST POPULAR EQUIPMENT GROUP cloth 40/20/40 bench seat, SIRIUS satellite radio, remote keyless entry, speed control, carpeted floor covering, front/rear floor mats, CLASS IV RECEIVER HITCH, ANTI-SPIN DIFFERENTIAL REAR AXLE, TRAILER BRAKE CONTROL GROUP trailer brake control, speed control, instrument cluster w/display screen, tire pressure monitoring display, vehicle info center, PROTECTION GROUP front tow hooks, front suspension skid plate, transfer case skid plate, 6-SPEED AUTOMATIC TRANSMISSION (STD), 4.7L V8 FLEX-FUEL ENGINE (STD). Ram ST with Bright Silver Metallic exterior and Dark Slate/Medium Graystone interior features a 8 Cylinder Engine with 315 HP at 5650 RPM*.<br><br>EXPERTS ARE SAYING<br>From KBB.com: People are attracted to the Rams unique good looks, plush cabin, and impressive Hemi V8 engine.<br><br>WHO WE ARE<br>The staff at Lithia Chrysler Jeep Dodge of Santa Fe proudly offers the newest Chrysler, Dodge and Jeep cars in the Santa Fe, NM region. We also carry an impressive selection of used cars, trucks and SUVs by the industrys top manufacturers. Our experienced sales staff can point you in the right direction based on your individual vehicle needs. We also offer competitive financing, top tier service and a fully stocked inventory of Chrysler, Dodge and Jeep automotive parts. Visit us today!<br><br>Plus TT&amp;L. Prices include $699 dealer transfer service fee. Does not include optional accessories of $395 Tint, $150 Perma Plate, and $150 Windshield Application.<br><br>","[PREMIUM]",,"7401 CERRILLOS RD","Santa Fe","NM","87507","[PREMIUM]"
"786431562","2026-07-28 23:25:01.970","2026-07-28 23:25:01.970","786431562","[PREMIUM]","FG709262",2015,"HONDA","Honda","CRV","CR-V","EX","SUV","Used","Used 2015 Honda CR-V EX",79631,"[PREMIUM]",,"Great","[PREMIUM]",15580,17180,"Alabaster Silver Metallic","SILVER","Black","BLACK","4CLDR","4-Cylinder","2 wheel drive - front","AUT","Continuously Variable Automatic","Automatic","G","Gasoline","Gas",27,34,2.4,false,4,false,true,false,,false,,,"30",342855,"[PREMIUM]","[PREMIUM]","[PREMIUM]",2508,"[PREMIUM]",false,"PARTNER",402511,4.1,508,0,"[""NO_SALVAGE_TITLE"",""NO_ACCIDENTS_REPORTED"",""NO_ONE_OWNER""]","{""exterior"":[""Alabaster Silver Metallic""],""interior"":[""Cloth Seat Trim"",""Moonroof""],""other"":[""Black""],""technology"":[""Keyless Start""]}",5,"* Moonroof<br>* Keyless Start<br>* Alabaster Silver Metallic<br>* Black; Cloth Seat Trim<br><br><br><br>This vehicle includes a Money-Back Guarantee* and passed our precise inspection process. Best of all the price you see is the price you pay. No haggling. No back and forth. No pressure. And this price is so good it is guaranteed. *Money-Back Guarantee is valid for 5 days or 250 miles, whichever comes first. Subject to certain terms and conditions. See store for details. Some restrictions apply.<br><br>Check out this pre-owned 2015 Honda CR-V we recently got in. This Honda includes: ALABASTER SILVER METALLIC *Note - For third party subscriptions or services, please contact the dealer for more information.* The Honda CR-V EX offers a fair amount of utility thanks to its advanced features and unique styling. It's also quite sporty, and injects an ample amount of handling chutzpah into the ridin'-high body of a family-friendly SUV. Save money at the pump with this fuel-sipping Honda CR-V. This low mileage Honda CR-V has barely been touched. It's the next best thing to buying new. More information about the 2015 Honda CR-V: Honda has a successful formula for their compact SUV and they see little reason to deviate too much. All CR-Vs come with a capable 4-cylinder engine, a cleverly designed interior and compact exterior dimensions. This is all wrapped up in attractively designed sheet metal and sold with available all-wheel drive at a competitive price. While some competitors have allowed their vehicles to balloon in size, features and price, Honda has steadfastly stuck to the winning formula that has made every generation of CR-V a success. Strengths of this model include well-equipped, Practical, and available all-wheel-drive.<br><br>","[PREMIUM]",15,"6702 South Padre Island Drive","Corpus Christi","TX","78412","[PREMIUM]"
"786490082","2026-07-28 23:25:01.964","2026-07-28 23:25:01.964","786490082","[PREMIUM]","SZED10435",2012,"JAG","Jaguar","XK","XK","Coupe","COUPE","Used","Used 2012 Jaguar XK Coupe",60764,"[PREMIUM]",,,"[PREMIUM]",16200,19800,,,,,"8CLDR","8-Cylinder","2 wheel drive - rear","AUT","6-Speed Automatic","Automatic","G","Gasoline","Gas",16,24,5,true,4,false,true,false,,false,,,"30",75014855,"[PREMIUM]","[PREMIUM]","[PREMIUM]",52,"[PREMIUM]",false,"PARTNER",364396,4.6,108,0,"[""NO_SALVAGE_TITLE"",""ACCIDENTS_REPORTED"",""NO_ONE_OWNER""]","{""interior"":[""Cargo net: Cargo net"",""Heated steering wheel: Heated steering wheel"",""Leather Seats"",""Seating capacity: 4""],""other"":[""12V power outlets: 2 12V power outlets"",""Accessory power: Retained accessory power"",""Air conditioning: Yes"",""All-in-one key: All-in-one >"",""Armrests front center: Sliding front seat center armrest"",""Ashtray: Ashtray"",""Beverage holders: Front beverage holders"",""Cabin air filter: Cabin air filter"",""Cargo access: Power cargo area access release"",""Cargo floor type: Carpet cargo area floor"",""Cargo light: Cargo area light"",""Carpet door panel trim: Carpet door panel trim"",""Cigarette lighter: Front cigarette lighter"",""Climate control: Automatic climate control"",""Dashboard material: Leather upholstered dashboard"",""Door bins front: Driver and passenger door bins"",""Door locks: Power door locks with 2 stage unlocking"",""Door mirror with tilt-down in reverse: Power passenger door mirror with tilt down in reverse"",""Door trim insert: Leather door trim insert"",""Driver foot rest: Driver foot rest"",""Driver lumbar: Driver seat with 4-way power lumbar"",""Driver seat direction: Driver seat with 12-way directional controls"",""Driver side rear seat easy entry: Manual driver side rear seat easy entry"",""Dual-zone front climate control: Dual-zone front climate control"",""Floor console storage: Covered floor console storage"",""Floor console: Full floor console"",""Floor coverage: Full floor coverage"",""Floor covering: Full carpet floor covering"",""Floor mats: Carpet front floor mats"",""Front anti-whiplash head restraints: Anti-whiplash front seat head restraints"",""Front head restraint control: Manual front seat head restraint control"",""Front head restraints: Height and tilt adjustable front seat head restraints"",""Front passenger lumbar: Front passenger seat with 4-way power lumbar"",""Front seatback upholstery: Leatherette front seatback upholstery"",""Fuel door: Power fuel door release"",""Garage door opener: HomeLink garage door opener"",""Gearshifter material: Aluminum gear shifter material"",""Glove box: Illuminated locking glove box"",""Headliner coverage: Full headliner coverage"",""Heated door mirrors: Heated driver and passenger side door mirrors"",""Interior accents: Chrome and metal-look interior accents"",""Keyfob keyless entry: Keyfob keyless entry"",""Memory settings: Memory settings include: door mirrors and steering wheel"",""Number of memory settings: 3 memory settings"",""Overhead console: Mini overhead console"",""Passenger seat direction: Front passenger seat with 12-way directional controls"",""Passenger side rear seat easy entry: Manual passenger side rear seat easy entry"",""Power driver seat controls: Driver seat power reclining  lumbar support"",""Power passenger seat controls: Passenger seat power reclining  lumbar support"",""Rear cargo door: Liftgate rear cargo door"",""Rear head restraint control: 2 rear seat head restraints"",""Rear head restraints: Fixed rear head restraints"",""Rear seat direction: Front facing rear seat"",""Rear seatback upholstery: Leather rear seatback upholstery"",""Rear seats fixed or removable: Fixed rear seats"",""Rear seats: Rear bench seat"",""Rearview mirror: Auto-dimming rear view mirror"",""Seatback storage pockets: 2 seatback storage pockets"",""Steering mounted audio control: Steering wheel mounted audio controls"",""Steering wheel material: Leather and metal-look steering wheel"",""Steering wheel telescopic: Power telescopic steering wheel"",""Steering wheel tilt: Power tilting steering wheel"",""Tinted windows: Light tinted windows"",""Trunk lid trim: Carpet trunk lid trim"",""Visor driver expandable coverage: Driver visor with expandable coverage"",""Visor driver mirror: Driver visor mirror"",""Visor illuminated driver mirror: Illuminated driver visor mirror"",""Visor illuminated passenger mirror: Illuminated passenger visor mirror"",""Visor passenger expandable coverage: Passenger visor with expandable coverage"",""Visor passenger mirror: Passenger visor mirror"",""cushion extension"",""cushion tilt""],""technology"":[""Bluetooth"",""Navigation System""]}",78,"NO DEALER FEES!<br>NO COMMISSIONED SALES PEOPLE<br>REMOTE DELIVERY AVAILABLE<br>Prices do not include tax, tag, title or registration fees. Additional fees include a Third Party Tag Agency Fee of $399.00 and an Electronic Filing Fee of $299.00. these charges represent costs and profit to the dealer for items such as preparing documents related to the sale.","[PREMIUM]",29,"1218 SE FEDERAL HWY","Stuart","FL","34994","[PREMIUM]"
"786400382","2026-07-28 23:25:01.964","2026-07-28 23:25:01.964","786400382","[PREMIUM]","P21142",2022,"KIA","Kia","KIASELTOS","Seltos","LX","SUV","Used","Used 2022 Kia Seltos LX",39595,"[PREMIUM]",,"Great","[PREMIUM]",19050,21150,"Neptune Blue","BLUE","Black","BLACK","4CLDR","4-Cylinder","All wheel drive","AUT","Continuously Variable Automatic","Automatic","G","Gasoline","Gas",27,31,2,false,5,false,true,false,,false,,,"30",73002883,"[PREMIUM]","[PREMIUM]","[PREMIUM]",751,"[PREMIUM]",false,"PARTNER",453661,4.2,42,0,"[""NO_SALVAGE_TITLE"",""ACCIDENTS_REPORTED"",""NO_ONE_OWNER""]","{""exterior"":[""Aluminum Wheels"",""Automatic Headlights"",""Automatic Highbeams"",""Power Mirror(s)"",""Rear Spoiler"",""Tires - Front Performance"",""Tires - Rear Performance""],""interior"":[""A/C"",""Adjustable Steering Wheel"",""BLACK  CLOTH SEAT TRIM"",""Bucket Seats"",""CARPETED FLOOR MATS"",""Cloth Seats"",""Driver Vanity Mirror"",""Intermittent Wipers"",""Pass-Through Rear Seat"",""Passenger Vanity Mirror"",""Power Door Locks"",""Power Windows"",""Privacy Glass"",""Rear Bench Seat"",""Rear Defrost"",""Remote Trunk Release"",""Steering Wheel Audio Controls"",""Trip Computer"",""Variable Speed Intermittent Wipers""],""mechanical"":[""4-Wheel Disc Brakes"",""All Wheel Drive"",""Power Steering""],""other"":[""Driver Monitoring"",""Front Collision Mitigation"",""NEPTUNE BLUE"",""Smart Device Integration""],""safety"":[""ABS"",""Brake Assist"",""Child Safety Locks"",""Daytime Running Lights"",""Driver Air Bag"",""Front Head Air Bag"",""Front Side Air Bag"",""Lane Departure Warning"",""Lane Keeping Assist"",""Passenger Air Bag"",""Passenger Air Bag Sensor"",""Rear Head Air Bag"",""Security System"",""Stability Control"",""Temporary Spare Tire"",""Tire Pressure Monitor"",""Traction Control""],""technology"":[""AM/FM Stereo"",""Auxiliary Audio Input"",""Back-Up Camera"",""Bluetooth Connection"",""Cruise Control"",""Keyless Entry"",""MP3 Capability"",""REMOTE START""]}",58,"Serviced here, Excellent Condition. BLUE exterior and Black interior, LX trim. PRICED TO MOVE $1,100 below Kelley Blue Book! Lane Keeping Assist, Bluetooth&reg;, iPod/MP3 Input, Aluminum Wheels, AWD, REMOTE START, Back-Up Camera, Serviced here.<br><br>WHY BUY FROM US<br>Since Rudy Luther bought his first dealership in 1952, Luther dealerships have offered a commitment to customer service, inventory selection, and a meaningful dealership experience. Luther Used Car Company continues this tradition by providing unique solutions to all your automotive needs. Once we find the ideal vehicle for you, we can assist with finding financing options. We are determined you will drive affordably!<br><br>OPTION PACKAGES<br><br><br>Pricing analysis performed on 7/24/2026.<br><br><br>Horsepower calculations based on trim engine configuration. Fuel economy calculations based on original manufacturer data for trim engine configuration. Please confirm the accuracy of the included equipment by calling us prior to purchase.<br><br>The price of this vehicle includes a $350 documentation fee.","[PREMIUM]",5,"7417 BROOKLYN BLVD","Brooklyn Park","MN","55443","[PREMIUM]"
"786532541","2026-07-28 23:25:01.944","2026-07-28 23:25:01.944","786532541","[PREMIUM]","1FT8W3BT1CEC10396",2012,"FORD","Ford","F350","F350","XLT","TRUCKS","Used","Used 2012 Ford F350 XLT w/ XLT Premium Pkg",238000,"[PREMIUM]",,,"[PREMIUM]",9110,11110,"White","WHITE","Gray","GRAY","8CLDR","8-Cylinder Turbo","4 wheel drive","AUT","6-Speed Automatic","Automatic","D","Diesel","Gas",,,6.7,false,3,false,true,false,,false,,,"30",75871195,"[PREMIUM]","[PREMIUM]","[PREMIUM]",,"[PREMIUM]",true,,371273,4.3,227,,"[""NO_SALVAGE_TITLE"",""ACCIDENTS_REPORTED"",""NO_ONE_OWNER""]","{""exterior"":[""Fog Lights"",""Oversized Premium Wheels 20\""+"",""Running Boards""],""interior"":[""Air Conditioning"",""Power Door Locks"",""Power Seat"",""Power Sliding Rear Window"",""Power Windows""],""mechanical"":[""Power Steering"",""Towing Pkg""],""other"":[""FX4 Off-Road"",""Premium Sound"",""Tilt & Telescoping Wheel""],""safety"":[""ABS (4-Wheel)"",""AdvanceTrac"",""Dual Air Bags"",""F&R Head Curtain Air Bags"",""F&R Side Air Bags"",""Perimeter Alarm System"",""Traction Control""],""technology"":[""AM/FM Stereo"",""Backup Camera"",""CD/MP3 (Single Disc)"",""Cruise Control"",""Hill Start Assist Control"",""Keyless Entry""]}",26,"Selling my 2012 Ford F-350 XLT 4x4 equipped with the 6.7L Power Stroke diesel. This is a strong, dependable truck that runs and drives great. Whether you're looking for a daily driver, work truck, or something ready to tow long distance, this truck is ready to go.<br><br> XLT trim<br> 4x4<br> Deleted and tuned<br> Mini Maxx tuner with 4 different tunes<br> CP4 fuel pump replaced as a preventative measure<br> Engine oil and transmission fluid changed less than 500 miles ago<br> 5th-wheel adapters installed in the bed<br> Ranch Hand front grille/bumper setup<br> Large aftermarket touchscreen head unit<br> Apple CarPlay &amp; Android Auto<br> 10-inch subwoofer with built-in amplifier<br> 2 separate backup cameras","[PREMIUM]",12,,"Yakima","WA","98908","[PREMIUM]"
"786508278","2026-07-28 23:24:02.702","2026-07-28 23:24:02.702","786508278","[PREMIUM]","C42234B",2019,"JEEP","Jeep","CHER","Cherokee","Latitude Plus","SUV","Used","Used 2019 Jeep Cherokee Latitude Plus w/ Comfort/Convenience Group",83484,"[PREMIUM]",,"Good","[PREMIUM]",14161,16461,"Velvet Red Pearlcoat","RED","Black","BLACK","4CLDR","4-Cylinder","4 wheel drive","AUT","9-Speed Automatic","Automatic","G","Gasoline","Gas",21,29,2.4,false,4,false,true,false,,false,,,"30",63390837,"[PREMIUM]","[PREMIUM]","[PREMIUM]",6178,"[PREMIUM]",false,"PARTNER",434318,3.9,415,0,"[""NO_SALVAGE_TITLE"",""NO_FRAME_DAMAGE"",""NO_FLOOD_WATER_DAMAGE"",""NO_ACCIDENTS_REPORTED"",""NO_ONE_OWNER"",""FREE_REPORT""]","{""exterior"":[""Alloy Wheels"",""Alloy wheels"",""Bumpers: body-color"",""Delay-off headlights"",""Front fog lights"",""Fully automatic headlights"",""Heated door mirrors"",""Power door mirrors"",""Rear window wiper"",""Spoiler"",""Turn signal indicator mirrors"",""Windshield Wiper De-Icer""],""interior"":[""115V Auxiliary Power Outlet"",""Air Conditioning"",""Air Conditioning ATC w/Dual Zone Control"",""All-Season Floor Mats"",""Anti-whiplash front head restraints"",""Auto-Dimming Rear-View Mirror"",""Cloth/Premium Vinyl Bucket Seats"",""Driver door bin"",""Driver vanity mirror"",""Front Bucket Seats"",""Front Center Armrest"",""Front reading lights"",""Heated Front Seats"",""Heated Steering Wheel"",""Humidity Sensor"",""Leather Shift Knob"",""Overhead console"",""Passenger door bin"",""Passenger vanity mirror"",""Power Front/Fixed Rear Full Sunroof"",""Power Lift Gate"",""Power Liftgate"",""Power driver seat"",""Power windows"",""Premium Air Filter"",""Rear reading lights"",""Rear seat center armrest"",""Rear window defroster"",""Split folding rear seat"",""Steering wheel mounted audio controls"",""Tachometer"",""Telescoping steering wheel"",""Tilt steering wheel"",""Trip computer"",""Universal Garage Door Opener"",""Variably intermittent wipers"",""Voltmeter""],""mechanical"":[""3.734 Axle Ratio"",""4-Wheel Disc Brakes"",""AutoStick Automatic Transmission"",""Auxiliary Transmission Oil Cooler"",""Engine Block Heater"",""Four wheel independent suspension"",""Power steering"",""Speed-sensing steering""],""other"":[""Apple CarPlay/Android Auto"",""Clean CARFAX"",""Cold Weather Group"",""Comfort/Convenience Group"",""Front anti-roll bar"",""Full Safety Inspection Check"",""Illuminated entry"",""Local Trade"",""Never A Rental"",""Normal Duty Suspension"",""Outside temperature display"",""Quick Order Package 2BD"",""Rear anti-roll bar"",""Roof rack: rails only"",""Stop-Start Multiple VSM System"",""USB Host Flip"",""Wheels: 17\"" x 7\"" Satin Carbon Aluminum""],""safety"":[""ABS brakes"",""Brake assist"",""Dual front impact airbags"",""Dual front side impact airbags"",""Electronic Stability Control"",""Knee airbag"",""Low tire pressure warning"",""Occupant sensing airbag"",""Overhead airbag"",""Panic alarm"",""Rear side impact airbag"",""Security Alarm"",""Traction control""],""technology"":[""6 Speakers"",""AM/FM radio: SiriusXM"",""Compass"",""Integrated Voice Command w/Bluetooth"",""ParkView Rear Back-Up Camera"",""Radio data system"",""Radio: Uconnect 4 w/7\"" Display"",""Remote Start System"",""Remote keyless entry"",""SiriusXM Satellite Radio"",""Speed control""]}",98,"2019 Jeep Cherokee Latitude Plus Velvet Red Pearlcoat<br><br>Disclaimer:<br><br>All pricing and details are believed to be accurate, but we do not warrant or guarantee such accuracy. The prices shown above, may vary from region to region, as will incentives, and are subject to change. Vehicle information is based off standard equipment and may vary from vehicle to vehicle. Call or email for complete vehicle specific information. Excludes official fees, taxes, dealer charges and $225 doc fee. While great effort is made to ensure the accuracy of the information on this site, errors do occur so please verify information with a customer service rep. This is easily done by calling us at   or by visiting us at the dealership.<br><br>***For Special Edition Cash Please see Premium Options &amp; Packages on the vehicle details page for more information.<br><br>**With approved Credit. Terms may vary. Monthly payments are only estimates derived from the vehicle price with a 72 month term, 5.9% interest and 20% down payment.<br><br>2.4L I4 9-Speed 948TE Automatic 4WD Clean CARFAX. Local Trade, Never A Rental, Alloy Wheels, Clean CARFAX, Full Safety Inspection Check, Power Lift Gate, 115V Auxiliary Power Outlet, Air Conditioning ATC w/Dual Zone Control, All-Season Floor Mats, Auto-Dimming Rear-View Mirror, Cold Weather Group, Comfort/Convenience Group, Engine Block Heater, Heated Front Seats, Heated Steering Wheel, Humidity Sensor, Power Liftgate, Premium Air Filter, Quick Order Package 2BD, Remote Start System, Security Alarm, Universal Garage Door Opener, Windshield Wiper De-Icer.<br><br>Toyota of Irving is your place for Pre-Owned vehicles. This vehicle has passed a meticulous, comprehensive multi-point inspection performed by a Toyota Certified Technician, and we provide a complimentary CarFax report. This vehicle is fully detailed and reconditioned, and comes with two years of complimentary maintenance to provide peace of mind and give you as close to a brand new vehicle experience as possible. Save time and get pre-approved here:<br>https://www.toyotaofirving.com/finance/apply-for-financing/<br>Our professional financing agents will work with your credit approval to find the most affordable payment and loan terms for any budget. We are a large, family-owned Dallas-Fort Worth Mid-Cities Toyota dealership and Used Car Supercenter serving all of the DFW Metroplex in North Texas. Odometer is 13117 miles below market average! 21/29 City/Highway MPG","[PREMIUM]",19,"1999 W. Airport Frwy","Irving","TX","75062","[PREMIUM]"
"785217381","2026-07-28 23:24:02.106","2026-07-28 23:24:02.106","785217381","[PREMIUM]","CC433196",2012,"NISSAN","Nissan","FRONTI","Frontier","SL","TRUCKS","Used","Used 2012 Nissan Frontier SL",93395,"[PREMIUM]",,,"[PREMIUM]",13880,15480,"Night Armor","BLACK","Steel","GRAY","6CLDR","6-Cylinder","4 wheel drive","AUT","5-Speed Automatic","Automatic","G","Gasoline","Gas",14,19,4,true,19,false,false,false,,false,,,"30",75770,"[PREMIUM]","[PREMIUM]","[PREMIUM]",7888,"[PREMIUM]",false,"PARTNER",371194,4.5,668,1,"[""NO_SALVAGE_TITLE"",""NO_ACCIDENTS_REPORTED"",""ONE_OWNER""]","{""interior"":[""L92 Front/Rear Floor Mats (Pio)"",""Leather Seats""],""mechanical"":[""C03 50 State Emissions""],""other"":[""Night Armor"",""Seat Trim"",""Steel""]}",6,"* Leather Seats<br>* [L92] Front/Rear Floor Mats<br>* [C03] 50 State Emissions<br>* Night Armor<br>* Steel; Seat Trim<br><br><br><br>This vehicle includes a Money-Back Guarantee* and passed our precise inspection process. Best of all the price you see is the price you pay. No haggling. No back and forth. No pressure. And this price is so good it is guaranteed. *Money-Back Guarantee is valid for 5 days or 250 miles, whichever comes first. Subject to certain terms and conditions. See store for details. Some restrictions apply.<br><br>2012NissanFrontier At home in the country and in the city, this 2012 4WD Nissan Frontier SV has been wonderfully refined to handle any occasion. Smooth steering, superior acceleration and a supple ride are just a few of its qualities. In addition to being well-cared for, this Nissan Frontier has very low mileage making it a rare find. This is the one. Just what you've been looking for. More information about the 2012 Nissan Frontier: The Nissan Frontier is one of the lowest-priced pickups available; and with the discontinuation of the Ford Ranger for 2012, it's also one of the few compact trucks remaining on the market. Four-cylinder Frontier models fill most needs for a basic truck--provided you have only light-duty tasks like hauling firewood or appliances--while V6 models are the way to go for those with serious towing in mind. In any of its guises, the Frontier is more maneuverable and easier to park than full-size pickups, while Crew Cab models have enough space for four adults and compared to other small trucks the Frontier line still offers some innovative storage features, such as removable rear-seat storage boxes, and the Utili-track adjustable tie-down system. Off-road purists will also like the complete set of go-anywhere equipment and interior comforts in the PRO-4X models, while in general, the Frontier can handle heavier-duty tasks than some other compact trucks because of its shared frame and structure with the larger Titan. Strengths of this model include affordability, very capable V6, fuel-saving 4-cylinder base model, Maneuverability, and innovative storage solutions<br><br>","[PREMIUM]",22,"24773 Mission Blvd","Hayward","CA","94544","[PREMIUM]"
"786390465","2026-07-28 23:24:01.957","2026-07-28 23:24:01.957","786390465","[PREMIUM]","926050A",2012,"TOYOTA","Toyota","TACOMA","Tacoma","PreRunner","TRUCKS","Used","Used 2012 Toyota Tacoma PreRunner w/ SR5 Pkg",136930,"[PREMIUM]",,,"[PREMIUM]",15110,16860,"Nautical Blue Metallic","BLUE","Graphite","GRAY","6CLDR","6-Cylinder","2 wheel drive - rear","AUT","5-Speed Automatic","Automatic","G","Gasoline","Gas",17,21,4,false,5,false,true,false,,false,,,"30",89827,"[PREMIUM]","[PREMIUM]","[PREMIUM]",332,"[PREMIUM]",false,"PARTNER",371262,4.7,1661,0,"[""NO_SALVAGE_TITLE"",""NO_ACCIDENTS_REPORTED"",""NO_ONE_OWNER""]","{""exterior"":[""16\"" x 7J+30 Aluminum Wheels"",""16\"" x 7J+30 Style Steel Wheels"",""Chrome Grille Surround & Rear Bumper"",""Class IV Hitch"",""Color-Keyed Front Bumper & Overfenders"",""Front Fog & Driving Lamps"",""Power door mirrors"",""Rear step bumper"",""SR5 Badging""],""interior"":[""Air Conditioning"",""All Weather Floor Mats & Door Sill Protector"",""Anti-whiplash front head restraints"",""Driver Lumbar Support"",""Driver door bin"",""Dual Sunvisors w/Mirrors & Extenders"",""Fabric Seat Trim"",""Fabric Seat Trim (FQ)"",""Front Bucket Seats"",""Front Center Armrest"",""Front reading lights"",""Leather-Wrapped Steering Wheel & Shift Knob"",""Metallic Tone Instrument Panel Trim"",""Overhead console"",""Passenger door bin"",""Passenger vanity mirror"",""Power windows"",""Privacy Glass"",""Sliding Rear Window"",""Split folding rear seat"",""Tachometer"",""Telescoping steering wheel"",""Tilt steering wheel"",""Variable Speed Wipers""],""mechanical"":[""3.727 Axle Ratio"",""Front wheel independent suspension"",""Power steering"",""Speed-sensing steering"",""Supplemental Oil Cooler"",""Towing Package"",""Transmission Oil Cooler""],""other"":[""**SEE IT AT THE SEAFORD CHEVROLET LOCATION**"",""130 Amp Alternator"",""CLEAN CARFAX"",""Compass & Outside Temperature Gauge"",""Firm Ride Suspension"",""Front anti-roll bar"",""Heavy-Duty Battery"",""Illuminated entry"",""SR5 Extra Value Package"",""Tailgate-Handle Integrated Backup Camera""],""safety"":[""ABS brakes"",""Brake assist"",""Daytime Running Lights"",""Dual front impact airbags"",""Dual front side impact airbags"",""Electronic Stability Control"",""Low tire pressure warning"",""Occupant sensing airbag"",""Overhead airbag"",""Traction control""],""technology"":[""7 Speakers"",""7-Pin Connector w/Converter"",""AM/FM radio: SiriusXM"",""AM/FM/CD w/7 Speakers"",""CD player"",""Cruise Control"",""HomeLink"",""Remote Keyless Entry System""]}",68,"2012 TOYOTA TACOMA DOUBLE CAB, V6, RWD. CLEAN CARFAX, FRESHLY SERVICED, TAKE A LOOK!<br><br>**SEE IT AT THE SEAFORD CHEVROLET LOCATION**, CLEAN CARFAX, Chrome Grille Surround &amp; Rear Bumper, Color-Keyed Front Bumper &amp; Overfenders, Compass &amp; Outside Temperature Gauge, Cruise Control, Driver Lumbar Support, Dual Sunvisors w/Mirrors &amp; Extenders, Fabric Seat Trim (FQ), Front Fog &amp; Driving Lamps, HomeLink, Leather-Wrapped Steering Wheel &amp; Shift Knob, Metallic Tone Instrument Panel Trim, Privacy Glass, Remote Keyless Entry System, Sliding Rear Window, SR5 Badging, SR5 Extra Value Package, Tailgate-Handle Integrated Backup Camera, Variable Speed Wipers. Recent Arrival! 2012 Toyota Tacoma PreRunner V6 Blue Clean CARFAX.<br><br><br>Awards:<br>* 2012 KBB.com Best Resale Value Awards * 2012 KBB.com 10 Best Used Trucks Under $20,000 Reviews:<br>* Engines offer a good balance of power and fuel efficiency; wide variety of body styles and trims; strong safety scores; impressive build quality; well-appointed interior. Source: Edmunds<br>* If you're looking for a proven pickup that is as capable as it is stylish, the 2012 Toyota Tacoma pickup deserves your full attention. Nearly as capable as a full-size pickup, but without the extra bulk or poor fuel economy, the Tacoma offers a wide selection ranging from everyday work truck to rugged off-road adventurer. Source: KBB.com<br><br><br>Since 1908, we've served Delmarva and its surrounding communities with outstanding sales and service as its longest-standing family-owned and operated dealer group. See why we proudly say, Nobody Beats a Burton Deal! NOBODY!","[PREMIUM]",9,"24799 Sussex Highway","Seaford","DE","19973","[PREMIUM]"
"786060954","2026-07-28 23:24:01.903","2026-07-28 23:24:01.903","786060954","[PREMIUM]","P18016A",2015,"MB","Mercedes-Benz","E350","E 350","4MATIC Sedan","SEDAN","Used","Used 2015 Mercedes-Benz E 350 4MATIC Sedan",43261,"[PREMIUM]",,"Great","[PREMIUM]",17171,19471,"Diamond White","OFFWHITE","Black Stone","UNAVAIL","6CLDR","6-Cylinder","All wheel drive","AUT","7-Speed Automatic","Automatic","G","Gasoline","Gas",20,28,3.5,true,9,true,false,false,,false,,,"30",70185531,"[PREMIUM]","[PREMIUM]","[PREMIUM]",403,"[PREMIUM]",false,"PARTNER",402795,4.7,266,0,"[""NO_SALVAGE_TITLE"",""NO_ACCIDENTS_REPORTED"",""ONE_OWNER""]","{""exterior"":[""Alloy wheels"",""Auto-dimming door mirrors"",""Bodyside moldings"",""Bumpers: body-color"",""Delay-off headlights"",""Full-LED Headlamps w/Active Curve Illumination"",""Fully automatic headlights"",""Heated door mirrors"",""Power Folding Mirrors"",""Power door mirrors"",""Rear Trunklid Spoiler"",""Rear fog lights"",""Turn signal indicator mirrors""],""interior"":[""Air Conditioning"",""Anti-whiplash front head restraints"",""Auto-dimming Rear-View mirror"",""Comfort Box"",""Driver door bin"",""Driver vanity mirror"",""Electronic Trunk Closer"",""Front Bucket Seats"",""Front Center Armrest"",""Front dual zone A/C"",""Front reading lights"",""Genuine wood console insert"",""Genuine wood dashboard insert"",""Genuine wood door panel insert"",""Head restraints memory"",""Heated Front Seats"",""Heated Steering Wheel"",""Leather Shift Knob"",""Leather steering wheel"",""Light Burl Walnut Wood Trim"",""Lighting Package"",""MB-Tex Upholstery"",""Memory seat"",""Overhead console"",""Passenger door bin"",""Passenger vanity mirror"",""Power Adjustable Front Seats"",""Power Rear Window Sunshade"",""Power Tilt/Sliding Panorama Sunroof"",""Power adjustable front head restraints"",""Power adjustable rear head restraints"",""Power driver seat"",""Power moonroof"",""Power passenger seat"",""Power windows"",""Rear reading lights"",""Rear seat center armrest"",""Rear window defroster"",""Split-Folding Rear Seats"",""Steering wheel memory"",""Steering wheel mounted audio controls"",""Tachometer"",""Telescoping steering wheel"",""Tilt steering wheel"",""Trip computer"",""Variably intermittent wipers""],""mechanical"":[""4-Wheel Disc Brakes"",""Four wheel independent suspension"",""Power steering"",""Speed-sensing steering""],""other"":[""18\"" AMGᆴ Twin 5-Spoke Wheels"",""Adaptive Highbeam Assist"",""Auto tilt-away steering wheel"",""BAS PLUS w/Cross-Traffic Assist"",""Best Family Car"",""COMANDᆴ System w/Hard-Drive Navigation"",""Close to Reagan National Airport DCA"",""Control Code"",""DC Destination Vacation Dealer"",""DISTRONIC PLUSᆴ  w/Steering Assist"",""DISTRONIC PLUSᆴ w/Pre-Safe Brake"",""Dealer"",""Dial the Dealer Direct ...Call Paul"",""Driver Assist Package"",""Driver Assistance Package"",""Front anti-roll bar"",""Hands-Free Access"",""Illuminated entry"",""KEYLESS GOᆴ"",""KEYLESS GOᆴ Package"",""Kensington"",""Mirror Package"",""Outside temperature display"",""PRE-SAFEᆴ  Brake"",""PRE-SAFEᆴ  PLUS"",""Preferred Washington Volvo and VW Dealer"",""Premium 1 Package"",""Premium audio system: COMANDᆴ"",""Prices on vehicles include freight and destination charges (applies to new vehicles only)"",""Radio: COMANDᆴ AM/FM/WB/In-Dash DVD/CD Player"",""Rear anti-roll bar"",""Rockville"",""Silver Spring"",""Sport Body Styling"",""Sport Package"",""Sport-Tuned Suspension"",""Surround View System"",""Two-Louver Radiator Grille w/Integrated Star"",""Washington DC"",""Wheels: 17\"" 5-Spoke Wheels"",""as well as an $800 Dealer Processing Charge (Not Required By Law)."",""harman/kardonᆴ Logic 7ᆴ Surround Sound System"",""or text 240-731-0977""],""safety"":[""ABS brakes"",""Active Blind Spot Assist"",""Active Lane Keeping Assist"",""Brake assist"",""Dual front impact airbags"",""Dual front side impact airbags"",""Electronic Stability Control"",""Emergency communication system: mbrace2"",""Knee airbag"",""Low tire pressure warning"",""Occupant sensing airbag"",""Overhead airbag"",""Panic alarm"",""Security system"",""Traction control""],""technology"":[""8 Speakers"",""AM/FM radio"",""Automatic temperature control"",""CD player"",""DVD-Audio"",""Garage door transmitter: Homelink"",""PARKTRONIC w/Active Parking Assist"",""Parking Assist Package"",""Parking Assist Package (P44)"",""Radio data system"",""Rain sensing wipers"",""Rear-View Camera"",""Remote keyless entry"",""SIRIUS Satellite Radio"",""Speed control"",""Weather band radio""]}",137,"Header: 2015 Mercedes-Benz E-Class E350 4MATIC | Original New Car Price: $74,455 | 43,261 miles | VIN: WDDHF8JB0FB088597 | One Owner CARFAX, Minor Front Damage Reported in 2017, Extensive Service History<br><br>Summary:<br>This 2015 Mercedes-Benz E350 4MATIC is a well-equipped luxury sedan that combines timeless styling, advanced technology, and all-weather capability. Finished in Diamond White with Black/Stone Leather seating, this one-owner vehicle has been meticulously maintained and features a long documented service history. The E350 delivers the refinement expected from Mercedes-Benz while offering premium comfort, sophisticated safety technologies, and exceptional low-mileage ownership. Originally priced at $74,455 when new, this vehicle is loaded with sought-after factory packages and luxury amenities.<br><br>Performance &amp; Efficiency:<br>- 3.5L V6 DOHC 24-valve engine<br>- 4MATIC all-wheel drive<br>- 7-speed automatic transmission<br>- ECO Start/Stop System<br>- Electromechanical steering<br>- Comfort suspension<br>- Steering wheel shift paddles<br><br>Detailed Equipment List:<br><br>Tech:<br>- COMAND Navigation with Voice Control<br>- SiriusXM Radio<br>- Harman Kardon LOGIC7 Surround Sound System<br>- Media Interface<br>- Media Interface Cable<br>- Garage Door Opener<br>- mbrace2 Telematics System<br>- Intelligent Highbeam Control<br><br>Safety:<br>- Driver Assistance Package<br>- DISTRONIC PLUS<br>- DISTRONIC PLUS with Steering Assist<br>- Active Blind Spot Assist<br>- Active Lane Keeping Assist<br>- PRE-SAFE Plus<br>- PARKTRONIC with Advanced Parking Assist<br>- Rear View Camera Parking Package<br>- Tire Pressure Monitoring System<br>- Auto-Dimming Mirrors<br>- Anti-Theft Alarm System<br>- Knee Airbag<br>- Passenger Side Airbag<br><br>Interior:<br>- Black/Stone Leather Interior<br>- Power Front Seats with Memory and Lumbar Support<br>- Heated Front Seats<br>- Heated Steering Wheel<br>- Panorama Power Sunroof<br>- KEYLESS-GO<br>- HANDS-FREE ACCESS<br>- Electronic Trunk Closer<br>- Burl Walnut Wood Trim<br>- Dual Zone Automatic Climate Control<br>- Split Folding Rear Seats<br>- Power Folding Mirrors<br>- Power Rear Window Sunshade<br>- Comfort Box Storage<br>- Beige Roof Liner<br>- AMG Sport Package<br>- 18-Inch AMG Wheels<br><br>Why Buy THIS Vehicle?:<br>Finding a one-owner E350 4MATIC with exceptionally low mileage, extensive documented service history, premium factory packages, and luxury features is increasingly rare. This Mercedes-Benz offers outstanding value with sophisticated safety technology, all-wheel-drive confidence, premium materials, and a proven maintenance record.<br><br>Why Buy from Ourisman Volkswagen Volvo of Bethesda?:<br>At Ourisman Volkswagen Volvo of Bethesda, we are committed to delivering a transparent, hassle-free purchase experience. Every vehicle is carefully reviewed, professionally represented, and backed by a team dedicated to customer satisfaction. Our knowledgeable staff and reputation for outstanding service make us a trusted destination for quality pre-owned luxury vehicles.<br>Disclosures:<br><br>Prices on vehicles include freight and destination charges (applies to new vehicles only), as well as an $800 Dealer Processing Charge (Not Required By Law). Call or text Paul for more info:","[PREMIUM]",30,"7001 ARLINGTON RD","Bethesda","MD","20814","[PREMIUM]"
"786517755","2026-07-28 23:24:01.900","2026-07-28 23:24:01.900","786517755","[PREMIUM]","CA038698",2012,"HONDA","Honda","ACCORD","Accord","EX-L","SEDAN","Used","Used 2012 Honda Accord EX-L",48749,"[PREMIUM]",,,"[PREMIUM]",10510,11635,"Basque Red Pearl Ii","RED","Ivory","OFFWHITE","4CLDR","4-Cylinder","2 wheel drive - front","AUT","5-Speed Automatic","Automatic","G","Gasoline","Gas",23,34,2.4,true,4,false,true,false,,false,,,"30",55782018,"[PREMIUM]","[PREMIUM]","[PREMIUM]",5682,"[PREMIUM]",false,"PARTNER",366068,4.3,1229,0,"[""NO_SALVAGE_TITLE"",""NO_FRAME_DAMAGE"",""NO_FLOOD_WATER_DAMAGE"",""ACCIDENTS_REPORTED"",""ONE_OWNER"",""FREE_REPORT""]","{""exterior"":[""17\"" x 7.5\"" Alloy Wheels"",""Alloy wheels"",""Bumpers: body-color"",""Delay-off headlights"",""Fully automatic headlights"",""Heated door mirrors"",""Power door mirrors""],""interior"":[""Air Conditioning"",""Anti-whiplash front head restraints"",""Auto-dimming Rear-View mirror"",""Driver door bin"",""Driver vanity mirror"",""Front Bucket Seats"",""Front Center Armrest"",""Front dual zone A/C"",""Front reading lights"",""Heated Front Bucket Seats"",""Heated front seats"",""Leather Shift Knob"",""Leather-Trimmed Seat Trim"",""Overhead console"",""Panoramic Sunroof"",""Passenger door bin"",""Passenger vanity mirror"",""Power driver seat"",""Power passenger seat"",""Power windows"",""Rear seat center armrest"",""Rear window defroster"",""Speed-Sensitive Wipers"",""Steering wheel mounted audio controls"",""Tachometer"",""Telescoping steering wheel"",""Tilt steering wheel"",""Variably intermittent wipers""],""mechanical"":[""4-Wheel Disc Brakes"",""Four wheel independent suspension"",""Power steering"",""Speed-sensing steering""],""other"":[""Front anti-roll bar"",""Illuminated entry"",""Outside temperature display"",""Rear anti-roll bar""],""safety"":[""ABS brakes"",""Brake assist"",""Dual front impact airbags"",""Dual front side impact airbags"",""Electronic Stability Control"",""Low tire pressure warning"",""Occupant sensing airbag"",""Overhead airbag"",""Panic alarm"",""Security system"",""Traction control""],""technology"":[""7 Speakers"",""AM/FM radio: XM"",""Automatic temperature control"",""CD player"",""Compass"",""Radio data system"",""Remote keyless entry"",""Speed control"",""XM Radio""]}",63,"Recent Arrival! 2012 Honda Accord EX-L 2.4 Basque Red Pearl II FWD 5-Speed Automatic with Overdrive 2.4L I4 DOHC i-VTEC 16V Ivory w/Leather-Trimmed Seat Trim.<br><br>Odometer is 97174 miles below market average! 23/34 City/Highway MPG<br><br>Awards:<br>* 2012 KBB.com Brand Image Awards<br>Kelley Blue Book Brand Image Awards are based on the Brand Watch(tm) study from Kelley Blue Book Market Intelligence. Award calculated among non-luxury shoppers. For more information, visit www.kbb.com. Kelley Blue Book is a registered trademark of Kelley Blue Book Co., Inc.<br>Honda Marysville, we're closer than you think!!","[PREMIUM]",9,"640 Colemans Crossing","Marysville","OH","43040","[PREMIUM]"
"786450775","2026-07-28 23:24:01.799","2026-07-28 23:24:01.799","786450775","[PREMIUM]","T2541935B1",2012,"CHEV","Chevrolet","CAM","Camaro","LT","COUPE","Used","Used 2012 Chevrolet Camaro LT w/ Black Stripe Package",55139,"[PREMIUM]",,,"[PREMIUM]",14030,15830,"Summit White","WHITE","Black","BLACK","6CLDR","6-Cylinder","2 wheel drive - rear","AUT","6-Speed Automatic","Automatic","G","Gasoline","Gas",,,3.6,true,4,false,true,false,,false,,,"30",7803287,"[PREMIUM]","[PREMIUM]","[PREMIUM]",2207,"[PREMIUM]",false,"PARTNER",366092,4.7,769,0,"[""NO_SALVAGE_TITLE"",""NO_ACCIDENTS_REPORTED"",""NO_ONE_OWNER""]","{""exterior"":[""19\"" Painted Aluminum Wheels"",""Alloy wheels"",""Auto-dimming door mirrors"",""Black Stripe Package"",""Bumpers: body-color"",""Delay-off headlights"",""Front fog lights"",""Fully automatic headlights"",""Heated door mirrors"",""Power door mirrors"",""Spoiler"",""Stainless-Steel Dual-Outlet Exhaust""],""interior"":[""2 Front Cup Holders"",""3-Spoke Leather-Wrapped Steering Wheel"",""Air Conditioning"",""Auto-dimming Rear-View mirror"",""Auxiliary Multi-Function Gauges"",""Carpeted Front Floor Mats"",""Driver door bin"",""Driver vanity mirror"",""Electric Rear-Window Defogger"",""Front Bucket Seats"",""Front Center Armrest"",""Front Sport Bucket Seats"",""Front reading lights"",""Garage door transmitter"",""Heated Driver & Front Passenger Seats"",""Heated front seats"",""Leather Seat Trim"",""Leather Seating Surfaces"",""Leather Shift Knob"",""Leather-Wrapped Shift Knob"",""Manual Rake & Telescopic Steering Column"",""Passenger door bin"",""Passenger vanity mirror"",""Power Programmable Door Locks"",""Power Sunroof w/Express-Open & Venting"",""Power driver seat"",""Power passenger seat"",""Power windows"",""Rear window defroster"",""Steering Wheel Mounted Audio Controls"",""Steering wheel mounted audio controls"",""Tachometer"",""Telescoping steering wheel"",""Tilt steering wheel"",""Trip computer"",""Universal Home Remote"",""Variably intermittent wipers"",""Voltmeter""],""mechanical"":[""4-Wheel Disc Brakes"",""Four wheel independent suspension"",""Power steering"",""Speed-sensing steering""],""other"":[""Analog Instrumentation"",""Bluetoothᆴ For Phone"",""Emergency communication system: OnStar Directions & Connections"",""Front anti-roll bar"",""Illuminated entry"",""Maintenance-Free Battery"",""Outside temperature display"",""Preferred Equipment Group 2LT"",""Rear anti-roll bar"",""Wireless PDIM""],""safety"":[""4-Wheel Antilock 4-Wheel Disc Brakes"",""ABS brakes"",""Brake assist"",""Dual front impact airbags"",""Dual front side impact airbags"",""Electronic Stability Control"",""LATCH System"",""Low tire pressure warning"",""Occupant sensing airbag"",""Overhead airbag"",""Panic alarm"",""Security system"",""StabiliTrak"",""Traction control""],""technology"":[""9 Speakers"",""AM/FM radio: SiriusXM"",""Boston Acoustics Premium 9-Speaker Audio System"",""CD player"",""Compass"",""Electronic Cruise Control"",""Exterior Parking Camera Rear"",""Head-Up Display"",""Heads-Up Display"",""OnStar 6 Months Directions & Connections Plan"",""Radio data system"",""Radio: AM/FM Stereo w/CD-ROM/MP3 Playback"",""Remote Keyless Entry"",""Remote Vehicle Starter System"",""Remote keyless entry"",""SIRIUSXM Satellite Radio"",""Speed control"",""USB Port Audio System Feature""]}",96,"**2012 Chevrolet Camaro 2LT for Sale in Lafayette, IN | Twin City Chrysler Dodge Jeep Ram**<br><br>Turn heads everywhere you go in this **2012 Chevrolet Camaro 2LT**, now available at **Twin City Chrysler Dodge Jeep Ram** in **Lafayette, Indiana**. With its iconic muscle car styling, strong V6 performance, premium interior, and thrilling driving dynamics, the Camaro 2LT is the perfect sports coupe for drivers who want performance, comfort, and value.<br><br>Powered by a **3.6L V6 engine** paired with a smooth **6-speed automatic or manual transmission** (depending on configuration), the **2012 Chevrolet Camaro 2LT** delivers impressive horsepower, responsive handling, and an exciting driving experience. Whether you're cruising through Lafayette, commuting to work, or enjoying a weekend drive, the Camaro offers the perfect blend of power and refinement.<br><br>Inside, you'll find premium features including **leather-appointed seating**, heated front seats, power-adjustable driver's seat, Bluetooth&reg; connectivity, premium audio system, steering wheel-mounted controls, remote keyless entry, remote start (if equipped), alloy wheels, automatic climate control, cruise control, and a spacious trunk for everyday practicality.<br><br>If you're searching for a **2012 Chevrolet Camaro 2LT for sale near Lafayette, West Lafayette, Indianapolis, Kokomo, Frankfort, Crawfordsville, Delphi, Logansport, Monticello, or anywhere in Central Indiana**, Twin City Chrysler Dodge Jeep Ram has the quality pre-owned performance vehicle you've been looking for.<br><br>Visit **Twin City Chrysler Dodge Jeep Ram**, conveniently located at **3838 State Road 38 East, Lafayette, IN 47905**, or call **  ** to schedule your test drive today. Our experienced team is committed to providing competitive pricing, flexible financing, and an exceptional buying experience from start to finish.<br><br>**Why Buy from Twin City Chrysler Dodge Jeep Ram?**<br><br>* Competitive market-based pricing<br>* Thoroughly inspected, high-quality pre-owned inventory<br>* Flexible financing options available<br>* Friendly, knowledgeable sales professionals<br>* Proudly serving Lafayette, West Lafayette, Indianapolis, Kokomo, Frankfort, Crawfordsville, Delphi, Monticello, Logansport, and surrounding Indiana communities<br>* Customer-first, hassle-free buying experience<br>","[PREMIUM]",3,"3838 STATE ROAD 38 E","Lafayette","IN","47905","[PREMIUM]"
"786465159","2026-07-28 23:24:01.765","2026-07-28 23:24:01.765","786465159","[PREMIUM]","US144806",2012,"RAM","RAM","RM1500","1500","Express","TRUCKS","Used","Used 2012 RAM 1500 Express",126899,"[PREMIUM]",,,"[PREMIUM]",9975,11700,"Deep Cherry Red Crystal Pearlc","RED","Dark Slate/Medium Graystone","GRAY","8CLDR","8-Cylinder","4 wheel drive","AUT","6-Speed Automatic","Automatic","G","Gasoline","Gas",13,19,5.7,false,4,false,true,false,,false,,,"30",69294369,"[PREMIUM]","[PREMIUM]","[PREMIUM]",1673,"[PREMIUM]",false,"PARTNER",371216,4.6,534,0,"[""NO_SALVAGE_TITLE"",""NO_ACCIDENTS_REPORTED"",""NO_ONE_OWNER""]","{""exterior"":[""17\"" x 7\"" Argent Steel Wheels"",""20\"" x 8\"" Aluminum Wheels"",""20\"" x 9\"" Chrome Clad Aluminum Wheels"",""Automatic Headlights"",""Body Color Front Fascia"",""Body Color Grille"",""Body Color Rear Bumper w/Step Pads"",""Class IV Receiver Hitch"",""Delay-Off Headlights"",""Dual Rear Exhaust w/Bright Tips"",""Exterior Mirrors Heating Element"",""Fog Lamps"",""Power Door Mirrors"",""Rear step bumper"",""Spray In Bedliner""],""interior"":[""40/20/40 Split Bench Seat"",""Air Conditioning"",""Carpet Floor Covering"",""Cloth 40/20/40 Bench Seat"",""Driver door bin"",""Front & Rear Floor Mats"",""Front Center Armrest"",""Passenger door bin"",""Power Windows"",""Rear Folding Seat"",""Tachometer"",""Tilt steering wheel"",""Tinted Windows"",""Variably intermittent wipers"",""Voltmeter""],""mechanical"":[""3.55 Rear Axle Ratio"",""4-Wheel Disc Brakes"",""Front Wheel Independent Suspension"",""Power Steering""],""other"":[""Black Exterior Mirrors"",""Center Hub"",""Front Anti-Roll Bar"",""Heavy Duty Vinyl 40/20/40 Split Bench Seat"",""Quick Order Package 25C Ram 1500 Express"",""Ram 1500 Express"",""Rear Anti-Roll Bar"",""ST Popular Equipment Group""],""safety"":[""ABS Brakes"",""Brake Assist"",""Dual Front Impact Airbags"",""Dual Front Side Impact Airbags"",""Electronic Stability Control"",""Low Tire Pressure Warning"",""Occupant Sensing Airbag"",""Overhead Airbag"",""Traction Control""],""technology"":[""6 Speakers"",""AM/FM radio"",""CD player"",""Cruise Control"",""Remote Keyless Entry"",""SiriusXM"",""Uconnect 130 AM/FM/CD/MP3""]}",58,"Odometer is 11016 miles below market average!<br><br>2012 Ram 1500 Express<br>Deep Cherry Red Crystal Pearlcoat HEMI 5.7L V8 Multi Displacement VVT 4WD 6-Speed Automatic<br><br><br>Awards:<br>* 2012 KBB.com 10 Best Used Trucks Under $20,000<br><br>Value Select This vehicle has been safety inspected by Leo Auto Group and priced to reflect its actual condition. Value Select vehicles may show higher mileage, cosmetic wear, or age but have been confirmed mechanically sound where it counts.<br><br>Additional tax, title, and registration are not included in the advertised sale price. We take every effort to ensure the advertised pricing information is accurate, however, we recommend you contact the dealership to confirm pricing information and inventory.","[PREMIUM]",2,"2825 MERCHANT MILE","Columbus","IN","47201","[PREMIUM]"
"786561871","2026-07-28 23:24:01.710","2026-07-28 23:24:01.710","786561871","[PREMIUM]","1C4BJWEG9CL255599",2012,"JEEP","Jeep","WRANGLER","Wrangler","Unlimited Sahara","SUV","Used","Used 2012 Jeep Wrangler Unlimited Sahara",57500,"[PREMIUM]",,,"[PREMIUM]",14750,16900,"Black","BLACK","Black","BLACK","6CLDR","6-Cylinder","4 wheel drive","AUT","5-Speed Automatic","Automatic","G","Gasoline","Gas",,,3.6,true,3,false,true,false,,false,,,"30",75871275,"[PREMIUM]","[PREMIUM]","[PREMIUM]",,"[PREMIUM]",true,,365975,4.5,934,,"[""NO_SALVAGE_TITLE"",""NO_ACCIDENTS_REPORTED"",""NO_ONE_OWNER""]","{""exterior"":[""Alloy Wheels"",""Fog Lights"",""Hard Top"",""Running Boards""],""interior"":[""Air Conditioning"",""Heated Seats"",""Leather"",""Power Door Locks"",""Power Windows"",""Tilt Wheel""],""mechanical"":[""Power Steering"",""Towing Pkg""],""other"":[""Altitude Pkg""],""safety"":[""ABS (4-Wheel)"",""Alarm System"",""Dual Air Bags"",""Stability Control"",""Traction Control""],""technology"":[""AM/FM Stereo"",""Bluetooth Wireless"",""CD/MP3 (Single Disc)"",""Cruise Control"",""Hill Descent Control"",""Hill Start Assist Control"",""Keyless Entry"",""Keyless Start"",""Navigation System"",""Sirius Satellite"",""UConnect""]}",29,"SHE'S BACK! 2012 Jeep Wrangler Altitude Unlimited (JKU), low miles, OBO<br><br>I am relisting after taking her to Just Jeeps to repair Valve Head 2. JJ informed me that this is a common issue with Wranglers and not uncommon to happen after the 50K mile mark. And that Chrysler never issued a recall for this very common issue. So she's fixed and ready to hit the road and this saves you from having to deal with this repair.<br><br>Automatic transmission <br>Super clean mall crawler<br>Low miles (57,500 and counting)<br>New tires including spare<br>Leather heated seats<br>Bluetooth with hands-free phone<br>UConnect with navigation<br>SiriusXM<br>Running boards<br>Remote engine start<br><br>This is the Altitude Unlimited with the blackout package. The Altitude trim for the 2012 Jeep Wrangler Unlimited includes features like black leather seats with red stitching, black wheels, and an Altitude hood decal.<br><br>ABS lights show on dash as do 1000s of Jeeps waiting on Chrysler to release backordered module<br>Drag link replaced recently<br>Piston 4 replaced recently<br><br>Perfect for a Jeep person who would like to use as a daily driver or customize for off-road<br><br>2nd owner and pampered/garaged<br><br>Love driving a Jeep but I'm ready to part with her.","[PREMIUM]",7,,"Austin","TX","73301","[PREMIUM]"
"786590950","2026-07-28 23:23:16.977","2026-07-28 23:23:16.977","786590950","[PREMIUM]","JTEBU4BF9CK127159",2012,"TOYOTA","Toyota","FJCRUIS","FJ Cruiser","4WD","SUV","Used","Used 2012 Toyota FJ Cruiser 4WD w/ Upgrade Pkg",145500,"[PREMIUM]",,"Great","[PREMIUM]",17020,18920,"Green","GREEN","Black","BLACK","6CLDR","6-Cylinder","4 wheel drive","AUT","5-Speed Automatic","Automatic","G","Gasoline","Gas",17,20,4,false,3,false,true,false,,false,,,"30",75871607,"[PREMIUM]","[PREMIUM]","[PREMIUM]",,"[PREMIUM]",true,,371070,4.8,553,,"[""NO_SALVAGE_TITLE"",""ACCIDENTS_REPORTED"",""NO_ONE_OWNER""]","{""exterior"":[""Alloy Wheels"",""Roof Rack"",""Running Boards""],""interior"":[""Air Conditioning"",""Power Door Locks"",""Power Windows"",""Tilt Wheel""],""mechanical"":[""Power Steering"",""Towing Pkg""],""safety"":[""ABS (4-Wheel)"",""Dual Air Bags"",""Side Air Bags"",""Stability Control"",""Traction Control""],""technology"":[""AM/FM Stereo"",""Backup Camera"",""Bluetooth Wireless"",""Cruise Control"",""Keyless Entry"",""Navigation System"",""Parking Sensors""]}",21,"2012 Toyota F.J. Cruiser 145,500, (Green exterior-black/grey interior).<br>6 Cylinder Automatic 5 speed, 4-wheel drive. 17 city 20 highway.<br>Keyless entry, blue tooth, Kenwood 5.5-inch screen navigation system (I possess the original audio system)<br>Aux. audio jack, driver and passenger's visor vanity mirrors<br>Cruise control, rear wiper, tilt wheel, power windows,<br>Backing sensor, A-(TRAC) control, ice cold air conditioning, RR diff. lock<br>Power steering, stability control, (SRS), supplemental air bag system<br>Dash mount compass package floating ball type w/inclinometer<br>Privacy glass, sun visors on drivers and passenger's side wall and front <br>Roof rack-running boards, exterior spare tire with original cover, running lights on exterior mirrors<br>115V 400 Watt power outlet, <br>Tires-LT/265/70R17 tires<br>Trailer hitch<br>(I am missing the thin piece of window side trim cover on the driver's side passenger below the window, which is depicted in the photographs)<br>Although the F.J. is photographed with car seats on both front seats, all seats are in great shape with the exception of the driver's seat which has the traditional side tear from sliding in<br>Well maintained, no check engine light warnings<br>Title in hand<br>No low ball offers please<br>This F.J. runs great, no issues, no slips, no drips, no off-road use, it's my daily driver. <br>If listed, still available<br>$17,500","[PREMIUM]",16,,"Selinsgrove","PA","17870","[PREMIUM]"
"786511689","2026-07-28 23:23:11.448","2026-07-28 23:23:11.448","786511689","[PREMIUM]","C2430693",2012,"LEXUS","Lexus","RX450H","RX 450h","AWD","SUV","Used","Used 2012 Lexus RX 450h AWD w/ Premium Pkg",108655,"[PREMIUM]",,,"[PREMIUM]",14224,16624,"Obsidian","BLACK","Black","BLACK","HYBRD","Hybrid","All wheel drive","AUT","Continuously Variable Automatic","Automatic","B","Hybrid Gas/Electric","Hybrid: Gas/Electric",30,28,3.5,true,4,false,true,false,,false,,,"30",75770,"[PREMIUM]","[PREMIUM]","[PREMIUM]",7888,"[PREMIUM]",false,"PARTNER",370960,4.6,250,0,"[""NO_SALVAGE_TITLE"",""ACCIDENTS_REPORTED"",""NO_ONE_OWNER""]","{""exterior"":[""19\"" Aluminum Alloy Wheels"",""Pwr Heated Electrochromic Exterior Mirrors W/Memory"",""Rear Spoiler"",""Wheel Locks (Ppo)""],""interior"":[""Cargo Mat (Ppo)"",""Cargo Net (Ppo)"",""Cooled Front Seat(S)"",""Driver Seat Memory"",""Leather Seats"",""One-Touch Open/Close Moonroof"",""Steering Wheel Memory"",""Sun/Moonroof""],""other"":[""Black"",""Edestination W/(1) Year Trial Subscription"",""Heated & Ventilated Front Leather Seats (Req: Pm Premium Pkg Or Ll Luxury Pkg)"",""Lexus Enform W/Destination Assist"",""Lexus Insider"",""Obsidian"",""Perforated Leather Seat Trim (Req: Hs Heated & Ventilated Seats Or Cp Comfort Pkg)"",""Premium Pkg -inc: -Leather Trimmed Interior"",""Pwr Rear Door"",""Wood & Leather-Trimmed Steering Wheel & Shift Knob (Req: Pm Premium Pkg Or Ll Luxury Pkg)"",""Xm Navweather & Xm Sports & Stocks W/(90) Day Trial Subscription (N/A W/Ey Dual-Screen Rear Seat Entertainment System W/Navigation Or Ec Backup Monitor) (Req: Ll Luxury Pkg Or Pm Premium Pkg)""],""technology"":[""Keyless Start"",""MP3 Mini-Plug"",""Navigation System"",""Navigation System -inc: -Hdd Navigation System W/Voice Command"",""Usb Audio Plug"",""Xm Navtraffic""]}",29,"* Navigation System<br>* Premium Pkg<br>* 19&quot; Aluminum Alloy Wheels<br>* Heated &amp; Ventilated Front Leather Seats<br>* Sun/Moonroof<br>* Leather Seats<br>* Navigation System<br>* Wood &amp; Leather-Trimmed Steering Wheel &amp; Shift Knob<br>* Cargo Mat<br>* Wheel Locks<br>* Keyless Start<br>* Cargo Net<br>* Rear Spoiler<br>* Cooled Front Seat(S)<br>* Black; Perforated Leather Seat Trim<br>* Obsidian<br><br><br><br>This vehicle includes a Money-Back Guarantee* and passed our precise inspection process. Best of all the price you see is the price you pay. No haggling. No back and forth. No pressure. And this price is so good it is guaranteed. *Money-Back Guarantee is valid for 5 days or 250 miles, whichever comes first. Subject to certain terms and conditions. See store for details. Some restrictions apply.<br><br>AutoNation Toyota Hayward has a wide selection of exceptional pre-owned vehicles to choose from, including this 2012 Lexus RX 450h. Perfect for the on-the-go family, this Lexus RX 450h is an SUV everyone will love. With exceptional mileage, options and power, you'll insist on driving it on all your outings. Opulent refinements married with exceptional engineering make this the kind of car you'll want to own for a lifetime. No matter the varying terrain or weather conditions, this all-wheel drive vehicle will help you reach your destination safely and securely in a well-appointed cabin with many features found on cars twice the price. In addition to being well-cared for, this Lexus RX 450h has very low mileage making it a rare find. More information about the 2012 Lexus RX 450h: The RX 350 and RX 450h are categorized as full-sized luxury SUVs, and they carry the amenities and horsepower to back it up. The 450h features a hybrid drivetrain that can run on batteries alone for short distances to save fuel. The 350 does all right on its own, achieving 18 mpg city and 25 mpg highway, but the 450h really shines with 28 mpg city and 32 mpg highway. Interesting features of this model are plenty of room for people and cargo, Smooth ride, and Lexus-worthy quiet cabin<br><br>","[PREMIUM]",26,"24773 Mission Blvd","Hayward","CA","94544","[PREMIUM]"
"786463730","2026-07-28 23:23:01.291","2026-07-28 23:23:01.291","786463730","[PREMIUM]","BKGB1834A",2015,"GMC","GMC","CANYON","Canyon","SLE","TRUCKS","Used","Used 2015 GMC Canyon SLE w/ SLE Convenience Package",133499,"[PREMIUM]",,,"[PREMIUM]",12730,14580,"Onyx Black","BLACK","Black","BLACK","4CLDR","4-Cylinder","4 wheel drive","AUT","6-Speed Automatic","Automatic","G","Gasoline","Gas",19,25,2.5,false,4,false,true,false,,false,,,"30",69351,"[PREMIUM]","[PREMIUM]","[PREMIUM]",1720,"[PREMIUM]",false,"PARTNER",402016,4.4,76,0,"[""NO_SALVAGE_TITLE"",""ACCIDENTS_REPORTED"",""ONE_OWNER""]","{""exterior"":[""Alloy wheels"",""Bumpers: body-color"",""Delay-off headlights"",""Front fog lights"",""Fully automatic headlights"",""Power door mirrors"",""Rear step bumper""],""interior"":[""Air Conditioning"",""Auto-dimming Rear-View mirror"",""Cloth Seat Trim"",""Driver door bin"",""Driver vanity mirror"",""Front Bucket Seats"",""Front Center Armrest"",""Front reading lights"",""Overhead console"",""Passenger door bin"",""Passenger vanity mirror"",""Power driver seat"",""Power windows"",""Rear window defroster"",""Single-Zone Auto Climate Control Air Conditioning"",""Split folding rear seat"",""Steering wheel mounted audio controls"",""Tachometer"",""Telescoping steering wheel"",""Tilt steering wheel"",""Trip computer"",""Variably intermittent wipers""],""mechanical"":[""4-Wheel Disc Brakes"",""4.10  Rear Axle Ratio"",""Front wheel independent suspension"",""Power steering"",""Speed-sensing steering""],""other"":[""Automatic Locking Rear Differential"",""Emergency communication system: OnStar Directions & Connections"",""Front Recovery Hooks"",""Front anti-roll bar"",""Illuminated entry"",""Molded Hood Protector (LPO)"",""Outside temperature display"",""Preferred Equipment Group 4LE"",""SLE Convenience Package"",""Wheels: 17\"" x 8\"" Blade Silver Metallic""],""safety"":[""ABS brakes"",""Dual front impact airbags"",""Dual front side impact airbags"",""Electronic Stability Control"",""Low tire pressure warning"",""Occupant sensing airbag"",""Overhead airbag"",""Panic alarm"",""Security system"",""Traction control""],""technology"":[""6 Speakers"",""AM/FM radio: SiriusXM"",""Compass"",""Exterior Parking Camera Rear"",""Radio data system"",""Radio: AM/FM Stereo 8\"" Diagonal Color Touch Screen"",""Remote Vehicle Starter System"",""Remote keyless entry"",""SiriusXM Satellite Radio"",""Speed control""]}",64,"This 2015 GMC Canyon SLE1 4WD delivers capable performance and practical features designed for work and everyday driving. With its 2.5L I4 DI DOHC VVT engine paired with a 6-speed automatic transmission, this truck provides balanced power and efficiency, achieving 19 city and 25 highway MPG. The four-wheel drive system ensures confident traction in varied conditions, while the automatic locking rear differential enhances capability when you need it.<br><br>- SLE Convenience Package with single-zone automatic climate control<br>- Remote Vehicle Starter System<br>- Molded Hood Protector (LPO)<br>- AM/FM Stereo with 8 Diagonal Color Touch Screen and SiriusXM Satellite Radio<br>- Steering Wheel Mounted Audio Controls<br>- Fully Automatic Headlights with Delay-Off Feature<br>- Front Fog Lights<br>- Power Driver Seat with Telescoping and Tilt Steering Wheel<br>- Remote Keyless Entry with Illuminated Entry<br>- Exterior Parking Camera Rear<br>- Electronic Stability Control and Traction Control<br>- Automatic Locking Rear Differential with 4.10 Rear Axle Ratio<br>- Front Bucket Seats with Front Center Armrest and Split Folding Rear Seat<br>- 17 Blade Silver Metallic Alloy Wheels<br><br>The interior strikes a balance between comfort and durability. Front bucket seats with a center armrest provide comfortable seating, while the split folding rear seat expands versatility for cargo or passengers. Climate control keeps your cabin comfortable year-round, and the power driver seat adjusts to your preferences. The touch screen infotainment system with SiriusXM keeps you connected and entertained, with controls conveniently located on the steering wheel for safe operation.<br><br>Safety features include dual front impact airbags, dual front side impact airbags, and overhead airbags to help protect you and your passengers. Four-wheel disc brakes with ABS deliver confident stopping power, while electronic stability control and traction control enhance handling stability. The rear-view camera displays a clear view when backing, and OnStar Directions &amp; Connections provides emergency assistance and navigation support.<br><br>The exterior reflects practical truck design with body-color bumpers, a rear step bumper, and front recovery hooks for utility. The 17-inch alloy wheels mounted with quality tires deliver a good balance of appearance and performance. The fully automatic headlights with delay-off convenience illuminate your path without manual adjustment, and variably intermittent wipers adapt to changing weather conditions.<br><br>This Canyon SLE1 offers the utility and capability you expect from GMC, backed by features that make daily driving easier and more comfortable. Whether you need a truck for work, weekend adventures, or daily transportation, this 4WD provides the dependable performance and practical amenities you're looking for. Visit our showroom to see this truck in person and discover how it can meet your needs.","[PREMIUM]",29,"5617 Whipple Ave NW","Canton","OH","44720","[PREMIUM]"
"786068537","2026-07-28 23:23:01.287","2026-07-28 23:23:01.287","786068537","[PREMIUM]","DB78040A",2012,"RAM","RAM","RM1500","1500","Limited","TRUCKS","Used","Used 2012 RAM 1500 Limited",139085,"[PREMIUM]",,,"[PREMIUM]",12779,15129,"Black Clearcoat","BLACK","Dark Slate","GRAY","8CLDR","8-Cylinder","4 wheel drive","AUT","6-Speed Automatic","Automatic","G","Gasoline","Gas",13,19,5.7,true,9,false,false,true,,false,,,"30",69046061,"[PREMIUM]","[PREMIUM]","[PREMIUM]",6423,"[PREMIUM]",false,"PARTNER",371360,4.6,534,0,"[""NO_SALVAGE_TITLE"",""ACCIDENTS_REPORTED"",""NO_ONE_OWNER""]","{""exterior"":[""20\"" x 9\"" Chrome Clad Aluminum Wheels"",""20\"" x 9.0\"" Aluminum Sparkle Silver Wheels"",""Alloy wheels"",""Auto-dimming door mirrors"",""Body Color Front Fascia"",""Body Color Rear Bumper w/Step Pads"",""Class IV Receiver Hitch"",""Delay-off headlights"",""Exterior Mirrors w/Heating Element"",""Exterior Mirrors w/Memory"",""Exterior Mirrors w/Supplemental Signals"",""Front fog lights"",""Fully automatic headlights"",""Heated door mirrors"",""Limited Badge"",""Power door mirrors"",""Rear step bumper"",""Turn signal indicator mirrors""],""interior"":[""115V Auxiliary Power Outlet"",""Adjustable pedals"",""Air Conditioning"",""Auto-dimming Rear-View mirror"",""Bucket Seats"",""Driver door bin"",""Driver vanity mirror"",""Front Bucket Seats"",""Front Center Armrest w/Storage"",""Front dual zone A/C"",""Front reading lights"",""Genuine wood dashboard insert"",""Genuine wood door panel insert"",""Heated Front Seats"",""Heated Second Row Seats"",""Heated front seats"",""Heated rear seats"",""Heated steering wheel"",""Instrument Panel Black Bezel"",""Leather Shift Knob"",""Leather steering wheel"",""Luxury Door Trim Panel"",""Luxury Front & Rear Floor Mats"",""Memory seat"",""Overhead console"",""Passenger door bin"",""Passenger vanity mirror"",""Pedal memory"",""Power 10-Way Memory Driver & 6-Way Passenger Seats"",""Power Lumbar Adjust"",""Power Sunroof"",""Power driver seat"",""Power passenger seat"",""Power windows"",""Premium Filigree Leather Seats"",""RamBox Cargo Management System"",""Rear 60/40 Split Folding Seat"",""Rear seat center armrest"",""Split folding rear seat"",""Steering wheel mounted audio controls"",""Tachometer"",""Tilt steering wheel"",""Trip computer"",""Variably intermittent wipers"",""Ventilated Front Seats"",""Ventilated front seats"",""Voltmeter""],""mechanical"":[""4-Wheel Disc Brakes"",""Anti-Spin Differential Rear Axle"",""Floor Mount Automatic Shift Lever"",""Front wheel independent suspension"",""Power steering""],""other"":[""Center Hub"",""Chrome Exterior Mirrors"",""Delete Hemi Badge"",""Exterior Mirrors Courtesy Lamps"",""Front anti-roll bar"",""Illuminated entry"",""Laramie Limited Cluster"",""Laramie Limited Group"",""Laramie Limited Leather Bucket Seats"",""Outside temperature display"",""Protection Group"",""Quick Order Package 25M Limited"",""Rear anti-roll bar""],""safety"":[""ABS brakes"",""Brake assist"",""Dual front impact airbags"",""Dual front side impact airbags"",""Electronic Stability Control"",""Low tire pressure warning"",""Mopar Chrome Tubular Side Steps"",""Occupant sensing airbag"",""Overhead airbag"",""Panic alarm"",""Security system"",""Traction control""],""technology"":[""10 Speakers"",""AM/FM radio: SIRIUS"",""Audio memory"",""Automatic temperature control"",""CD player"",""Compass"",""DVD-Audio"",""Exterior Parking Camera Rear"",""Garage door transmitter: HomeLink"",""Navigation System"",""Radio data system"",""Radio: Uconnect 730N CD/DVD/MP3/HDD/NAV"",""Rear Parking Sensors"",""Remote keyless entry"",""Speed control"",""Trailer Brake Control""]}",111,"This 2012 Ram 1500 Laramie Longhorn delivers the capability and comfort you expect from a full-size pickup truck with the refinement of a luxury vehicle.<br><br>- 5.7L HEMI V8 engine with multi-displacement technology and variable valve timing<br>- 6-speed automatic transmission with 4-wheel drive<br>- Uconnect 730N multimedia system with navigation, CD/DVD/MP3 player, and SiriusXM satellite radio<br>- RamBox cargo management system with weatherproof storage bins and adjustable bed rail system<br>- Power sunroof<br>- Laramie Limited leather bucket seats with 10-way power driver seat and memory function<br>- Heated and ventilated front seats with heated rear seats<br>- Automatic temperature control with front dual-zone air conditioning<br>- Protection group including front tow hooks and suspension skid plate<br>- Trailer brake control<br>- Anti-spin differential rear axle with 3.92 axle ratio<br>- 20-inch sparkle silver aluminum wheels<br>- Mopar chrome tubular side steps<br>- Rear parking camera and rear parking sensors<br>- Heated steering wheel with memory<br><br>Built on the Laramie Limited platform, this truck combines capability with appointments designed for those who appreciate quality. The HEMI V8 engine produces strong performance whether you're hauling, towing, or simply enjoying the road. The 6-speed automatic transmission works seamlessly with the 4-wheel drive system to handle various driving conditions and terrain.<br><br>Inside, the cabin reflects careful attention to detail. Genuine wood accents on the dashboard and door panels complement the leather-trimmed interior. The power-adjustable pedals, memory seat functions, and heated steering wheel add practical luxury to daily driving. The Uconnect 730N system offers integrated navigation, satellite radio, and comprehensive audio controls accessible through the 6.5-inch touchscreen.<br><br>The RamBox cargo system sets this Ram apart, providing secure, weatherproof storage built into the bed rails rather than taking up bed space. Two illuminated, drainable bins with locking capability keep tools, equipment, or personal items organized and protected. The removable divider extends cargo capacity to accommodate longer items up to seven feet.<br><br>Safety features include electronic stability control, traction control, ABS brakes, and a comprehensive airbag system. The rear parking camera and sensors simplify maneuvering in tight spaces, while the protection group adds undercarriage skid plates and front tow hooks for enhanced durability.<br><br>This truck represents a well-maintained example ready for work or weekend adventures. The combination of capability, luxury appointments, and proven engineering makes this an investment in reliable transportation. We invite you to schedule a test drive and experience the quality of this Ram 1500 Laramie Longhorn firsthand.","[PREMIUM]",28,"3675 MARKET ST NE","Salem","OR","97301","[PREMIUM]"
"786056368","2026-07-28 23:23:01.283","2026-07-28 23:23:01.283","786056368","[PREMIUM]","6754586A",2019,"FORD","Ford","EDGE","Edge","Titanium","SUV","Used","Used 2019 Ford Edge Titanium w/ Equipment Group 301A",64550,"[PREMIUM]",,"Great","[PREMIUM]",18911,21311,"Oxford White","WHITE","Ceramic","WHITE","4CLDR","4-Cylinder Turbo","All wheel drive","AUT","8-Speed Automatic","Automatic","G","Gasoline","Gas",,,2,true,9,false,false,false,,false,,,"30",71027885,"[PREMIUM]","[PREMIUM]","[PREMIUM]",1963,"[PREMIUM]",false,"PARTNER",438730,4.2,184,0,"[""NO_SALVAGE_TITLE"",""NO_ACCIDENTS_REPORTED"",""ONE_OWNER""]","{""exterior"":[""Alloy wheels"",""Auto High-beam Headlights"",""Bumpers: body-color"",""Delay-off headlights"",""Front fog lights"",""Fully automatic headlights"",""Heated door mirrors"",""Power door mirrors"",""Rear window wiper"",""Spoiler"",""Turn signal indicator mirrors""],""interior"":[""Air Conditioning"",""Auto-dimming Rear-View mirror"",""Driver door bin"",""Driver vanity mirror"",""Front Bucket Seats"",""Front Center Armrest w/Storage"",""Front dual zone A/C"",""Front reading lights"",""Garage door transmitter"",""Heated front seats"",""Memory seat"",""Overhead console"",""Passenger door bin"",""Passenger vanity mirror"",""Power Liftgate"",""Power driver seat"",""Power passenger seat"",""Power windows"",""Rear reading lights"",""Rear seat center armrest"",""Rear window defroster"",""Speed-Sensitive Wipers"",""Split folding rear seat"",""Steering wheel memory"",""Steering wheel mounted audio controls"",""Tachometer"",""Telescoping steering wheel"",""Tilt steering wheel"",""Trip computer"",""Variably intermittent wipers""],""mechanical"":[""4-Wheel Disc Brakes"",""Four wheel independent suspension"",""Power steering""],""other"":[""AppLink/Apple CarPlay and Android Auto"",""Auto tilt-away steering wheel"",""Axle Ratio: TBA"",""Front anti-roll bar"",""Illuminated entry"",""Leather-Trimmed Heated Sport Bucket Seats"",""Outside temperature display"",""Rear anti-roll bar"",""Roof rack: rails only"",""Wheels: 19\"" Nickel-Painted Aluminum""],""safety"":[""ABS brakes"",""Brake assist"",""Dual front impact airbags"",""Dual front side impact airbags"",""Electronic Stability Control"",""Emergency communication system: SYNC 3 911 Assist"",""Knee airbag"",""Low tire pressure warning"",""Occupant sensing airbag"",""Overhead airbag"",""Panic alarm"",""Security system"",""Traction control""],""technology"":[""12 Speakers"",""AM/FM radio: SiriusXM"",""Automatic temperature control"",""CD player"",""Compass"",""Radio: B&O Sound System by Bang & Olufsen"",""Rain sensing wipers"",""Rear Parking Sensors"",""Remote keyless entry"",""SYNC 3 Communications & Entertainment System"",""SiriusXM Radio"",""Speed control""]}",79,"Recent Arrival! 2019 Oxford White Ford Edge Titanium AWD This Ford Edge has many features and is well equipped including.<br><br>Odometer is 17087 miles below market average! 21/28 City/Highway MPG<br><br>Thank you for taking the time to look at this charming 2019 Ford Edge. 3 Day or 300 Mile Vehicle Exchange Program! We have a strong and committed sales staff with many years of experience satisfying our customers' needs. Feel free to browse our inventory online, request more information about vehicles, set up a test drive or inquire about financing!","[PREMIUM]",32,"290 50TH ST E","Inver Grove","MN","55077","[PREMIUM]"
"784694338","2026-07-28 23:23:01.275","2026-07-28 23:23:01.275","784694338","[PREMIUM]","5559659A",2019,"JEEP","Jeep","CHER","Cherokee","Trailhawk","SUV","Used","Used 2019 Jeep Cherokee Trailhawk",73286,"[PREMIUM]",,"Great","[PREMIUM]",18921,20671,"Hydro Blue Pearlcoat","BLUE","Black","BLACK","6CLDR","6-Cylinder","4 wheel drive","AUT","9-Speed Automatic","Automatic","G","Gasoline","Gas",18,24,3.2,true,26,false,false,true,,false,,,"30",74201037,"[PREMIUM]","[PREMIUM]","[PREMIUM]",1010,"[PREMIUM]",false,"PARTNER",434319,3.9,415,1,"[""NO_SALVAGE_TITLE"",""NO_FRAME_DAMAGE"",""NO_FLOOD_WATER_DAMAGE"",""NO_ACCIDENTS_REPORTED"",""NO_ONE_OWNER"",""FREE_REPORT""]","{""exterior"":[""Alloy wheels"",""Auto High Beam Headlamp Control"",""Delay-off headlights"",""Exterior Mirrors w/Memory"",""Exterior Mirrors w/Supplemental Signals"",""Front fog lights"",""Fully automatic headlights"",""Heated door mirrors"",""Power door mirrors"",""Rear window wiper"",""Spoiler"",""Tonneau Cover"",""Turn signal indicator mirrors"",""Wheels: 17\"" x 7.5\"" Black Painted Aluminum"",""Windshield Wiper De-Icer""],""interior"":[""Air Conditioning"",""Anti-whiplash front head restraints"",""Auto-Dimming Rear-View Mirror"",""Cloth/Premium Vinyl Bucket Seats"",""Driver door bin"",""Driver vanity mirror"",""Front Bucket Seats"",""Front Center Armrest"",""Front dual zone A/C"",""Front reading lights"",""Hands-Free Power Liftgate"",""Heated Front Seats"",""Heated Steering Wheel"",""Leather Shift Knob"",""Overhead console"",""Passenger door bin"",""Passenger vanity mirror"",""Power Driver/Passenger 4-Way Lumbar Adjust"",""Power Front Driver/Passenger Seats"",""Power Front/Fixed Rear Full Sunroof"",""Power driver seat"",""Power windows"",""Rear reading lights"",""Rear seat center armrest"",""Rear window defroster"",""Split folding rear seat"",""Steering wheel mounted audio controls"",""Tachometer"",""Telescoping steering wheel"",""Tilt steering wheel"",""Trip computer"",""Universal Garage Door Opener"",""Variably intermittent wipers"",""Ventilated Front Seats"",""Voltmeter""],""mechanical"":[""3.517 Axle Ratio"",""4-Wheel Disc Brakes"",""AutoStick Automatic Transmission"",""Auxiliary Transmission Oil Cooler"",""Engine Oil Cooler"",""Four wheel independent suspension"",""Power steering"",""Speed-sensing steering""],""other"":[""1-Year SiriusXM Guardian Trial"",""4G LTE Wi-Fi Hot Spot"",""5-Year SiriusXM Traffic Service"",""5-Year SiriusXM Travel Link Service"",""Apple CarPlay"",""Apple CarPlay/Android Auto"",""Dual Bright Exhaust Tips"",""Exterior Mirrors Courtesy Lamps"",""For Details Visit DriveUconnect.com"",""Front anti-roll bar"",""GPS Antenna Input"",""Google Android Auto"",""Illuminated entry"",""Off Road Suspension"",""Outside temperature display"",""Premium Leather Trimmed Bucket Seats"",""Quick Order Package 27L Trailhawk Elite"",""Radio/Driver Seat/Exterior Mirrors Memory"",""Rear anti-roll bar"",""Roof rack: rails only"",""Side Distance Warning"",""SiriusXM Traffic Plus"",""SiriusXM Travel Link"",""Stop-Start Multiple VSM System"",""Technology Group"",""USB Host Flip"",""Wheels: 17\"" x 7.5\"" Painted/Polished Aluminum""],""safety"":[""ABS brakes"",""Advanced Brake Assist"",""Brake assist"",""Dual front impact airbags"",""Dual front side impact airbags"",""Electronic Stability Control"",""Full Speed Forward Collision Warning Plus"",""Knee airbag"",""Lane Departure Warning Plus"",""Low tire pressure warning"",""Occupant sensing airbag"",""Overhead airbag"",""Panic alarm"",""Rear side impact airbag"",""Security Alarm"",""Traction control""],""technology"":[""6 Speakers"",""8.4\"" Touchscreen Display"",""AM/FM radio: SiriusXM"",""Adaptive Cruise Control w/Stop & Go"",""Automatic temperature control"",""Compass"",""GPS Navigation"",""HD Radio"",""Hill Descent Control"",""Integrated Voice Command w/Bluetooth"",""Parallel/Perpendicular Park/Unpark Assist w/Stop"",""ParkView Rear Back-Up Camera"",""Premium Alpine Speaker System"",""Radio data system"",""Radio: Uconnect 4 w/8.4\"" Display"",""Radio: Uconnect 4C Nav w/8.4\"" Display"",""Rain Sensitive Windshield Wipers"",""Remote Start System"",""Remote keyless entry"",""SiriusXM Satellite Radio"",""Speed control""]}",122,"This vehicle is being offered exclusively at Victory Chrysler Dodge Jeep Ram, where Everyone's a WINNER. We offer the absolute best New and Certified Pre-owned buying experience in the state of North Carolina and South Carolina. Being family owned and operated we offer the easiest, hassle-free buying process in the automotive industry. With over 40 lenders, we specialize in all credit situations. Give us a call at 1-800-NEW-CARS or . Soon to be your # 1 Volume Dealer.<br><br>- QUICK ORDER PACKAGE 27L TRAILHAWK ELITE<br>- TECHNOLOGY GROUP<br>- POWER FRONT/FIXED REAR FULL SUNROOF<br>- MOPAR ROCK RAILS<br>- RADIO: UCONNECT 4C NAV W/8.4 DISPLAY<br>- WHEELS: 17 X 7.5 BLACK PAINTED ALUMINUM<br><br>This 2019 Jeep Cherokee Trailhawk is a capable and well-equipped off-road SUV, ready to tackle any adventure. With its rugged 4WD system, powerful 3.2L V6 engine, and advanced Trailhawk-specific features, this Jeep is built to conquer the trail. The Trailhawk trim adds a host of premium equipment, including a sunroof, ventilated front seats, a heated steering wheel, and a premium Uconnect infotainment system with navigation. Safety is also a priority, with advanced driver assistance technologies like adaptive cruise control, forward collision warning, and lane departure warning. Whether you're seeking an SUV for daily driving or weekend getaways, this 2019 Jeep Cherokee Trailhawk delivers impressive capability and comfort.<br><br>The exterior features a bold, rugged design with distinctive Trailhawk styling cues, including unique wheels, off-road tires, and rugged rock rails. Inside, the cabin is spacious and well-appointed, with premium cloth and leather-trimmed seats, dual-zone climate control, and a powerful Alpine audio system. Versatility is key, with a split-folding rear seat and a hands-free power liftgate for easy cargo loading.<br><br>Backed by Jeep's legendary off-road heritage, this 2019 Cherokee Trailhawk is ready to take you further. Whether you're exploring the great outdoors or navigating the daily commute, this capable SUV will exceed your expectations. Experience the difference at Victory Chrysler Dodge Jeep Ram, where we're dedicated to providing an exceptional buying experience.<br><br>Victory Shallotte proudly serves: North Myrtle Beach, SC, Wilmington, NC, Myrtle Beach, SC, Conway, SC, Socastee, SC, Lumberton, NC, Georgetown, SC, Hope Mills, NC, Jacksonville, NC, Piney Green, NC, Fayetteville, NC, Florence, SC, Laurinburg, NC, Leland, NC, Bennettsville, SC, Dunn, NC area with all the new cars you are looking for Chrysler 300, Pacifica, Dodge Charger, Challenger, Ram, 1500, 2500, 3500, 4500, and 5500, Jeep Cherokee, Compass , New Grand Cherokee, Grand Wagoneer, Wrangler 4XE, Rubicon, Sport, Mohave, Gladiators, Promaster and More. Internet specialization price reflects a single cash payment or cash equivalent, and does not include applicable sales tax, license fees, plates, or any additional fees. Please see the dealer for details.","[PREMIUM]",46,"45 NABER DR","Shallotte","NC","28470","[PREMIUM]"
"786584142","2026-07-28 23:23:01.244","2026-07-28 23:23:01.244","786584142","[PREMIUM]","3C6RR7LT4FG554696",2015,"RAM","RAM","RM1500","1500","Big Horn","TRUCKS","Used","Used 2015 RAM 1500 Big Horn",105000,"[PREMIUM]",,"Good","[PREMIUM]",16005,17555,"Charcoal","CHARCOAL","Charcoal","BLACK","8CLDR","8-Cylinder","4 wheel drive","AUT","8-Speed Automatic","Automatic","G","Gasoline","Gas",16,23,5.7,false,3,false,true,false,,false,,,"30",75871525,"[PREMIUM]","[PREMIUM]","[PREMIUM]",,"[PREMIUM]",true,,406501,4.6,534,,"[""NO_SALVAGE_TITLE"",""ACCIDENTS_REPORTED"",""NO_ONE_OWNER""]","{""exterior"":[""Fog Lights"",""Oversized Premium Wheels 20\""+""],""interior"":[""Air Conditioning"",""Power Door Locks"",""Power Seat"",""Power Sliding Rear Window"",""Power Windows"",""Tilt Wheel""],""mechanical"":[""Power Steering"",""Towing Pkg""],""safety"":[""ABS (4-Wheel)"",""Dual Air Bags"",""Electronic Stability Control"",""F&R Head Curtain Air Bags"",""F&R Side Air Bags""],""technology"":[""AM/FM Stereo"",""Backup Camera"",""Bluetooth Wireless"",""Cruise Control"",""Keyless Entry"",""SiriusXM Satellite"",""Uconnect""]}",22,"Well maintained ram truck. Comes with functioning Western plow. A little rust over rear wheel wells like most have. Interior clean.  Bed sprayed with liner.  Just serviced 4 wheel drive and New water pump, battery, alternator over winter.  Tires and brakes have about 20k miles on them. <br><br>I will not communicate off this site due to scams ive received.<br><br>East china, michigan","[PREMIUM]",7,,"Taylor","MI","48180","[PREMIUM]"
"786566825","2026-07-28 23:21:51.103","2026-07-28 23:21:51.103","786566825","[PREMIUM]","H5473A",2010,"LEXUS","Lexus","IS250C","IS 250C",,"CONVERT","Used","Used 2010 Lexus IS 250C",92147,"[PREMIUM]",,,"[PREMIUM]",12912,14562,"Tungsten Pearl","SILVER","Ecru/Brown","BEIGE","6CLDR","6-Cylinder","2 wheel drive - rear",,,,"G","Gasoline","Gas",,,2.5,true,3,false,true,false,false,false,false,false,"PREMIUM",,"[PREMIUM]","[PREMIUM]","[PREMIUM]",,"[PREMIUM]",,,252378,4.6,455,0,"[""NO_SALVAGE_TITLE"",""NO_ACCIDENTS_REPORTED"",""NO_ONE_OWNER""]","{""exterior"":[""17\"" x 8\"" 10-Spoke Aluminum Alloy Wheels"",""Alloy wheels"",""Bi-Xenon High-Intensity Headlamps"",""Bumpers: body-color"",""Convertible HardTop"",""Delay-off headlights"",""Front fog lights"",""Fully automatic headlights"",""Heated door mirrors"",""Power door mirrors"",""Spoiler"",""Turn signal indicator mirrors""],""interior"":[""Air Conditioning"",""Auto-dimming Rear-View mirror"",""Driver & Front Passenger 3-Position Seat Memory"",""Driver door bin"",""Driver vanity mirror"",""Front Bucket Seats"",""Front Center Armrest"",""Front dual zone A/C"",""Front reading lights"",""Genuine wood console insert"",""Genuine wood door panel insert"",""Heated & Ventilated Front Seats"",""Leather Seat Trim"",""Leather steering wheel"",""Overhead console"",""Passenger door bin"",""Passenger vanity mirror"",""Power driver seat"",""Power passenger seat"",""Power windows"",""Rear window defroster"",""Speed-Sensitive Wipers"",""Steering wheel mounted audio controls"",""Tachometer"",""Telescoping steering wheel"",""Tilt steering wheel"",""Trip computer"",""Variably intermittent wipers"",""Wood Interior Trim""],""mechanical"":[""4-Wheel Disc Brakes"",""Four wheel independent suspension"",""Power steering"",""Speed-sensing steering""],""other"":[""Auto tilt-away steering wheel"",""Convertible roof lining"",""Front anti-roll bar"",""Glass rear window"",""Illuminated Scuff Plates"",""Illuminated entry"",""Lexus Enform"",""Luxury Package"",""One-Touch Auto Front-Seat Fold & Slide Activation"",""Outside Rear-View Mirror Functions"",""Outside temperature display"",""Perforated Semi-Aniline Leather Seat Trim"",""Power convertible roof"",""Rear anti-roll bar"",""Steering Column w/Memory""],""safety"":[""ABS brakes"",""Brake assist"",""Dual front impact airbags"",""Dual front side impact airbags"",""Electronic Stability Control"",""Integrated roll-over protection"",""Knee airbag"",""Low tire pressure warning"",""Occupant sensing airbag"",""Panic alarm"",""Security system"",""Traction control""],""technology"":[""8 Speakers"",""Automatic temperature control"",""CD player"",""Compass"",""Garage door transmitter: HomeLink"",""Lexus Premium Audio System"",""Navigation System"",""Radio data system"",""Rain-Sensing Wipers"",""Rear Back-Up Camera"",""Remote keyless entry"",""Speed control"",""XM NavTraffic/XM NavWeather""]}",85,"KBB Fair Market Range High: $15,264 KBB Fair Market Range Low: $13,614 Clean CARFAX.<br><br>Tungsten Pearl 2010 Lexus IS 250 C 2D Convertible RWD 2.5L V6 DOHC 24V VVT-i 6-Speed Ecru/Brown w/Leather Seat Trim, 17 x 8 10-Spoke Aluminum Alloy Wheels, 4-Wheel Disc Brakes, 8 Speakers, Air Conditioning, Auto tilt-away steering wheel, Automatic temperature control, Bi-Xenon High-Intensity Headlamps, CD player, Compass, Convertible HardTop, Driver &amp; Front Passenger 3-Position Seat Memory, Driver door bin, Electronic Stability Control, Four wheel independent suspension, Front anti-roll bar, Front Bucket Seats, Garage door transmitter: HomeLink, Genuine wood door panel insert, Heated &amp; Ventilated Front Seats, Illuminated Scuff Plates, Knee airbag, Lexus Enform, Lexus Premium Audio System, Low tire pressure warning, Luxury Package, Navigation System, One-Touch Auto Front-Seat Fold &amp; Slide Activation, Outside Rear-View Mirror Functions, Outside temperature display, Passenger vanity mirror, Perforated Semi-Aniline Leather Seat Trim, Radio data system, Rain-Sensing Wipers, Rear anti-roll bar, Rear Back-Up Camera, Rear window defroster, Steering Column w/Memory, Tachometer, Telescoping steering wheel, Traction control, Trip computer, Turn signal indicator mirrors, Variably intermittent wipers, Wood Interior Trim, XM NavTraffic/XM NavWeather.","[PREMIUM]",31,,,,,"[PREMIUM]"
"786512329","2026-07-28 23:21:40.856","2026-07-28 23:21:40.856","786512329","[PREMIUM]","117058A",2015,"TOYOTA","Toyota","SIENNA","Sienna","SE Premium","VANS","Used","Used 2015 Toyota Sienna SE Premium",145450,"[PREMIUM]",,"Good","[PREMIUM]",14510,15960,"Silver Sky","SILVER","Black","BLACK","6CLDR","6-Cylinder","2 wheel drive - front","AUT","6-Speed Automatic","Automatic","G","Gasoline","Gas",18,25,3.5,true,4,false,true,false,,false,,,"30",72326,"[PREMIUM]","[PREMIUM]","[PREMIUM]",16162,"[PREMIUM]",false,"PARTNER",402272,4.4,222,0,"[""NO_SALVAGE_TITLE"",""ACCIDENTS_REPORTED"",""ONE_OWNER""]","{""exterior"":[""Alloy wheels"",""Bumpers: body-color"",""Delay-off headlights"",""Front fog lights"",""Fully automatic headlights"",""Heated door mirrors"",""Power door mirrors"",""Rear window wiper"",""Roof Rack Cross Bars"",""Spoiler"",""Wheels: 19' x 7' 6-Spoke Gunmetal-Finished Alloy""],""interior"":[""3rd row seats: split-bench"",""Air Conditioning"",""Auto-dimming Rear-View mirror"",""Carpet Floor Mats & Door Sill Protectors"",""Driver door bin"",""Driver vanity mirror"",""Driver's Seat Mounted Armrest"",""Front Bucket Seats"",""Front dual zone A/C"",""Front reading lights"",""Heated front seats"",""Leather Seat Material"",""Leather Shift Knob"",""Overhead console"",""Passenger door bin"",""Passenger seat mounted armrest"",""Passenger vanity mirror"",""Power Liftgate"",""Power Tilt & Slide Moonroof"",""Power driver seat"",""Power windows"",""Rear air conditioning"",""Rear reading lights"",""Rear seat center armrest"",""Rear window defroster"",""Reclining 3rd row seat"",""Split folding rear seat"",""Steering wheel mounted audio controls"",""Tachometer"",""Telescoping steering wheel"",""Tilt steering wheel"",""Trip computer"",""Variably intermittent wipers""],""mechanical"":[""4-Wheel Disc Brakes"",""Axle Ratio: 3.94"",""Front wheel independent suspension"",""Power steering"",""Speed-sensing steering""],""other"":[""Door auto-latch"",""Front anti-roll bar"",""Illuminated entry"",""Local Trade"",""Outside temperature display"",""Push Starting System"",""Rear anti-roll bar"",""Roof rack: rails only""],""safety"":[""ABS brakes"",""Brake assist"",""Dual front impact airbags"",""Dual front side impact airbags"",""Electronic Stability Control"",""Knee airbag"",""Lane Change Assist"",""Low tire pressure warning"",""Occupant sensing airbag"",""Overhead airbag"",""Panic alarm"",""Traction control""],""technology"":[""6 Speakers"",""AM/FM radio: SiriusXM"",""Automatic temperature control"",""Bluetooth"",""CD player"",""Compass"",""Exterior Parking Camera Rear"",""Garage door transmitter: HomeLink"",""Radio data system"",""Remote keyless entry"",""Speed control""]}",80,"This 2015 Toyota Sienna SE Premium 8 Passenger offers the dependability and versatility you need for family transportation, presented in an attractive silver exterior that maintains a clean, professional appearance. - Bluetooth connectivity - Power liftgate for convenient loading - Rear parking camera - Roof rack cross bars for additional storage - Heated front seats - Leather seat material - Power tilt and slide moonroof - Automatic temperature control with front dual zone A/C - Rear air conditioning and rear window defroster - 6-Spoke gunmetal-finished alloy wheels - Electronic Stability Control and traction control - Split folding rear seat with 3rd row split-bench seating - Power driver seat with armrest - Steering wheel mounted audio controls - SiriusXM satellite radio with AM/FM and CD player The interior prioritizes passenger comfort with seating for eight across three rows, allowing you to accommodate larger groups or fold seats to maximize cargo space. Heated front seats and leather seat material enhance the driving experience during cooler months, while the power tilt and slide moonroof brings natural light and ventilation to the cabin. Climate control is comprehensive, featuring automatic temperature control with independent front dual zones and dedicated rear air conditioning to ensure comfort throughout the vehicle. This Sienna delivers practical performance with its 3.5L V6 engine paired with a 6-speed automatic transmission, achieving 18 mpg in the city and 25 mpg on the highway. The front-wheel-drive configuration provides stable handling and predictable response in various driving conditions. Safety features include Electronic Stability Control, traction control, four-wheel disc brakes with ABS, and multiple airbags positioned throughout the cabin for occupant protection. The exterior incorporates practical elements designed for active families. The roof rack cross bars expand carrying capacity for sports equipment or travel gear, while the rear parking camera with integrated display simplifies maneuvering in tight spaces. Power door mirrors with heated elements and a rear window wiper accommodate seasonal weather changes. Fully automatic headlights with delay-off functionality and front fog lights enhance visibility during night driving or adverse conditions. Technology features focus on driver convenience and safety awareness. Steering wheel mounted audio controls allow you to manage entertainment without taking your hands from the wheel, while the trip computer tracks fuel efficiency and driving statistics. The HomeLink garage door transmitter integrates vehicle controls into your daily routine, and remote keyless entry provides secure, hands-free access. This local trade-in represents an opportunity to acquire a proven seven-passenger minivan with the features and comfort that have made the Sienna a trusted choice for families seeking reliability and practical space.","[PREMIUM]",19,"1550 E Camelback Rd","Phoenix","AZ","85014","[PREMIUM]"
"786411594","2026-07-28 23:21:40.852","2026-07-28 23:21:40.852","786411594","[PREMIUM]","FA006803",2015,"ACURA","Acura","ACUTLX","TLX","V6","SEDAN","Used","Used 2015 Acura TLX V6",104901,"[PREMIUM]",,"Good","[PREMIUM]",13840,15990,"Slate Silver Metallic","SILVER","Graystone","GRAY","6CLDR","6-Cylinder","2 wheel drive - front","AUT","9-Speed Automatic","Automatic","G","Gasoline","Gas",21,34,3.5,false,5,false,true,false,,false,,,"30",65543649,"[PREMIUM]","[PREMIUM]","[PREMIUM]",15498,"[PREMIUM]",false,"PARTNER",400637,4.3,83,1,"[""NO_SALVAGE_TITLE"",""ACCIDENTS_REPORTED"",""NO_ONE_OWNER""]","{""exterior"":[""Slate Silver Metallic""],""interior"":[""Leatherette Seats"",""Moonroof""],""other"":[""Graystone""],""technology"":[""Keyless Start""]}",5,"* Moonroof<br>* Keyless Start<br>* Graystone; Leatherette Seats<br>* Slate Silver Metallic<br><br><br><br>This vehicle includes a Money-Back Guarantee* and passed our precise inspection process. Best of all the price you see is the price you pay. No haggling. No back and forth. No pressure. And this price is so good it is guaranteed. *Money-Back Guarantee is valid for 5 days or 250 miles, whichever comes first. Subject to certain terms and conditions. See store for details. Some restrictions apply.<br><br>AutoNation Toyota Mall of Georgia has a wide selection of exceptional pre-owned vehicles to choose from, including this 2015 Acura TLX. This vehicle was engineered to be both economically and environmentally friendly with exceptional fuel efficiency. Low, low mileage coupled with an exacting maintenance program make this vehicle a rare find. There are many vehicles on the market but if you are looking for a vehicle that will perform as good as it looks then this Acura TLX V6 is the one! More information about the 2015 Acura TLX: With a base price far more in line with the outgoing TSX than with the outgoing, but upmarket TL, the new TLX represents an excellent value. Competitors include the Lexus ES350, the Mercedes-Benz CLS, the Audi A4 and the BMW 3-series. With a base price that starts just below $31,000, the TLX undercuts many of its rivals, while still offering plenty of space, sophisticated drivetrains and a modern chassis. This model sets itself apart with available all-wheel drive, good fuel economy, advanced transmission options, and Good balance between luxury and sportiness<br><br>","[PREMIUM]",30,"3505 Buford Dr","Buford","GA","30519","[PREMIUM]"
"786165550","2026-07-28 23:21:30.694","2026-07-28 23:21:30.694","786165550","[PREMIUM]","710737W",2015,"HONDA","Honda","CRV","CR-V","LX","SUV","Used","Used 2015 Honda CR-V LX",72840,"[PREMIUM]",,"Great","[PREMIUM]",16100,17900,"Gray","GRAY",,,"4CLDR","4-Cylinder","2 wheel drive - front","AUT","Continuously Variable Automatic","Automatic","G","Gasoline","Gas",27,34,2.4,false,7,false,false,false,,false,,,"30",1359953,"[PREMIUM]","[PREMIUM]","[PREMIUM]",4353,"[PREMIUM]",false,"PARTNER",402512,4.1,508,0,"[""NO_SALVAGE_TITLE"",""ACCIDENTS_REPORTED"",""NO_ONE_OWNER""]","{""exterior"":[""16\"" Styled Steel Wheels"",""Bumpers: body-color"",""Delay-off headlights"",""Power door mirrors"",""Rear window wiper""],""interior"":[""Air Conditioning"",""Cloth Seat Trim"",""Driver door bin"",""Driver vanity mirror"",""Front Bucket Seats"",""Front Center Armrest"",""Front reading lights"",""Overhead console"",""Passenger door bin"",""Passenger vanity mirror"",""Power windows"",""Rear seat center armrest"",""Rear window defroster"",""Split folding rear seat"",""Steering wheel mounted audio controls"",""Tachometer"",""Telescoping steering wheel"",""Tilt steering wheel"",""Trip computer""],""mechanical"":[""4-Wheel Disc Brakes"",""5.048 Axle Ratio"",""Four wheel independent suspension"",""Power steering"",""Speed-sensing steering""],""other"":[""Front anti-roll bar"",""Illuminated entry"",""Outside temperature display"",""Rear anti-roll bar""],""safety"":[""ABS brakes"",""Brake assist"",""Dual front impact airbags"",""Dual front side impact airbags"",""Electronic Stability Control"",""Low tire pressure warning"",""Occupant sensing airbag"",""Overhead airbag"",""Panic alarm"",""Traction control""],""technology"":[""4 Speakers"",""AM/FM radio"",""AM/FM/CD Audio System w/4 Speakers"",""CD player"",""Compass"",""Exterior Parking Camera Rear"",""Radio data system"",""Remote keyless entry"",""Speed control""]}",52,"2023 DealerRater Consumer Satisfaction Award winner - Connecticut's highest volume independent auto dealer! We have the area's largest selection of pre-owned vehicles at the lowest prices available, over 700 in stock to choose from! Financing for all credit tiers and extended warranties available. Please contact our sales department for more information about this vehicle or the rest of our inventory. Call , view our website www.abwautos.com, or visit our showroom in Naugatuck, CT. Open 7 days a week!<br><br>This 2015 Honda CR-V LX in gray offers practical transportation with solid fuel efficiency. With 72,840 miles, this compact SUV remains a dependable choice for buyers seeking versatility and value in the pre-owned market.<br><br>- AM/FM/CD Audio System with 4 Speakers<br>- Steering Wheel Mounted Audio Controls<br>- Rear Exterior Parking Camera<br>- Rear Window Defroster<br>- Remote Keyless Entry<br>- Electronic Stability Control and Traction Control<br>- Four-Wheel Independent Suspension<br>- Power Windows and Power Door Mirrors<br>- Air Conditioning<br>- Split Folding Rear Seat<br>- Telescoping and Tilt Steering Wheel<br>- Trip Computer and Outside Temperature Display<br>- Front and Rear Anti-Roll Bars<br>- 4-Wheel Disc Brakes with ABS<br>- Dual Front Impact Airbags and Dual Front Side Impact Airbags<br><br>The CR-V is equipped with a 2.4L four-cylinder engine paired with a CVT transmission and front-wheel drive, delivering 27 city and 34 highway MPG. This powertrain balances efficiency with the capability you expect from a crossover utility vehicle.<br><br>Safety features are comprehensive. The vehicle includes electronic stability control, traction control, four-wheel independent suspension, and a full complement of airbags positioned throughout the cabin. The rear backup camera provides added visibility when maneuvering in tight spaces. Speed-sensing steering and brake assist further enhance overall control and response.<br><br>Inside, you'll find practical amenities designed for comfort and convenience. The cloth interior features front bucket seats with a center armrest, and the split-folding rear seat expands cargo versatility. Climate control, power windows, power mirrors, and illuminated entry make daily operation straightforward. The audio system includes AM/FM and CD capability with controls mounted on the steering wheel for ease of use while driving.<br><br>This CR-V represents a solid value for buyers who prioritize reliability and functionality. Contact our sales department today to schedule a time to view this vehicle and explore our full inventory.<br><br>A Better Way Wholesale Autos works with ITIN auto loan lenders. This alternative tax processing number is acknowledged by numerous lenders; even if you have little to no, or blemished credit, our network is probably able to help you in securing an auto loan.","[PREMIUM]",27,"49 Raytkwich Rd","Naugatuck","CT","06770","[PREMIUM]"
"784255275","2026-07-28 23:21:30.691","2026-07-28 23:21:30.691","784255275","[PREMIUM]","27912B",2015,"CHRY","Chrysler","300","300","C Platinum","SEDAN","Used","Used 2015 Chrysler 300 C Platinum w/ Harman/Kardon Audio Group",93549,"[PREMIUM]",,"Good","[PREMIUM]",13340,15740,"Gloss Black","BLACK","Black","BLACK","6CLDR","6-Cylinder","All wheel drive","AUT","8-Speed Automatic","Automatic","G","Gasoline","Gas",18,27,3.6,true,31,false,false,false,,false,,,"30",100027652,"[PREMIUM]","[PREMIUM]","[PREMIUM]",580,"[PREMIUM]",false,"PARTNER",406759,4.7,246,0,"[""NO_SALVAGE_TITLE"",""NO_FRAME_DAMAGE"",""NO_FLOOD_WATER_DAMAGE"",""NO_ACCIDENTS_REPORTED"",""NO_ONE_OWNER"",""FREE_REPORT""]","{""exterior"":[""19\"" x 7.5\"" Polished Aluminum Wheels"",""Alloy wheels"",""Auto-dimming door mirrors"",""Bumpers: body-color"",""Delay-off headlights"",""Front fog lights"",""Fully automatic headlights"",""Heated door mirrors"",""Power door mirrors"",""Turn signal indicator mirrors""],""interior"":[""Adjustable pedals"",""Air Conditioning"",""Anti-whiplash front head restraints"",""Auto-dimming Rear-View mirror"",""Driver door bin"",""Driver vanity mirror"",""Front Bucket Seats"",""Front Center Armrest"",""Front dual zone A/C"",""Front reading lights"",""Garage door transmitter"",""Genuine wood console insert"",""Genuine wood dashboard insert"",""Genuine wood door panel insert"",""Heated front seats"",""Heated rear seats"",""Heated steering wheel"",""Memory seat"",""Overhead console"",""Passenger door bin"",""Passenger vanity mirror"",""Pedal memory"",""Power driver seat"",""Power moonroof"",""Power passenger seat"",""Power windows"",""Rear Window Blind"",""Rear reading lights"",""Rear seat center armrest"",""Rear window defroster"",""Speed-Sensitive Wipers"",""Split folding rear seat"",""Steering wheel memory"",""Steering wheel mounted audio controls"",""Tachometer"",""Telescoping steering wheel"",""Tilt steering wheel"",""Trip computer"",""Variably intermittent wipers"",""Ventilated front seats""],""mechanical"":[""4-Wheel Disc Brakes"",""Four wheel independent suspension"",""Power steering"",""Speed-sensing steering""],""other"":[""Delete Power Backlight Sunshade"",""Front anti-roll bar"",""Illuminated entry"",""Limited Leather w/Perforated Insert Seats"",""Outside temperature display"",""Quick Order Package 22R"",""Rear anti-roll bar""],""safety"":[""ABS brakes"",""Brake assist"",""Dual front impact airbags"",""Dual front side impact airbags"",""Electronic Stability Control"",""Knee airbag"",""Low tire pressure warning"",""Occupant sensing airbag"",""Overhead airbag"",""Panic alarm"",""Security system"",""Traction control""],""technology"":[""19 harman/kardon Greenedge Speakers"",""6 Speakers"",""AM/FM radio: SiriusXM"",""Audio memory"",""Automatic temperature control"",""Compass"",""Navigation system: Garmin"",""ParkView Rear Back-Up Camera"",""Radio data system"",""Radio: Uconnect 8.4 NAV"",""Remote keyless entry"",""Speed control"",""harman/kardon Audio Group"",""harman/kardon GreenEdge Amp""]}",87,"This 2015 Gloss Black Chrysler 300 C Platinum AWD is well equipped and includes these features and benefits:<br><br><br>18/27 City/Highway MPG Odometer is 2510 miles below market average!<br><br><br>Awards:<br>* JD Power Initial Quality Study (IQS) * 2015 KBB.com 10 Most Comfortable Cars Under $30,000<br><br>Why Choose Murray Motors? - We Take Our Internet Business Very Seriously!<br><br>Shopping at Murray Motors is car buying the way it should be: FUN, INFORMATIVE, and FAIR!!<br><br>Here are our promises:<br>* Transparent Pricing and Sales Process!<br>* Pressure Free, Efficient, Friendly, and Helpful Sales Staff!<br>* Savvy In-House Finance Team! Great with Numbers - Better with People!<br>* Challenged Credit? Give Us a Try!!<br>* One Massive Inventory For One Stop Shopping!<br>* No Hassle Sell or Trade Any Car<br>* Pressure Free Road Test<br><br>*Murray Motors, you'll find our online reviews to be 5 out of 5! - Come See For Yourself Why Today!","[PREMIUM]",29,"85 Griffith Rd","Muncy","PA","17756","[PREMIUM]"
"786519187","2026-07-28 23:21:20.518","2026-07-28 23:21:20.518","786519187","[PREMIUM]",,2019,"SUB","Subaru","FOREST","Forester","Premium","SUV","Used","Used 2019 Subaru Forester Premium w/ Popular Package #1",101735,"[PREMIUM]",,"Great","[PREMIUM]",16230,17880,"[cb2] Crystal Black Silica",,"Black","BLACK","4CLDR","4-Cylinder","All wheel drive","AUT","Continuously Variable Automatic","Automatic","G","Gasoline","Gas",26,33,2.5,false,4,false,true,false,,false,,,"30",94843,"[PREMIUM]","[PREMIUM]","[PREMIUM]",357,"[PREMIUM]",false,"PARTNER",438610,4.4,101,0,"[""NO_SALVAGE_TITLE"",""NO_ACCIDENTS_REPORTED"",""NO_ONE_OWNER""]","{""interior"":[""Cloth Seats""]}",1,"MOONROOF!!ALL WHEEL DRIVE!!CALL <br><br>Step into the world of adventure and reliability with the 2019 Subaru Forester Premium, a vehicle that embodies the perfect blend of style, performance, and practicality! This stunning SUV, with its sleek black exterior, is not just a car it's a statement. Whether you're cruising through city streets or exploring rugged trails, this Forester is designed to meet all your driving needs with unparalleled confidence.<br><br>Under the hood, you'll find the robust 2.5L H4 engine that delivers an impressive 182 horsepower and 178 lb-ft of torque. This powerhouse, paired with a smooth Continuously Variable Transmission (CVT), ensures that every drive is as exhilarating as the first. The Forester is renowned for its exceptional handling and stability, making it your ideal companion for both everyday commutes and weekend getaways.<br><br>Step inside, and you'll be greeted by a spacious and comfortable interior, featuring durable black cloth seats that offer a touch of elegance and comfort. The interior is thoughtfully designed to provide ample space for both passengers and cargo, making it perfect for family adventures or solo road trips. With its user-friendly controls and intuitive layout, you'll find everything you need is right at your fingertips.<br><br>This 2019 Subaru Forester Premium isn't just about looks and performance; it's also about trust and value. It proudly holds multiple accolades from Kelley Blue Book, including the prestigious Best Two-Row SUVs for Families and Best Family Cars. These awards are a testament to the Forester's family-friendly features, safety, and overall value. Additionally, Subaru's recognition as Kelley Blue Book's Most Trusted Brand and Best Brand for 5-Year Cost to Own underscores the long-term reliability and affordability of this remarkable SUV.<br><br>With a mileage of 101,735, this Forester has been well-loved and is ready to continue delivering exceptional performance for years to come. Subaru's reputation for durability and longevity means you can drive with peace of mind, knowing that this vehicle is built to last.<br><br>The black exterior not only exudes sophistication but also serves as a versatile canvas that complements any lifestyle. Whether you re headed to a business meeting or a mountain trail, this Forester will turn heads and leave a lasting impression.<br><br>Safety is paramount in the Forester, which is equipped with Subaru's renowned safety features designed to protect you and your loved ones on every journey. From its advanced driver-assist technologies to its robust build, this SUV is engineered to provide maximum protection and peace of mind.<br><br>In summary, the 2019 Subaru Forester Premium is more than just a vehicle; it's a trusted partner ready to accompany you on life's adventures. With its award-winning pedigree, impressive performance, and family-friendly features, this Forester is the perfect choice for those who demand reliability and style in equal measure. Don't miss your chance to own a vehicle that has consistently been recognized for its excellence and trustworthiness.<br><br>Seize this opportunity to drive away in a vehicle that truly understands your needs. The 2019 Subaru Forester Premium is waiting for you ready to deliver the kind of driving experience that dreams are made of. Get ready to explore new horizons with confidence and excitement!<br><br>Check out our full line of  Or call <br><br>Call us anytime and ask for Bart or Ryan and we will be happy to assist you. For your convenience please call before you come to be certain of availability. Full financing available. All of our vehicles have been checked by our in house service department. All of our vehicles are clean title and have actual miles. Enjoy our low overhead low price philosophy. We buy in bulk and sell at wholesale cost to save you the new car stor&gt;","[PREMIUM]",14,"22098 Canton Court","Farmington","MN","55024","[PREMIUM]"
"786047997","2026-07-28 23:18:51.249","2026-07-28 23:18:51.249","786047997","[PREMIUM]","PDR760",2015,"TOYOTA","Toyota","HIGHLANDER","Highlander","XLE","SUV","Used","Used 2015 Toyota Highlander XLE",163657,"[PREMIUM]",,,"[PREMIUM]",14390,15990,"Attitude Black Metallic","BLACK","Ash","GRAY","6CLDR","6-Cylinder","All wheel drive","AUT","6-Speed Automatic","Automatic","G","Gasoline","Gas",18,24,3.5,true,9,false,false,true,,false,,,"30",72105623,"[PREMIUM]","[PREMIUM]","[PREMIUM]",247,"[PREMIUM]",false,"PARTNER",401885,4.4,194,0,"[""NO_SALVAGE_TITLE"",""NO_ACCIDENTS_REPORTED"",""ONE_OWNER""]","{""exterior"":[""Alloy wheels"",""Bumpers: body-color"",""Delay-off headlights"",""Front fog lights"",""Fully automatic headlights"",""Heated door mirrors"",""Power door mirrors"",""Rear window wiper"",""Spoiler"",""Turn signal indicator mirrors""],""interior"":[""3rd row seats: split-bench"",""Air Conditioning"",""Anti-whiplash front head restraints"",""Auto-dimming Rear-View mirror"",""Carpet Floor Mats & Carpet Cargo Mat"",""Driver door bin"",""Driver vanity mirror"",""Front Bucket Seats"",""Front Center Armrest"",""Front dual zone A/C"",""Front reading lights"",""Garage door transmitter"",""Heated front seats"",""Leather Seat Material"",""Leather Shift Knob"",""Overhead console"",""Passenger door bin"",""Passenger vanity mirror"",""Power Liftgate"",""Power driver seat"",""Power moonroof"",""Power windows"",""Rear air conditioning"",""Rear reading lights"",""Rear window defroster"",""Reclining 3rd row seat"",""Split folding rear seat"",""Steering wheel mounted audio controls"",""Tachometer"",""Telescoping steering wheel"",""Tilt steering wheel"",""Trip computer"",""Variably intermittent wipers""],""mechanical"":[""4-Wheel Disc Brakes"",""4.154 Axle Ratio"",""Four wheel independent suspension"",""Power steering"",""Speed-sensing steering""],""other"":[""Front anti-roll bar"",""Illuminated entry"",""Outside temperature display"",""Radio: Entune Premium Audio w/Nav & App Suite"",""Rear anti-roll bar"",""Roof rack: rails only"",""Very Clean"",""Wheels: 18\"" Split 5-Spoke Machined-Face Alloy""],""safety"":[""ABS brakes"",""Brake assist"",""Dual front impact airbags"",""Dual front side impact airbags"",""Electronic Stability Control"",""Knee airbag"",""Low tire pressure warning"",""Occupant sensing airbag"",""Overhead airbag"",""Panic alarm"",""Security system"",""Traction control""],""technology"":[""6 Speakers"",""AM/FM radio: SiriusXM"",""Automatic temperature control"",""CD player"",""Exterior Parking Camera Rear"",""Navigation System"",""Remote keyless entry"",""Speed control""]}",76,"This 2015 Toyota Highlander XLE V6 delivers the reliability and capability your family needs in a three-row SUV that handles both daily commutes and weekend adventures with confidence.<br><br>- 3.5L V6 DOHC Dual VVT-i engine with 6-speed automatic transmission and AWD<br>- Seating for up to 8 with split-folding rear seat and reclining third row<br>- Leather front bucket seats with heated seating for driver and front passenger<br>- Dual-zone automatic climate control with rear air conditioning<br>- Navigation system with Entune Premium Audio and app suite compatibility<br>- 18-inch alloy wheels with all-season performance<br>- Power moonroof for added light and ventilation<br>- Rear parking camera for enhanced visibility and safety<br>- Comprehensive airbag system including knee and overhead airbags<br>- Electronic stability control and traction control<br>- Four-wheel independent suspension with front and rear anti-roll bars<br>- Auto-dimming rearview mirror and heated door mirrors<br>- Front fog lights with fully automatic headlight operation<br>- Power liftgate for convenient cargo access<br>- Roof rack rails for outdoor gear storage<br><br>The cabin combines comfort with practicality, featuring leather upholstery and power-adjustable driver seating that allows every member to find their preferred position. Climate zones keep the front passengers comfortable while rear air conditioning ensures those in the second and third rows stay cool. The navigation system integrates with your smartphone through the Entune suite, keeping you connected and informed throughout your journey.<br><br>Safety remains paramount in this Highlander. Electronic stability control works alongside traction control to maintain grip during challenging driving conditions. The extensive airbag configuration, including dual front impact bags, side-impact protection, and overhead coverage, provides comprehensive protection for all seating positions. Anti-lock brakes with brake assist give you confidence during emergency stops.<br><br>The AWD system and four-wheel independent suspension adapt to various road conditions, whether you're navigating winter weather or rough terrain. Speed-sensing steering adjusts responsiveness based on your driving speed, making the vehicle responsive in tight turns while stable on highways. The 18-inch machined-face alloy wheels are wrapped in quality rubber designed to handle diverse driving situations.<br><br>This very clean Highlander combines the practical three-row layout with premium convenience features that make ownership straightforward. The power liftgate, rear window wiper, and carpet floor mats and cargo mat protect your investment while simplifying loading and unloading. The garage door transmitter adds another layer of everyday convenience.<br><br>We invite you to schedule a test drive and see how well this Highlander can fit into your lifestyle. Our team is ready to answer any questions and help you understand why this capable family SUV remains a smart choice for those seeking space, comfort, and dependable performance.","[PREMIUM]",27,"1805 WAYZATA BLVD","Wayzata","MN","55391","[PREMIUM]"
"786196995","2026-07-28 23:18:50.263","2026-07-28 23:18:50.263","786196995","[PREMIUM]","L023348A",2019,"HONDA","Honda","CRV","CR-V","LX","SUV","Used","Used 2019 Honda CR-V LX",68854,"[PREMIUM]",,"Great","[PREMIUM]",17330,19130,"Basque Red Pearl Ii","RED","Gray","GRAY","4CLDR","4-Cylinder","2 wheel drive - front","AUT","Continuously Variable Automatic","Automatic","G","Gasoline","Gas",26,32,2.4,false,7,false,false,true,,false,,,"30",90896,"[PREMIUM]","[PREMIUM]","[PREMIUM]",4296,"[PREMIUM]",false,"PARTNER",439628,4,330,0,"[""NO_SALVAGE_TITLE"",""NO_ACCIDENTS_REPORTED"",""ONE_OWNER""]","{""exterior"":[""17\"" Alloy Wheels"",""Alloy wheels"",""Bumpers: body-color"",""Delay-off headlights"",""Power door mirrors"",""Rear window wiper"",""Spoiler""],""interior"":[""Air Conditioning"",""Cloth Seat Trim"",""Driver door bin"",""Driver vanity mirror"",""Front Bucket Seats"",""Front Center Armrest"",""Front reading lights"",""Overhead console"",""Passenger door bin"",""Passenger vanity mirror"",""Power windows"",""Rear seat center armrest"",""Rear window defroster"",""Split folding rear seat"",""Steering wheel mounted audio controls"",""Tachometer"",""Telescoping steering wheel"",""Tilt steering wheel"",""Trip computer""],""mechanical"":[""4-Wheel Disc Brakes"",""5.05 Axle Ratio"",""Four wheel independent suspension"",""Power steering"",""Speed-sensing steering""],""other"":[""Front anti-roll bar"",""Illuminated entry"",""Outside temperature display"",""Rear anti-roll bar""],""safety"":[""ABS brakes"",""Brake assist"",""Dual front impact airbags"",""Dual front side impact airbags"",""Electronic Stability Control"",""Low tire pressure warning"",""Occupant sensing airbag"",""Overhead airbag"",""Panic alarm"",""Traction control""],""technology"":[""4 Speakers"",""AM/FM radio"",""Automatic temperature control"",""Exterior Parking Camera Rear"",""Radio data system"",""Radio: AM/FM Audio System w/4 Speakers"",""Remote keyless entry"",""Speed control""]}",53,"!!! LIFETIME POWERTRAIN WARRANTY On all New and Virtually Every Used Vehicle!!! Honda of Ocala offers more for less. All prices recently reduced. One year complimentary maintenance and unlimited car washes, as well as a full-service cafe with complimentary breakfast or lunch with each visit. Come see why Honda of Ocala makes the car buying experience easy today. Recent Arrival! Basque Red Pearl II 2019 Honda CR-V LX<br>17 Alloy Wheels, 4 Speakers, 4-Wheel Disc Brakes, 5.05 Axle Ratio, ABS brakes, Air Conditioning, Alloy wheels, AM/FM radio, Automatic temperature control, Brake assist, Bumpers: body-color, Cloth Seat Trim, Delay-off headlights, Driver door bin, Driver vanity mirror, Dual front impact airbags, Dual front side impact airbags, Electronic Stability Control, Exterior Parking Camera Rear, Four wheel independent suspension, Front anti-roll bar, Front Bucket Seats, Front Center Armrest, Front reading lights, Illuminated entry, Low tire pressure warning, Occupant sensing airbag, Outside temperature display, Overhead airbag, Overhead console, Panic alarm, Passenger door bin, Passenger vanity mirror, Power door mirrors, Power steering, Power windows, Radio data system, Radio: AM/FM Audio System w/4 Speakers, Rear anti-roll bar, Rear seat center armrest, Rear window defroster, Rear window wiper, Remote keyless entry, Speed control, Speed-sensing steering, Split folding rear seat, Spoiler, Steering wheel mounted audio controls, Tachometer, Telescoping steering wheel, Tilt steering wheel, Traction control, and Trip computer.","[PREMIUM]",23,"1800 Southwest College Road","Ocala","FL","34471","[PREMIUM]"
"786424738","2026-07-28 23:18:50.258","2026-07-28 23:18:50.258","786424738","[PREMIUM]","FS631533C",2015,"CAD","Cadillac","SRX","SRX","Premium","SUV","Used","Used 2015 Cadillac SRX Premium w/ Driver Assist Package",66840,"[PREMIUM]",,"Great","[PREMIUM]",14785,17210,"Platinum Ice Tricoat","WHITE","Ebony W/Ebony Accents","BLACK","6CLDR","6-Cylinder","All wheel drive","AUT","6-Speed Automatic","Automatic","G","Gasoline","Gas",16,23,3.6,true,5,false,true,false,,false,,,"30",69013991,"[PREMIUM]","[PREMIUM]","[PREMIUM]",780,"[PREMIUM]",false,"PARTNER",399448,4.2,241,0,"[""NO_SALVAGE_TITLE"",""NO_FRAME_DAMAGE"",""NO_FLOOD_WATER_DAMAGE"",""ACCIDENTS_REPORTED"",""ONE_OWNER"",""FREE_REPORT""]","{""exterior"":[""Aluminum Wheels"",""Fog Lamps"",""HID headlights"",""Heated Mirrors"",""Mirror Memory"",""Power Mirror(s)"",""Tires - Front Performance"",""Tires - Rear Performance"",""Tow Hitch"",""Wheel Locks""],""interior"":[""AC"",""Adjustable Pedals"",""Adjustable Steering Wheel"",""Auto-Dimming Rearview Mirror"",""Bucket Seats"",""Climate Control"",""Driver Adjustable Lumbar"",""Driver Illuminated Vanity Mirror"",""Driver Vanity Mirror"",""Floor Mats"",""Heated Seats"",""Heated Steering Wheel"",""Intermittent Wipers"",""Leather Seats"",""Leather Steering Wheel"",""Multi-Zone A/C"",""Panoramic Roof"",""Pass-Through Rear Seat"",""Passenger Adjustable Lumbar"",""Passenger Illuminated Visor Mirror"",""Passenger Vanity Mirror"",""Power Door Locks"",""Power Driver Seat"",""Power Passenger Seat"",""Power Windows"",""Rear A/C"",""Rear Defrost"",""Seat Memory"",""Steering Wheel Audio Controls"",""Sunroof / Moonroof"",""Universal Garage Door Opener"",""Variable Speed Intermittent Wipers""],""mechanical"":[""4-Wheel Disc Brakes"",""6-Speed A/T"",""A/T"",""Active Suspension"",""All Wheel Drive"",""Gasoline Fuel"",""Power Steering"",""V6 Cylinder Engine""],""other"":[""Locking/Limited Slip Differential"",""Premium Sound"",""Rear Collision Mitigation""],""safety"":[""ABS"",""Blind Spot Monitor"",""Child Safety Locks"",""Cross-Traffic Alert"",""Daytime Running Lights"",""Driver Air Bag"",""Front Head Air Bag"",""Front Side Air Bag"",""Passenger Air Bag"",""Rear Head Air Bag"",""Security System"",""Stability Control"",""Tire Pressure Monitor"",""Traction Control""],""technology"":[""AM/FM Stereo"",""Adaptive Cruise Control"",""Auxiliary Audio Input"",""Back-Up Camera"",""Bluetooth"",""CD Player"",""Cruise Control"",""Engine Immobilizer"",""Keyless Entry"",""Keyless Start"",""MP3 Player"",""Navigation System"",""Rain Sensing Wipers"",""Rear Parking Aid"",""Remote Start"",""Satellite Radio"",""Telematics"",""WiFi Hotspot""]}",85,"PLATINUM ICE TRICOAT exterior and EBONY W/ EBONY ACCENTS interior, Premium Collection trim. CARFAX 1-Owner.<br><br>KEY FEATURES INCLUDE<br>Leather Seats, Navigation, Sunroof, Panoramic Roof, Rear Air, Heated Driver Seat, Heated Rear Seat, Cooled Driver Seat, Back-Up Camera, Premium Sound System, Satellite Radio, Onboard Communications System, Aluminum Wheels, Remote Engine Start, Dual Zone A/C Cadillac Premium Collection with PLATINUM ICE TRICOAT exterior and EBONY W/ EBONY ACCENTS interior features a V6 Cylinder Engine with 308 HP at 6800 RPM*.<br><br>OPTION PACKAGES<br>DRIVER ASSIST PACKAGE includes (KSG) adaptive cruise control, (UGN) Automatic Collision Preparation and (UVZ) Front and Rear Automatic Braking, TRAILERING PACKAGE includes hitch and wiring harness, THEFT-DETERRENT ALARM SYSTEM, ENHANCED includes self-powered horn with backup battery, interior movement sensor, glass break sensors in rear quarter liftgate window glass, vehicle inclination sensor and (PB4) wheel locks, LPO, SUMMER/WINTER MAT PACKAGE includes (VAV) All-weather floor mats, LPO and (VYW) Premium carpeted floor mats, LPO. ENGINE, 3.6L SIDI DOHC V6 VVT (308 hp [229.7 kW] @ 6800 rpm, 265 lb-ft of torque [357.8 N-m] @ 2400 rpm) (STD), TRANSMISSION, 6-SPEED AUTOMATIC, AWD, 6T70 with tap-up/tap-down (on shifter), performance shifting and manual-up/manual-down (STD), AUDIO SYSTEM, AM/FM STEREO, SINGLE DISC CD PLAYER USB port and auxiliary jack (STD). MP3 Player, Keyless Entry, Steering Wheel Controls, Child Safety Locks, Heated Mirrors.<br><br>EXPERTS ARE SAYING<br>Edmunds.coms review says It feels planted and confident around turns, yet still provides a comfy ride over broken pavement..<br><br>BUY FROM AN AWARD WINNING DEALER<br>Why should you buy from Cadillac of Portland? Our unmatched service and diverse Cadillac inventory have set us apart as the preferred dealer in Portland. Visit us today to discover why we have the best reputation in the Portland area.<br><br>New Vehicles:<br>Plus license and title. Price does not include a charge for 0.40% Oregon Corporate Activity Tax. A 0.5% state privilege tax will be added to new vehicle sales. Not all sales at MSRP. Prices include $215 dealer doc fee and $35 electronic vehicle registration.<br><br>Pre owned:<br>Plus license and title. Price does not include a charge for 0.40% Oregon Corporate Activity Tax. Not all sales at MSRP. Prices include $215 dealer doc fee and $35 electronic vehicle registration.<br>","[PREMIUM]",30,"9141 SW Canyon Rd.","Portland","OR","97225","[PREMIUM]"
"785044474","2026-07-28 23:18:50.257","2026-07-28 23:18:50.257","785044474","[PREMIUM]","260189A",2015,"SUB","Subaru","FOREST","Forester","2.5i Touring","SUV","Used","Used 2015 Subaru Forester 2.5i Touring w/ Eyesight & Navigation System",83426,"[PREMIUM]",,"Great","[PREMIUM]",14610,16460,"Venetian Red Pearl","RED","Gray","GRAY","4CLDR","4-Cylinder","All wheel drive","AUT","Continuously Variable Automatic","Automatic","G","Gasoline","Gas",24,32,2.5,true,20,true,false,false,,false,,,"30",1328749,"[PREMIUM]","[PREMIUM]","[PREMIUM]",4573,"[PREMIUM]",false,"PARTNER",399269,4.2,327,0,"[""NO_SALVAGE_TITLE"",""ACCIDENTS_REPORTED"",""ONE_OWNER""]","{""exterior"":[""18\"" Alloy Wheels"",""Alloy wheels"",""Bumpers: body-color"",""Driver's Side Mirror"",""Exterior Mirror Hardware Kit"",""Front fog lights"",""Fully automatic headlights"",""Heated door mirrors"",""High-Intensity Discharge Headlights"",""Passenger's Side Mirror"",""Power door mirrors"",""Rear Bumper Cover"",""Rear window wiper"",""Spoiler"",""Turn signal indicator mirrors""],""interior"":[""Air Conditioning"",""Driver door bin"",""Driver vanity mirror"",""Front Bucket Seats"",""Front Center Armrest"",""Front dual zone A/C"",""Front reading lights"",""Heated Front Bucket Seats"",""Heated front seats"",""Leather Shift Knob"",""Overhead console"",""Passenger door bin"",""Passenger vanity mirror"",""Perforated Leather-Trimmed Upholstery"",""Power Liftgate"",""Power driver seat"",""Power moonroof"",""Power windows"",""Rear seat center armrest"",""Rear window defroster"",""Seat Back Cargo Net"",""Split folding rear seat"",""Steering wheel mounted audio controls"",""Tachometer"",""Telescoping steering wheel"",""Tilt steering wheel"",""Trip computer"",""Variably intermittent wipers""],""mechanical"":[""3.70 Axle Ratio"",""4-Wheel Disc Brakes"",""Four wheel independent suspension"",""Power steering""],""other"":[""*SYMMETRICAL ALL-WHEEL DRIVE(AWD)"",""Aha Infotainment"",""Auto-Dimming Mirror Compass"",""EyeSight System"",""Front anti-roll bar"",""Illuminated entry"",""Int & Ext Auto Dimming Mirror w/Approach Lighting"",""One Owner"",""Outside temperature display"",""Popular Package #1"",""Rear anti-roll bar"",""Roof rack: rails only"",""harman/kardonᆴ Speakers""],""safety"":[""ABS brakes"",""Brake assist"",""Dual front impact airbags"",""Dual front side impact airbags"",""Electronic Stability Control"",""Knee airbag"",""Low tire pressure warning"",""Occupant sensing airbag"",""Overhead airbag"",""Panic alarm"",""Security system"",""Traction control""],""technology"":[""*BLUTOOTH"",""8 Speakers"",""AM/FM radio: SiriusXM"",""Automatic temperature control"",""CD player"",""Exterior Parking Camera Rear"",""EyeSight & Navigation System"",""Premium audio system: harman/kardon"",""Radio data system"",""Radio: AM/FM Stereo w/HD & Single CD Player"",""Radio: HD AM/FM Stereo w/Single CD Player"",""Remote keyless entry"",""Speed control"",""Touch-Screen GPS Navigation System"",""harman/kardon 440W Amp & Speaker System""]}",87,"Recent Arrival! 2015 Subaru Forester 2.5i Touring Venetian Red Pearl *SYMMETRICAL ALL-WHEEL DRIVE(AWD), *BLUTOOTH, One Owner, Aha Infotainment, Exterior Parking Camera Rear, EyeSight &amp; Navigation System, EyeSight System, harman/kardon 440W Amp &amp; Speaker System, Power moonroof, Radio: HD AM/FM Stereo w/Single CD Player, Touch-Screen GPS Navigation System. 24/32 City/Highway MPG Priced below KBB Fair Purchase Price! Odometer is 18018 miles below market average!<br>Grand Subaru in Bensenville, IL treats the needs of each individual customer with paramount concern. We know that you have high expectations, and as a car dealer we enjoy the challenge of meeting and exceeding those standards. Our experienced Subaru Chicago sales staff is eager to share its knowledge and enthusiasm with you. We encourage you to browse our online inventory, schedule a test drive and investigate financing options.<br><br>Awards:<br>* 2015 IIHS Top Safety Pick+ * 2015 KBB.com 10 Best SUVs Under $25,000 * 2015 KBB.com 5-Year Cost to Own Awards * 2015 KBB.com Brand Image Awards * 2015 KBB.com 10 Best Used Compact SUVs Under $15,000 * 2015 KBB.com 10 Best All-Wheel Drive Vehicles Under $25,000 * 2015 KBB.com Best Resale Value Awards Reviews:<br>* Roomy interior; admirable fuel economy; availability of a stout turbocharged engine; standard all-wheel drive; great safety scores and available advanced safety features. Source: Edmunds<br>* For those who require all-wheel drive for slick, low-traction environments, the 2015 Subaru Forester is almost the default choice in the compact-SUV segment. It s also a good choice for those seeking an extra measure of safety, reliability and resale value in their 5-passenger SUV. Source: KBB.com","[PREMIUM]",25,"125 West Grand Avenue","Bensenville","IL","60106","[PREMIUM]"
"786472580","2026-07-28 23:18:50.253","2026-07-28 23:18:50.253","786472580","[PREMIUM]","63229A",2015,"LEXUS","Lexus","LEXRC350","RC 350","AWD","COUPE","Used","Used 2015 Lexus RC 350 AWD w/ Navigation System Package",107546,"[PREMIUM]",,"Great","[PREMIUM]",19500,23300,"Silver Lining Metallic","SILVER","Black","BLACK","6CLDR","6-Cylinder","All wheel drive","AUT","6-Speed Automatic","Automatic","G","Gasoline","Gas",19,26,3.5,false,4,false,true,false,,false,,,"30",63797127,"[PREMIUM]","[PREMIUM]","[PREMIUM]",15793,"[PREMIUM]",false,"PARTNER",402316,4.5,628,0,"[""NO_SALVAGE_TITLE"",""ACCIDENTS_REPORTED"",""NO_ONE_OWNER""]","{""exterior"":[""Heated Mirrors"",""Power Mirrors""],""interior"":[""Air Conditioning"",""Carpeted Floor Mats"",""Center Arm Rest"",""Climate Control"",""Clock"",""Dual Zone Climate Control"",""Front Heated Seats"",""Intermittent Wipers"",""Leather Steering Wheel"",""NuLuxe Interior Surface"",""Overhead Console"",""Power Drivers Seat"",""Power Passenger Seat"",""Power Windows"",""Rear Defogger"",""Tachometer"",""Telescoping Steering Wheel"",""Vanity Mirrors"",""Wood Trim""],""mechanical"":[""Power Steering""],""other"":[""Premium Sound"",""Remote Fuel Door"",""Steering Wheel Radio Controls""],""safety"":[""Daytime Running Lights"",""Driver Airbag"",""Passenger Airbag"",""Rear-Side Airbags"",""Roll Stability Control"",""Security System"",""Side Curtain Airbags"",""Tire Pressure Monitor""],""technology"":[""AM/FM"",""Anti-Theft"",""Aux. Audio Input"",""Bluetooth"",""CD Player"",""Cruise Control"",""Homelink System"",""Premium Sound System"",""Reverse Camera""]}",42,"REFINED, WELL BALANCED, ALL-WEATHER CONFIDENCE, NONSMOKER, LUXURY SPORT COUPE! The 2015 Lexus RC 350 was created for drivers who wanted far more personality than a traditional luxury coupe without sacrificing the refinement, dependability, and everyday comfort that have made Lexus one of the most respected luxury brands in the world. Sculpted with dramatic bodywork, a driver-focused cockpit, and a naturally aspirated V6 under the hood, this RC delivers the kind of balanced grand touring experience that's becoming increasingly difficult to find.<br><br>Equipped with Lexus' confidence-inspiring ALL-WHEEL DRIVE system, this RC 350 remains composed when the weather turns unpredictable while preserving the balanced handling and smooth ride quality expected from a premium luxury coupe. Whether you're enjoying a winding back road or simply commuting home after work, it inspires confidence without compromising refinement.<br><br>Unlike many modern luxury performance cars that rely on small turbocharged engines, this RC 350 is powered by Lexus' proven naturally aspirated 3.5-liter V6. The result is smooth, immediate throttle response, a satisfying exhaust note, and long-term durability that has become one of the engine's defining strengths. WHY SHOPPERS BUY THIS MODEL Luxury coupe buyers often face a difficult compromise. Some competitors prioritize aggressive performance at the expense of ride quality, while others focus so heavily on comfort that they lose their emotional appeal. The Lexus RC 350 occupies an impressive middle ground, combining sporty styling, rear-biased driving character, premium craftsmanship, and renowned Lexus reliability into a coupe that remains enjoyable every day instead of only on perfect roads.<br><br>Owners also appreciate that the RC was engineered during an era when naturally aspirated engines were still common throughout the luxury market. Without turbochargers adding complexity, the 3.5-liter V6 has earned an outstanding reputation for smooth operation and long-term dependability, making the RC especially attractive to buyers planning to enjoy their vehicle for many years.<br><br>The cabin further reinforces that philosophy. Comfortable seating, thoughtful ergonomics, excellent material quality, and Lexus' traditionally quiet interior create an environment that feels every bit as premium during long highway trips as it does during spirited weekend drives. Rather than chasing headline horsepower figures, the RC delivers the kind of balanced ownership experience that ages exceptionally well. AUTOMOTIVE PRESS AND INDUSTRY RECOGNITION Automotive journalists consistently praised the first-generation Lexus RC for successfully blending everyday luxury with engaging driving dynamics. Reviewers highlighted its refined ride quality, exceptionally smooth V6 engine, premium interior craftsmanship, comfortable front seating, and Lexus' long-standing reputation for reliability and build quality. While some competitors leaned toward harsher, track-oriented personalities, the RC earned recognition for delivering a more sophisticated grand touring experience that owners could comfortably enjoy every day.<br>Kelley Blue Book consistently recognized Lexus as one of the industry's leaders in long-term resale value and ownership satisfaction. Lexus has earned an enduring reputation for exceptional dependability through numerous J.D. Power Vehicle Dependability Studies. The RC benefits from Toyota and Lexus engineering philosophies that emphasize long-term durability, quality control, and owner satisfaction. WARRANTY The odometer is hovering around the 107,546-mile mark.<br><br>Averaging well under 10,000 miles per year since its original registration, this RC 350 has accumulated mileage at a remarkably conservative pace. Although the original factory warranty has long since expired, Lexus vehicles have earned an outstanding reputation for long-term durability, and with proper maintenance, this luxury&gt;","[PREMIUM]",27,"5011 Route 33/Route 34","Wall","NJ","07727","[PREMIUM]"
"786424812","2026-07-28 23:18:50.250","2026-07-28 23:18:50.250","786424812","[PREMIUM]","P40318A",2019,"CHEV","Chevrolet","EQUINOX","Equinox","LT","SUV","Used","Used 2019 Chevrolet Equinox LT",42820,"[PREMIUM]",,"Great","[PREMIUM]",20110,22310,"Nightfall Gray Metallic","GRAY","Jet Black","BLACK","4CLDR","4-Cylinder Turbo","All wheel drive","AUT","9-Speed Automatic","Automatic","G","Gasoline","Gas",22,28,2,false,5,false,true,false,,false,,,"30",55334626,"[PREMIUM]","[PREMIUM]","[PREMIUM]",1503,"[PREMIUM]",false,"PARTNER",436730,3.9,155,0,"[""NO_SALVAGE_TITLE"",""NO_ACCIDENTS_REPORTED"",""ONE_OWNER""]","{""exterior"":[""Aluminum Wheels"",""Automatic Headlights"",""HID headlights"",""Heated Mirrors"",""MIRRORS  OUTSIDE HEATED POWER-ADJUSTABLE  MANUAL-FOLDING  BODY-COLOR  with turn signal indicators"",""NIGHTFALL GRAY METALLIC"",""Power Mirror(s)"",""TIRES  P225/60R18 ALL-SEASON BLACKWALL  (STD)"",""Tires - Front All-Season"",""Tires - Rear All-Season"",""Tow Hitch"",""WHEELS  18\"" (45.7 CM)  ALUMINUM  (STD)""],""interior"":[""A/C"",""AIR CONDITIONING  DUAL-ZONE AUTOMATIC CLIMATE CONTROL  with individual climate settings for driver and right-front passenger"",""Adjustable Steering Wheel"",""Bucket Seats"",""Driver Adjustable Lumbar"",""Driver Illuminated Vanity Mirror"",""Driver Vanity Mirror"",""Floor Mats"",""JET BLACK  PREMIUM CLOTH SEAT TRIM"",""LPO  ALL-WEATHER FLOOR MATS"",""LPO  CARGO MAT"",""Pass-Through Rear Seat"",""Passenger Illuminated Visor Mirror"",""Passenger Vanity Mirror"",""Power Door Locks"",""Power Driver Seat"",""Power Outlet"",""Power Windows"",""Privacy Glass"",""Rear Bench Seat"",""Rear Defrost"",""SEATS  FRONT BUCKET  (STD)"",""SEATS  HEATED DRIVER AND FRONT PASSENGER"",""SHIFT LEVER  LEATHER-WRAPPED"",""STEERING WHEEL  LEATHER-WRAPPED 3-SPOKE"",""Steering Wheel Audio Controls"",""UNIVERSAL HOME REMOTE  includes garage door opener  programmable""],""mechanical"":[""4-Wheel Disc Brakes"",""AXLE  3.17 FINAL DRIVE RATIO"",""All Wheel Drive"",""ENGINE  2.0L TURBO  4-CYLINDER  SIDI  VVT  (252 hp 188.0 kW @ 5500 rpm  260 lb-ft of torque 353.0 N-m @ 2500 - 4500 rpm) (STD)"",""ENGINE BLOCK HEATER"",""TRANSMISSION  9-SPEED AUTOMATIC  ELECTRONICALLY-CONTROLLED WITH OVERDRIVE  includes Driver Shift Control (STD)"",""Turbocharged""],""other"":[""AUDIO SYSTEM  CHEVROLET INFOTAINMENT 3 SYSTEM  7\"" DIAGONAL COLOR TOUCHSCREEN  AM/FM STEREO.  Additional features for compatible phones include: Bluetooth audio streaming for 2 active devices  voice command pass-through to phone  Apple CarPlay and Android"",""CONFIDENCE & CONVENIENCE PACKAGE  includes (B26) Driver Confidence Package and (ZQ2) Driver Convenience Package content"",""DRIVER CONFIDENCE PACKAGE  includes (UD7) Rear Park Assist  (UFG) Rear Cross Traffic Alert  (UKC) Lane Change Alert with Side Blind Zone Alert and (DWK) outside heated power-adjustable manual-folding body-color mirrors with turn signal indicators"",""DRIVER CONVENIENCE PACKAGE  includes (BTV) Remote Start  (CJ2) dual-zone automatic climate control  (KA1) driver and front passenger heated seats  (N34) leather-wrapped steering wheel  (VY7) leather-wrapped shift lever  (UG1) Universal Home Remote and (TB"",""Driver Restriction Features"",""LICENSE PLATE FRONT MOUNTING PACKAGE"",""LIFTGATE  REAR POWER"",""LPO  INTERIOR PROTECTION PACKAGE  includes (VAV) All-weather floor mats  LPO and (VLI) Cargo mat  LPO"",""LT PREFERRED EQUIPMENT GROUP  includes Standard Equipment"",""Luggage Rack"",""Requires Subscription"",""Smart Device Integration""],""safety"":[""ABS"",""Child Safety Locks"",""Daytime Running Lights"",""Driver Air Bag"",""Front Head Air Bag"",""Front Side Air Bag"",""LANE CHANGE ALERT WITH SIDE BLIND ZONE ALERT"",""Passenger Air Bag"",""Passenger Air Bag Sensor"",""REAR CROSS TRAFFIC ALERT"",""Rear Head Air Bag"",""Security System"",""Stability Control"",""Temporary Spare Tire"",""Tire Pressure Monitor"",""Traction Control""],""technology"":[""AM/FM Stereo"",""Auxiliary Audio Input"",""Back-Up Camera"",""Bluetooth Connection"",""Cruise Control"",""Keyless Entry"",""Keyless Start"",""MP3 Capability"",""REAR PARK ASSIST WITH AUDIBLE WARNING"",""REMOTE START"",""Satellite Radio"",""Telematics"",""WiFi Hotspot""]}",87,"FUEL EFFICIENT 28 MPG Hwy/22 MPG City! LT trim, Nightfall Gray Metallic exterior and Jet Black interior. CARFAX 1-Owner. SEE MORE!<br><br>DISCOVER THE LUTHER ADVANTAGE<br>The Luther Advantage is a complete and comprehensive package of benefits designed to make buying-and driving-a vehicle from the Luther dealerships a pleasant and convenient experience. From the peace of mind that comes with a 5 Day-500 Mile Return or Exchange Policy, 30 Day 1,500 miles Full Warranty and 60 Day 2,500 miles Limited Powertrain Warranty and Free CARFAX Reports &amp; Clean Title Guarantee on pre-owned vehicles, as well as providing Luther customers with full range of valuable savings at participating Holiday Stationstores including 20 cents off a gallon, $6 for The Works car wash among other advantages and guarantees. As much as we like satisfying customers, we like keeping them even more.<br><br>WHY BUY FROM US?<br>GMC dealer of the year 2 years in a row! Proudly serving the F-M area since 1957. Luther fair value pricing allows us to provide our clients the lowest possible price FIRST on all vehicles in stock. We will buy your vehicle even if you dont buy from us. At Family Buick GMC we are proud to offer competitive financing options, gas discounts at Holiday Station Stores, 5 day return or exchange policy and excellent service after the sale. Our factory trained technicians service all makes and models.<br><br>OPTION PACKAGES<br>LPO, INTERIOR PROTECTION PACKAGE includes (VAV) All-weather floor mats, LPO and (VLI) Cargo mat, LPO, DRIVER CONFIDENCE PACKAGE includes (UD7) Rear Park Assist, (UFG) Rear Cross Traffic Alert, (UKC) Lane Change Alert with Side Blind Zone Alert and (DWK) outside heated power-adjustable manual-folding body-color mirrors with turn signal indicators, AUDIO SYSTEM, CHEVROLET INFOTAINMENT 3 SYSTEM, 7 DIAGONAL COLOR TOUCHSCREEN, AM/FM STEREO. Additional features for compatible phones include: Bluetooth&reg; audio streaming for 2 active devices, voice command pass-through to phone, Apple CarPlay&reg; and Android Auto&reg; capable. (STD), ENGINE, 2.0L TURBO, 4-CYLINDER, SIDI, VVT (252 hp [188.0 kW] @ 5500 rpm, 260 lb-ft of torque [353.0 N-m] @ 2 rpm) (STD), TRANSMISSION, 9-SPEED AUTOMATIC, ELECTRONICALLY-CONTROLLED WITH OVERDRIVE includes Driver Shift Control (STD), DRIVER CONVENIENCE PACKAGE includes (BTV) Remote Start, (CJ2) dual-zone automatic climate control, (KA1) driver and front passenger heated seats, (N34) leather-wrapped steering wheel, (VY7) leather-wrapped shift lever, (UG1) Universal Home Remote and (TB5) power liftgate.<br><br>VEHICLE REVIEWS<br>TheCarConnection.coms review says Regardless of engine, the Equinox has a quiet, composed ride and its steering is light but accurate..<br><br>Check whether a vehicle is subject to open recalls for safety <br><br><br>Horsepower calculations based on trim engine configuration. Fuel economy calculations based on original manufacturer data for trim engine configuration. Please confirm the accuracy of the included equipment by calling us prior to purchase.<br><br>The price of this vehicle includes a $350 documentation fee.","[PREMIUM]",18,"3202 36th St S","Fargo","ND","58104","[PREMIUM]"
"786519191","2026-07-28 23:18:50.246","2026-07-28 23:18:50.246","786519191","[PREMIUM]",,2015,"HONDA","Honda","PILOT","Pilot","EX-L","SUV","Used","Used 2015 Honda Pilot EX-L",104737,"[PREMIUM]",,"Great","[PREMIUM]",17620,19770,"[bs] Obsidian Blue Pearl",,"Gray","GRAY","6CLDR","6-Cylinder","4 wheel drive","AUT","5-Speed Automatic","Automatic","G","Gasoline","Gas",17,24,3.5,true,4,false,true,false,,false,,,"30",94843,"[PREMIUM]","[PREMIUM]","[PREMIUM]",357,"[PREMIUM]",false,"PARTNER",399639,4.5,404,0,"[""NO_SALVAGE_TITLE"",""ACCIDENTS_REPORTED"",""NO_ONE_OWNER""]","{""interior"":[""Leather Seats""]}",1,"LEATHER!!MOONROOF!!THIRD ROW SEATING!!ALL WHEEL DRIVE!!CALL  <br><br>Unveil the road to adventure with this stunning 2015 Honda Pilot EX-L, a vehicle that perfectly blends reliability, comfort, and style. With a mileage of 104,737 miles, this SUV stands as a testament to Honda's legendary durability and engineering prowess. Awarded Kelley Blue Book's Brand Image Awards for Best Overall Brand and Best Value Brand, this Pilot is a proven champion in its class, promising you not just a vehicle, but a trusted companion for every journey.<br><br>The exterior showcases a striking blue finish that exudes both sophistication and energy, making it a standout choice for those who appreciate style and presence on the road. The Pilot's robust design is complemented by its aerodynamic lines and bold stance, ensuring you make a statement wherever you go.<br><br>Step inside, and you'll be greeted by a world of luxury and comfort. The interior features plush gray leather seats that provide an inviting and serene environment for both driver and passengers. Whether you're embarking on a long road trip or a quick drive around town, the spacious cabin offers ample room for everyone to stretch out and enjoy the ride. The EX-L trim level ensures you're surrounded by top-tier amenities, enhancing every driving experience with convenience and sophistication.<br><br>Under the hood, the 2015 Honda Pilot EX-L is powered by a robust 3.5L V6 engine, delivering an impressive 250 horsepower and 253 ft. lbs. of torque. This powertrain ensures that you have the muscle needed for any adventure, whether you're navigating city streets or tackling rugged terrains. Paired with a smooth 5-speed automatic transmission, the Pilot offers a driving experience that is both powerful and refined, making every journey enjoyable and effortless.<br><br>Safety and reliability are at the core of the Honda Pilot's design. With its sturdy construction and advanced safety features, you can drive with peace of mind knowing that you and your loved ones are well-protected. Honda's reputation for building vehicles that stand the test of time is well-earned, and this Pilot is no exception.<br><br>But the allure of the 2015 Honda Pilot EX-L doesn't stop at its performance and comfort. Its reputation as a Best Value Brand by Kelley Blue Book means that this SUV offers exceptional value for your investment. It's not just about the initial purchase; it's about the enduring quality and satisfaction that comes with owning a Honda.<br><br>Now is your chance to own a piece of automotive excellence. The 2015 Honda Pilot EX-L is more than just a vehicle; it's a gateway to new horizons and unforgettable memories. Whether you're a family seeking a reliable and spacious SUV, or an individual looking for a vehicle that embodies both style and substance, this Pilot is ready to meet and exceed your expectations.<br><br>Don't miss out on this opportunity to own a vehicle that combines award-winning value with unmatched performance and comfort. Visit us today to experience the 2015 Honda Pilot EX-L for yourself, and take the first step toward a future filled with adventure and confidence. Your perfect journey awaits!<br><br>Check out our full line of  Or call  <br><br>Call us anytime and ask for Bart or Ryan and we will be happy to assist you. For your convenience please call before you come to be certain of availability. Full financing available. All of our vehicles have been checked by our in house service department. All of our vehicles are clean title and have actual miles. Enjoy our low overhead low price philosophy. We buy in bulk and sell at wholesale cost to save you the new car store markup!! 30years in wholesaling makes us retailing s smartest choice for a price savvy saver. All vehicles are subject to a $199 documentation fee.","[PREMIUM]",13,"22098 Canton Court","Farmington","MN","55024","[PREMIUM]"
"784149938","2026-07-28 23:17:50.191","2026-07-28 23:17:50.191","784149938","[PREMIUM]","HP3788",2019,"JEEP","Jeep","CHER","Cherokee","Trailhawk","SUV","Used","Used 2019 Jeep Cherokee Trailhawk",78211,"[PREMIUM]",,"Great","[PREMIUM]",18100,19850,"Red Clearcoat","RED","Black","BLACK","6CLDR","6-Cylinder","4 wheel drive","AUT","9-Speed Automatic","Automatic","G","Gasoline","Gas",18,24,3.2,false,32,false,false,true,,false,,,"30",57200741,"[PREMIUM]","[PREMIUM]","[PREMIUM]",1661,"[PREMIUM]",false,"PARTNER",434319,3.9,415,1,"[""NO_SALVAGE_TITLE"",""NO_FRAME_DAMAGE"",""NO_FLOOD_WATER_DAMAGE"",""NO_ACCIDENTS_REPORTED"",""NO_ONE_OWNER"",""FREE_REPORT""]","{""exterior"":[""Alloy wheels"",""Delay-off headlights"",""Exterior Mirrors w/Supplemental Signals"",""Front fog lights"",""Fully automatic headlights"",""Heated door mirrors"",""Power door mirrors"",""Rear window wiper"",""Spoiler"",""Turn signal indicator mirrors""],""interior"":[""Air Conditioning"",""Anti-whiplash front head restraints"",""Cloth/Premium Vinyl Bucket Seats"",""Driver door bin"",""Driver vanity mirror"",""Front Bucket Seats"",""Front Center Armrest"",""Front dual zone A/C"",""Front reading lights"",""Leather Shift Knob"",""Overhead console"",""Passenger door bin"",""Passenger vanity mirror"",""Power driver seat"",""Power windows"",""Rear reading lights"",""Rear seat center armrest"",""Rear window defroster"",""Split folding rear seat"",""Steering wheel mounted audio controls"",""Tachometer"",""Telescoping steering wheel"",""Tilt steering wheel"",""Trip computer"",""Variably intermittent wipers"",""Voltmeter""],""mechanical"":[""3.517 Axle Ratio"",""4-Wheel Disc Brakes"",""AutoStick Automatic Transmission"",""Auxiliary Transmission Oil Cooler"",""Engine Oil Cooler"",""Four wheel independent suspension"",""Power steering"",""Speed-sensing steering""],""other"":[""**Home Delivery Available**"",""Apple CarPlay"",""Apple CarPlay/Android Auto"",""Dual Bright Exhaust Tips"",""Exterior Mirrors Courtesy Lamps"",""Front anti-roll bar"",""GPS Antenna Input"",""Google Android Auto"",""Illuminated entry"",""Off Road Suspension"",""Outside temperature display"",""Quick Order Package 27E Trailhawk"",""Rear anti-roll bar"",""Roof rack: rails only"",""Stop-Start Multiple VSM System"",""USB Host Flip"",""Wheels: 17\"" x 7.5\"" Painted/Polished Aluminum""],""safety"":[""ABS brakes"",""Brake assist"",""Dual front impact airbags"",""Dual front side impact airbags"",""Electronic Stability Control"",""Knee airbag"",""Low tire pressure warning"",""Occupant sensing airbag"",""Overhead airbag"",""Panic alarm"",""Rear side impact airbag"",""Traction control""],""technology"":[""6 Speakers"",""8.4\"" Touchscreen Display"",""AM/FM radio: SiriusXM"",""Automatic temperature control"",""Compass"",""Hill Descent Control"",""Integrated Voice Command w/Bluetooth"",""ParkView Rear Back-Up Camera"",""Radio data system"",""Radio: Uconnect 4 w/8.4\"" Display"",""Remote keyless entry"",""SiriusXM Satellite Radio"",""Speed control""]}",86,"**Home Delivery Available**.<br><br>2019 Jeep Cherokee Trailhawk 4WD 3.2L V6 9-Speed 948TE Automatic 4D Sport Utility Red Clearcoat<br><br><br>Welcome to Rolling Hills Auto Plaza Your Trusted Dealership in St. Joseph, Missouri, Conveniently located in the heart of St. Joseph, Rolling Hills Auto Plaza is your premier destination for new and pre-owned vehicles. We proudly offer an extensive lineup of Toyota, Honda, and Nissan models, along with a diverse selection of quality used cars, Trucks, and SUV'S with over 300 units in stock. We are the only dealership in the region offering the three most desirable and reliable brands. Toyota, Honda, and Nissan all in one location. Whether you re shopping for performance, efficiency, or long-lasting dependability, you ll find it here. Our dealership proudly serves drivers from St. Joseph, Kansas City, Savannah, Atchison, Platte City, and surrounding communities, as well as customers from Maryville, Cameron, and Chillicothe, Missouri; Council Bluffs, Iowa; and Omaha, Nebraska. No matter where you re from, you can count on Rolling Hills for exceptional service and unbeatable value. Why Choose Rolling Hills Auto Plaza? No-pressure buying experience Transparent, competitive pricing, Exceptional customer care, Exclusive warranties and complimentary maintenance plans on select vehicles. Experience the difference today at Rolling Hills Auto Plaza where quality, reliability, and customer satisfaction come standard. Visit us in St. Joseph and discover why drivers across Northwest Missouri, Northeast Kansas, Southwest Iowa, and Eastern Nebraska trust us for all their automotive needs. Used Inventory is prices with a $1000 Trade incentive and $1000 Finance incentive see dealer for details!","[PREMIUM]",84,"1617 CROSS STREET","Saint Joseph","MO","64506","[PREMIUM]"
"786079817","2026-07-28 23:17:49.913","2026-07-28 23:17:49.913","786079817","[PREMIUM]","XKW259982",2019,"NISSAN","Nissan","ROGUE","Rogue","SV","SUV","Used","Used 2019 Nissan Rogue SV w/ Sun & Sound Touring Package",58125,"[PREMIUM]",,"Good","[PREMIUM]",16870,18820,"Brilliant Silver Metallic","SILVER","Charcoal","BLACK","4CLDR","4-Cylinder","2 wheel drive - front","AUT","Continuously Variable Automatic","Automatic","G","Gasoline","Gas",26,33,2.5,false,8,false,false,false,,false,,,"20",78589,"[PREMIUM]","[PREMIUM]","[PREMIUM]",5951,"[PREMIUM]",false,"PARTNER",438840,4.1,319,0,"[""NO_SALVAGE_TITLE"",""NO_ACCIDENTS_REPORTED"",""NO_ONE_OWNER""]","{""exterior"":[""17\"" Aluminum Alloy Wheels"",""18\"" Aluminum Alloy Wheels"",""Alloy wheels"",""Auto High-beam Headlights"",""Bumpers: body-color"",""Chrome Rear Bumper Protector"",""Delay-off headlights"",""Fog Lamps"",""Fully automatic headlights"",""Heated door mirrors"",""Power door mirrors"",""Rear window wiper"",""Spoiler"",""Turn signal indicator mirrors""],""interior"":[""Air Conditioning"",""Anti-whiplash front head restraints"",""Cloth Seat Trim"",""Driver door bin"",""Driver vanity mirror"",""Electronic Parking Brake"",""Floor Mats & 2-PC Cargo Area Protector"",""Front Bucket Seats"",""Front Center Armrest w/Storage"",""Front dual zone A/C"",""Front reading lights"",""Heated Front Bucket Seats"",""Heated Leather-Wrapped Steering Wheel"",""Heated front seats"",""Leather Shift Knob"",""Overhead console"",""Passenger door bin"",""Passenger vanity mirror"",""Power Liftgate"",""Power Panoramic Moonroof"",""Power driver seat"",""Power windows"",""Rear seat center armrest"",""Rear window defroster"",""Split folding rear seat"",""Steering wheel mounted audio controls"",""Tachometer"",""Telescoping steering wheel"",""Tilt steering wheel"",""Trip computer"",""Variably intermittent wipers""],""mechanical"":[""4-Wheel Disc Brakes"",""6.386 Axle Ratio"",""Four wheel independent suspension"",""Power steering"",""Speed-sensing steering""],""other"":[""Amazing Gas Mileage"",""Black Splash Guards (Set of 4)"",""Clean Carfax"",""Front anti-roll bar"",""Illuminated entry"",""Intelligent Aroundview Monitor (I-AVM)"",""Local Trade"",""Memory Driver Seat & Outside Mirrors"",""NissanConnect featuring Apple CarPlay and Android Auto"",""Outside temperature display"",""Premium Audio"",""ProPILOT Assist"",""Rear anti-roll bar"",""Roof rack: rails only"",""Steering Assist"",""Sun & Sound Touring Package""],""safety"":[""ABS brakes"",""Blind Spot Warning"",""Brake assist"",""Dual front impact airbags"",""Dual front side impact airbags"",""Electronic Stability Control"",""First Aid Kit"",""Low tire pressure warning"",""Occupant sensing airbag"",""Overhead airbag"",""Panic alarm"",""Security system"",""Traction control""],""technology"":[""6 Speakers"",""AM/FM radio: SiriusXM"",""Automatic temperature control"",""Bluetooth"",""CD player"",""Intelligent Cruise Control"",""Radio data system"",""Radio: AM/FM/CD/AUX"",""Radio: AM/FM/CD/AUX NissanConnect w/Navigation"",""Rear Backup Camera"",""Rear Parking Sensors"",""Remote keyless entry"",""Speed control""]}",92,"2019 Nissan Rogue SV FWD 2.5L I4 DOHC 16V Odometer is 41350 miles below market average! 26/33 City/Highway MPG Bluetooth, Premium Audio, Rear Backup Camera, Local Trade, Amazing Gas Mileage, Clean Carfax, Power driver seat, Power Panoramic Moonroof.<br><br><br>By submitting your information, you consent to receive all forms of communication including but not limited to phone, text, email, mail, etc. Message and data rates may apply. Consent to these terms is not a condition of purchase. You may opt out at any time. Based on model year EPA mileage ratings. Use for comparison purposes only. Your actual mileage will vary depending on how you drive and maintain your vehicle. Lifetime Warranty is subject to terms and conditions. Not all vehicles qualify.","[PREMIUM]",47,"7331 Rivers Ave N","Charleston","SC","29406","[PREMIUM]"
"785930166","2026-07-28 23:17:49.912","2026-07-28 23:17:49.912","785930166","[PREMIUM]","C60168B",2019,"JEEP","Jeep","CHER","Cherokee","Limited","SUV","Third-Party Certified","Used 2019 Jeep Cherokee Limited",86944,"[PREMIUM]",,"Great","[PREMIUM]",14914,16614,"Crystal Metallic","UNAVAIL","Black","BLACK","6CLDR","6-Cylinder","4 wheel drive","AUT","9-Speed Automatic","Automatic","G","Gasoline","Gas",19,27,3.2,true,11,false,false,true,,false,,,"30",69043859,"[PREMIUM]","[PREMIUM]","[PREMIUM]",1042,"[PREMIUM]",false,"PARTNER",434320,3.9,415,0,"[""NO_SALVAGE_TITLE"",""NO_FRAME_DAMAGE"",""NO_FLOOD_WATER_DAMAGE"",""NO_ACCIDENTS_REPORTED"",""NO_ONE_OWNER"",""FREE_REPORT""]","{""exterior"":[""Alloy wheels"",""Bumpers: body-color"",""Delay-off headlights"",""Exterior Mirrors w/Supplemental Signals"",""Front fog lights"",""Fully automatic headlights"",""Heated door mirrors"",""Power door mirrors"",""Rear window wiper"",""Roof rack: crossrails"",""Spoiler"",""Turn signal indicator mirrors""],""interior"":[""Air Conditioning"",""Anti-whiplash front head restraints"",""Auto-dimming Rear-View mirror"",""Driver door bin"",""Driver vanity mirror"",""Front Bucket Seats"",""Front Center Armrest"",""Front dual zone A/C"",""Front reading lights"",""Garage door transmitter"",""Heated front seats"",""Heated steering wheel"",""Leather Shift Knob"",""Memory seat"",""Overhead console"",""Passenger door bin"",""Passenger vanity mirror"",""Power Front/Fixed Rear Full Sunroof"",""Power Liftgate"",""Power driver seat"",""Power passenger seat"",""Power windows"",""Rear reading lights"",""Rear seat center armrest"",""Rear window defroster"",""Split folding rear seat"",""Steering wheel mounted audio controls"",""Tachometer"",""Telescoping steering wheel"",""Tilt steering wheel"",""Trip computer"",""Variably intermittent wipers"",""Voltmeter""],""mechanical"":[""3.251 Axle Ratio"",""4-Wheel Disc Brakes"",""AutoStick Automatic Transmission"",""Auxiliary Transmission Oil Cooler"",""Engine Oil Cooler"",""Four wheel independent suspension"",""Power steering"",""Speed-sensing steering""],""other"":[""1-Year SiriusXM Guardian Trial"",""2  Keys"",""4G LTE Wi-Fi Hot Spot"",""5-Year SiriusXM Traffic Service"",""5-Year SiriusXM Travel Link Service"",""Apple CarPlay"",""Apple CarPlay/Android Auto"",""Dual Bright Exhaust Tips"",""Exterior Mirrors Courtesy Lamps"",""For Details Visit DriveUconnect.com"",""Front anti-roll bar"",""GPS Antenna Input"",""Google Android Auto"",""Illuminated entry"",""Normal Duty Suspension"",""Outside temperature display"",""Premium Leather Trimmed Bucket Seats"",""Quick Order Package 26G"",""Rear anti-roll bar"",""SiriusXM Traffic Plus"",""SiriusXM Travel Link"",""Stop-Start Multiple VSM System"",""USB Host Flip"",""Wheels: 18\"" x 7\"" Polished/Painted Aluminum""],""safety"":[""ABS brakes"",""Brake assist"",""Dual front impact airbags"",""Dual front side impact airbags"",""Electronic Stability Control"",""Knee airbag"",""Low tire pressure warning"",""Occupant sensing airbag"",""Overhead airbag"",""Panic alarm"",""Rear side impact airbag"",""Security system"",""Traction control""],""technology"":[""10 Speakers"",""8.4\"" Touchscreen Display"",""9 Amplified Speakers w/Subwoofer (DISC)"",""AM/FM radio: SiriusXM"",""Audio memory"",""Automatic temperature control"",""Compass"",""GPS Navigation"",""HD Radio"",""Integrated Voice Command w/Bluetooth"",""ParkView Rear Back-Up Camera"",""Radio data system"",""Radio: Uconnect 4 w/8.4\"" Display"",""Radio: Uconnect 4C Nav w/8.4\"" Display"",""Remote keyless entry"",""SiriusXM Satellite Radio"",""Speed control""]}",107,"Count on Copeland Chevrolet in Brockton, MA for the best deal!<br><br>This 2019 Jeep Cherokee Limited offers a refined blend of capability and comfort in a gray exterior that turns heads on any road. With a 3.2L V6 engine paired with a 9-speed automatic transmission and 4WD capability, this vehicle delivers the performance you need for both daily driving and weekend adventures. The Cherokee achieves 19 MPG in the city and 27 MPG on the highway, balancing power with fuel efficiency.<br><br>- Power front and fixed rear full sunroof<br>- Uconnect 4C navigation system with 8.4&quot; touchscreen display<br>- 9 amplified speakers with subwoofer<br>- GPS navigation with SiriusXM Traffic Plus and HD Radio<br>- Apple CarPlay and Android Auto compatibility<br>- 4G LTE Wi-Fi hotspot<br>- Premium leather-trimmed bucket seats with heating<br>- Heated steering wheel<br>- ParkView rear back-up camera<br>- Power liftgate<br>- Dual bright exhaust tips<br>- 18&quot; polished aluminum wheels<br>- Automatic temperature control with front dual zone air conditioning<br><br>The cabin is designed for comfort and connectivity, featuring premium leather trim, power-adjustable front seats with heating, and a heated steering wheel for those colder days. The Uconnect 4C navigation system keeps you connected with an 8.4&quot; touchscreen, Apple CarPlay, Android Auto, and integrated satellite radio with an available 1-year SiriusXM Guardian trial. The audio system delivers quality sound through nine amplified speakers and a subwoofer, while the panoramic sunroof adds an open, airy feel to the driving environment.<br><br>This Cherokee comes equipped with modern safety and convenience features including electronic stability control, traction control, dual front and side airbags, anti-whiplash front head restraints, and a comprehensive suspension system for confident handling. The rear back-up camera enhances parking safety, and the automatic headlights ensure visibility when you need it most.<br><br>This vehicle is CarBravo Certified, which means it has passed a comprehensive inspection process and comes backed by manufacturer-grade assurance. A CarBravo Certified vehicle includes a 12-month/12,000-mile limited bumper-to-bumper warranty, roadside assistance, and courtesy transportation for the duration of the applicable warranty period. You'll also benefit from a 10-day/500-mile exchange policy should you need to make changes to your purchase.<br><br>We invite you to schedule a test drive and experience this 2019 Jeep Cherokee Limited for yourself. Our team is ready to answer your questions and discuss financing options that work for your situation.<br><br>CarBravo Certification Details:<br><br>CarBravo provides used vehicle shoppers and buyers with a comprehensive list of benefits, including:<br>*Omni-channel shopping and buying<br>*A vehicle history report<br>*Standard warranty coverages<br>*CarBravo Certified Vehicles: 12 month/12,000 mile limited bumper to bumper warranty (whichever occurs first)<br><br>* Available extended coverages<br>* Roadside assistance and courtesy transportation (for duration of applicable vehicle warranty)<br>* Option of home delivery (in select areas where permitted)<br>* 10 day/500 mile exchange policy (whichever occurs first)<br>* OnStar and SiriusXM trials<br><br>*Buyers of GM models:*<br>* 1 month trial of OnStar and Connected Services<br>*1 month of Premium Plan coverage, inclusive of the OnStar Safety and Security Plan and the Connected Vehicle Plan<br>* 3 month trial of SiriusXM (if equipped)","[PREMIUM]",33,"955 PEARL ST","Brockton","MA","02301","[PREMIUM]"
"786035792","2026-07-28 23:17:49.910","2026-07-28 23:17:49.910","786035792","[PREMIUM]","UK070010",2019,"HYUND","Hyundai","TUCSON","Tucson","Value","SUV","Used","Used 2019 Hyundai Tucson Value",61550,"[PREMIUM]",,"Great","[PREMIUM]",17240,18990,"Coliseum Gray","GRAY","Gray","GRAY","4CLDR","4-Cylinder","All wheel drive","AUT","6-Speed Automatic","Automatic","G","Gasoline","Gas",22,25,2,false,9,true,false,false,,false,,,"30",73960003,"[PREMIUM]","[PREMIUM]","[PREMIUM]",745,"[PREMIUM]",false,"PARTNER",439531,4,144,0,"[""NO_SALVAGE_TITLE"",""NO_ACCIDENTS_REPORTED"",""NO_ONE_OWNER""]","{""exterior"":[""Black Bodyside Cladding and Black Wheel Well Trim"",""Black Side Windows Trim and Black Front Windshield Trim"",""Body-Colored Front Bumper w/Black Rub Strip/Fascia Accent"",""Body-Colored Power Heated Side Mirrors w/Manual Folding"",""Body-Colored Rear Bumper w/Black Rub Strip/Fascia Accent"",""Colored Grille"",""Liftgate Rear Cargo Access"",""Lip Spoiler"",""Single Stainless Steel Exhaust"",""Tires: 225/60R17""],""interior"":[""2 Seatback Storage Pockets"",""3 12V DC Power Outlets"",""4-Way Passenger Seat -inc: Manual Recline and Fore/Aft Movement"",""Air Filtration"",""Body-Colored Door Handles"",""Cargo Area Concealed Storage"",""Cargo Space Lights"",""Carpet Floor Trim"",""Cruise Control w/Steering Wheel Controls"",""Day-Night Rearview Mirror"",""Deep Tinted Glass"",""Driver / Passenger And Rear Door Bins"",""Driver And Passenger Visor Vanity Mirrors w/Driver And Passenger Illumination Driver And Passenger Auxiliary Mirror"",""Driver Seat"",""Front Center Armrest and Rear Center Armrest"",""Front Cupholder"",""Front Map Lights"",""Front Windshield -inc: Sun Visor Strip"",""Full Carpet Floor Covering"",""Full Cloth Headliner"",""Full Floor Console w/Covered Storage Mini Overhead Console w/Storage and 3 12V DC Power Outlets"",""HVAC -inc: Underseat Ducts"",""Heated Front Bucket Seats -inc: 8-way power adjustable driver's seat w/2-way power lumbar support and height adjustment"",""Illuminated glove box"",""Interior Trim -inc: Metal-Look Interior Accents"",""Manual Air Conditioning"",""Manual Tilt/Telescoping Steering Column"",""Manual w/Tilt Front Head Restraints and Manual Adjustable Rear Head Restraints"",""Rear Cupholder"",""Valet Function""],""mechanical"":[""Axle Ratio: 3.648"",""Brake Actuated Limited Slip Differential"",""Electric Power-Assist Speed-Sensing Steering"",""Electronic Transfer Case"",""Engine: 2.0L GDI DOHC 16 Valve I4 DCVVT"",""Multi-Link Rear Suspension w/Coil Springs"",""Strut Front Suspension w/Coil Springs"",""Transmission w/Driver Selectable Mode"",""Transmission: 6-Speed Automatic w/SHIFTRONIC""],""other"":[""1138# Maximum Payload"",""150 Amp Alternator"",""16.4 Gal. Fuel Tank"",""4-Wheel Disc Brakes w/4-Wheel ABS Front Vented Discs Brake Assist Hill Descent Control Hill Hold Control and Electric Parking Brake"",""60-40 Folding Bench Front Facing Manual Reclining Fold Forward Seatback Rear Seat"",""68-Amp/Hr Maintenance-Free Battery w/Run Down Protection"",""Analog Appearance"",""Auto On/Off Projector Beam Halogen Headlamps w/Delay-Off"",""Automatic Full-Time All-Wheel"",""Blind Spot Collision Warning (BCW) Blind Spot"",""Collision Mitigation-Front"",""Delayed Accessory Power"",""Driver Monitoring-Alert"",""Driver foot rest"",""Fade-To-Off Interior Lighting"",""Fixed Rear Window w/Wiper Heated Wiper Park and Defroster"",""Forward Collision-Avoidance Assist (fca)"",""Front And Rear Anti-Roll Bars"",""Fully Galvanized Steel Panels"",""GVWR: 4740 lbs"",""Outside Temp Gauge"",""Perimeter/Approach Lights"",""Permanent Locking Hubs"",""Remote Releases -Inc: Mechanical Fuel"",""SACHS Gas-Pressurized Shock Absorbers"",""Tracker System"",""Turn-By-Turn Navigation Directions"",""Urethane Gear Shifter Material"",""Variable Intermittent Wipers w/Heated Wiper Park"",""Wheels: 17 x 7.0J Alloy""],""safety"":[""Airbag Occupancy Sensor"",""Compact Spare Tire Mounted Inside Under Cargo"",""Curtain 1st And 2nd Row Airbags"",""Dual Stage Driver And Passenger Front Airbags"",""Dual Stage Driver And Passenger Seat-Mounted Side Airbags"",""Outboard Front Lap And Shoulder Safety Belts -inc: Rear Center 3 Point Height Adjusters and Pretensioners"",""Perimeter Alarm"",""Rear Cross-Traffic Collision Warning (RCCW)"",""Rear child safety locks"",""Side Impact Beams"",""Steel Spare Wheel"",""Tire Specific Low Tire Pressure Warning""],""technology"":[""1 LCD Monitor In The Front"",""6 Speakers"",""Back-Up Camera"",""Driver Information Center"",""Immobilizer"",""Integrated Roof Antenna""]}",97,"This 2019 Hyundai Tucson Value, has a Coliseum Gray exterior and an Gray interior color. 61,549 miles. Stock Number UK070010. You can connect with us by calling  . No Accidents! OTHER NOTABLE FEATURES AND OPTIONS YOU SHOULD KNOW ABOUT: Option Group 01 Comfort Heated driver and front passenger seat cushions - That s hot. Heated driver and front passenger seat cushions provide more targeted warmth so you can get comfortable quicker in cold weather. If you have lower body pain, you might also be soothed by the heat while you drive. No matter the weather, find comfort in heated driver and front passenger seat cushions.Convenience Cruise control with steering wheel mounted controls. Set it and forget it. Road trips used to be stressful, until cruise control set the pace. Simply set the desired speed using the steering wheel mounted controls and it will maintain that speed without driver intervention. This can help minimize driver fatigue and improve overall fuel economy. Resting your right foot is right at your fingertips thanks to cruise control with steering wheel mounted controls.Safety and Security Brake assist - Stop right there. Something jumps out into the middle of the road and you need to stop now! With brake assist, you will. It uses the speed of the brake pedal s travel to sense panic braking, then applies all available power to boost your stopping power. Brake assist can stop the accident before it is one.Technology and Telematics Smart device mirroring - Smartphone, meet smart car. You can control your device through your vehicle's infotainment system. Smart device mirroring brings together safety and convenience by making it easier to find what you're looking for while keeping your eyes on the road. OPTION GROUP 01, COLISEUM GRAY, GRAY, YES ESSENTIALS CLOTH SEAT TRIM, WHEEL LOCKS, MUDGUARDS, CARPETED FLOOR MATS, CARGO NET, REVERSIBLE CARGO TRAY, FIRST AID KIT At Chambersburg Hyundai, we re here to Serve you! Our staff is 100% dedicated to customer satisfaction and we understand that you need clear, transparent information throughout the car buying process. With our live market pricing philosophy, we offer the right cars at the right price, and the transparency to back it up! FINANCING OPTIONS:","[PREMIUM]",11,"2024 LINCOLN WAY E","Chambersburg","PA","17202","[PREMIUM]"
"786407053","2026-07-28 23:17:49.899","2026-07-28 23:17:49.899","786407053","[PREMIUM]","KE008336",2019,"HONDA","Honda","CIVIC","Civic","Sport","SEDAN","Used","Used 2019 Honda Civic Sport",80694,"[PREMIUM]",,"Great","[PREMIUM]",16720,18920,"Lunar Silver Metallic","SILVER","Black","BLACK","4CLDR","4-Cylinder","2 wheel drive - front","AUT","Continuously Variable Automatic","Automatic","G","Gasoline","Gas",29,37,2,false,5,false,true,false,,false,,,"30",73042439,"[PREMIUM]","[PREMIUM]","[PREMIUM]",1918,"[PREMIUM]",false,"PARTNER",438985,4.7,688,1,"[""NO_SALVAGE_TITLE"",""NO_FRAME_DAMAGE"",""NO_FLOOD_WATER_DAMAGE"",""ACCIDENTS_REPORTED"",""NO_ONE_OWNER"",""FREE_REPORT""]","{""exterior"":[""Alloy wheels"",""Auto High-beam Headlights"",""Bumpers: body-color"",""Delay-off headlights"",""Front fog lights"",""Fully automatic headlights"",""Power door mirrors"",""Spoiler"",""Wheels: 18\"" Alloy w/Gloss Black Inserts""],""interior"":[""Air Conditioning"",""Cloth Seat Trim"",""Driver door bin"",""Driver vanity mirror"",""Front Bucket Seats"",""Front Center Armrest"",""Front reading lights"",""Leather Shift Knob"",""Passenger door bin"",""Passenger vanity mirror"",""Power windows"",""Rear window defroster"",""Split folding rear seat"",""Steering wheel mounted audio controls"",""Tachometer"",""Telescoping steering wheel"",""Tilt steering wheel"",""Trip computer""],""mechanical"":[""4-Wheel Disc Brakes"",""Four wheel independent suspension"",""Power steering"",""Speed-sensing steering""],""other"":[""Apple CarPlay/Android Auto"",""Forward collision: Collision Mitigation Braking System (CMBS) + FCW mitigation"",""Front anti-roll bar"",""Illuminated entry"",""Outside temperature display"",""Rear anti-roll bar""],""safety"":[""ABS brakes"",""Brake assist"",""Dual front impact airbags"",""Dual front side impact airbags"",""Electronic Stability Control"",""Emergency communication system: HondaLink"",""Lane departure: Lane Keeping Assist System (LKAS) active"",""Low tire pressure warning"",""Occupant sensing airbag"",""Overhead airbag"",""Panic alarm"",""Security system"",""Traction control""],""technology"":[""8 Speakers"",""AM/FM radio"",""Automatic temperature control"",""Exterior Parking Camera Rear"",""Radio data system"",""Radio: 180-Watt AM/FM Audio System"",""Remote keyless entry"",""Speed control""]}",58,"Lunar Silver Metallic 2019 Honda Civic Sport FWD CVT 2.0L I4 DOHC 16V i-VTEC<br><br>Recent Arrival! Odometer is 11738 miles below market average! 29/37 City/Highway MPG","[PREMIUM]",10,"2361 MORSE RD","Columbus","OH","43229","[PREMIUM]"
"786447978","2026-07-28 23:17:49.892","2026-07-28 23:17:49.892","786447978","[PREMIUM]","PJ2130A",2019,"JEEP","Jeep","COMPASS","Compass","Latitude","SUV","Used","Used 2019 Jeep Compass Latitude",44606,"[PREMIUM]",,"Great","[PREMIUM]",18850,20900,"Granite Crystal Metallic Clear","GRAY","Black","BLACK","4CLDR","4-Cylinder","4 wheel drive","AUT","9-Speed Automatic","Automatic","G","Gasoline","Gas",,,2.4,false,4,false,true,false,,false,,,"30",74062803,"[PREMIUM]","[PREMIUM]","[PREMIUM]",2436,"[PREMIUM]",false,"PARTNER",438860,4.7,504,0,"[""NO_SALVAGE_TITLE"",""NO_ACCIDENTS_REPORTED"",""NO_ONE_OWNER""]","{""exterior"":[""Alloy wheels"",""Bumpers: body-color"",""Delay-off headlights"",""Front fog lights"",""Fully automatic headlights"",""Heated door mirrors"",""Power door mirrors"",""Rear window wiper"",""Spoiler"",""Wheels: 17\"" x 7.0\"" Silver Painted Aluminum""],""interior"":[""Air Conditioning"",""Anti-whiplash front head restraints"",""Driver door bin"",""Driver vanity mirror"",""Front Bucket Seats"",""Front Center Armrest w/Storage"",""Front dual zone A/C"",""Front reading lights"",""Overhead console"",""Passenger door bin"",""Passenger vanity mirror"",""Power windows"",""Premium Cloth/Vinyl Bucket Seats"",""Rear seat center armrest"",""Rear window defroster"",""Split folding rear seat"",""Steering wheel mounted audio controls"",""Tachometer"",""Telescoping steering wheel"",""Tilt steering wheel"",""Trip computer"",""Variably intermittent wipers""],""mechanical"":[""3.73 Axle Ratio"",""3.833 Axle Ratio"",""4-Wheel Disc Brakes"",""Four wheel independent suspension"",""Power steering""],""other"":[""CS1061"",""Carfax CERTIFIED Accident Free"",""Front anti-roll bar"",""Illuminated entry"",""Local Trade"",""Manufacturer's Statement of Origin"",""Outside temperature display"",""Quick Order Package 2GJ"",""Rear anti-roll bar"",""Roof rack: rails only""],""safety"":[""ABS brakes"",""Brake assist"",""Dual front impact airbags"",""Dual front side impact airbags"",""Electronic Stability Control"",""Knee airbag"",""Low tire pressure warning"",""Occupant sensing airbag"",""Overhead airbag"",""Panic alarm"",""Traction control""],""technology"":[""6 Speakers"",""AM/FM radio: SiriusXM"",""Automatic temperature control"",""Compass"",""ParkView Rear Back-Up Camera"",""Radio: Uconnect 4 w/7\"" Display"",""Remote keyless entry"",""Speed control""]}",66,"4WD, Local Trade, Carfax CERTIFIED Accident Free, Compass Latitude, 4D Sport Utility, 2.4L I4, 9-Speed Automatic, 4WD, AM/FM radio: SiriusXM, Automatic temperature control, Front Bucket Seats, Front dual zone A/C, ParkView Rear Back-Up Camera, Quick Order Package 2GJ, Radio: Uconnect 4 w/7 Display, Remote keyless entry, Steering wheel mounted audio controls, Wheels: 17 x 7.0 Silver Painted Aluminum. 2019 Jeep Compass Latitude Granite Crystal Metallic Clearcoat 4WD 9-Speed Automatic 2.4L I4<br>Recent Arrival! Odometer is 31542 miles below market average! 22/30 City/Highway MPG","[PREMIUM]",12,"7140 Henry Clay Boulevard","Liverpool","NY","13088","[PREMIUM]"
"785903214","2026-07-28 23:00:08.946","2026-07-28 23:00:08.946","785903214","[PREMIUM]","A12761",2019,"JEEP","Jeep","CHER","Cherokee","Latitude Plus","SUV","Certified","Certified 2019 Jeep Cherokee Latitude Plus w/ Cold Weather Group",45138,"[PREMIUM]",,"Great","[PREMIUM]",19250,21450,"Billet Silver Metallic Clearco","SILVER","Black","BLACK","6CLDR","6-Cylinder","4 wheel drive","AUT","9-Speed Automatic","Automatic","G","Gasoline","Gas",21,29,3.2,false,11,false,false,true,,false,,,"30",100003424,"[PREMIUM]","[PREMIUM]","[PREMIUM]",1880,"[PREMIUM]",false,"PARTNER",434318,3.9,415,0,"[""NO_SALVAGE_TITLE"",""NO_FRAME_DAMAGE"",""NO_FLOOD_WATER_DAMAGE"",""ACCIDENTS_REPORTED"",""NO_ONE_OWNER"",""FREE_REPORT""]","{""exterior"":[""Alloy wheels"",""Bumpers: body-color"",""Delay-off headlights"",""Exterior Mirrors w/Supplemental Signals"",""Front fog lights"",""Fully automatic headlights"",""Heated door mirrors"",""Power Multi-Function Fold Away Mirrors"",""Power door mirrors"",""Rear window wiper"",""Spoiler"",""Turn signal indicator mirrors"",""Windshield Wiper De-Icer""],""interior"":[""Air Conditioning"",""All-Season Floor Mats"",""Anti-whiplash front head restraints"",""Cloth/Premium Vinyl Bucket Seats"",""Driver door bin"",""Driver vanity mirror"",""Front Bucket Seats"",""Front Center Armrest"",""Front reading lights"",""Heated Front Seats"",""Heated Seats"",""Heated Steering Wheel"",""Illuminated Front Cupholders (DISC)"",""Leather Shift Knob"",""Overhead console"",""Passenger door bin"",""Passenger vanity mirror"",""Power driver seat"",""Power windows"",""Rear reading lights"",""Rear seat center armrest"",""Rear window defroster"",""Split folding rear seat"",""Steering wheel mounted audio controls"",""Tachometer"",""Telescoping steering wheel"",""Tilt steering wheel"",""Trip computer"",""Variably intermittent wipers"",""Voltmeter""],""mechanical"":[""3.734 Axle Ratio"",""4-Wheel Disc Brakes"",""AutoStick Automatic Transmission"",""Auxiliary Transmission Oil Cooler"",""Engine Block Heater"",""Four wheel independent suspension"",""Power steering"",""Speed-sensing steering""],""other"":[""Apple CarPlay/Android Auto"",""AutoCheck Vehicle History Reports with Buyback Protection"",""Cold Weather Group"",""Exterior Mirrors Courtesy Lamps"",""Front anti-roll bar"",""Illuminated entry"",""Normal Duty Suspension"",""Outside temperature display"",""Quick Order Package 26D"",""Rear anti-roll bar"",""Roof rack: rails only"",""SafetyTec (DISC)"",""Stop-Start Multiple VSM System"",""USB Host Flip"",""Wheels: 17\"" x 7\"" Satin Carbon Aluminum""],""safety"":[""ABS brakes"",""Blind Spot & Cross Path Detection"",""Brake assist"",""Dual front impact airbags"",""Dual front side impact airbags"",""Electronic Stability Control"",""Knee airbag"",""Low tire pressure warning"",""Occupant sensing airbag"",""Overhead airbag"",""Panic alarm"",""Rear side impact airbag"",""Traction control""],""technology"":[""6 Speakers"",""AM/FM radio: SiriusXM"",""Back Up Camera"",""Bluetooth"",""Compass"",""Integrated Voice Command w/Bluetooth"",""ParkSense Rear Park Assist w/Stop"",""ParkView Rear Back-Up Camera"",""Radio data system"",""Radio: Uconnect 4 w/7\"" Display"",""Remote Start"",""Remote Start System"",""Remote keyless entry"",""Satellite Radio"",""SiriusXM Satellite Radio"",""Speed control""]}",95,"This 2019 Jeep Cherokee Latitude Plus in silver delivers capable all-wheel-drive performance with a 3.2L V6 engine and 9-speed automatic transmission, rated for 19 city and 27 highway MPG, with just 45,138 miles on the odometer.<br><br>- AutoCheck Vehicle History Reports with Buyback Protection<br>- Back Up Camera with ParkView Rear Park Assist<br>- Bluetooth and Apple CarPlay/Android Auto Integration<br>- Heated Front Seats and Heated Steering Wheel<br>- Remote Start System<br>- SiriusXM Satellite Radio with Uconnect 4 7 Display<br>- Cold Weather Group: Engine Block Heater, Windshield Wiper De-Icer, All-Season Floor Mats<br>- Power Multi-Function Fold Away Mirrors with Courtesy Lamps<br>- Blind Spot and Cross Path Detection<br>- Power Driver Seat<br>- 17 Satin Carbon Aluminum Wheels<br>- SafetyTec Package<br>- Electronic Stability Control and Traction Control<br>- Dual Front Impact Airbags and Side Impact Airbags<br>- Four-Wheel Independent Suspension<br><br>The 2019 Cherokee Latitude Plus combines practicality with everyday comfort. The Cold Weather Group ensures reliable operation in challenging conditions, featuring an engine block heater and windshield wiper de-icer for winter readiness. Inside, heated front seats and a heated steering wheel provide welcome comfort during cold months, while the remote start system allows you to warm up the vehicle before leaving home.<br><br>Technology and connectivity are seamlessly integrated with Uconnect 4 featuring a 7-inch display, Apple CarPlay, Android Auto, and Bluetooth. SiriusXM satellite radio keeps you entertained throughout your drive, with integrated voice command simplifying control. The premium audio system includes six speakers and a radio data system for an enhanced listening experience.<br><br>Safety is prioritized with blind spot and cross path detection helping you navigate with confidence. ParkSense rear park assist and the back-up camera make parking and reversing straightforward. The chassis delivers responsive handling through four-wheel independent suspension, and electronic stability control with traction control provides confidence on various road surfaces.<br><br>- 125 Point Inspection<br>- Roadside Assistance<br>- Warranty Deductible: $100<br>- Vehicle History<br>- Limited Warranty: 3 Month/3,000 Mile Runs From the Date of the CPOV Sale, or at the expiration of the remaining 3/36 Basic New Vehicle Warranty (whichever is more beneficial to the customer)<br>- Vehicles Between 6-10 Model Years and/or 75,001-120,000 Miles. Thorough Reconditioning Process Using Authentic Mopar Parts. 3-Month Trial Subscription for SiriusXM GuardianTM and Satellite Radio<br><br>The Jeep Certified Pre-Owned GO program stands behind this Cherokee with comprehensive coverage. A 125-point inspection verifies condition across all systems, while roadside assistance provides peace of mind. The vehicle history report with buyback protection offers transparency, and authentic Mopar parts were used during thorough reconditioning. You'll receive a three-month trial subscription to SiriusXM Guardian and satellite radio service to enjoy from day one.<br><br>This Cherokee represents a solid choice for drivers seeking capability, comfort, and reliable transportation. The combination of all-wheel-drive capability, cold weather preparation, modern technology, and comprehensive certification creates a vehicle ready for your needs.<br><br>All vehicle prices and payments are plus tax, title, registration, and bank fees. Prices are subject to change without notice. While Marina Auto Group strives for accuracy in pricing, photos, equipment, and vehicle information, errors may occur due to third-party data feeds or other factors. Please verify all information with a Marina representative. Financing offers are subject to lender approval, vehicle details, loan terms, and credit qualification. Advertised payments may not apply to all cu&gt;","[PREMIUM]",20,"943 Ridge Rd","Webster","NY","14580","[PREMIUM]"
"786143273","2026-07-28 22:48:28.314","2026-07-28 22:48:28.314","786143273","[PREMIUM]","HRP620739",2019,"NISSAN","Nissan","PATH","Pathfinder","S","SUV","Used","Used 2019 Nissan Pathfinder S",57204,"[PREMIUM]",,"Great","[PREMIUM]",17880,19980,"Glacier White","WHITE","Charcoal","BLACK","6CLDR","6-Cylinder","4 wheel drive","AUT","Continuously Variable Automatic","Automatic","G","Gasoline","Gas",19,26,3.5,false,7,true,false,true,,false,,,"30",75423977,"[PREMIUM]","[PREMIUM]","[PREMIUM]",617,"[PREMIUM]",false,"PARTNER",439546,3.9,222,0,"[""NO_SALVAGE_TITLE"",""NO_ACCIDENTS_REPORTED"",""ONE_OWNER""]","{""exterior"":[""Alloy wheels"",""Bumpers: body-color"",""Delay-off headlights"",""Power door mirrors"",""Rear window wiper"",""Spoiler"",""Turn signal indicator mirrors""],""interior"":[""3rd row seats: bench"",""Air Conditioning"",""Carpeted Floor Mats (4-pc Set)"",""Cloth Seating Surfaces"",""Driver door bin"",""Driver vanity mirror"",""Front Bucket Seats"",""Front Center Armrest"",""Front dual zone A/C"",""Front reading lights"",""Overhead console"",""Passenger door bin"",""Passenger vanity mirror"",""Power windows"",""Rear air conditioning"",""Rear reading lights"",""Rear seat center armrest"",""Rear window defroster"",""Reclining 3rd row seat"",""Split folding rear seat"",""Steering wheel mounted audio controls"",""Tachometer"",""Telescoping steering wheel"",""Tilt steering wheel"",""Trip computer"",""Variably intermittent wipers""],""mechanical"":[""4-Wheel Disc Brakes"",""5.25 Axle Ratio"",""Four wheel independent suspension"",""Power steering"",""Speed-sensing steering""],""other"":[""**Clean Carfax**"",""**One Owner**"",""Front anti-roll bar"",""Illuminated entry"",""Outside temperature display"",""Rear anti-roll bar"",""Roof rack: rails only"",""Wheels: 18\"" x 7.5 J Machined Aluminum-Alloy""],""safety"":[""ABS brakes"",""Brake assist"",""Dual front impact airbags"",""Dual front side impact airbags"",""Electronic Stability Control"",""Low tire pressure warning"",""Occupant sensing airbag"",""Overhead airbag"",""Panic alarm"",""Security system"",""Traction control""],""technology"":[""6 Speakers"",""6-Speaker Audio System"",""AM/FM radio: SiriusXM"",""Automatic temperature control"",""CD player"",""Radio data system"",""Radio: AM/FM/CD Audio System w/NissanConnect"",""Rear Parking Sensors"",""Remote keyless entry"",""Speed control""]}",67,"This 2019 Nissan Pathfinder S delivers the space and capability you need for family adventures and everyday driving, finished in clean White with low mileage at 57,204 miles.<br><br>- 6-Speaker AM/FM/CD Audio System with SiriusXM and NissanConnect<br>- Front Dual Zone Automatic Temperature Control with Rear Air Conditioning<br>- Three Full Rows of Seating with Split Folding Rear Seat and Reclining 3rd Row<br>- Four-Wheel Drive for Enhanced Traction and Stability<br>- 18 Machined Aluminum-Alloy Wheels<br>- Rear Parking Sensors for Convenient Maneuvering<br>- Roof Rack Rails<br>- Telescoping and Tilt Steering Wheel<br>- Remote Keyless Entry with Illuminated Entry<br>- Steering Wheel Mounted Audio Controls<br>- Electronic Stability Control and Traction Control<br>- Dual Front and Side Impact Airbags with Overhead Airbags<br>- Four-Wheel Disc ABS Brakes with Brake Assist<br>- Carpeted Floor Mats Throughout All Three Rows<br><br>Powered by a V6 engine paired with CVT Xtronic transmission, this Pathfinder delivers a balanced driving experience with 19 city MPG and 26 highway MPG. The four-wheel independent suspension provides a smooth ride whether you're navigating city streets or tackling varied terrain, while speed-sensing power steering adjusts to your driving conditions for confident handling at any speed.<br><br>The spacious interior accommodates seven passengers across three rows, with front bucket seats and a rear seat center armrest for added comfort. Cloth seating surfaces are easy to maintain, and the split folding rear seat offers flexible cargo configurations. Rear air conditioning ensures comfort for all passengers, while the automatic temperature control maintains your preferred climate throughout the cabin.<br><br>This vehicle features comprehensive safety equipment including dual front and side impact airbags, occupant sensing technology, an overhead airbag system, and a panic alarm. Electronic Stability Control works with traction control and four-wheel independent suspension to keep you secure on the road. Rear parking sensors help prevent accidents during reversals, backed by four-wheel disc ABS brakes with brake assist.<br><br>The interior includes thoughtful conveniences such as the trip computer, outside temperature display, overhead console, and reading lights in both front and rear positions. Delay-off headlights, rear window defroster, and variably intermittent wipers enhance practicality. Power door mirrors with turn signal indicators, power windows, and a power-assisted rear window wiper add to daily ease of use.<br><br>This is a one-owner vehicle with a clean Carfax report, indicating a well-maintained history. With under 58,000 miles, this Pathfinder S is ready to serve your family for years to come. We invite you to experience this capable three-row SUV firsthand and discover how it meets your transportation needs.","[PREMIUM]",31,"403 PREMIER BLVD","Roanoke Rapids","NC","27870","[PREMIUM]"
"786234049","2026-07-28 20:48:38.540","2026-07-28 20:48:38.540","786234049","[PREMIUM]","B5704",2019,"NISSAN","Nissan","ROGUE","Rogue","SV","SUV","Used","Used 2019 Nissan Rogue SV",60098,"[PREMIUM]",,"Good","[PREMIUM]",16200,18150,"Scarlet Ember Tintcoat","RED","Charcoal","BLACK","4CLDR","4-Cylinder","2 wheel drive - front","AUT","Continuously Variable Automatic","Automatic","G","Gasoline","Gas",26,33,2.5,false,6,false,true,false,,false,,,"30",82627,"[PREMIUM]","[PREMIUM]","[PREMIUM]",1527,"[PREMIUM]",false,"PARTNER",438840,4.1,319,0,"[""NO_SALVAGE_TITLE"",""NO_ACCIDENTS_REPORTED"",""NO_ONE_OWNER""]","{""exterior"":[""17\"" Aluminum Alloy Wheels"",""Alloy wheels"",""Auto High-beam Headlights"",""Bumpers: body-color"",""Chrome Rear Bumper Protector"",""Delay-off headlights"",""Fully automatic headlights"",""Heated door mirrors"",""Power door mirrors"",""Rear window wiper"",""Spoiler"",""Turn signal indicator mirrors""],""interior"":[""Air Conditioning"",""Anti-whiplash front head restraints"",""Cloth Seat Trim"",""Driver door bin"",""Driver vanity mirror"",""Floor Mats & 2-PC Cargo Area Protector"",""Front Bucket Seats"",""Front Center Armrest w/Storage"",""Front beverage holders"",""Front dual zone A/C"",""Front reading lights"",""Heated Front Bucket Seats"",""Heated front seats"",""Leather Shift Knob"",""Overhead console"",""Passenger door bin"",""Passenger vanity mirror"",""Power Liftgate"",""Power driver seat"",""Power windows"",""Rear seat center armrest"",""Rear window defroster"",""Split folding rear seat"",""Steering wheel mounted audio controls"",""Tachometer"",""Telescoping steering wheel"",""Tilt steering wheel"",""Trip computer"",""Variably intermittent wipers""],""mechanical"":[""4-Wheel Disc Brakes"",""6.386 Axle Ratio"",""Four wheel independent suspension"",""Power steering"",""Speed-sensing steering""],""other"":[""Black Splash Guards (Set of 4)"",""Front anti-roll bar"",""Illuminated entry"",""NissanConnect featuring Apple CarPlay and Android Auto"",""Outside temperature display"",""Rear anti-roll bar"",""Roof rack: rails only""],""safety"":[""ABS brakes"",""Blind Spot Warning"",""Brake assist"",""Dual front impact airbags"",""Dual front side impact airbags"",""Electronic Stability Control"",""First Aid Kit"",""Low tire pressure warning"",""Occupant sensing airbag"",""Overhead airbag"",""Panic alarm"",""Security system"",""Traction control""],""technology"":[""6 Speakers"",""AM/FM radio: SiriusXM"",""Automatic temperature control"",""Bose Audio"",""CD player"",""Radio data system"",""Radio: AM/FM/CD/AUX"",""Radio: AM/FM/CD/AUX NissanConnect w/Navigation"",""Rear Parking Sensors"",""Remote keyless entry"",""Speed control""]}",77,"Recent Arrival!<br><br><br>Why get your next vehicle from Nissan of Muskogee? - Of course price is important and we do a great job at finding what's more than fair and reasonable! But at the end of the day we take our Internet Business Very Seriously!<br>Shopping at Nissan of Muskogee is car buying the way it should be; Fun, Informative, and Fair!<br>Here are our promises;<br>*Transparent Pricing and Sales Process- NO GIMMICKS!!<br>*Pressure Free , Efficient, Friendly, and Helpful Sales Staff!<br>*In House Team of Loan and Lease Specialists! Good with numbers, better with people!<br>*Credit Challenged? Give us a try!<br>*Online Credit Approval!<br>*Online Service Scheduling - You Will LOVE the Convenience!<br>*Certified Factory Service Technicians!<br><br>Nissan of Muskogee - Happy Customers from All Over Oklahoma! Come see why for yourself today!<br><br>. 2019 Nissan Rogue FWD CVT with Xtronic 2.5L I4 DOHC 16V<br><br>Odometer is 1229 miles below market average! 26/33 City/Highway MPG","[PREMIUM]",32,"841 North Main Street","Muskogee","OK","74401","[PREMIUM]"
"786158203","2026-07-28 20:13:30.577","2026-07-28 20:13:30.577","786158203","[PREMIUM]","J1045",2019,"FORD","Ford","FUSION","Fusion","SEL","SEDAN","Used","Used 2019 Ford Fusion SEL",62639,"[PREMIUM]",,"Great","[PREMIUM]",15430,17230,"Oxford White","WHITE","Ebony","BLACK","4CLDR","4-Cylinder Turbo","2 wheel drive - front","AUT","6-Speed Automatic","Automatic","G","Gasoline","Gas",23,34,1.5,false,7,false,false,false,,false,,,"30",67829015,"[PREMIUM]","[PREMIUM]","[PREMIUM]",1546,"[PREMIUM]",false,"PARTNER",438733,4.4,438,0,"[""NO_SALVAGE_TITLE"",""ACCIDENTS_REPORTED"",""NO_ONE_OWNER""]","{""exterior"":[""Alloy wheels"",""Auto High-beam Headlights"",""Auto-dimming door mirrors"",""Bumpers: body-color"",""Delay-off headlights"",""Fully automatic headlights"",""Heated door mirrors"",""Power door mirrors"",""Turn signal indicator mirrors""],""interior"":[""ActiveX Heated Bucket Seats"",""Adjustable head restraints: driver and passenger w/tilt"",""Air Conditioning"",""Auto-dimming Rear-View mirror"",""Driver door bin"",""Driver vanity mirror"",""Front Bucket Seats"",""Front Center Armrest"",""Front dual zone A/C"",""Front reading lights"",""Garage door transmitter"",""Heated front seats"",""Memory seat"",""Overhead console"",""Passenger door bin"",""Passenger vanity mirror"",""Power driver seat"",""Power passenger seat"",""Power windows"",""Rear reading lights"",""Rear seat center armrest"",""Rear window defroster"",""Speed-Sensitive Wipers"",""Split folding rear seat"",""Steering wheel mounted audio controls"",""Tachometer"",""Telescoping steering wheel"",""Tilt steering wheel"",""Trip computer"",""Variably intermittent wipers""],""mechanical"":[""4-Wheel Disc Brakes"",""Four wheel independent suspension"",""Power steering"",""Speed-sensing steering""],""other"":[""AppLink/Apple CarPlay and Android Auto"",""Auto Stop-Start Technology"",""Equipment Group 200A"",""Front anti-roll bar"",""Illuminated entry"",""Outside temperature display"",""P0C01 - SEL"",""Rear anti-roll bar"",""Wheels: 18\"" Premium-Painted Aluminum""],""safety"":[""ABS brakes"",""Brake assist"",""Dual front impact airbags"",""Dual front side impact airbags"",""Electronic Stability Control"",""Emergency communication system: 911 Assist"",""Knee airbag"",""Lane Departure Warning System"",""Low tire pressure warning"",""Occupant sensing airbag"",""Overhead airbag"",""Panic alarm"",""Security system"",""Traction control""],""technology"":[""11 Speakers"",""AM/FM radio: SiriusXM"",""Automatic temperature control"",""Compass"",""Exterior Parking Camera Rear"",""Radio data system"",""Radio: AM/FM/MP3 Stereo"",""Rain sensing wipers"",""Rear Parking Sensors"",""Remote keyless entry"",""SYNC 3 Communications & Entertainment System"",""SiriusXM Radio"",""Speed control""]}",79,"102 point MTMC inspected, Freshly Serviced!, Full Detail, 6-Speed Automatic. Recent Arrival!<br><br>.ASK ABOUT THE NEW MTMC CLUB FOR HUGE SAVINGS!! *******A RATED WITH THE BBB*********** *****WE SHIP NATIONWIDE***** ***** NICE PREOWNED VEHICLES**** Missouri State Safety Inspected 102 Point Inspection ******4.7 STAR GOOGLE RATED WITH OVER 900 REVIEWS FOR A REASON******** ****** 5 STAR AUTOTRADER RATED WITH OVER 1400 REVIEWS***** 617 JOHN DEERE DR. TROY, MO 63379 Please note vehicles can take up to 72 hours to come down from internet sits once they are sold. *** You deserve the MTMC Experience *** Do the entire deal remotely from your home via phone, computer, facetime if you choose and allow us to deliver your vehicle and the paperwork to your door via our White Glove Delivery Program! Browse. Decide. Drive. WWW.MOUNTAINTOPMOTORS.COM. 2019 Ford Fusion SEL 6-Speed Automatic FWD Mountain Top Motors would like to thank you for your business and understanding of our policies. Please note the price on this vehicle does not include tax, title, license and administration fee. All deposits given to hold a vehicle are not refundable unless financing cannot be obtained by customer or mountain top motor company. Deposits can be held for 5 business days max unless recon has not been completed. Pricing and descriptions are subject to errors due to third party advertising which Mountain Top Motor Company is not responsible for.","[PREMIUM]",12,"617 John Deere Drive","Troy","MO","63379","[PREMIUM]"
"786206732","2026-07-28 19:49:09.733","2026-07-28 19:49:09.733","786206732","[PREMIUM]","5N00026D",2019,"CHEV","Chevrolet","EQUINOX","Equinox","LS","SUV","Used","Used 2019 Chevrolet Equinox LS",59928,"[PREMIUM]",,"Good","[PREMIUM]",14970,16570,"Mosaic Black Metallic","BLACK","Medium Ash Gray","GRAY","4CLDR","4-Cylinder Turbo","All wheel drive","AUT","6-Speed Automatic","Automatic","G","Gasoline","Gas",25,30,1.5,false,7,false,false,false,,false,,,"30",70884339,"[PREMIUM]","[PREMIUM]","[PREMIUM]",1981,"[PREMIUM]",false,"PARTNER",436717,3.9,155,0,"[""NO_SALVAGE_TITLE"",""NO_FRAME_DAMAGE"",""NO_FLOOD_WATER_DAMAGE"",""NO_ACCIDENTS_REPORTED"",""NO_ONE_OWNER"",""FREE_REPORT""]","{""exterior"":[""17\"" Aluminum Wheels"",""Alloy wheels"",""Bumpers: body-color"",""Delay-off headlights"",""Fully automatic headlights"",""Heated door mirrors"",""Power door mirrors"",""Rear window wiper"",""Set of 4 Wheel Locks (LPO)"",""Spoiler""],""interior"":[""Air Conditioning"",""Carpeted Rear Floor Mats"",""Driver door bin"",""Driver vanity mirror"",""Front Bucket Seats"",""Front Center Armrest"",""Front beverage holders"",""Front reading lights"",""Overhead console"",""Passenger door bin"",""Passenger vanity mirror"",""Power windows"",""Premium Cloth Seat Trim"",""Rear reading lights"",""Rear seat center armrest"",""Rear window defroster"",""Split folding rear seat"",""Steering wheel mounted audio controls"",""Tachometer"",""Telescoping steering wheel"",""Tilt steering wheel"",""Trip computer"",""Variably intermittent wipers""],""mechanical"":[""3.87 Final Drive Axle Ratio"",""4-Wheel Disc Brakes"",""Four wheel independent suspension"",""Power steering"",""Speed-sensing steering""],""other"":[""2 Rear USB Charging-Only Ports"",""4-Way Manual Driver Seat Adjuster"",""Apple CarPlay/Android Auto"",""Bluetoothᆴ For Phone"",""Emergency communication system: OnStar and Chevrolet connected services capable"",""Front Passenger 4-Way Manual Seat Adjuster"",""Front anti-roll bar"",""Illuminated entry"",""Mechanical Jack w/Tools"",""Outside temperature display"",""Preferred Equipment Group 1LS"",""Rear anti-roll bar""],""safety"":[""ABS brakes"",""Brake assist"",""Dual front impact airbags"",""Dual front side impact airbags"",""Electronic Stability Control"",""Low tire pressure warning"",""Occupant sensing airbag"",""Overhead airbag"",""Panic alarm"",""Security system"",""Traction control""],""technology"":[""2 USB Ports & Auxiliary Input Jack"",""6 Speaker Audio System Feature"",""6 Speakers"",""AM/FM radio"",""Compass"",""Premium audio system: Chevrolet MyLink"",""Radio data system"",""Radio: Chevrolet Infotainment 3 System w/AM/FM"",""Remote keyless entry"",""SiriusXM Radio Delete"",""Speed control""]}",72,"Recent Arrival! At Hurd Auto Mall, proudly part of the Balise Family, we have been honored to serve the Rhode Island community for over 85 years, offering exceptional customer service in a family-oriented environment. As part of the trusted Balise group, we continue to deliver the highest standards of excellence and satisfaction.<br><br>AWD.<br><br>Odometer is 29357 miles below market average! 25/30 City/Highway MPG<br><br>Awards:<br>* JD Power Initial Quality Study * 2019 KBB.com 10 Best SUVs Under $30,000","[PREMIUM]",25,"1705 HARTFORD AVE","Johnston","RI","02919","[PREMIUM]"
"786374132","2026-07-28 16:56:28.693","2026-07-28 16:56:28.693","786374132","[PREMIUM]","51311A",2019,"GMC","GMC","ACADIA","Acadia","Denali","SUV","Used","Used 2019 GMC Acadia Denali w/ Technology Package",100344,"[PREMIUM]",,"Great","[PREMIUM]",18370,20520,"White Frost Tricoat","WHITE","Cocoa/ Shale","BEIGE","6CLDR","6-Cylinder","2 wheel drive - front","AUT","6-Speed Automatic","Automatic","G","Gasoline","Gas",18,25,3.6,true,5,false,true,false,,false,,,"30",277000,"[PREMIUM]","[PREMIUM]","[PREMIUM]",1558,"[PREMIUM]",false,"PARTNER",436922,4.2,77,0,"[""NO_SALVAGE_TITLE"",""NO_ACCIDENTS_REPORTED"",""ONE_OWNER""]","{""exterior"":[""Alloy wheels"",""Auto High-beam Headlights"",""Auto-dimming door mirrors"",""Bumpers: body-color"",""Delay-off headlights"",""Front fog lights"",""Fully automatic headlights"",""Heated door mirrors"",""High-Intensity Discharge Headlights"",""Power door mirrors"",""Rear window wiper"",""Spoiler"",""Wheels: 20\"" x 8.0\"" Polished Aluminum (4)""],""interior"":[""2-Position Memory Driver Seat"",""3rd row seats: split-bench"",""6-Passenger (2-2-2 Seating Configuration)"",""8-Way Power Front Passenger Seat Adjuster"",""Air Conditioning"",""Auto-dimming Rear-View mirror"",""Driver door bin"",""Driver vanity mirror"",""Dual SkyScape 2-Panel Power Sunroof"",""Front Bucket Seats"",""Front Center Armrest"",""Front dual zone A/C"",""Front reading lights"",""Garage door transmitter"",""Heated Driver & Front Passenger Seats"",""Heated front seats"",""Heated rear seats"",""Heated steering wheel"",""Memory seat"",""Overhead console"",""Passenger door bin"",""Passenger vanity mirror"",""Perforated Leather-Appointed Seat Trim"",""Power Driver Lumbar Control Seat Adjuster"",""Power Liftgate"",""Power Passenger Lumbar Control Seat Adjuster"",""Power driver seat"",""Power passenger seat"",""Power windows"",""Rear air conditioning"",""Rear reading lights"",""Rear window defroster"",""Steering wheel mounted audio controls"",""Tachometer"",""Telescoping steering wheel"",""Tilt steering wheel"",""Trip computer"",""Variably intermittent wipers"",""Ventilated Driver & Front Passenger Seats"",""Ventilated front seats"",""Voltmeter""],""mechanical"":[""3.16 Axle Ratio"",""4-Wheel Disc Brakes"",""Four wheel independent suspension"",""Power steering"",""Speed-sensing steering""],""other"":[""Apple CarPlay/Android Auto"",""Bird's Eye View Surround Vision"",""Emergency communication system: OnStar and GMC connected services capable"",""Forward Automatic Braking"",""Front License Plate Bracket"",""Front anti-roll bar"",""Illuminated entry"",""Outside temperature display"",""Preferred Equipment Group 5SA"",""Rear anti-roll bar"",""Roof rack: rails only"",""Technology Package""],""safety"":[""ABS brakes"",""Brake assist"",""Dual front impact airbags"",""Dual front side impact airbags"",""Electronic Stability Control"",""Knee airbag"",""Low tire pressure warning"",""Occupant sensing airbag"",""Overhead airbag"",""Panic alarm"",""Security system"",""Traction control""],""technology"":[""8 Speakers"",""AM/FM radio: SiriusXM"",""Advanced Adaptive Cruise Control"",""Automatic temperature control"",""Bose Premium 8-Speaker System"",""Compass"",""Electronic Cruise Control w/Set & Resume Speed"",""Exterior Parking Camera Rear"",""Navigation System"",""Premium audio system: GMC Infotainment System"",""Radio data system"",""Radio: AM/FM w/8\"" Diagonal Color Touch Screen & Nav"",""Remote keyless entry"",""SiriusXM Radio"",""Speed control""]}",98,"Priced below KBB Fair Purchase Price!<br><br>Welcome to Freeman Buick GMC. All of our vehicles are hand picked and selected and inspected for your peace of mind. This vehicle is equipped with the following options:<br><br>FWD, Cocoa/ Shale Leather, Advanced Adaptive Cruise Control, AM/FM radio: SiriusXM, Apple CarPlay/Android Auto, Automatic temperature control, Bird's Eye View Surround Vision, Bose Premium 8-Speaker System, Delay-off headlights, Dual SkyScape 2-Panel Power Sunroof, Electronic Cruise Control w/Set &amp; Resume Speed, Forward Automatic Braking, Front dual zone A/C, Fully automatic headlights, Garage door transmitter, Heated Driver &amp; Front Passenger Seats, Heated rear seats, Heated steering wheel, Memory seat, Navigation System, Perforated Leather-Appointed Seat Trim, Power Liftgate, Preferred Equipment Group 5SA, Rear air conditioning, Remote keyless entry, Steering wheel mounted audio controls, Technology Package, Ventilated Driver &amp; Front Passenger Seats.<br><br>CARFAX One-Owner. Clean CARFAX.<br><br><br>2019 GMC Acadia Denali FWD 6-Speed Automatic 3.6L V6 SIDI<br><br>Recent Arrival!","[PREMIUM]",10,"501 W State Highway 114","Grapevine","TX","76051","[PREMIUM]"
"786423867","2026-07-28 16:55:48.435","2026-07-28 16:55:48.435","786423867","[PREMIUM]","M721106",2019,"HONDA","Honda","HONHRV","HR-V","EX","SUV","Used","Used 2019 Honda HR-V EX",40047,"[PREMIUM]",,"Great","[PREMIUM]",20320,22370,"White","WHITE",,,"4CLDR","4-Cylinder","2 wheel drive - front","AUT","Continuously Variable Automatic","Automatic","G","Gasoline","Gas",28,34,1.8,false,5,true,true,false,,false,,,"30",71855769,"[PREMIUM]","[PREMIUM]","[PREMIUM]",17352,"[PREMIUM]",false,"PARTNER",437039,4.1,142,0,"[""NO_SALVAGE_TITLE"",""NO_FRAME_DAMAGE"",""NO_FLOOD_WATER_DAMAGE"",""ACCIDENTS_REPORTED"",""NO_ONE_OWNER"",""FREE_REPORT""]","{""exterior"":[""Aluminum Wheels"",""Automatic Headlights"",""Fog Lamps"",""Heated Mirrors"",""Integrated Turn Signal Mirrors"",""Power Mirror(s)"",""Rear Spoiler"",""Tires - Front Performance"",""Tires - Rear Performance""],""interior"":[""A/C"",""Adjustable Steering Wheel"",""Bucket Seats"",""Climate Control"",""Cloth Seats"",""Driver Illuminated Vanity Mirror"",""Driver Vanity Mirror"",""Floor Mats"",""Generic Sun/Moonroof"",""Heated Front Seat(s)"",""Intermittent Wipers"",""Pass-Through Rear Seat"",""Passenger Illuminated Visor Mirror"",""Passenger Vanity Mirror"",""Power Door Locks"",""Power Windows"",""Privacy Glass"",""Rear Bench Seat"",""Rear Defrost"",""Steering Wheel Audio Controls"",""Sun/Moonroof"",""Trip Computer"",""Variable Speed Intermittent Wipers""],""mechanical"":[""4-Wheel Disc Brakes"",""Front Wheel Drive"",""Power Steering""],""other"":[""Cruise Control Steering Assist"",""Front Collision Mitigation"",""Requires Subscription"",""Smart Device Integration""],""safety"":[""ABS"",""Brake Assist"",""Child Safety Locks"",""Daytime Running Lights"",""Driver Air Bag"",""Front Head Air Bag"",""Front Side Air Bag"",""Lane Departure Warning"",""Lane Keeping Assist"",""Passenger Air Bag"",""Passenger Air Bag Sensor"",""Rear Head Air Bag"",""Security System"",""Stability Control"",""Temporary Spare Tire"",""Tire Pressure Monitor"",""Traction Control""],""technology"":[""AM/FM Stereo"",""Adaptive Cruise Control"",""Auxiliary Audio Input"",""Back-Up Camera"",""Bluetooth Connection"",""Cruise Control"",""HD Radio"",""Immobilizer"",""Keyless Entry"",""Keyless Start"",""MP3 Capability"",""Satellite Radio""]}",68,"HGreg.com has redefined the car buying experience by putting you in total control with upfront wholesale prices, flexible financing options, and a 5-Day/500 Mile Exchange Policy. Our lots are packed with thousands of vehicles for every lifestyle and budget. If you're ready to see how easy the car buying process should be, call now! Priced THOUSANDS below KBB!! With locations in Doral, Miami, Orlando, Kendall, West Palm Beach and Tampa, HGreg.com is the FASTEST GROWING automotive group in North America.<br><br>4-Wheel Disc Brakes, 5.436 Axle Ratio, 6 Speakers, ABS brakes, Air Conditioning, Alloy wheels, AM/FM radio: SiriusXM, Apple CarPlay/Android Auto, Automatic temperature control, Brake assist, Bumpers: body-color, Cloth Seat Trim, Delay-off headlights, Driver door bin, Driver vanity mirror, Dual front impact airbags, Dual front side impact airbags, Electronic Stability Control, Emergency communication system, Exterior Parking Camera Rear, Forward collision: Collision Mitigation Braking System (CMBS) + FCW mitigation, Front anti-roll bar, Front Bucket Seats, Front Center Armrest, Front fog lights, Front reading lights, Front wheel independent suspension, Fully automatic headlights, Heated door mirrors, Heated Front Bucket Seats, Heated front seats, Illuminated entry, Lane departure: Lane Keeping Assist System (LKAS) active, Low tire pressure warning, Occupant sensing airbag, Outside temperature display, Overhead airbag, Panic alarm, Passenger door bin, Passenger vanity mirror, Power door mirrors, Power moonroof, Power steering, Power windows, Radio data system, Radio: AM/FM/HD Audio System (180-Watt), Rear window defroster, Rear window wiper, Remote keyless entry, Roof rack: rails only, Security system, SiriusXM Radio, Speed control, Speed-sensing steering, Split folding rear seat, Spoiler, Steering wheel mounted audio controls, Tachometer, Telescoping steering wheel, Tilt steering wheel, Traction control, Trip computer, Turn signal indicator mirrors, Variably intermittent wipers, Wheels: 17&quot; Unique Silver-Painted Alloy.<br><br><br>* Although every reasonable effort has been made to ensure the accuracy of the information contained on this site, absolute accuracy cannot be guaranteed. Dealer is not responsible for errors and omissions. All vehicles are subject to prior sale. Price does not include applicable state sales tax, title, license plate, pre-delivery service charge of $1299.00 (This charge represents costs and profit to the dealer for items such as inspecting, cleaning, and adjusting vehicles, and preparing documents related to the sale), Doc fee $198.00, electronic filing fee of $899.00 (This charge represents costs and profit to the dealer for items such as inspecting, cleaning, and adjusting vehicles, and preparing documents related to the sale).","[PREMIUM]",19,"2510 JETPORT DR","Orlando","FL","32809","[PREMIUM]"
"786121419","2026-07-28 10:57:58.719","2026-07-28 10:57:58.719","786121419","[PREMIUM]","6292",2019,"RAM","RAM","RM1500","1500","Tradesman","TRUCKS","Used","Used 2019 RAM 1500 Tradesman",51894,"[PREMIUM]",,"Great","[PREMIUM]",19190,21240,"Bright White Clearcoat","WHITE","Diesel Gray/Black","GRAY","6CLDR","6-Cylinder","2 wheel drive - rear","AUT","8-Speed Automatic","Automatic","F","Flexible Fuel","Gas",17,25,3.6,false,7,false,false,false,,false,,,"30",72174551,"[PREMIUM]","[PREMIUM]","[PREMIUM]",1962,"[PREMIUM]",false,"PARTNER",441639,4.6,534,0,"[""NO_SALVAGE_TITLE"",""NO_ACCIDENTS_REPORTED"",""ONE_OWNER""]","{""exterior"":[""**BED LINER**"",""17\"" x 7\"" Steel Wheels"",""Active Grille Shutters"",""Delay-off headlights"",""Fully automatic headlights"",""Rear step bumper""],""interior"":[""**STEERING WHEEL MOUNTED CONTROLS!!**"",""40/20/40 Split Bench Seat"",""Air Conditioning"",""Auto-dimming Rear-View mirror"",""Driver door bin"",""Electronic Shift"",""Front Armrest w/3 Cupholders"",""Front Center Armrest"",""Passenger door bin"",""Tachometer"",""Tilt steering wheel"",""Variably intermittent wipers"",""Voltmeter""],""mechanical"":[""**V6**"",""3.21 Rear Axle Ratio"",""4-Wheel Disc Brakes"",""Front wheel independent suspension"",""Power steering""],""other"":[""**RECENT OIL CHANGE!**"",""AUX)"",""Center Hub"",""Front anti-roll bar"",""Heavy Duty Vinyl 40/20/40 Split Bench Seat"",""Manual Adjust Seats"",""Quick Order Package 22B Tradesman"",""Tip Start"",""Tradesman Package""],""safety"":[""ABS brakes"",""Brake assist"",""Dual front impact airbags"",""Dual front side impact airbags"",""Electronic Stability Control"",""Low tire pressure warning"",""Occupant sensing airbag"",""Overhead airbag"",""Traction control""],""technology"":[""**BLUETOOTH HANDS-FREE CALLING!**"",""**MP3 / IPOD COMPATIBLE!**"",""6 Speakers"",""AM/FM radio"",""Integrated Voice Command w/Bluetooth"",""Media Hub (USB"",""ParkView Rear Back-Up Camera"",""Radio data system"",""Radio: 3.0"",""Radio: Uconnect 3.0"",""Speed control""]}",53,"Clean CARFAX. CARFAX One-Owner. This vehicle's CARFAX history report is available for free on our dealer website. Bright White Clearcoat 2019 Ram 1500 Classic Tradesman RWD 8-Speed Automatic 3.6L V6 24V VVT **V6**, **BED LINER**, **MP3 / IPOD COMPATIBLE!**, **BLUETOOTH HANDS-FREE CALLING!**, **RECENT OIL CHANGE!**, **STEERING WHEEL MOUNTED CONTROLS!!**.<br><br>Recent Arrival! Odometer is 38436 miles below market average!<br><br>Awards:<br>* Motor Trend Automobiles of the year<br><br><br>By submitting your information, you consent to receive all forms of communication including but not limited to; phone, text, email, mail, etc. Message and data rates may apply. Consent to these terms is not a condition of Purchase. It does not include any taxes, fees or other charges. * Pricing and availability may vary based on a variety of factors, including options, dealer specials, fees, and financing qualifications. Vehicles shown may have optional equipment at additional cost. You May Not qualify for all offers, incentives, discounts, or financing and all are subject to expiration and/or other restrictions. Subject to availability, incentive offerings, current pricing and credit worthiness. In Transit (Coming Soon) may not have arrived at the dealership. Images shown may not necessarily represent identical vehicles. Eprice includes all dealer discounts, $1000 Trade-in assistance, $1000 Finance Cash but excludes tax, tag, dealer closing fee, and $899 First Place Finish. See dealer for details. To qualify for E pricing you: 1.) Must print E price and present at time of visit/ before negotiation. 2.) Must trade in a vehicle when purchasing selected vehicle. 3.) Must Finance through one of our preferred lenders. Vehicles shown at different locations are not currently in our inventory, but can be made available to you at our location within a reasonable date from the time of your request, not to exceed one week.","[PREMIUM]",10,"2574 CHERRY RD","Rock Hill","SC","29732","[PREMIUM]"
"786265130","2026-07-28 04:16:29.950","2026-07-28 04:16:29.950","786265130","[PREMIUM]","30062A",2019,"CHEV","Chevrolet","EQUINOX","Equinox","LT","SUV","Used","Used 2019 Chevrolet Equinox LT",78314,"[PREMIUM]",,"Good","[PREMIUM]",16220,18420,"Mosaic Black Metallic","BLACK","Jet Black","BLACK","4CLDR","4-Cylinder Turbo","All wheel drive","AUT","9-Speed Automatic","Automatic","G","Gasoline","Gas",22,28,2,false,6,false,true,false,,false,,,"30",72105625,"[PREMIUM]","[PREMIUM]","[PREMIUM]",3428,"[PREMIUM]",false,"PARTNER",436730,3.9,155,0,"[""NO_SALVAGE_TITLE"",""NO_ACCIDENTS_REPORTED"",""ONE_OWNER""]","{""exterior"":[""19\"" Aluminum Wheels"",""Alloy wheels"",""Black Equinox Badges w/Red Outline"",""Body-Color Trailer Hitch Close-Out Cover"",""Bumpers: body-color"",""Delay-off headlights"",""Dual Stainless-Steel Exhaust w/Bright Tips"",""Factory Installed Trailer Hitch"",""Front & Rear Black Bowtie Emblems"",""Fully automatic headlights"",""Heated door mirrors"",""High-Intensity Discharge Headlights"",""Mosaic Black Mirror Caps"",""Outside Heated Power-Adjustable Mirrors"",""Power door mirrors"",""Rear window wiper"",""Spoiler""],""interior"":[""120-Volt Power Outlet"",""2-Way Power Driver Lumbar Control Seat Adjuster"",""3-Spoke Leather-Wrapped Steering Wheel"",""8-Way Power Driver Seat Adjuster"",""Air Conditioning"",""Driver door bin"",""Driver vanity mirror"",""Dual Zone Automatic Climate Control"",""Front Bucket Seats"",""Front Center Armrest"",""Front reading lights"",""Heated Driver & Front Passenger Seats"",""Leather-Wrapped Shift Lever"",""Overhead console"",""Passenger door bin"",""Passenger vanity mirror"",""Power driver seat"",""Power windows"",""Premium Cloth Seat Trim"",""Rear Power Liftgate"",""Rear reading lights"",""Rear seat center armrest"",""Rear window defroster"",""Roof-Mounted Luggage Carrier Provisions"",""Split folding rear seat"",""Steering wheel mounted audio controls"",""Tachometer"",""Telescoping steering wheel"",""Tilt steering wheel"",""Trip computer"",""Universal Home Remote"",""Variably intermittent wipers""],""mechanical"":[""3.17 Final Drive Axle Ratio"",""4-Wheel Disc Brakes"",""Engine Block Heater"",""Four wheel independent suspension"",""Power steering"",""Speed-sensing steering""],""other"":[""2 Rear USB Charging-Only Ports"",""2 USB Data Ports"",""Apple CarPlay/Android Auto"",""Bluetoothᆴ For Phone"",""Confidence & Convenience Package"",""Driver Confidence Package"",""Driver Convenience Package"",""Emergency communication system: OnStar and Chevrolet connected services capable"",""Front Passenger 4-Way Manual Seat Adjuster"",""Front anti-roll bar"",""Illuminated entry"",""Infotainment Package"",""Outside temperature display"",""Preferred Equipment Group 2LT"",""Rear anti-roll bar"",""Redline Edition"",""Redline Specific Black Grille"",""Roof rack: rails only"",""Trailering Equipment""],""safety"":[""4-Wheel Antilock 4-Wheel Disc Brakes"",""ABS brakes"",""Brake assist"",""Dual front impact airbags"",""Dual front side impact airbags"",""Electronic Stability Control"",""Lane Change Alert w/Side Blind Zone Alert"",""Low tire pressure warning"",""Occupant sensing airbag"",""Overhead airbag"",""Panic alarm"",""Rear Cross Traffic Alert"",""Security system"",""Traction control""],""technology"":[""2 USB Data Ports w/SD Card Reader"",""2 USB Ports & Auxiliary Input Jack"",""6 Speaker Audio System Feature"",""6 Speakers"",""AM/FM radio: SiriusXM"",""Compass"",""HD Rear Vision Camera"",""Premium audio system: Chevrolet MyLink"",""Radio data system"",""Radio: Chevrolet Infotainment 3 Plus System w/Navi"",""Radio: Chevrolet Infotainment 3 System w/AM/FM"",""Rear Park Assist w/Audible Warning"",""Remote Vehicle Starter System"",""Remote keyless entry"",""SiriusXM Radio"",""Speed control""]}",104,"This 2019 Chevrolet Equinox LT in Black combines practical design with capable performance for drivers seeking a dependable crossover that handles daily commutes and weekend adventures alike.<br><br>- Chevrolet Infotainment 3 Plus System with Navigation<br>- Dual Zone Automatic Climate Control<br>- Remote Vehicle Starter System<br>- Rear Power Liftgate<br>- Lane Change Alert with Side Blind Zone Alert<br>- Rear Cross Traffic Alert<br>- Rear Park Assist with Audible Warning<br>- Heated Driver and Front Passenger Seats<br>- Factory Installed Trailer Hitch<br>- 19 Aluminum Wheels<br>- Redline Edition styling package with Black grille and bowtie emblems<br>- Outside Heated Power-Adjustable Mirrors<br>- HD Rear Vision Camera<br>- Apple CarPlay and Android Auto compatibility<br>- SiriusXM Radio<br><br>Engineered with a 2.0L Turbocharged engine paired with a 9-speed automatic transmission and all-wheel drive, this Equinox delivers responsive handling and fuel efficiency with an EPA-estimated 22 city and 28 highway MPG. The turbocharged powertrain provides the balance of capability and economy that makes daily driving more economical without sacrificing performance.<br><br>The Redline Edition elevates the visual presence with distinctive styling cues including a Black grille, 19-inch black aluminum wheels with red accents, and exclusive Black bowtie emblems front and rear. Mosaic Black mirror caps and black window surrounds add cohesive design details that distinguish this model from standard configurations.<br><br>Inside, the cabin prioritizes comfort and connectivity with dual-zone automatic climate control, heated front seats, and a leather-wrapped steering wheel. The Chevrolet Infotainment 3 Plus system with integrated navigation keeps you connected and informed, while Apple CarPlay and Android Auto integration ensures your smartphone integrates seamlessly into your drives.<br><br>Safety features work proactively to protect you and your passengers. Lane Change Alert with Side Blind Zone Alert monitors your surroundings, while Rear Cross Traffic Alert and Rear Park Assist with audible warning provide additional awareness during reversing. The HD rear vision camera gives you a clear view behind the vehicle, complemented by electronic stability control, traction control, and a complete airbag system.<br><br>Whether you're loading gear through the rear power liftgate or towing with the factory-installed trailer hitch, this Equinox offers the practicality that makes ownership straightforward and rewarding. With roof rack provisions and abundant interior flexibility, you have the space and functionality to manage life's essentials. Visit our showroom today to experience how this well-equipped Equinox LT can serve your driving needs.","[PREMIUM]",36,"16200 WAYZATA BLVD","Wayzata","MN","55391","[PREMIUM]"
