"_primaryKey","_firstSeenAt","_lastSeenAt","listingId","vin","stockNumber","year","makeCode","makeName","modelCode","modelName","trim","bodyStyle","listingType","listingTitle","mileage","salePrice","msrp","dealIndicator","kbbFairPurchasePrice","kbbFairPriceLow","kbbFairPriceHigh","exteriorColor","exteriorColorSimple","interiorColor","interiorColorSimple","engineCode","engine","drivetrain","transmissionCode","transmission","transmissionGroup","fuelTypeCode","fuelType","fuelTypeGroup","mpgCity","mpgHighway","displacementUOM","hasLeatherSeats","daysOnMarket","isHot","isNewlyListed","isReducedPrice","isNoHagglePrice","hasSpecialOffer","moneyBackGuarantee","mainImageIsStock","priority","sellerId","sellerName","sellerPhone","sellerRating","sellerReviewCount","sellerWebsite","isPrivateSeller","sellerContractLevel","kbbVehicleId","kbbConsumerRatings","kbbConsumerReviewCount","safetyRecallCount","vhrPreview","options","optionsCount","description","images","imagesCount","sellerAddress","sellerCity","sellerState","sellerZip","listingUrl"
"789580760","2026-09-03 20:19:17.788","2026-09-03 20:19:17.788","789580760","[PREMIUM]","T26635A",2022,"CHEV","Chevrolet","COLORADO","Colorado","ZR2","TRUCKS","Used","Used 2022 Chevrolet Colorado ZR2",47094,"[PREMIUM]",,"Good","[PREMIUM]",31520,36920,"Summit White","WHITE","Jet Black","BLACK","6CLDR","6-Cylinder","4 wheel drive","AUT","8-Speed Automatic","Automatic","G","Gasoline","Gas",16,18,3.6,true,5,false,true,false,,false,,,"30",71898,"[PREMIUM]","[PREMIUM]","[PREMIUM]",1425,"[PREMIUM]",false,"PARTNER",455714,4.2,150,0,"[""NO_SALVAGE_TITLE"",""NO_ACCIDENTS_REPORTED"",""NO_ONE_OWNER""]","{""exterior"":[""Alloy wheels"",""Black Rear Bumpers"",""Black Spray-On Bedliner w/Chevrolet Logo"",""Delay-off headlights"",""Fully automatic headlights"",""Heated door mirrors"",""Power door mirrors"",""Rear step bumper""],""interior"":[""4-Way Power Front Passenger Seat Adjuster"",""Air Conditioning"",""Auto-dimming Rear-View mirror"",""Driver 6-Way Power Seat Adjuster"",""Driver door bin"",""Driver vanity mirror"",""Front Bucket Seats"",""Front Center Armrest"",""Front reading lights"",""Heated steering wheel"",""Leather-Appointed Seat Trim"",""Overhead console"",""Passenger door bin"",""Passenger vanity mirror"",""Power Driver Lumbar Control Seat Adjuster"",""Power Passenger Lumbar Control Seat Adjuster"",""Power driver seat"",""Power passenger seat"",""Power windows"",""Rear reading lights"",""Rear seat center armrest"",""Rear window defroster"",""Steering wheel mounted audio controls"",""Tachometer"",""Telescoping steering wheel"",""Tilt steering wheel"",""Trip computer"",""Variably intermittent wipers""],""mechanical"":[""3.42 Rear Axle Ratio"",""4-Wheel Disc Brakes"",""Front wheel independent suspension"",""Heavy-Duty Trailering Package"",""Power steering"",""Speed-sensing steering"",""Tow/Haul Mode""],""other"":[""Apple CarPlay/Android Auto"",""Driver-Selectable Full-Locking Front Differential"",""Driver-Selectable Full-Locking Rear Differential"",""Front License Plate Kit"",""Front anti-roll bar"",""Hitch Guidance"",""Illuminated entry"",""Outside temperature display"",""Preferred Equipment Group 4ZR"",""Premium audio system: Chevrolet Infotainment 3 Plus"",""Wheels: 17\"" x 8\"" Graphite & Oxide Gold Aluminum"",""Wireless Charging for Compatible Cell Phones"",""ZR2 Off-Road Package""],""safety"":[""ABS brakes"",""Dual front impact airbags"",""Dual front side impact airbags"",""Electronic Stability Control"",""Low tire pressure warning"",""Occupant sensing airbag"",""Overhead airbag"",""Panic alarm"",""Security system"",""Traction control""],""technology"":[""6 Speakers"",""6-Speaker Audio System Feature"",""AM/FM radio: SiriusXM"",""Automatic temperature control"",""Compass"",""Exterior Parking Camera Rear"",""HD Radio"",""Integrated Trailer Brake Controller"",""Radio data system"",""Radio: Chevrolet Infotainment 3 Plus System"",""Remote keyless entry"",""SiriusXM Radio"",""Speed control""]}",79,"4WD. Clean CARFAX. Summit White 2022 Chevrolet Colorado ZR2 4WD 8-Speed Automatic V6<br><br>Western New York's Military store! Military pricing in Sales, Service and Parts 365 days a year!","[PREMIUM]",32,"3600 Genesee St","Cheektowaga","NY","14225","[PREMIUM]"
"789497905","2026-09-03 20:19:17.783","2026-09-03 20:19:17.783","789497905","[PREMIUM]","CD260959C",2012,"GMC","GMC","15SIPU4WD","Sierra 1500","SLE","TRUCKS","Used","Used 2012 GMC Sierra 1500 SLE",156402,"[PREMIUM]",,"Great","[PREMIUM]",8395,10220,"Onyx Black","BLACK","Ebony","BLACK","8CLDR","8-Cylinder","4 wheel drive","AUT","6-Speed Automatic","Automatic","F","Flexible Fuel","Gas",13,18,5.3,false,5,false,true,false,,false,,,"30",3095606,"[PREMIUM]","[PREMIUM]","[PREMIUM]",3589,"[PREMIUM]",false,"PARTNER",371095,4.6,876,0,"[""NO_SALVAGE_TITLE"",""NO_FRAME_DAMAGE"",""NO_FLOOD_WATER_DAMAGE"",""NO_ACCIDENTS_REPORTED"",""NO_ONE_OWNER"",""FREE_REPORT""]","{""exterior"":[""17\"" x 7.5\"" 6-Lug Chrome-Styled Steel Wheels"",""20\"" x 8.5\"" Chrome Clad Aluminum (4) Wheels"",""Body-Colored Bodyside Moldings"",""Bodyside moldings"",""Bumpers: chrome"",""Chrome Grille w/Chrome Surround"",""Delay-off headlights"",""EZ-Lift Tailgate"",""Front Halogen Fog Lamps"",""Fully automatic headlights"",""Heated door mirrors"",""Locking Tailgate"",""Power door mirrors"",""Rear step bumper""],""interior"":[""6-Way Power Driver Seat Adjuster"",""Air Conditioning"",""Chrome Door Handles"",""Color-Keyed Carpeting w/Rubberized Vinyl Floormats"",""Driver & Front Passenger Illuminated Visor Mirrors"",""Driver door bin"",""Driver vanity mirror"",""Driver-Side Manual Lumbar Control Seat Adjuster"",""Dual-Zone Automatic Climate Control"",""Electric Rear-Window Defogger"",""Front 40/20/40 Split-Bench Seat"",""Front Center Armrest w/Storage"",""Front reading lights"",""Leather-Wrapped Steering Wheel"",""Overhead console"",""Passenger door bin"",""Passenger vanity mirror"",""Power Windows w/Driver Express-Down"",""Power windows"",""Power-Adjustable Pedals For Accelerator & Brake"",""Premium Cloth Seat Trim"",""Rear Access Door Power Windows"",""Rear reading lights"",""Solar-Ray Deep-Tinted Glass"",""Split folding rear seat"",""Steering Wheel Mounted Audio Controls"",""Tachometer"",""Tilt steering wheel"",""Universal Home Remote"",""Variably intermittent wipers"",""Voltmeter""],""mechanical"":[""3.42 Rear Axle Ratio"",""Electronic Autotrac Transfer Case"",""Front wheel independent suspension"",""Heavy-Duty Air-to-Oil External Engine Oil Cooler"",""Heavy-Duty Auxiliary External Transmission Oil Cooler"",""Heavy-Duty Trailering Package (Retail)"",""Power steering""],""other"":[""Bluetoothᆴ For Phone"",""Convenience Package"",""Emergency communication system: OnStar Directions & Connections"",""Extended Cab SLE Value Package"",""Front anti-roll bar"",""Heated Power-Adjustable Black Outside Mirrors"",""Heavy Duty Cooling Package"",""Heavy-Duty Handling/Trailering Suspension Package"",""Heavy-Duty Rear Automatic Locking Differential"",""High-Performance Suspension Package"",""Illuminated entry"",""Outside temperature display"",""SLE Decor""],""safety"":[""ABS brakes"",""Dual front impact airbags"",""Dual front side impact airbags"",""Electronic Stability Control"",""Low tire pressure warning"",""Occupant sensing airbag"",""Overhead airbag"",""Panic alarm"",""Security system"",""Traction control""],""technology"":[""6 Speaker Audio System Feature"",""6 Speakers"",""AM/FM Stereo w/CD Player & MP3 Playback"",""AM/FM Stereo w/MP3 Compatible CD Player"",""AM/FM radio: SiriusXM"",""CD player"",""Compass"",""Radio data system"",""Remote Vehicle Starter System"",""Remote keyless entry"",""SIRIUSXM Satellite Radio"",""Speed control"",""Ultrasonic Rear Parking Assist w/Audible Warning""]}",88,"Clean CARFAX.<br><br>Priced below KBB Fair Purchase Price!<br><br>Our 2012 GMC Sierra 1500 SLE Extended Cab 4X4 is proudly displayed in beautiful Onyx Black. Powered by a 5.3 Liter Vortec V8 that supplies 315hp paired with a 6 Speed Automatic transmission that is ready for the road. This Four Wheel Drive truck shows off coil-over-shock front suspension to ease you down the road, plus offers nearly 21mpg on the highway, showing off attractive wheels.<br><br>Climb inside the SLE interior and take in its striking look and feel. This quality, do-anything, go-anywhere truck boasts upgraded interior comforts of premium cloth seats, steering wheel cruise controls, power windows, and door locks. Add power-heated outside mirrors and a great sound system, and know you are smiling.<br><br>Additionally, the well-known GM safety features are in place for your security. With available OnStar, our amped-up truck will ensure it takes care of the projects you have in the works while scoring mega-comfort. Get the job done right with the security, performance, and comfort that only come from the Sierra 1500 SLE. Don't delay. Save this Page and Call for Availability. We Know You Will Enjoy Your Test Drive Towards Ownership!<br><br>When you do business with Todd Wenzel, we want you to have a premium experience; that is why we offer the Todd Wenzel Platinum Rewards Program to our customers. With the Todd Wenzel Platinum Rewards Program, we reward you for doing business with us. You can expect to receive VIP service like free multi-point inspections and courtesy vehicles at no charge. Purchase a GM Certified Pre-Owned vehicle and you'll also earn My GM Rewards points for purchases of GM products and services to redeem for discounts on future purchases and services. It's that simple.","[PREMIUM]",14,"2727 28th ST SE","Grand Rapids","MI","49512","[PREMIUM]"
"789963849","2026-09-03 20:19:17.758","2026-09-03 20:19:17.758","789963849","[PREMIUM]","FLU8352",2022,"SUB","Subaru","SUBOUTBK","Outback","Touring XT","SUV","Used","Used 2022 Subaru Outback Touring XT w/ Popular Package #2",19532,"[PREMIUM]",,,"[PREMIUM]",,,"Green Metallic","GREEN","Java","BEIGE","4CLDR","4-Cylinder Turbo","All wheel drive","AUT","Continuously Variable Automatic","Automatic","G","Gasoline","Gas",23,30,2.4,false,0,false,true,false,,false,,,"30",70727157,"[PREMIUM]","[PREMIUM]","[PREMIUM]",2099,"[PREMIUM]",false,"PARTNER",,,,0,"[""NO_SALVAGE_TITLE"",""NO_ACCIDENTS_REPORTED"",""ONE_OWNER""]","{""exterior"":[""Alloy wheels"",""Auto High-beam Headlights"",""Bumpers: body-color"",""Front fog lights"",""Fully automatic headlights"",""Heated door mirrors"",""Power door mirrors"",""Rear Bumper Cover"",""Rear window wiper"",""Roof rack"",""Spoiler"",""Turn signal indicator mirrors""],""interior"":[""Air Conditioning"",""All-Weather Floor Liners"",""Auto-dimming Rear-View mirror"",""Driver door bin"",""Driver vanity mirror"",""Front Bucket Seats"",""Front Center Armrest w/Storage"",""Front dual zone A/C"",""Front reading lights"",""HVAC memory"",""Heated & Ventilated Front Bucket Seats"",""Heated front seats"",""Heated rear seats"",""Heated steering wheel"",""Leather steering wheel"",""Memory seat"",""Overhead console"",""Passenger door bin"",""Passenger vanity mirror"",""Power Liftgate"",""Power driver seat"",""Power moonroof"",""Power passenger seat"",""Power windows"",""Rear Seat Back Protector"",""Rear seat center armrest"",""Rear window defroster"",""Split folding rear seat"",""Steering wheel mounted audio controls"",""Tachometer"",""Telescoping steering wheel"",""Tilt steering wheel"",""Trip computer"",""Variably intermittent wipers"",""Ventilated front seats"",""Windshield Sunshade""],""mechanical"":[""4-Wheel Disc Brakes"",""4.111 Axle Ratio"",""Four wheel independent suspension"",""Power steering"",""Speed-sensing steering"",""Steering Wheel Paddle Shift Control Switches""],""other"":[""1-OWNER"",""821"",""Auto-Dimming Exterior Mirror w/Approach Light"",""CERTIFIED"",""Dome Light LED Upgrade"",""Emergency communication system: STARLINK Safety and Security (Subscription Required)"",""FRESH OIL CHANGE"",""Front anti-roll bar"",""Illuminated entry"",""NEW PA INSPECTION"",""ORIGINAL MSRP $42"",""Outside temperature display"",""Perforated Nappa Leather-Trimmed Upholstery"",""Popular Package #2"",""Radio: Subaru STARLINK 11.6\"" Multimedia Nav System"",""Rear anti-roll bar"",""STARLINK/Apple CarPlay/Android Auto"",""Splash Guards"",""Standard Model"",""Wheels: 18\"" x 7J Black Aluminum Alloy"",""harman/kardonᆴ Speakers""],""safety"":[""ABS brakes"",""Brake assist"",""Dual front impact airbags"",""Dual front side impact airbags"",""Electronic Stability Control"",""Knee airbag"",""Low tire pressure warning"",""Occupant sensing airbag"",""Overhead airbag"",""Panic alarm"",""Security system"",""Traction control""],""technology"":[""12 Speakers"",""AM/FM radio: SiriusXM"",""Automatic temperature control"",""Compass"",""Exterior Parking Camera Rear"",""Garage door transmitter: HomeLink"",""Navigation System"",""Remote CD player"",""Remote keyless entry"",""Speed control""]}",97,"Discover this 2022 Subaru Outback Touring XT in brown, a one-owner vehicle with low mileage and fresh maintenance. This versatile wagon delivers reliable all-wheel drive performance paired with impressive efficiency, achieving 23 city and 30 highway mpg. Recently serviced with a fresh oil change and new Pennsylvania inspection, this Outback is ready for your next adventure.<br><br><br>- CERTIFIED<br>- Power liftgate<br>- Heated steering wheel<br>- Navigation system with 11.6 Subaru STARLINK multimedia touchscreen<br>- Power moonroof<br>- Heated and ventilated front bucket seats with perforated Nappa leather<br>- Exterior parking camera with rear view<br>- Popular Package #2<br>- Auto high-beam headlights with front fog lights<br>- Roof rack with splash guards<br>- Remote keyless entry with HomeLink garage door transmitter<br><br>The cabin impresses with leather-trimmed seating, dual-zone automatic temperature control, and a premium Harman/Kardon audio system with SiriusXM satellite radio. Apple CarPlay and Android Auto integration keep you connected, while heated rear seats and a power-adjustable passenger seat enhance comfort for all occupants. Storage is abundant with front and rear center armrests, door bins, and a split-folding rear seat for flexibility.<br><br>This Subaru has been certified, ensuring it meets rigorous inspection standards and providing peace of mind with its comprehensive warranty coverage.<br><br>With its combination of practicality, comfort, and certified reliability, this Outback Touring XT makes an excellent choice for buyers seeking a dependable wagon. Contact us today to schedule your test drive and experience this impressive vehicle firsthand.","[PREMIUM]",11,"301 E MAIN ST","Lansdale","PA","19446","[PREMIUM]"
"788230040","2026-09-03 20:19:17.689","2026-09-03 20:19:17.689","788230040","[PREMIUM]","C60250S",2022,"RAM","RAM","RM1500","1500","Big Horn","TRUCKS","Used","Used 2022 RAM 1500 Big Horn",52023,"[PREMIUM]",,"Great","[PREMIUM]",34820,37220,"Granite Crystal Metallic Clear","GRAY","Black","BLACK","8CLDR","8-Cylinder","4 wheel drive","AUT","8-Speed Automatic","Automatic","G","Gasoline","Gas",19,24,5.7,false,19,false,false,true,,false,true,,"30",77098,"[PREMIUM]","[PREMIUM]","[PREMIUM]",875,"[PREMIUM]",false,"PARTNER",457980,4.3,166,1,"[""NO_SALVAGE_TITLE"",""NO_ACCIDENTS_REPORTED"",""NO_ONE_OWNER""]","{""exterior"":[""Alloy wheels"",""Auto-Dimming Exterior Driver Mirror"",""Body Color Exterior Mirrors"",""Body Color Front Bumper"",""Body Color Rear Bumper w/Step Pads"",""Bridgestone Brand Tires"",""Bumpers: chrome"",""Class IV Receiver Hitch"",""Delay-off headlights"",""Exterior Mirrors w/Heating Element"",""Exterior Mirrors w/Supplemental Signals"",""Front fog lights"",""Fully automatic headlights"",""Heated door mirrors"",""Power door mirrors"",""Power-Folding Mirrors"",""Rear step bumper""],""interior"":[""115V Auxiliary Power Outlet"",""115V Auxiliary Rear Power Outlet"",""2nd Row In Floor Storage Bins"",""2nd Row In-Floor Storage Bins"",""3 Rear Seat Head Restraints"",""4 Way Front Headrests"",""8-Way Power Adjustable Driver Seat"",""Air Conditioning"",""Air Conditioning ATC w/Dual Zone Control"",""Auto-Dimming Rear-View Mirror"",""Black Interior Accents"",""Bucket Seats"",""Cloth Bench Seat"",""Deluxe Cloth Bucket Seats"",""Driver door bin"",""Front & Rear Rubber Floor Mats"",""Front Center Armrest w/Storage"",""Front Row Heated Seats"",""Front Seat Back Map Pockets"",""Front reading lights"",""Full Length Floor Console"",""Glove Box Lamp"",""Heated Front Seats"",""Heated Steering Wheel"",""Leather steering wheel"",""Manual Adjust 4-Way Front Passenger Seat"",""One-Touch Up / Down Front Windows"",""Overhead console"",""Passenger door bin"",""Passenger vanity mirror"",""Power 2-Way Driver Lumbar Adjust"",""Power 8-Way Driver Seat"",""Power Adjustable Pedals"",""Power windows"",""Rear 60/40 Folding Seat"",""Rear Center Armrest"",""Rear Power Sliding Window"",""Rear Power-Sliding Window"",""Rear Window Defroster"",""Rear seat center armrest"",""Split folding rear seat"",""Steering wheel mounted audio controls"",""Sun Visors w/Illuminated Vanity Mirrors"",""Tachometer"",""Telescoping steering wheel""],""mechanical"":[""3.21 Rear Axle Ratio"",""4-Wheel Disc Brakes"",""Four-Wheel Drive"",""Front wheel independent suspension"",""Heavy-Duty Engine Cooling"",""Power steering""],""other"":[""000 Mile Comprehensive Warranty"",""23 Gallon Fuel Tank"",""3 Month / 4"",""400W Inverter"",""48V Belt Starter Generator"",""4G LTE Wi-Fi Hot Spot"",""9 Amplified Speakers with Su>"",""All Plant-Installed Decals"",""All R1 High Radios"",""All Radio Equipped Vehicles"",""Apple Car Play / Android Auto"",""Apple CarPlay"",""Big Horn Badge"",""Big Horn Level 2 Equipment Group"",""Big Horn Package 27Z"",""Black Exterior Mirrors"",""Black Premium Power Mirrors"",""Body Color Premium Power Mirrors"",""Connected Travel & Traffic Services"",""Connectivity - US/Canada"",""Convex Wide-Angle Mirror Insert"",""Delete LED Lamp - Floor Console Bin"",""Emergency communication system: SiriusXM Guardian"",""Exterior Mirrors Courtesy Lamps"",""For Details"",""Front & Rear Park-Assist with Stop"",""Front anti-roll bar"",""GPS Antenna Input"",""Global Telematics Box Module (TBM)"",""Google Android Auto"",""Illuminated entry"",""LED Footwell Lighting"",""MOPAR Front & Rear Rubber Floor Mats"",""Manufacturer's Statement of Origin"",""Outside temperature display"",""Quick Order Package 27Z Big Horn"",""Radio: Uconnect 5 Nav w/12.0\"" Display"",""Radio: Uconnect 5 W w/8.4\"" Display"",""Rear Dome w/On/Off Switch Lamp"",""Rear Wheelhouse Liners"",""Rear anti-roll bar"",""Sport Appearance Package"",""Sport Decal""],""safety"":[""ABS brakes"",""Brake assist"",""Dual front impact airbags"",""Dual front side impact airbags"",""Electronic Stability Control"",""Low tire pressure warning"",""Occupant sensing airbag"",""Overhead airbag"",""Panic alarm"",""Ready Alert Braking"",""Security Alarm""],""technology"":[""12\"" Touchscreen Display"",""6 Speakers"",""8.4\"" Touchscreen Display"",""9 Amplified Speakers w/Subwoofer"",""AM/FM radio"",""Back-up Camera"",""Bluetooth Handsfree Phone & Audio"",""Cluster 7.0\"" TFT Color Display"",""Compass"",""Disassociated Touchscreen Display"",""GPS Navigation"",""HD Radio"",""Integrated Center Stack Radio"",""Integrated Voice Command"",""Integrated Voice Command w/Bluetooth"",""Media Hub w/2 Charge Only USBs"",""Navigation System"",""ParkSense Front/Rear Park Assist w/Stop"",""ParkView Rear Back-Up Camera"",""Radio data system"",""Radio: Uconnect 3 w/5\"" Display"",""Remote Start System"",""Remote keyless entry"",""SiriusXM Radio Service"",""SiriusXM Satellite Radio"",""SiriusXM w/360L"",""Speed control""]}",149,"Discover the capability and comfort that define a modern truck in this 2022 Ram 1500 Big Horn/Lone Star, finished in sophisticated Gray and powered by a legendary 5.7L V8 HEMI engine paired with an 8-speed automatic transmission and four-wheel drive.<br><br>This truck comes equipped with premium features designed for both work and daily driving:<br><br>- 5.7L V8 HEMI Engine with Multi Displacement VVT<br>- Four-Wheel Drive<br>- 8-Speed Automatic Transmission<br>- GPS Navigation System<br>- Apple CarPlay and Android Auto Integration<br>- 9 Amplified Speakers with Subwoofer<br>- Front and Rear Park-Assist with Stop Technology<br>- Heated Front Seats and Heated Steering Wheel<br>- Rear Power-Sliding Window<br>- Remote Start System<br>- Class IV Receiver Hitch<br>- Trailer Brake Controller<br>- 8-Way Power Adjustable Driver Seat<br><br>The Big Horn Level 2 Equipment Group provides an elevated ownership experience with a Uconnect 5 navigation system featuring an 8.4-inch touchscreen display, 4G LTE Wi-Fi hotspot, and integrated voice command functionality. You'll find convenience features including dual-zone climate control, power-adjustable pedals, and an auto-dimming rear-view mirror that enhance every journey.<br><br>Designed for those who demand capability, the Sport Appearance Package adds distinctive styling with body-color bumpers, premium power mirrors, and sport badging. The truck features a 23-gallon fuel tank, rear wheelhouse liners, and durable MOPAR floor mats for enhanced protection.<br><br>This vehicle is certified as a Triton Certified Classic Vehicle, providing you with confidence in its quality and condition backed by a 3-month, 4,000-mile comprehensive warranty. This certification reflects our commitment to offering vehicles that meet rigorous standards for reliability and performance.<br><br>With an EPA rating of 18 city and 22 highway MPG, this Ram 1500 delivers practical efficiency without compromising the power you need. The combination of capability, technology, and thoughtful design makes this Big Horn/Lone Star an excellent choice for anyone seeking a dependable truck ready to handle both work and weekend adventures.<br><br>Visit our showroom today to experience this Ram 1500 and see how its blend of strength and sophistication meets your transportation needs.","[PREMIUM]",32,"845 North Easton Road","Doylestown","PA","18902","[PREMIUM]"
"789871813","2026-09-03 20:19:17.677","2026-09-03 20:19:17.677","789871813","[PREMIUM]","7309",2022,"GENESIS","Genesis","GENG80","G80","2.5T Prestige","SEDAN","Used","Used 2022 Genesis G80 2.5T Prestige w/ Prestige Package",26881,"[PREMIUM]",,"Good","[PREMIUM]",31470,34670,"Blue","BLUE","Black","BLACK","4CLDR","4-Cylinder Turbo","2 wheel drive - rear","AUT","8-Speed Automatic","Automatic","G","Gasoline","Gas",23,32,2.5,false,1,false,true,false,,false,,,"30",72760241,"[PREMIUM]","[PREMIUM]","[PREMIUM]",3084,"[PREMIUM]",false,"PARTNER",456569,4.2,12,0,"[""NO_SALVAGE_TITLE"",""NO_ACCIDENTS_REPORTED"",""NO_ONE_OWNER""]","{""exterior"":[""Alloy Wheels"",""LED Headlamps""],""interior"":[""Air Conditioning"",""Dual Power Seats"",""Heated Seats"",""Power Door Locks"",""Power Windows"",""Push Button Start""],""mechanical"":[""Power Steering""],""other"":[""Communications System"",""Genesis Connect"",""Smartphone Interface"",""Tilt &amp; Telescoping Wheel""],""safety"":[""ABS (4-Wheel)"",""Alarm System"",""Blind-Spot Warning"",""Collision Warning"",""Daytime Running Lights"",""Dual Air Bags"",""Electronic Stability Control"",""F&amp;R Head Curtain Air Bags"",""F&amp;R Side Air Bags"",""Knee Air Bags"",""Lane Keep Assist"",""Traction Control""],""technology"":[""AM/FM/HD Radio"",""Backup Camera"",""Bluetooth Wireless"",""Keyless Entry"",""Navigation System"",""Parking Distance Warning"",""Parking Sensors"",""SiriusXM Satellite"",""Smart Cruise Control""]}",34,"Affordable Used Cars for Sale in Jacksonville, FL Merit Auto Group<br><br>At Merit Auto Group in Jacksonville, FL, we offer high-quality pre-owned vehicles at unbeatable prices always below market value. Skip the negotiation and enjoy a hassle-free buying experience, whether youre paying cash or financing. We work with trusted lenders like Capital One, Ally Financial, AmeriCredit, Westlake Financial, Florida Credit Union, and more. Looking for the best deals on used cars in Jacksonville? Start your car-buying journey with us today!<br><br>Price excludes government fees and taxes, finance charges, Pre-delivery service fee ($995) and electronic filing fee ($399). Prices are subject to change. These charges represent costs and profits to the dealer for items such as inspecting, cleaning, reconditioning and preparing documents related to the sale. While every reasonable effort is made to ensure the accuracy of this information, we are not responsible for any errors or omissions contained on these pages. Please verify any information in question with MERIT AUTO GROUP LLC.","[PREMIUM]",52,"8500 ATLANTIC BLVD","Jacksonville","FL","32211","[PREMIUM]"
"789967001","2026-09-03 20:19:17.664","2026-09-03 20:19:17.664","789967001","[PREMIUM]","5FNRL387X6B048178",2006,"HONDA","Honda","ODYSSEY","Odyssey","EX-L","VANS","Used","Used 2006 Honda Odyssey EX-L",200100,"[PREMIUM]",,,"[PREMIUM]",,,"Silver","SILVER","Gray","GRAY","6CLDR","6-Cylinder","2 wheel drive - front","AUT","5-Speed Automatic","Automatic","G","Gasoline","Gas",20,28,3.5,false,0,false,true,false,,false,,,"30",75916771,"[PREMIUM]","[PREMIUM]","[PREMIUM]",,"[PREMIUM]",true,,,,,,"[""NO_SALVAGE_TITLE"",""NO_ACCIDENTS_REPORTED"",""NO_ONE_OWNER""]","{""exterior"":[""Alloy Wheels"",""Rear Spoiler""],""interior"":[""Air Conditioning"",""Leather"",""Moon Roof"",""Power Door Locks"",""Power Seat"",""Power Sliding Doors"",""Power Windows"",""Sun Roof (Sliding)"",""Tilt Wheel""],""mechanical"":[""Power Steering""],""other"":[""Quad Seating (4 Buckets)"",""Rear""],""safety"":[""ABS (4-Wheel)"",""Dual Air Bags"",""Side Air Bags"",""Traction Control""],""technology"":[""AM/FM Stereo"",""Backup Camera"",""CD/MP3 (Multi Disc)"",""Cruise Control"",""DVD System""]}",23,"Selling my 2006 Honda Odyssey EX-L in good condition with 200,100 miles. Silver exterior with gray leather interior.<br><br>Runs great.<br><br>Here's what stands out:<br><br>- 3.5L V6 VTEC engine with automatic transmission<br>- Power sliding doors on both sides<br>- Quad seating with 4 leather bucket seats<br>- DVD entertainment system  great for long trips<br>- Moonroof/sunroof<br>- Backup camera<br>- Rear air conditioning<br>- CD/MP3 multi-disc player<br>- Alloy wheels<br>- 4-wheel ABS and traction control<br><br>This is a solid family hauler with a lot of useful features still working. Chat me if you have any questions!","[PREMIUM]",11,,"Kirkland","WA","98034","[PREMIUM]"
"788949088","2026-09-03 20:19:17.652","2026-09-03 20:19:17.652","788949088","[PREMIUM]","NZ156542S",2022,"CAD","Cadillac","CADXT6","XT6","Premium Luxury","SUV","Used","Used 2022 Cadillac XT6 Premium Luxury w/ Technology Package",54257,"[PREMIUM]",,"Good","[PREMIUM]",31360,34560,"Stellar Black Metallic","BLACK","Jet Black","BLACK","6CLDR","6-Cylinder","2 wheel drive - front","AUT","9-Speed Automatic","Automatic","G","Gasoline","Gas",19,26,3.6,true,4,false,true,false,,false,,,"30",73318983,"[PREMIUM]","[PREMIUM]","[PREMIUM]",6237,"[PREMIUM]",false,"PARTNER",454762,4.3,29,0,"[""NO_SALVAGE_TITLE"",""NO_ACCIDENTS_REPORTED"",""ONE_OWNER""]","{""exterior"":[""Aluminum Wheels"",""Automatic Headlights"",""Automatic Highbeams"",""Hands-Free Liftgate"",""Heated Mirrors"",""Integrated Turn Signal Mirrors"",""Mirror Memory"",""Power Folding Mirrors"",""Power Mirror(s)"",""Rear Spoiler"",""STELLAR BLACK METALLIC"",""TIRES  P235/55R20 ALL-SEASON  H-RATED  BLACKWALL"",""Tires - Front Performance"",""Tires - Rear Performance"",""Wheel Locks""],""interior"":[""3rd Row Seat"",""A/C"",""Adjustable Steering Wheel"",""Auto-Dimming Rearview Mirror"",""Bucket Seats"",""Climate Control"",""Driver Adjustable Lumbar"",""Floor Mats"",""Generic Sun/Moonroof"",""Heated Steering Wheel"",""Intermittent Wipers"",""Leather Seats"",""Leather Steering Wheel"",""Multi-Zone A/C"",""Panoramic Roof"",""Passenger Adjustable Lumbar"",""Power Door Locks"",""Power Driver Seat"",""Power Liftgate"",""Power Passenger Seat"",""Power Windows"",""Privacy Glass"",""Rear A/C"",""Rear Defrost"",""Remote Trunk Release"",""SEATS  FRONT BUCKET INCLUDES 8-WAY POWER DRIVER SEAT ADJUSTER  (STD)"",""Seat Memory"",""Sun/Moonroof"",""Universal Garage Door Opener"",""Variable Speed Intermittent Wipers""],""mechanical"":[""4-Wheel Disc Brakes"",""ENGINE  3.6L V6  DI  VVT  WITH AUTOMATIC STOP/START  (310 hp 231 kW @ 6600 rpm  271 lb-ft of torque 366 N-m @ 5000 rpm) (STD)"",""Front Wheel Drive"",""Power Steering"",""TRANSMISSION  9-SPEED AUTOMATIC  (STD)""],""other"":[""CADILLAC USER EXPERIENCE  AM/FM STEREO  with 8\"" diagonal color information display  6 USBs  personalized profiles for each driver's settings  Natural Voice Recognition  Phone Integration for Wireless Apple CarPlay/Wireless Android Auto capability for comp"",""Driver Air >"",""Driver Restriction Features"",""Front Collision Mitigation"",""HD SURROUND VISION"",""JET BLACK  LEATHER SEATING SURFACES WITH MINI-PERFORATED INSERTS  with Jet Black accents (With Misty Matrix wood trim.)"",""LICENSE PLATE BRACKET  FRONT"",""NOT EQUIPPED WITH DRIVER AND FRONT PASSENGER HEATED OR VENTILATED SEATS  see dealer for details (Certain vehicles built on or after March 14  2022 through May 1  2022  will be forced to include (00V) Not Equipped with Driver and Front Passenger Heated Sea"",""PREMIUM LUXURY PREFERRED EQUIPMENT GROUP  includes standard equipment"",""REAR CAMERA MIRROR  WITH LENS CLEANING FEATURE"",""REAR PEDESTRIAN ALERT"",""Rear Collision Mitigation"",""SEATING  6-PASSENGER  2nd row folding Captain's Chairs"",""SURROUND VISION RECORDER"",""Smart Device Integration"",""TECHNOLOGY PACKAGE  includes (UHS) 8\"" color gauge cluster  (UV6) Head-Up Display  (DRZ) Rear Camera Mirror  (CWA) Rear Camera Mirror Washer  (UV2) HD Surround Vision  (XVR) Surround Vision Recorder  (UKK) Rear Pedestrian Alert and (UKG) Automatic Parking"",""WHEELS  20\"" (50.8 CM) 6-SPLIT SPOKE ALLOY WITH POLISHED/ANDROID FINISH  (STD)""],""safety"":[""ABS"",""Brake Assist"",""Conventional Spare Tire"",""Daytime Running Lights"",""Front Collision Warning"",""Security System"",""Temporary Spare Tire"",""Traction Control""],""technology"":[""AM/FM Stereo"",""AUTOMATIC PARKING ASSIST WITH BRAKING"",""Automatic Parking"",""Auxiliary Audio Input"",""Bluetooth Connection"",""Cruise Control"",""GAUGE CLUSTER  8\"" COLOR DRIVER INFORMATION CENTER DISPLAY  includes driver personalization  warning messages and vehicle information"",""HEAD-UP DISPLAY"",""Immobilizer"",""Keyless Entry"",""Keyless Start"",""MP3 Capability"",""Premium Sound System"",""REAR CAMERA MIRROR WASHER"",""Rain Sensing Wipers"",""Rear Parking Aid"",""Remote Engine Start"",""WiFi Hotspot""]}",93,"This stunning 2022 Cadillac XT6 Premium Luxury delivers sophisticated three-row seating and refined engineering designed for today's discerning driver. With its striking Stellar Black Metallic finish and 54,257 miles, this midsize luxury SUV combines capability with premium appointments that define the Cadillac experience. The 3.6L V6 engine paired with a 9-speed automatic transmission provides confident performance, while the technology and comfort features elevate every journey.Key Features:- 6-Passenger seating with leather surfaces and heated front seats- Technology Package with Wireless Apple CarPlay/Wireless Android Auto- Premium Bose 8-speaker audio system with SiriusXM 360L- Head-Up Display and 8 color driver information center- Automatic Emergency Braking and Automatic Parking Assist with braking- HD Surround Vision and rear camera with mirror display- Power moonroof with UltraView glass- Heated steering wheel and power driver seat with memory- Dual-zone automatic climate control with rear air conditioning- 20-inch alloy wheels on all-season tiresThis vehicle showcases the meticulous attention to detail Cadillac is known for, with features like auto-dimming door mirrors, automatic high-beam headlights, and rain-sensing wipers enhancing both convenience and safety. The spacious interior provides flexible seating for families and groups, while premium materials and thoughtful ergonomics create an inviting atmosphere. Remote keyless entry, garage door transmitter, and teen driver controls round out the comprehensive feature set.Visit our showroom to experience the commanding presence and refined comfort of this exceptional XT6 Premium Luxury.","[PREMIUM]",25,"17990 Gulf Fwy","Friendswood","TX","77546","[PREMIUM]"
"789967585","2026-09-03 20:19:17.645","2026-09-03 20:19:17.645","789967585","[PREMIUM]","5FNYF38949B025990",2009,"HONDA","Honda","PILOT","Pilot","Touring","SUV","Used","Used 2009 Honda Pilot Touring",202170,"[PREMIUM]",,,"[PREMIUM]",,,"Black","BLACK","Black","BLACK","6CLDR","6-Cylinder","2 wheel drive - front","AUT","5-Speed Automatic","Automatic","G","Gasoline","Gas",17,23,3.5,false,0,false,true,false,,false,,,"30",75916809,"[PREMIUM]","[PREMIUM]","[PREMIUM]",,"[PREMIUM]",true,,,,,,"[""NO_SALVAGE_TITLE"",""ACCIDENTS_REPORTED"",""ONE_OWNER""]","{""exterior"":[""Alloy Wheels"",""Fog Lights"",""Roof Rack"",""Running Boards""],""interior"":[""Air Conditioning"",""Dual Power Seats"",""Leather"",""Moon Roof"",""Power Door Locks"",""Power Windows"",""Tilt Wheel""],""mechanical"":[""Power Steering"",""Towing Pkg""],""other"":[""Premium Sound"",""Rear""],""safety"":[""ABS (4-Wheel)"",""Dual Air Bags"",""Side Air Bags"",""Stability Control"",""Traction Control""],""technology"":[""AM/FM Stereo"",""Backup Camera"",""Bluetooth Wireless"",""CD/MP3 (Multi Disc)"",""Cruise Control"",""DVD System"",""Hill Start Assist"",""Navigation System"",""Parking Sensors""]}",29,"2009 Honda Pilot Touring 4D in black on black  202,170 miles and still in good condition.<br><br>It has only had one owner and has a complete maintenance record with only one mechanic shop servicing it.<br><br>This is the fully loaded Touring trim, so it comes with a lot of features you'd actually use:<br><br>- 3.5L V6 with 5-speed automatic<br>- Built-in Navigation + Backup Camera<br>- DVD entertainment system (great for passengers)<br>- Moonroof<br>- Leather seats with dual power adjustment<br>- Bluetooth &amp; premium sound<br>- Parking sensors<br>- Towing package + roof rack<br>- Running boards<br><br>It seats up to 8 and handles everyday driving comfortably. Chat me if you have any questions.","[PREMIUM]",25,,"Rancho Cucamonga","CA","91737","[PREMIUM]"
"789968235","2026-09-03 20:19:17.612","2026-09-03 20:19:17.612","789968235","[PREMIUM]","YV1672MCXCJ125280",2012,"VOLVO","Volvo","C70","C70","T5","CONVERT","Used","Used 2012 Volvo C70 T5 w/ Climate Pkg",117063,"[PREMIUM]",,,"[PREMIUM]",,,"Blue","BLUE","Off-white","OFFWHITE","5CLDR","5-Cylinder Turbo","2 wheel drive - front","AUT","5-Speed Automatic","Automatic","G","Gasoline","Gas",,,2.5,false,0,false,true,false,,false,,,"30",75916843,"[PREMIUM]","[PREMIUM]","[PREMIUM]",,"[PREMIUM]",true,,,,,,,"{""exterior"":[""Alloy Wheels"",""Bi-HID Headlamps"",""Fog Lights""],""interior"":[""Air Conditioning"",""Dual Power Seats"",""Heated Seats"",""Leather"",""Power Door Locks"",""Power Windows"",""Tilt Wheel""],""mechanical"":[""Power Steering""],""other"":[""BLIS"",""Climate Pkg"",""Platinum Pkg"",""Power Hard Top"",""Premium Sound""],""safety"":[""Anti-Theft System"",""Daytime Running Lights"",""Dual Air Bags"",""Side Air Bags"",""Stability Control"",""Traction Control""],""technology"":[""AM/FM Stereo"",""Bluetooth Wireless"",""CD/MP3 (Single Disc)"",""Cruise Control"",""Keyless Entry"",""Keyless Start"",""Navigation System"",""Parking Sensors"",""Sirius Satellite""]}",31,"Description:<br>Priced for a fast, hassle-free sale at $8,750 (below the CarFax value of $8,910). Up for sale is a beautiful, 1-owner 2012 Volvo C70 T5 Platinum hardtop convertible with 117,063 miles. Ordered new in late 2011 and meticulously cared for in New York. Features a rare, head-turning Celestial Blue Metallic exterior with upgraded Calcite Cream soft leather.<br>Original MSRP was $46,675 (window sticker in photos). This top-tier Platinum trim is fully loaded with the Climate, Navigation, and Keyless Drive packages, plus the rare BLIS safety option.<br><br><br>Highlights:<br> Ownership: Verified 1-owner (under 8,400 miles/year). Two sets of keys.<br> Maintenance: Maintained by Volvo and Swedish Motors (Hyde Park). Good tires (rears mid-2023). Inspected last week (passed perfectly); last full service August 2025. 20+ CarFax records.<br> Condition: Flawless, tight weather seals on the hardtop roof. Features premium audio, pop-up navigation, and the OEM trunk spare kit. Leather and body are in great shape with minor age-appropriate dings.<br>Why I Am Selling:<br>Transitioned to a secondary weekend vehicle after buying an SUV 5 years ago. It has been garaged for the past 8 years, protecting its gorgeous blue finish and keeping all weather seals crisp and tight.<br>CarFax Transparency:<br>Minor, low-speed rear bump in 2012 traffic. CarFax confirms NO structural damage and NO airbag deployment. Cosmetic bumper repair was done to factory standards (visible in photos). Driven perfectly for 14 years and 100k+ miles since.<br>Serious buyers only. Secured payment and title transfer handled via AutoTrader.<br>","[PREMIUM]",17,,"Poughkeepsie","NY","12601","[PREMIUM]"
"789865622","2026-09-03 18:19:23.999","2026-09-03 18:19:23.999","789865622","[PREMIUM]","TRA83563",2022,"FORD","Ford","FORDMAVER","Maverick","Lariat","TRUCKS","Used","Used 2022 Ford Maverick Lariat w/ Equipment Group 500A Standard",33614,"[PREMIUM]",,"Good","[PREMIUM]",26570,31270,"Oxford White","WHITE","Desert Brown","BROWN","4CLDR","4-Cylinder Turbo","All wheel drive","AUT","8-Speed Automatic","Automatic","G","Gasoline","Gas",22,29,2,false,1,false,true,false,,false,,,"30",100022946,"[PREMIUM]","[PREMIUM]","[PREMIUM]",4291,"[PREMIUM]",false,"PARTNER",455013,4.2,56,0,"[""NO_SALVAGE_TITLE"",""NO_FRAME_DAMAGE"",""NO_FLOOD_WATER_DAMAGE"",""NO_ACCIDENTS_REPORTED"",""NO_ONE_OWNER"",""FREE_REPORT""]","{""exterior"":[""Auto High-beam Headlights"",""Bumpers: body-color"",""Delay-off headlights"",""Fully automatic headlights"",""Rear step bumper""],""interior"":[""Air Conditioning"",""Driver door bin"",""Driver vanity mirror"",""Front Bucket Seats"",""Front Center Armrest"",""Front reading lights"",""Overhead console"",""Passenger door bin"",""Passenger vanity mirror"",""Power windows"",""Steering wheel mounted audio controls"",""Tachometer"",""Telescoping steering wheel"",""Tilt steering wheel"",""Trip computer""],""mechanical"":[""3.63 Axle Ratio"",""4-Wheel Disc Brakes"",""Four wheel independent suspension"",""Power steering"",""Speed-sensing steering""],""other"":[""Apple CarPlay/Android Auto"",""Front anti-roll bar"",""Illuminated entry"",""Outside temperature display"",""Rear anti-roll bar"",""Trailer Hitch Receiver w/4-Pin Connector""],""safety"":[""ABS brakes"",""Brake assist"",""Dual front impact airbags"",""Dual front side impact airbags"",""Electronic Stability Control"",""Knee airbag"",""Low tire pressure warning"",""Occupant sensing airbag"",""Overhead airbag"",""Panic alarm"",""Traction control""],""technology"":[""6 Speakers"",""AM/FM radio"",""Automatic temperature control"",""Compass"",""Exterior Parking Camera Rear"",""Radio data system"",""Radio: AM/FM Stereo w/6 Speakers"",""Remote keyless entry""]}",50,"2022 Ford Maverick Lariat AWD 8-Speed Automatic EcoBoost 2.0L I4 GTDi DOHC Turbocharged VCT<br><br><br>Recent Arrival!<br><br><br>Odometer is 23648 miles below market average!<br><br>Clean CARFAX.<br>Awards:<br>* NACTOY 2022 North American Truck of the Year<br><br>Everyone in our staff here at Five Star Ford / Lincoln of Warner Robins is devoted to helping and serving our customers with all aspects your vehicle needs. We strive to always offer you the highest quality vehicles which undergo an extensive service and safety inspection and then see to it that we offer the most competitive pricing through Real-Time, Market Based Pricing for both our New AND Preowned vehicles. We understand that all customers do extensive research on both the car AND the Store that they choose to do business with and our promise to you is that we will ALWAYS do everything within our power to exceed your expectations with our Vehicles, our Pricing AND our Customer Service!! Please allow us the opportunity to show you why we are your best choice for all your automotive needs! Call, Click or come on by the store today! www.fivestarfordga.com All prices to include any and all factory or certificate issued rebates. All vehicles plus tax &amp; title. Used cars may be subject to recalls for safety issues that have not been repaired. Visit www.safercar.gov for current vehicle recall information.","[PREMIUM]",11,"900 Russell Parkway","Warner Robins","GA","31088","[PREMIUM]"
"789501314","2026-09-03 18:19:23.958","2026-09-03 18:19:23.958","789501314","[PREMIUM]","AH621621",2022,"HONDA","Honda","CRV","CR-V","Touring","SUV","Used","Used 2022 Honda CR-V Touring",51612,"[PREMIUM]",,,"[PREMIUM]",26760,32360,"Black","BLACK","Black","BLACK","HYBRD","Hybrid","All wheel drive","AUT","Continuously Variable Automatic","Automatic","B","Hybrid Gas/Electric","Hybrid: Gas/Electric",40,35,2,true,5,false,true,false,,false,,,"30",74732091,"[PREMIUM]","[PREMIUM]","[PREMIUM]",2513,"[PREMIUM]",false,"PARTNER",456583,3.8,59,0,"[""NO_SALVAGE_TITLE"",""ACCIDENTS_REPORTED"",""ONE_OWNER""]","{""exterior"":[""Alloy wheels"",""Auto High-beam Headlights"",""Bumpers: body-color"",""Delay-off headlights"",""Front fog lights"",""Heated door mirrors"",""Power door mirrors"",""Rear window wiper"",""Spoiler"",""Turn signal indicator mirrors"",""Wheels: 19\"" Machine-Finished Alloy w/Gray Inserts""],""interior"":[""Air Conditioning"",""Auto-dimming Rear-View mirror"",""Driver door bin"",""Driver vanity mirror"",""Front Bucket Seats"",""Front Center Armrest"",""Front dual zone A/C"",""Front reading lights"",""Heated Front Bucket Seats"",""Heated front seats"",""Heated steering wheel"",""Leather Seat Trim"",""Memory seat"",""Overhead console"",""Passenger door bin"",""Passenger vanity mirror"",""Power Liftgate"",""Power driver seat"",""Power moonroof"",""Power passenger seat"",""Power windows"",""Rear seat center armrest"",""Rear window defroster"",""Speed-Sensitive Wipers"",""Split folding rear seat"",""Steering wheel mounted audio controls"",""Telescoping steering wheel"",""Tilt steering wheel"",""Trip computer"",""Variably intermittent wipers""],""mechanical"":[""3.89 Axle Ratio"",""4-Wheel Disc Brakes"",""Four wheel independent suspension"",""Power steering"",""Speed-sensing steering""],""other"":[""000 Mile Comprehensive Warranty"",""12 Month / 12"",""7 Year / 100k Powertrain Warranty"",""Adaptive Cruise Control: Adaptive Cruise Control (ACC) with Low-Speed Follow"",""Apple CarPlay/Android Auto"",""Forward collision: Collision Mitigation Braking System (CMBS) + FCW mitigation"",""Front anti-roll bar"",""Illuminated entry"",""Outside temperature display"",""Radio: 330-Watt AM/FM/HD/SiriusXM Prem Audio Sys"",""Rear anti-roll bar"",""Roof rack: rails only""],""safety"":[""ABS brakes"",""Blind Spot Information (BSI) System warning"",""Brake assist"",""Dual front impact airbags"",""Dual front side impact airbags"",""Electronic Stability Control"",""Low tire pressure warning"",""Occupant sensing airbag"",""Overhead airbag"",""Panic alarm"",""Security system"",""Traction control""],""technology"":[""9 Speakers"",""AM/FM radio: SiriusXM"",""Automatic temperature control"",""Compass"",""Exterior Parking Camera Rear"",""Garage door transmitter: HomeLink"",""Navigation system: Honda Satellite-Linked Navigation System"",""Radio data system"",""Rain sensing wipers"",""Remote keyless entry"",""Speed control""]}",81,"Recent Arrival! 2022 Honda CR-V Hybrid Touring 2.0L I4 DOHC 16V eCVT AWD 4D Sport Utility Black 7 Year / 100k Powertrain Warranty, 12 Month / 12,000 Mile Comprehensive Warranty. 40/35 City/Highway MPG<br><br>Odometer is 20654 miles below market average!<br><br>Certified. Certification Program Details: Triton Certified Shield 7-Year or up to 100,000-Mile Powertrain Limited Warranty 12-Month or 12,000-Mile Comprehensive Coverage ($100 deductible) 100+ Multipoint Inspection All Fluids Checked Tires 6/32 or Better 50% or Better brakes Oil, Lube, &amp; Filter Service Completed PA State Inspection &amp; Emissions Test 5-Day Return Policy1 30-Day Exchange Policy2 CARFAXTM Report AutoRewards Membership See salesperson for additional offers &amp; complete details. - Pricing and Certification Disclosure : Vehicle Pricing and Certification status may vary between manuafacturer websites and dealership advertising platforms. Honda Certified Per-Owned vehicles listed on Honda's website reflect manufacturer-backed certification eligibility and associated coverage. Vehicles advertised through the dealership may include Triton Certification coverage. Please contact the dealership to confirm current pricing, certification eligibility, and warranty details.<br><br>For better peace of mind all our used vehicles have a 127-point inspection and come with a 5-day return, 30-day exchange (As-Is vehicles are excluded). Our exclusive Auto Rewards Program provides better value with $50 Service Gift Certificate, Free Pa State Safety inspections, discounts for local merchants and more. Plus, you can earn up to $2000 towards your next vehicle just by servicing with Fred Beans! As Fred Beans always says, our used cars are better because our reputation depends on it.<br><br><br>Although every reasonable effort has been made to ensure the accuracy of the information contained on this site, absolute accuracy cannot be guaranteed. This site, and all information and materials appearing on it, are presented to the user as is without warranty of any kind, either express or implied. All vehicles are subject to prior sale. Price does not include applicable tax, title, license, processing and/or documentation fees. Vehicles shown at different locations are not currently in our inventory (Not in Stock) but can be made available to you at our location within a reasonable date from the time of your request, not to exceed one week. Residency restrictions may apply. All sale prices reflect financing with the dealer.","[PREMIUM]",36,"1543 Easton Rd","Abington","PA","19001","[PREMIUM]"
"789684735","2026-09-03 18:19:23.908","2026-09-03 18:19:23.908","789684735","[PREMIUM]","KVG036327A",2022,"KIA","Kia","KIATELLURD","Telluride","SX","SUV","Certified","Certified 2022 Kia Telluride SX w/ SX Prestige Package",43351,"[PREMIUM]",,"Great","[PREMIUM]",32150,34950,"Glacial White Pearl","WHITE","Black","BLACK","6CLDR","6-Cylinder","All wheel drive","AUT","8-Speed Automatic","Automatic","G","Gasoline","Gas",19,24,3.8,true,4,false,true,false,,false,,,"30",72354771,"[PREMIUM]","[PREMIUM]","[PREMIUM]",5833,"[PREMIUM]",false,"PARTNER",454740,4,90,1,"[""NO_SALVAGE_TITLE"",""NO_FRAME_DAMAGE"",""NO_FLOOD_WATER_DAMAGE"",""NO_ACCIDENTS_REPORTED"",""ONE_OWNER"",""FREE_REPORT""]","{""exterior"":[""Alloy wheels"",""Auto High-beam Headlights"",""Body Color Exterior Door Handles"",""Bumpers: body-color"",""Delay-off headlights"",""Front fog lights"",""Fully automatic headlights"",""Heated door mirrors"",""Power door mirrors"",""Rear window wiper"",""Smart Power Trunk"",""Spoiler"",""Turn signal indicator mirrors""],""interior"":[""110V Inverter"",""3rd row seats: split-bench"",""Air Conditioning"",""Auto-dimming Rear-View mirror"",""Driver door bin"",""Driver vanity mirror"",""Front Bucket Seats"",""Front Center Armrest"",""Front dual zone A/C"",""Front reading lights"",""Heated & Ventilated 2nd Row Seats"",""Heated & Ventilated Front Bucket Seats"",""Heated front seats"",""Heated steering wheel"",""Leather Seat Trim"",""Leather Seats!"",""Leather Shift Knob"",""Leather steering wheel"",""Memory seat"",""Overhead console"",""Passenger door bin"",""Passenger vanity mirror"",""Power Liftgate"",""Power driver seat"",""Power moonroof"",""Power passenger seat"",""Power windows"",""Premium Cloth Headliner & Pillar Trim"",""Premium Nappa Leather Seat Trim"",""Rear air conditioning"",""Rear reading lights"",""Rear window defroster"",""Reclining 3rd row seat"",""Split folding rear seat"",""Steering wheel mounted audio controls"",""Tachometer"",""Telescoping steering wheel"",""Tilt steering wheel"",""Trip computer"",""Variably intermittent wipers"",""Ventilated front seats""],""mechanical"":[""3.648 Axle Ratio"",""4-Wheel Disc Brakes"",""Four wheel independent suspension"",""Power steering"",""Self Leveling Rear Suspension"",""Speed-sensing steering"",""Towing Package""],""other"":[""Android/Apple Carplay!"",""Apple CarPlay & Android Auto"",""Black Finish Radiator Grille"",""Clean Carfax!"",""Exclusive Black Fog Light Bezel"",""Exclusive Black Headlight Bezels"",""Front & Rear Gloss Black Finish Bumper Skid Plates"",""Front anti-roll bar"",""Gloss Black Finish Exterior Emblems"",""Gloss Black Finish Front & Rear Door Garnish"",""Gloss Black Finish Roof Rails"",""Illuminated entry"",""Nightfall Edition Package"",""Outside temperature display"",""Rear anti-roll bar"",""Roof rack: rails only"",""SX Dune Brown Nappa Leather Seats"",""SX Prestige Package"",""Smart Key w/ Push Button and Remote Start"",""Tow Hitch w/Harness (TOF)"",""WE DELIVER TO YOUR HOME OR OFFICE !!!"",""Well-Maintained and Serviced!"",""Wheels: 20\"" x 7.5\"" Black Alloy"",""Wheels: 20\"" x 7.5\"" Exclusive Black Alloy"",""harman/kardonᆴ Speakers""],""safety"":[""ABS brakes"",""Blindspot Detection!"",""Brake assist"",""Dual front impact airbags"",""Dual front side impact airbags"",""Electronic Stability Control"",""Emergency communication system: 911 Connect"",""Forward Collision Warning!"",""Knee airbag"",""Low tire pressure warning"",""Occupant sensing airbag"",""Overhead airbag"",""Panic alarm"",""Security system"",""Traction control""],""technology"":[""10 Speakers"",""AM/FM radio: SiriusXM"",""AUX/USB Inputs"",""Automatic temperature control"",""Backup Camera!"",""Bluetooth"",""Compass"",""Garage door transmitter: HomeLink"",""Heads-Up Display"",""Navigation System"",""Navigation!"",""Radio data system"",""Radio: AM/FM harman/kardon Audio System"",""Rain-Sensing Front Windshield Wipers"",""Rear audio controls"",""Remote keyless entry"",""Satellite Radio!"",""Speed control"",""Touchscreen Radio!""]}",120,"This stunning 2022 Kia Telluride SX in Glacial White Pearl delivers three-row versatility with premium refinement. With 43,351 miles and meticulous maintenance, this well-equipped SUV is ready for your family adventures.<br><br>Features include:<br>- Android/Apple CarPlay and Navigation System<br>- Leather seats with heated and ventilated options<br>- Backup camera with blind-spot detection<br>- Forward collision warning and smart power trunk<br>- Bluetooth, satellite radio, and premium audio system<br>- 20 black alloy wheels and towing package<br><br>This Telluride shows excellent condition throughout, with clean Carfax history and professional service records documenting consistent care.<br><br>Certified Pre-Owned Benefits:<br>- 165 Point Inspection<br>- Roadside Assistance<br>- Limited Warranty: 12 Month/12,000 Mile (Platinum Coverage)<br>- Powertrain Limited Warranty: 120 Month/100,000 Mile<br>- Transferable Warranty with $50 deductible<br>- Vehicle History report included<br>- Rental car and trip interruption reimbursement<br>- 3-month SiriusXM trial subscription<br><br>Experience the confidence of certified ownership backed by Kia's comprehensive warranty protection. Visit us today to drive this exceptional family SUV home.","[PREMIUM]",10,"2255 S FEDERAL HWY","Delray Beach","FL","33483","[PREMIUM]"
"789425346","2026-09-03 18:19:23.904","2026-09-03 18:19:23.904","789425346","[PREMIUM]","8C71987A",2022,"BMW","BMW","BMW330IXD","330i xDrive","Sedan","SEDAN","Certified","Certified 2022 BMW 330i xDrive Sedan w/ Premium Package 2",32687,"[PREMIUM]",,"Great","[PREMIUM]",32588,35888,"""mineral White Met""","WHITE","Cognac","UNAVAIL","4CLDR","4-Cylinder Turbo","All wheel drive","AUT","8-Speed Automatic","Automatic","G","Gasoline","Gas",25,34,2,false,6,false,true,false,,false,,,"30",74305441,"[PREMIUM]","[PREMIUM]","[PREMIUM]",0,"[PREMIUM]",false,"PARTNER",456001,4.3,38,0,"[""NO_SALVAGE_TITLE"",""NO_ACCIDENTS_REPORTED"",""ONE_OWNER""]","{""exterior"":[""Aluminum Wheels"",""Automatic Headlights"",""Automatic Highbeams"",""Headlights-Auto-Leveling"",""Heated Mirrors"",""Integrated Turn Signal Mirrors"",""LED Headlights"",""MINERAL WHITE METALLIC"",""Mirror Memory"",""Power Folding Mirrors"",""Power Mirror(s)"",""Tires - Front Performance"",""Tires - Rear Performance""],""interior"":[""A/C"",""Adjustable Steering Wheel"",""Auto-Dimming Rearview Mirror"",""Bucket Seats"",""Climate Control"",""Driver Illuminated Vanity Mirror"",""Driver Vanity Mirror"",""Floor Mats"",""Generic Sun/Moonroof"",""HEATED FRONT SEATS"",""HEATED STEERING WHEEL"",""Intermittent Wipers"",""Leather Steering Wheel"",""Multi-Zone A/C"",""Pass-Through Rear Seat"",""Passenger Illuminated Visor Mirror"",""Passenger Vanity Mirror"",""Power Door Locks"",""Power Driver Seat"",""Power Passenger Seat"",""Power Windows"",""Premium Synthetic Seats"",""Rear A/C"",""Rear Bench Seat"",""Rear Defrost"",""Seat Memory"",""Steering Wheel Audio Controls"",""Sun/Moonroof"",""Trip Computer"",""Universal Garage Door Opener"",""Variable Speed Intermittent Wipers""],""mechanical"":[""4-Wheel Disc Brakes"",""All Wheel Drive"",""Power Steering"",""Turbocharged""],""other"":[""COGNAC  PERFORATED SENSATEC UPHOLSTERY"",""DRIVING ASSISTANCE PACKAGE  -inc: Lane Departure Warning  Active Blind Spot Detection  Park Distance Control  Active Driving Assistant"",""Driver Monitoring"",""Front Collision Mitigation"",""HIGH GLOSS FINE WOOD ASH GREY-BROWN TRIM"",""PREMIUM PACKAGE 2  -inc: Gesture Control  Comfort Access Keyless Entry  Lumbar Support  Heated Steering Wheel  Heated Front Seats"",""Requires Subscription"",""SHADOWLINE EXTERIOR TRIM"",""Smart Device Integration"",""WHEELS: 19\"" X 8\"" DOUBLE-SPOKE BI-COLOR ORBIT GREY  -inc: (Style 793i)  Tires: 225/40R19 All-Season Run-Flat"",""WIRELESS CHARGING""],""safety"":[""ABS"",""Brake Assist"",""Child Safety Locks"",""Daytime Running Lights"",""Driver Air Bag"",""Front Head Air Bag"",""Front Side Air Bag"",""Knee Air Bag"",""Passenger Air Bag"",""Passenger Air Bag Sensor"",""Rear Head Air Bag"",""Security System"",""Stability Control"",""Tire Pressure Monitor"",""Traction Control""],""technology"":[""AM/FM Stereo"",""Auxiliary Audio Input"",""Back-Up Camera"",""Bluetooth Connection"",""Cruise Control"",""HD Radio"",""Immobilizer"",""Keyless Entry"",""Keyless Start"",""LIVE COCKPIT PRO W/NAVI"",""MP3 Capability"",""Navigation System"",""PARK DISTANCE CONTROL"",""REMOTE ENGINE START"",""Rain Sensing Wipers"",""Satellite Radio"",""Telematics""]}",91,"This BMW 3 Series has a strong Intercooled Turbo Premium Unleaded I-4 2.0 L/122 engine powering this Automatic transmission. WIRELESS CHARGING, WHEELS: 19&quot; X 8&quot; DOUBLE-SPOKE BI-COLOR ORBIT GREY -inc: (Style 793i), Tires: 225/40R19 All-Season Run-Flat, SHADOWLINE EXTERIOR TRIM.<br><br>*These Packages Will Make Your BMW 3 Series 330i xDrive the Envy of Onlookers*<br>PARK DISTANCE CONTROL, MINERAL WHITE METALLIC, LIVE COCKPIT PRO W/NAVI, HIGH GLOSS FINE WOOD ASH GREY-BROWN TRIM, HEATED STEERING WHEEL, HEATED FRONT SEATS, DRIVING ASSISTANCE PACKAGE -inc: Lane Departure Warning, Active Blind Spot Detection, Park Distance Control, Active Driving Assistant, COGNAC, PERFORATED SENSATEC UPHOLSTERY, Window Grid Diversity Antenna, Wheels: 18&quot; x 7.5&quot; V-Spoke Bi-Color Orbit Grey -inc: (Style 780), Valet Function, Trunk Rear Cargo Access, Trip Computer.","[PREMIUM]",18,"1275 WILMINGTON PIKE","West Chester","PA","19382","[PREMIUM]"
"789799298","2026-09-03 18:19:23.900","2026-09-03 18:19:23.900","789799298","[PREMIUM]","5YJ3E1EB5NF206261",2022,"TESLA","Tesla","TESMOD3","Model 3","Long Range","SEDAN","Certified","Certified 2022 Tesla Model 3 Long Range",37676,"[PREMIUM]",,,"[PREMIUM]",,,"Solid Black","BLACK","All Black Premium","BLACK","EL","Electric","All wheel drive","AUT","Single-Speed","Automatic","E","Electric","Electric",,,,false,1,false,true,false,,false,,,"30",71677703,"[PREMIUM]","[PREMIUM]","[PREMIUM]",573,"[PREMIUM]",false,"PARTNER",458117,4.6,207,0,"[""NO_SALVAGE_TITLE"",""NO_ACCIDENTS_REPORTED"",""NO_ONE_OWNER""]","{""exterior"":[""Alloy Wheels"",""LED Headlights""],""interior"":[""Heated Seats"",""Heated Steering Wheel"",""Memory Seat"",""Power Liftgate"",""Rear Heated Seats""],""other"":[""0-60 mph: 3.7 sec"",""18   Aero Wheels"",""3-Months Premium Connectivity Trial"",""Acceleration Boost"",""All Black Premium Interior"",""Automatic Emergency Breaking"",""Cold Weather Feature"",""Dual Motor All-Wheel Drive"",""Range: 358 mi"",""Solid Black"",""Top Speed: 145 mph"",""Traffic-Aware Cruise Control and Autosteer""],""safety"":[""Blind Spot Monitor"",""Brake Assist"",""Lane Departure Warning"",""Stability Control""],""technology"":[""Adaptive Cruise Control"",""Backup Camera"",""Bluetooth"",""Keyless Start"",""Navigation System"",""Premium Sound System"",""Remote Start"",""USB Port""]}",31,"Price listed is subject to change and excludes taxes and fees.","[PREMIUM]",14,"1605 MARLTON PIKE W","Cherry Hill","NJ","08002","[PREMIUM]"
"782912394","2026-09-03 18:19:23.870","2026-09-03 18:19:23.870","782912394","[PREMIUM]","MR5347",2022,"TOYOTA","Toyota","RAV4","RAV4","XLE","SUV","Used","Used 2022 Toyota RAV4 XLE w/ Convenience Package",24262,"[PREMIUM]",,"Good","[PREMIUM]",29000,36700,"Magnetic Gray Metallic","GRAY","Black","BLACK","4CLDR","4-Cylinder","All wheel drive","AUT","8-Speed Automatic","Automatic","G","Gasoline","Gas",27,33,2.5,false,5,false,true,false,,false,,,"30",1154115,"[PREMIUM]","[PREMIUM]","[PREMIUM]",2334,"[PREMIUM]",false,"PARTNER",458757,3.6,396,0,"[""NO_SALVAGE_TITLE"",""NO_ACCIDENTS_REPORTED"",""ONE_OWNER""]","{""exterior"":[""Alloy wheels"",""Auto High-beam Headlights"",""Bumpers: body-color"",""Delay-off headlights"",""Fully automatic headlights"",""Heated door mirrors"",""Power door mirrors"",""Rear window wiper"",""Spoiler"",""Turn signal indicator mirrors""],""interior"":[""3 Spoke Leather Heated Steering Wheel"",""Air Conditioning"",""All Weather Floor Liners"",""Driver door bin"",""Driver vanity mirror"",""Fabric Seat Trim"",""Front Bucket Seats"",""Front Center Armrest"",""Front Seat Heating"",""Front beverage holders"",""Front dual zone A/C"",""Front reading lights"",""Overhead console"",""Passenger door bin"",""Passenger vanity mirror"",""Power Sunroof"",""Power driver seat"",""Power windows"",""Rear seat center armrest"",""Rear window defroster"",""Split folding rear seat"",""Steering wheel mounted audio controls"",""Tachometer"",""Telescoping steering wheel"",""Tilt steering wheel"",""Trip computer"",""Variably intermittent wipers""],""mechanical"":[""4-Wheel Disc Brakes"",""Axle Ratio: 3.177"",""Four wheel independent suspension"",""Power steering"",""Speed-sensing steering""],""other"":[""All Weather Liner Package (TMS)"",""Apple CarPlay/Android Auto"",""Convenience Package"",""Emergency communication system: Safety Connect with 1-year trial"",""Front Door Smart Key System w/Push Button Start"",""Front anti-roll bar"",""Illuminated entry"",""Outside temperature display"",""Rear anti-roll bar"",""Roof rack: rails only"",""Wheels: 17\"" 5-Spoke Silver Alloy"",""XLE Grade Weather Package""],""safety"":[""ABS brakes"",""Brake assist"",""Dual front impact airbags"",""Dual front side impact airbags"",""Electronic Stability Control"",""Knee airbag"",""Low tire pressure warning"",""Occupant sensing airbag"",""Overhead airbag"",""Panic alarm"",""Traction control""],""technology"":[""6 Speakers"",""AM/FM Stereo"",""AM/FM radio: SiriusXM"",""Automatic temperature control"",""Exterior Parking Camera Rear"",""Radio data system"",""Rain Sensing Front Wipers"",""Remote keyless entry"",""Speed control""]}",74,"XLE trim, Magnetic Gray Metallic exterior and Black interior. Excellent Condition, CARFAX 1-Owner. EPA 33 MPG Hwy/27 MPG City! Clean Carfax. KEY FEATURES INCLUDE All Wheel Drive, Back-Up Camera, Satellite Radio, iPod/MP3 Input, Onboard Communications System, Aluminum Wheels, Dual Zone A/C, Brake Actuated Limited Slip Differential, Cross-Traffic Alert, Lane Keeping Assist Rear Spoiler, MP3 Player, Privacy Glass, Steering Wheel Controls. Toyota XLE with Magnetic Gray Metallic exterior and Black interior features a 4 Cylinder Engine with 203 HP at 6600 RPM*. OPTION PACKAGES CONVENIENCE PACKAGE Front Door Smart Key System w/Push Button Start, remote keyless entry and power liftgate w/jam protection, Tilt &amp; Slide Moon Roof, XLE GRADE WEATHER PACKAGE Front Seat Heating, Rain Sensing Front Wipers, 3 Spoke Leather Heated Steering Wheel. WHY BUY FROM US Welcome to McGee Toyota of Hanover, your local Toyota dealership near Brockton, Weymouth, Marshfield, Hingham, Braintree, Plymouth, Scituate and Norwell, MA. After 55 years you can count on us to provide an outstanding experience for your next new Toyota or for your certified Toyota service. Falamos Portuguese and Hablamos Espanol. Pricing analysis performed on 8/29/2026. Horsepower calculations based on trim engine configuration. Fuel economy calculations based on original manufacturer data for trim engine configuration. Please confirm the accuracy of the included equipment by calling us prior to purchase.","[PREMIUM]",29,"860 Washington St","Hanover","MA","02339","[PREMIUM]"
"789873405","2026-09-03 18:19:23.867","2026-09-03 18:19:23.867","789873405","[PREMIUM]","SHU2321",2022,"HONDA","Honda","ACCORD","Accord","Sport","SEDAN","Used","Used 2022 Honda Accord Sport",16819,"[PREMIUM]",,"Good","[PREMIUM]",26110,30810,"San Marino Red","BURGUNDY","Black","BLACK","4CLDR","4-Cylinder Turbo","2 wheel drive - front","AUT","10-Speed Automatic","Automatic","G","Gasoline","Gas",22,32,2,false,1,false,true,false,,false,,,"30",74051363,"[PREMIUM]","[PREMIUM]","[PREMIUM]",1205,"[PREMIUM]",false,"PARTNER",457509,4.3,163,0,"[""NO_SALVAGE_TITLE"",""NO_ACCIDENTS_REPORTED"",""ONE_OWNER""]","{""exterior"":[""Alloy wheels"",""Auto High-beam Headlights"",""Bumpers: body-color"",""Delay-off headlights"",""Front fog lights"",""Fully automatic headlights"",""Heated door mirrors"",""Power door mirrors"",""Spoiler"",""Wheels: 19\"" Machine-Finished Alloy w/Black Inserts""],""interior"":[""Air Conditioning"",""Driver door bin"",""Driver vanity mirror"",""Front Bucket Seats"",""Front Center Armrest"",""Front dual zone A/C"",""Front reading lights"",""Heated Front Bucket Seats"",""Heated front seats"",""Leather steering wheel"",""Overhead console"",""Passenger door bin"",""Passenger vanity mirror"",""Power driver seat"",""Power moonroof"",""Power windows"",""Rear seat center armrest"",""Rear window defroster"",""Speed-Sensitive Wipers"",""Split folding rear seat"",""Steering wheel mounted audio controls"",""Tachometer"",""Telescoping steering wheel"",""Tilt steering wheel"",""Trip computer"",""Variably intermittent wipers""],""mechanical"":[""4-Wheel Disc Brakes"",""Four wheel independent suspension"",""Power steering"",""Speed-sensing steering""],""other"":[""**CLEAN CARFAX**"",""**ONE OWNER**"",""Adaptive Cruise Control: Adaptive Cruise Control (ACC) with Low-Speed Follow"",""Apple CarPlay/Android Auto"",""Fabric w/Synthetic Leather Seat Trim"",""Forward collision: Collision Mitigation Braking System (CMBS) + FCW mitigation"",""Front anti-roll bar"",""Illuminated entry"",""LOCAL TRADE"",""LOW MILES"",""Outside temperature display"",""Rear anti-roll bar""],""safety"":[""ABS brakes"",""Blind Spot Information (BSI) System warning"",""Brake assist"",""Dual front impact airbags"",""Dual front side impact airbags"",""Electronic Stability Control"",""Emergency communication system: HondaLink"",""Knee airbag"",""Lane Departure Warning System"",""Low tire pressure warning"",""Occupant sensing airbag"",""Overhead airbag"",""Panic alarm"",""Security system"",""Traction control""],""technology"":[""8 Speakers"",""AM/FM radio: SiriusXM"",""Automatic temperature control"",""Exterior Parking Camera Rear"",""Radio data system"",""Radio: 180-Watt AM/FM/HD/SiriusXM Audio System"",""Remote keyless entry"",""Speed control""]}",75,"ONLY 16000 MILES!! SPOTLESS INSIDE AND OUT! LOCAL CAR,!!, LOCAL TRADE IN,WELL CARED FOR!! FULLY SERVICED W/ NEW PA INSPECTION, OIL CHANGE, A FRESH DETAIL !!<br>2022 Honda Accord Sport 2.0T FWD 10-Speed Automatic I4 DOHC 16V Turbocharged<br><br>Recent Arrival! 22/32 City/Highway MPG","[PREMIUM]",15,"1726 CARLISLE PIKE","Hanover","PA","17331","[PREMIUM]"
"789665685","2026-09-03 18:19:23.861","2026-09-03 18:19:23.861","789665685","[PREMIUM]","27B0138A",2022,"ACURA","Acura","MDX","MDX","A-Spec","SUV","Used","Used 2022 Acura MDX A-Spec",78480,"[PREMIUM]",,"Great","[PREMIUM]",31700,34500,"Platinum White Pearl","OFFWHITE","Ebony","BLACK","6CLDR","6-Cylinder","All wheel drive","AUT","10-Speed Automatic","Automatic","G","Gasoline","Gas",19,25,3.5,true,4,false,true,false,,false,,,"30",65227599,"[PREMIUM]","[PREMIUM]","[PREMIUM]",975,"[PREMIUM]",false,"PARTNER",453268,4,27,0,"[""NO_SALVAGE_TITLE"",""NO_ACCIDENTS_REPORTED"",""ONE_OWNER""]","{""exterior"":[""Alloy wheels"",""Auto High-beam Headlights"",""Bumpers: body-color"",""Delay-off headlights"",""Front fog lights"",""Fully automatic headlights"",""Heated door mirrors"",""Power door mirrors"",""Rear window wiper"",""Spoiler"",""Turn signal indicator mirrors""],""interior"":[""3rd row seats: split-bench"",""Air Conditioning"",""Anti-whiplash front head restraints"",""Auto-dimming Rear-View mirror"",""Driver door bin"",""Driver vanity mirror"",""Front Bucket Seats"",""Front Center Armrest"",""Front dual zone A/C"",""Front reading lights"",""HVAC memory"",""Heated front seats"",""Leather steering wheel"",""Memory seat"",""Overhead console"",""Passenger door bin"",""Passenger vanity mirror"",""Power Liftgate"",""Power driver seat"",""Power moonroof"",""Power passenger seat"",""Power windows"",""Rear air conditioning"",""Rear reading lights"",""Rear seat center armrest"",""Rear window defroster"",""Speed-Sensitive Wipers"",""Split folding rear seat"",""Sport steering wheel"",""Steering wheel memory"",""Steering wheel mounted audio controls"",""Tachometer"",""Telescoping steering wheel"",""Tilt steering wheel"",""Trip computer"",""Variably intermittent wipers"",""Ventilated front seats""],""mechanical"":[""4-Wheel Disc Brakes"",""4.17 Axle Ratio"",""Four wheel independent suspension"",""Power steering"",""Speed-sensing steering""],""other"":[""A/V remote: CabinControl"",""Apple CarPlay/Android Auto"",""Auto tilt-away steering wheel"",""Emergency communication system: AcuraLink"",""Front anti-roll bar"",""Heated & Ventilated A-Spec Front Sport Seats"",""Illuminated entry"",""Navigation system: Acura Navigation System with 3D View"",""Outside temperature display"",""Perforated Milano Leather & Ultrasuede"",""Premium audio system: Acura/ELS Studio 3D"",""Rear anti-roll bar"",""Wheels: 20\"" x 9\"" Aluminum Alloy""],""safety"":[""ABS brakes"",""Brake assist"",""Dual front impact airbags"",""Dual front side impact airbags"",""Electronic Stability Control"",""Knee airbag"",""Lane departure: Lane Keeping Assist System (LKAS) active"",""Low tire pressure warning"",""Occupant sensing airbag"",""Overhead airbag"",""Panic alarm"",""Security system"",""Traction control""],""technology"":[""16 Speakers"",""AM/FM radio: SiriusXM"",""Audio memory"",""Automatic temperature control"",""Compass"",""Exterior Parking Camera Rear"",""Garage door transmitter: HomeLink"",""Radio data system"",""Radio: ELS Studio 3D Premium Audio System"",""Rain sensing wipers"",""Remote keyless entry"",""Speed control""]}",91,"The 2022 Acura MDX A-Spec SH-AWD commands the road with sophisticated style and capability. Finished in striking Platinum White Pearl, this three-row luxury crossover delivers premium comfort and advanced technology in every journey. The responsive 3.5L V6 engine pairs with a 10-speed automatic transmission and SH-AWD to balance performance and efficiency, achieving 19 city and 25 highway MPG.<br><br>- Acura Navigation System with 3D View<br>- ELS Studio 3D Premium Audio System with 16 speakers<br>- Lane Keeping Assist System (LKAS) active safety technology<br>- Heated and Ventilated A-Spec Front Sport Seats in Perforated Milano Leather<br>- Apple CarPlay and Android Auto smartphone integration<br>- Power moonroof with auto tilt-away steering wheel<br>- Rear parking camera with exterior view assist<br>- Dual-zone automatic climate control with rear air conditioning<br>- 20-inch aluminum alloy wheels<br>- HomeLink garage door transmitter with remote keyless entry<br><br>The A-Spec trim elevates this MDX with premium appointments throughout. Heated and ventilated front sport seats wrapped in perforated Milano leather combine with a sport steering wheel for engaging daily driving. The cabin features an overhead console, dual vanity mirrors, and illuminated entry points. A full suite of airbags, electronic stability control, ABS brakes, and traction control work seamlessly with the AcuraLink emergency communication system.<br><br>Experience the refined capability of this MDX at our showroom today. This well-maintained luxury crossover awaits your test drive.","[PREMIUM]",26,"1015 Lancaster Ave","Reading","PA","19607","[PREMIUM]"
"787573392","2026-09-03 18:19:23.860","2026-09-03 18:19:23.860","787573392","[PREMIUM]","C60373X",2022,"RAM","RAM","RM1500","1500","Big Horn","TRUCKS","Used","Used 2022 RAM 1500 Big Horn",28631,"[PREMIUM]",,"Great","[PREMIUM]",34440,37740,"Billet Silver Metallic Clearco","SILVER","Black","BLACK","6CLDR","6-Cylinder","4 wheel drive","AUT","8-Speed Automatic","Automatic","G","Gasoline","Gas",19,24,3.6,false,27,false,false,true,,false,true,,"30",77098,"[PREMIUM]","[PREMIUM]","[PREMIUM]",875,"[PREMIUM]",false,"PARTNER",457980,4.3,166,0,"[""NO_SALVAGE_TITLE"",""NO_ACCIDENTS_REPORTED"",""ONE_OWNER""]","{""exterior"":[""Alloy wheels"",""Auto-Dimming Exterior Driver Mirror"",""Bumpers: chrome"",""Class IV Receiver Hitch"",""Delay-off headlights"",""Exterior Mirrors w/Heating Element"",""Exterior Mirrors w/Supplemental Signals"",""Front fog lights"",""Fully automatic headlights"",""Heated door mirrors"",""Power door mirrors"",""Power-Folding Mirrors"",""Rear step bumper""],""interior"":[""2nd Row In Floor Storage Bins"",""3 Rear Seat Head Restraints"",""4 Way Front Headrests"",""Air Conditioning"",""Auto-Dimming Rear-View Mirror"",""Cloth Bench Seat"",""Driver door bin"",""Front Center Armrest w/Storage"",""Front Seat Back Map Pockets"",""Front reading lights"",""Glove Box Lamp"",""Leather steering wheel"",""Overhead console"",""Passenger door bin"",""Passenger vanity mirror"",""Power 2-Way Driver Lumbar Adjust"",""Power 8-Way Driver Seat"",""Power Adjustable Pedals"",""Power windows"",""Rear 60/40 Folding Seat"",""Rear Power Sliding Window"",""Rear Window Defroster"",""Rear seat center armrest"",""Split folding rear seat"",""Steering wheel mounted audio controls"",""Sun Visors w/Illuminated Vanity Mirrors"",""Tachometer"",""Telescoping steering wheel"",""Tilt steering wheel"",""Trip computer"",""Universal Garage Door Opener"",""Variably intermittent wipers"",""Voltmeter""],""mechanical"":[""3.21 Rear Axle Ratio"",""4-Wheel Disc Brakes"",""Front wheel independent suspension"",""Heavy-Duty Engine Cooling"",""Power steering""],""other"":[""000 Mile Comprehensive Warranty"",""3 Month / 4"",""48V Belt Starter Generator"",""4G LTE Wi-Fi Hot Spot"",""5 Day Return / 30 Day Exchange"",""Apple CarPlay"",""Auto Reward Program"",""Big Horn Badge"",""Big Horn Level 1 Equipment Group"",""Black Exterior Mirrors"",""Black Premium Power Mirrors"",""Connectivity - US/Canada"",""Convex Wide-Angle Mirror Insert"",""Emergency communication system: SiriusXM Guardian"",""Exterior Mirrors Courtesy Lamps"",""For Details"",""Front License Plate Bracket"",""Front anti-roll bar"",""GPS Antenna Input"",""Global Telematics Box Module (TBM)"",""Google Android Auto"",""Illuminated entry"",""MOPAR Front & Rear Rubber Floor Mats"",""Manufacturer's Statement of Origin"",""Outside temperature display"",""Quick Order Package 23Z Big Horn"",""Radio: Uconnect 5 W w/8.4\"" Display"",""Rear Dome w/On/Off Switch Lamp"",""Rear Underseat Compartment Storage (DISC)"",""Rear anti-roll bar"",""Triton Certified Classic Vehicle"",""USB Host Flip"",""Visit DriveUconnect.com"",""Wheels: 18\"" x 8\"" Cast-Aluminum Painted""],""safety"":[""ABS brakes"",""Brake assist"",""Dual front impact airbags"",""Dual front side impact airbags"",""Electronic Stability Control"",""Low tire pressure warning"",""Occupant sensing airbag"",""Overhead airbag"",""Panic alarm"",""Traction control""],""technology"":[""6 Speakers"",""8.4\"" Touchscreen Display"",""AM/FM radio"",""Bluetooth Handsfree Phone & Audio"",""Cluster 3.5\"" TFT Color Display"",""Cluster 7.0\"" TFT Color Display"",""Compass"",""Integrated Center Stack Radio"",""Integrated Voice Command w/Bluetooth"",""Navigation System"",""ParkView Rear Back-Up Camera"",""Radio data system"",""Radio: Uconnect 3 w/5\"" Display"",""Remote Start System"",""Remote keyless entry"",""SiriusXM Radio Service"",""SiriusXM Satellite Radio"",""Speed control""]}",113,"This 2022 Ram 1500 Big Horn/Lone Star in silver delivers the capability and comfort you need in a full-size pickup truck built for both work and daily driving.<br><br>- Navigation System<br>- Google Android Auto and Apple CarPlay<br>- SiriusXM Satellite Radio with 4G LTE Wi-Fi Hot Spot<br>- Uconnect 5 with 8.4 Touchscreen Display<br>- Power 8-Way Driver Seat with Power 2-Way Lumbar Adjust<br>- Rear Power Sliding Window<br>- Power-Folding Mirrors with Heating Elements<br>- Remote Start System<br>- ParkView Rear Back-Up Camera<br>- Class IV Receiver Hitch<br>- Rear 60/40 Folding Seat with In-Floor Storage<br>- 18 Cast-Aluminum Wheels<br>- Bluetooth Handsfree Phone and Audio Connectivity<br>- Rear Window Defroster<br><br>This truck is powered by a 3.6L V6 engine paired with an 8-speed automatic transmission and four-wheel drive. You'll experience solid performance with 19 city and 24 highway MPG, making this a practical choice whether you're navigating city streets or tackling highway stretches. The truck bed accommodates your cargo needs while the interior maintains the comfort standards you expect from Ram's Big Horn trim level.<br><br>The Big Horn Level 1 Equipment Group provides a well-rounded feature set that includes both connectivity and convenience. The Uconnect infotainment system keeps you connected with smartphone integration, satellite radio, and a Wi-Fi hotspot. Climate control features like the rear window defroster and heated door mirrors make seasonal driving comfortable. Storage solutions throughout the cabin, including second-row in-floor bins and an underseat compartment, help you keep your essentials organized.<br><br>This vehicle arrives to you as a Triton Certified Classic Vehicle, backed by a 3-month or 4,000-mile comprehensive warranty. You also benefit from a 5-day return period and a 30-day exchange option, giving you confidence in your purchase. Our certification process ensures this truck meets our quality standards, and the Auto Reward Program adds value to your ownership experience.<br><br>With nearly 29,000 miles on the odometer, this 1500 is still in its early years and ready for many more miles ahead. The combination of proven Ram reliability and the range of modern conveniences makes this a well-rounded truck for buyers seeking a balance between capability and everyday usability. The four-wheel drive system provides the traction you need in various driving conditions, while the electric stability control and traction control systems work to keep you safe on the road.<br><br>We invite you to visit our showroom and experience this 2022 Ram 1500 Big Horn/Lone Star firsthand. Our team is ready to answer your questions and help you make a decision that fits your needs.","[PREMIUM]",36,"845 North Easton Road","Doylestown","PA","18902","[PREMIUM]"
"788956685","2026-09-03 18:19:23.850","2026-09-03 18:19:23.850","788956685","[PREMIUM]","TRE06019",2026,"FORD","Ford","FORDBRONSP","Bronco Sport","Outer Banks","SUV","Used","Used 2026 Ford Bronco Sport Outer Banks",4972,"[PREMIUM]",,"Good","[PREMIUM]",33390,35990,"Azure Gray Metallic Tri-coat","GRAY","Ebony/Roast","BLACK","3CLDR","3-Cylinder Turbo","4 wheel drive","AUT","8-Speed Automatic","Automatic","G","Gasoline","Gas",25,30,1.5,false,11,false,false,false,,false,,,"30",70959,"[PREMIUM]","[PREMIUM]","[PREMIUM]",1501,"[PREMIUM]",false,"PARTNER",480057,3.6,30,0,"[""NO_SALVAGE_TITLE"",""NO_ACCIDENTS_REPORTED""]","{""exterior"":[""Alloy wheels"",""Auto High-beam Headlights"",""Delay-off headlights"",""Front fog lights"",""Fully automatic headlights"",""Heated door mirrors"",""Power door mirrors"",""Rear window wiper""],""interior"":[""Air Conditioning"",""Auto-dimming Rear-View mirror"",""Driver door bin"",""Driver vanity mirror"",""Front Bucket Seats"",""Front Center Armrest"",""Front dual zone A/C"",""Front reading lights"",""Heated front seats"",""Heated steering wheel"",""Memory seat"",""Overhead console"",""Passenger door bin"",""Passenger vanity mirror"",""Power driver seat"",""Power passenger seat"",""Power windows"",""Rear reading lights"",""Rear seat center armrest"",""Rear window defroster"",""Speed-Sensitive Wipers"",""Split folding rear seat"",""Steering wheel mounted audio controls"",""Tachometer"",""Telescoping steering wheel"",""Tilt steering wheel"",""Trip computer"",""Variably intermittent wipers""],""mechanical"":[""4-Wheel Disc Brakes"",""Four wheel independent suspension"",""Power steering"",""Speed-sensing steering""],""other"":[""Apple CarPlay/Android Auto"",""Emergency communication system: SYNC 4 911 Assist"",""Equipment Group 300A Standard Package"",""Ford Connectivity Package (1-Year Included)"",""Front Driver/Passenger Seat Back Map Pockets"",""Front License Plate Bracket"",""Front anti-roll bar"",""Illuminated entry"",""Internet access capable: 5G Modem - Ford Connectivity Package"",""Outside temperature display"",""Rear anti-roll bar"",""SYNC 4"",""SiriusXM with 360L"",""Wheels: 18\"" Ebony Black""],""safety"":[""ABS brakes"",""Brake assist"",""Dual front impact airbags"",""Dual front side impact airbags"",""Electronic Stability Control"",""Knee airbag"",""Low tire pressure warning"",""Occupant sensing airbag"",""Overhead airbag"",""Panic alarm"",""Security system"",""Traction control""],""technology"":[""6 Speakers"",""AM/FM Stereo"",""AM/FM radio: SiriusXM with 360L"",""Automatic temperature control"",""Compass"",""Exterior Parking Camera Rear"",""Radio data system"",""Rear Parking Sensors"",""Remote keyless entry"",""Speed control""]}",76,"Holman Ford Maple Shade is very proud to offer this outstanding-looking 2026 Ford Bronco Sport. Outer Banks Azure Gray Metallic Tri-Coat Recent Arrival! 4WD 25/30 City/Highway MPG","[PREMIUM]",34,"571 Route 38 W","Maple Shade","NJ","08052","[PREMIUM]"
"788422494","2026-09-03 17:22:17.686","2026-09-03 17:22:17.686","788422494","[PREMIUM]","F122074A",2018,"TOYOTA","Toyota","TACOMA","Tacoma","TRD Sport","TRUCKS","Used","Used 2018 Toyota Tacoma TRD Sport w/ Technology Package",67606,"[PREMIUM]",,"Good","[PREMIUM]",29387,33587,"Midnight Black Metallic","BLACK","Graphite","GRAY","6CLDR","6-Cylinder","4 wheel drive","AUT","6-Speed Automatic","Automatic","G","Gasoline","Gas",18,22,3.5,false,17,false,false,false,,false,,,"30",69681097,"[PREMIUM]","[PREMIUM]","[PREMIUM]",1273,"[PREMIUM]",false,"PARTNER",431835,4.1,253,0,"[""NO_SALVAGE_TITLE"",""NO_FRAME_DAMAGE"",""NO_FLOOD_WATER_DAMAGE"",""ACCIDENTS_REPORTED"",""NO_ONE_OWNER"",""FREE_REPORT""]","{""exterior"":[""Alloy wheels"",""Auto High-beam Headlights"",""Bumpers: body-color"",""Color Keyed Rear Bumper"",""Front fog lights"",""Power door mirrors"",""Rear step bumper"",""Turn signal indicator mirrors"",""Wheels: 17\"" x 7.5\"" Machined Alloy"",""Wide Angle Front Fog Lamps""],""interior"":[""Air Conditioning"",""Anti-whiplash front head restraints"",""Auto-dimming Rear-View mirror"",""Driver door bin"",""Fabric Seat Trim (FD)"",""Front Bucket Seats"",""Front Center Armrest"",""Front reading lights"",""Leather Shift Knob"",""Overhead console"",""Passenger door bin"",""Power windows"",""Split folding rear seat"",""Steering wheel mounted audio controls"",""Tachometer"",""Telescoping steering wheel"",""Tilt steering wheel"",""Trip computer"",""Variably intermittent wipers""],""mechanical"":[""Axle Ratio: 3.91"",""Front wheel independent suspension"",""Power steering"",""Speed-sensing steering""],""other"":[""120V/400W Deck Mounted AC Power"",""All Weather Floor Liner & Door Sill Protector Pkg"",""Door Sill Protectors"",""Front anti-roll bar"",""Illuminated entry"",""Outside temperature display"",""Smart Key w/Push Button Start"",""TRD Sport Package"",""Technology Package""],""safety"":[""ABS brakes"",""Blind Spot Monitor w/Rear Cross Traffic Alert"",""Brake assist"",""Dual front impact airbags"",""Dual front side impact airbags"",""Electronic Stability Control"",""Knee airbag"",""LED Daytime Running Lamps"",""Low tire pressure warning"",""Occupant sensing airbag"",""Overhead airbag"",""Panic alarm"",""Security system"",""Traction control""],""technology"":[""6 Speakers"",""AM/FM radio: SiriusXM"",""CD player"",""Compass"",""Engine Immobilizer"",""Exterior Parking Camera Rear"",""Navigation System"",""Radio: Entune Premium w/AM/FM/CD/Nav/App Suite"",""Remote keyless entry"",""Speed control""]}",66,"Midnight Black Metallic 2018 Toyota Tacoma TRD Sport V6 4WD 6-Speed Automatic 3.5L V6 PDI DOHC 24V LEV3-ULEV70 278hp 4WD, 120V/400W Deck Mounted AC Power, 6 Speakers, ABS brakes, Air Conditioning, All Weather Floor Liner &amp; Door Sill Protector Pkg, Alloy wheels, AM/FM radio: SiriusXM, Anti-whiplash front head restraints, Auto High-beam Headlights, Auto-dimming Rear-View mirror, Axle Ratio: 3.91, Blind Spot Monitor w/Rear Cross Traffic Alert, Brake assist, Bumpers: body-color, CD player, Color Keyed Rear Bumper, Compass, Door Sill Protectors, Driver door bin, Dual front impact airbags, Dual front side impact airbags, Electronic Stability Control, Engine Immobilizer, Exterior Parking Camera Rear, Fabric Seat Trim (FD), Front anti-roll bar, Front Bucket Seats, Front Center Armrest, Front fog lights, Front reading lights, Front wheel independent suspension, Illuminated entry, Knee airbag, Leather Shift Knob, LED Daytime Running Lamps, Low tire pressure warning, Navigation System, Occupant sensing airbag, Outside temperature display, Overhead airbag, Overhead console, Panic alarm, Passenger door bin, Power door mirrors, Power steering, Power windows, Radio: Entune Premium w/AM/FM/CD/Nav/App Suite, Rear step bumper, Remote keyless entry, Security system, Smart Key w/Push Button Start, Speed control, Speed-sensing steering, Split folding rear seat, Steering wheel mounted audio controls, Tachometer, Technology Package, Telescoping steering wheel, Tilt steering wheel, Traction control, TRD Sport Package, Trip computer, Turn signal indicator mirrors, Variably intermittent wipers, Wheels: 17 x 7.5 Machined Alloy, Wide Angle Front Fog Lamps, 4WD.<br><br>At Nelson Toyota, we take pride in offering a high quality vehicles to fit every need and budget. We offer the full lineup of new Toyota inventory along with around 400 hand-picked pre-owned vehicles that have been carefully inspected to ensure reliability, performance, and value. Whether you are looking for a dependable truck, a family friendly SUV, or an efficient sedan, our team is here to help you find the perfect vehicle. Browse our inventory and let us know how we can assist you in your car buying journey!<br><br>Awards:<br>* 2018 KBB.com Best Resale Value Awards * 2018 KBB.com 10 Most Awarded Brands * 2018 KBB.com 5-Year Cost to Own Awards","[PREMIUM]",37,"201 Commonwealth Blvd","Martinsville","VA","24112","[PREMIUM]"
"789799739","2026-09-03 17:22:17.669","2026-09-03 17:22:17.669","789799739","[PREMIUM]","612412",2022,"FORD","Ford","EXPLOR","Explorer","Timberline","SUV","Used","Used 2022 Ford Explorer Timberline w/ Timberline Technology Package",26321,"[PREMIUM]",,"Great","[PREMIUM]",34718,38018,"Forged Green Metallic","GREEN","Deep Cypress","BROWN","4CLDR","4-Cylinder Turbo","4 wheel drive","AUT","10-Speed Automatic","Automatic","G","Gasoline","Gas",19,22,2.3,false,1,false,true,false,,false,,,"30",77853,"[PREMIUM]","[PREMIUM]","[PREMIUM]",4275,"[PREMIUM]",false,"PARTNER",457983,3.6,100,0,"[""NO_SALVAGE_TITLE"",""NO_FRAME_DAMAGE"",""NO_FLOOD_WATER_DAMAGE"",""NO_ACCIDENTS_REPORTED"",""ONE_OWNER"",""FREE_REPORT""]","{""exterior"":[""Auto High-beam Headlights"",""Bumpers: body-color"",""Delay-off headlights"",""Front fog lights"",""Fully automatic headlights"",""Heated door mirrors"",""Power door mirrors"",""Rear window wiper"",""Spoiler""],""interior"":[""***3rd Row Seating"",""***Heated Front Seats"",""***Heated Rear Seats"",""***Heated Steering Wheel"",""***Power Liftgate"",""110V/150W AC Power Outlet"",""3rd Row PowerFold Seat"",""3rd row seats: bench"",""Air Conditioning"",""Auto-Dimming Interior Rear-View Mirror"",""Driver door bin"",""Driver vanity mirror"",""Front Bucket Seats"",""Front Center Armrest"",""Front dual zone A/C"",""Front reading lights"",""Heated front seats"",""Heated rear seats"",""Heated steering wheel"",""Leather steering wheel"",""Overhead console"",""Passenger door bin"",""Passenger vanity mirror"",""Power Liftgate"",""Power driver seat"",""Power passenger seat"",""Power windows"",""Rear air conditioning"",""Rear reading lights"",""Rear window defroster"",""Speed-Sensitive Wipers"",""Split folding rear seat"",""Sport steering wheel"",""Steering wheel mounted audio controls"",""Tachometer"",""Telescoping steering wheel"",""Tilt steering wheel"",""Trip computer"",""Twin Panel Moonroof"",""Universal Garage Door Opener (UGDO)"",""Variably intermittent wipers""],""mechanical"":[""4-Wheel Disc Brakes"",""Engine Block Heater"",""Four wheel independent suspension"",""Power steering"",""Speed-sensing steering""],""other"":[""***1-Owner"",""***Accident Free Auto Check"",""***Apple Carplay/Android Auto"",""***B & O Play Premium Audio"",""***Dual-Pane Panoramic Vista Roof"",""***Local Trade-In"",""***Middle Row Buckets"",""1st Row Heated Seats"",""3.58 Torsen Limited Slip Rear Axle"",""4G LTE Wi-Fi Hotspot Removal Credit"",""ActiveX Seat Material Captain's Charis"",""Auto Start-Stop Removal"",""Equipment Group 800A"",""FordPass Connect"",""Front License Plate Bracket"",""Front anti-roll bar"",""Illuminated entry"",""Outside temperature display"",""Rear anti-roll bar"",""Roof rack: rails only"",""SYNC 3/Apple CarPlay/Android Auto"",""SelectShift Capability w/Paddle Shifters"",""Sideview Mirrors w/Gloss Black Caps"",""Timberline Technology Package"",""Wheels: 18\"" High Gloss Black-Painted Aluminum"",""Wireless Charging Pad""],""safety"":[""***Blind Spot Monitoring System"",""***Lane Departure Warning"",""***Lane Keep Assist"",""ABS brakes"",""Brake assist"",""Dual front impact airbags"",""Dual front side impact airbags"",""Electronic Stability Control"",""Emergency communication system: SYNC 3 911 Assist"",""Knee airbag"",""Low tire pressure warning"",""Occupant sensing airbag"",""Overhead airbag"",""Panic alarm"",""Security system"",""Traction control""],""technology"":[""***360 Camera"",""***Adaptive Cruise Control"",""***Bluetooth Handsfree Phone"",""***Keyless Entry"",""***Navigation/Nav/GPS"",""***Rear View Camera/Backup Camera"",""***Remote Start"",""***Reverse Sensing System"",""6 Speakers"",""AM/FM Stereo"",""Automatic temperature control"",""Compass"",""Exterior Parking Camera Rear"",""Navigation System"",""Radio: B&O Sound System by Bang & Olufsen"",""Remote keyless entry"",""SYNC 3 Communications & Entertainment System"",""Sirius Satellite"",""Speed control"",""Voice-Activated Touchscreen Navigation System""]}",117,"2022 Ford Explorer 4D Sport Utility Timberline 2.3L EcoBoost I-4 4WD ***Dual-Pane Panoramic Vista Roof***3rd Row Seating***Heated Front Seats***Heated Rear Seats***Rear View Camera/Backup Camera***Navigation/Nav/GPS***Keyless Entry***Apple Carplay/Android Auto***Adaptive Cruise Control***Remote Start***Bluetooth Handsfree Phone***Blind Spot Monitoring System***B &amp; O Play Premium Audio***Middle Row Buckets***Heated Steering Wheel***360 Camera***Power Liftgate***Reverse Sensing System***Lane Keep Assist***Lane Departure Warning***Accident Free Auto Check***1-Owner***Local Trade-In***Forged Green Metallic Exterior***Deep Cypress w/ActiveX Seat Material Captain's Charis Interior<br><br>This vehicle qualifies as A Ford Blue Advantage Certified Pre-Owned Vehicle. This includes:<br><br>139-Point Inspection by Factory-Trained Technicians<br>90-Day/4,000-Mile (whichever comes first) Comprehensive Warranty<br>Nationwide Dealer Network for Service and Accessories<br>Complimentary 24/7 Roadside Assistance<br>AutoCheck Vehicle History Report<br>11,000 FordPassTM Rewards Points to Use Toward Your First Maintenance Visit<br>SiriusXM&reg; complimentary three-month trial<br>A full tank of fuel, fresh oil and filter, and new wiper blades<br><br>We are Western North Dakota's largest Ford Dealer. Winner of Ford Motor Company's prestigious President's Award for sales, service &amp; customer satisfaction for the past six years in a row! We have been in business since 1981 and are locally owned and operated. At Eide Ford, we believe in giving you a fair and competitive price upfront. All of our vehicles feature our Markdown Pricing to ensure you feel confident about getting a good deal and excellent overall value in your vehicle purchase. We would also love to have your trade! We will give you Fair Market Trade Value for your vehicle. Want to know what your trade is worth? Use the Accu-Trade Instant Cash Offer feature on our website to receive a guaranteed value for your vehicle! We also offer convenient service hours during the week and all day Saturday plus we have a dedicated Diesel Repair Facility &amp; Collision Center. All of our vehicles are also offered with a free Autocheck Vehicle History Report. We are very serious about your satisfaction and our aim is to make your experience with us Simple, Fast &amp; Fun. Eide Ford pre-owned vehicles come standard with one key. If we received more than one key from the previous owner, we include them. Additional keys, as well as dealer-installed accessories, may be purchased at the time of sale.","[PREMIUM]",19,"800 Bismarck E Expy","Bismarck","ND","58504","[PREMIUM]"
"789924076","2026-09-03 17:22:17.597","2026-09-03 17:22:17.597","789924076","[PREMIUM]","304580BB",2020,"TESLA","Tesla","TESMODX","Model X","Long Range","SUV","Used","Used 2020 Tesla Model X Long Range",72743,"[PREMIUM]",,,"[PREMIUM]",0,0,"Deep Blue Metallic","BLUE","White","WHITE","EL","Electric","All wheel drive","AUT","Single-Speed","Automatic","E","Electric","Electric",,,,false,0,false,true,false,,false,,,"30",71463031,"[PREMIUM]","[PREMIUM]","[PREMIUM]",7987,"[PREMIUM]",false,"PARTNER",0,,,0,"[""NO_SALVAGE_TITLE"",""NO_ACCIDENTS_REPORTED"",""ONE_OWNER""]","{""exterior"":[""Aluminum Wheels"",""Automatic Headlights"",""Automatic Highbeams"",""Fog Lamps"",""Headlights-Auto-Leveling"",""Heated Mirrors"",""LED Headlights"",""Mirror Memory"",""Power Folding Mirrors"",""Power Mirror(s)"",""Rear Spoiler"",""Tires - Front Performance"",""Tires - Rear Performance"",""Tow Hitch""],""interior"":[""A/C"",""Adjustable Steering Wheel"",""Auto-Dimming Rearview Mirror"",""Bucket Seats"",""Cargo Shade"",""Climate Control"",""Driver Adjustable Lumbar"",""Driver Illuminated Vanity Mirror"",""Driver Vanity Mirror"",""Dual Moonroof"",""Floor Mats"",""Generic Sun/Moonroof"",""Heated Front Seat(s)"",""Heated Rear Seat(s)"",""Heated Steering Wheel"",""Intermittent Wipers"",""Leather Steering Wheel"",""Multi-Zone A/C"",""Pass-Through Rear Seat"",""Passenger Adjustable Lumbar"",""Passenger Illuminated Visor Mirror"",""Passenger Vanity Mirror"",""Power Door Locks"",""Power Driver Seat"",""Power Liftgate"",""Power Passenger Seat"",""Power Windows"",""Premium Synthetic Seats"",""Rear Bench Seat"",""Rear Defrost"",""Remote Trunk Release"",""Seat Memory"",""Steering Wheel Audio Controls"",""Sun/Moonroof"",""Trip Computer"",""Universal Garage Door Opener"",""Variable Speed Intermittent Wipers"",""Woodgrain Interior Trim""],""mechanical"":[""4-Wheel Disc Brakes"",""Active Suspension"",""Air Suspension"",""All Wheel Drive"",""Power Steering""],""other"":[""Aerial View Display System"",""Driver Restriction Features"",""Electric Motor"",""Front Collision Mitigation"",""Lithium Ion Traction Battery"",""Requires Subscription"",""Smart Device Integration""],""safety"":[""ABS"",""Blind Spot Monitor"",""Brake Assist"",""Child Safety Locks"",""Cross-Traffic Alert"",""Daytime Running Lights"",""Driver Air Bag"",""Front Head Air Bag"",""Front Side Air Bag"",""Knee Air Bag"",""Lane Departure Warning"",""Lane Keeping Assist"",""Passenger Air Bag"",""Passenger Air Bag Sensor"",""Rear Head Air Bag"",""Rear Side Air Bag"",""Stability Control"",""Tire Pressure Monitor"",""Traction Control""],""technology"":[""AM/FM Stereo"",""Adaptive Cruise Control"",""Auxiliary Audio Input"",""Back-Up Camera"",""Bluetooth Connection"",""Cruise Control"",""HD Radio"",""Hard Disk Drive Media Storage"",""Immobilizer"",""Keyless Entry"",""Keyless Start"",""MP3 Capability"",""Navigation System"",""Premium Sound System"",""Rain Sensing Wipers"",""Rear Parking Aid"",""Satellite Radio""]}",100,"ANNOUNCEMENT<br><br>Please note that TESLA reacquired this vehicle due to customer concerns involving multiple issues, including a noise concern, ABS/traction control alert, wheel noise concern, A/C malfunction, 12 volt battery failure, and a coolant system concern. TESLA completed all required inspections, repairs, and adjustments under warranty including installation of the latest firmware/software, replacement of the left front drive unit halfshaft and additional suspension links, replacement of multiple front upper and lower control arms, lubrication and cleaning of the bash and subframe plates, tightening of the A/C compressor bolt, replacement of the 12 volt battery, and replacement of the coolant and coolant valve before agreeing to repurchase the vehicle in the interest of customer satisfaction. Manufacturer documentation is included with this vehicle and will be presented to the purchaser during the sales or delivery process. THIS VEHICLE IS STILL COVERED BY THE FACTORY WARRANTY, GIVING THE NEXT OWNER ADDED CONFIDENCE AND PROTECTION.<br><br>VEHICLE OVERVIEW<br><br>Electric Range<br><br>Expected Range: 260 miles<br>EPA Range: 328 miles<br><br>The displayed estimated electric range of the vehicle has been provided by the following platform: https://www.recurrentauto.com/dealer/vehicles/5YJXCDE2XLF304580<br><br>FEATURES<br><br>One Owner<br>AWD<br>Front Permanent Magnet / Rear Induction Motors<br>1 Speed Automatic Transmission<br>9.73 Axle Ratio<br>GVWR 6,768 lbs<br>265/45R20 Front 275/45R20 Rear Tires<br>20&quot; Silver Alloy Wheels<br>5 Seat Interior<br>Premium Seat Trim<br>Premium Audio System<br>Deep Blue Metallic Exterior<br>White Interior<br><br>The 2020 Blue Tesla Model X Long Range Plus AWD delivers impressive electric performance with extended range and smooth dual motor traction. Its signature Falcon Wing doors, spacious three row cabin, and large panoramic windshield create a premium, futuristic driving experience. With advanced Autopilot features, strong acceleration, and refined comfort, it s a standout electric SUV ready for its next owner, now available at Carvision.<br><br>Based on CarFax as of 9/1/2026. Remaining warranty may be different at the time of sale based on additional age and mileage since publication, warranty and usage history or inaccuracies on CarFax. Additionally, some warranties are limited to first owners only and are non-transferable. Please verify warranty coverage with the vehicle manufacturer prior to purchase.","[PREMIUM]",45,"2626 W MAIN ST","Norristown","PA","19403","[PREMIUM]"
"788397564","2026-09-03 17:22:17.592","2026-09-03 17:22:17.592","788397564","[PREMIUM]","85749A",2018,"LEXUS","Lexus","RX350","RX 350","AWD","SUV","Used","Used 2018 Lexus RX 350 AWD",39114,"[PREMIUM]",,"Great","[PREMIUM]",31650,34350,"Nebula Gray Pearl - 1h9","GRAY","Black - 24","BLACK","6CLDR","6-Cylinder","All wheel drive","AUT","8-Speed Automatic","Automatic","G","Gasoline","Gas",19,26,3.5,false,18,false,false,false,,false,,,"30",574442,"[PREMIUM]","[PREMIUM]","[PREMIUM]",1972,"[PREMIUM]",false,"PARTNER",432169,4.1,150,0,"[""NO_SALVAGE_TITLE"",""NO_ACCIDENTS_REPORTED"",""NO_ONE_OWNER""]","{""exterior"":[""18\""\"" X 8\""\"" 7-Spoke Aluminum Wheels""],""interior"":[""Front Bucket Seats"",""Heated and Ventilated Front Bucket Seats"",""NuLuxe Seat Trim""],""mechanical"":[""2.277 Axle Ratio"",""8-Speed Automatic Transmission"",""F Sport Leather""],""other"":[""\""3.5L V6 DOHC 24V VVT-IW Engine"",""20\""\"" X 8\""\"" F Sport Wheels with Dark Metallic Finish"",""5"",""864 lbs GVWR"",""AM/FM/CD Lexus Display Audio"",""F Sport Heated Steering Wheel with Paddle Shifters"",""F Sport Wheel Caps"",""Illuminated Aluminum Door Trim\"""",""P235/55R20 M+S Tires"",""P235/65R18 M+S Tires""],""technology"":[""Backup Monitor""]}",18,"Includes One Year Complimentary Maintenance &amp; Roadside Assistance. Free Yearly PA State Inspection plus our TeamMate Rewards program gives you 20% back in the form of reward points for every dollar spent in our service department. Each point is worth $1 and may be used towards future vehicle service, future vehicle purchases, accessories, and tires. We want you to be Part of the Team. 2018 Lexus RX 350 Base Nebula Gray Pearl BLACK Heated Front Seats, Touch-Free Power Rear Door 3.5L V6 295hp 267ft. lbs. 19/26 City/Highway MPG 2018 Edmunds Best Retained Value: Luxury Brand Honorable Mention, 2018 J.D. Power and Associates Vehicle Dependability Study (VDS): Top Models, 2018 Kelley Blue Book Best Resale Value: Luxury Midsize SUV/Crossover, 2018 Kelley Blue Book Brand Image Awards: Best Overall Luxury Brand, 2018 Kelley Blue Book Brand Image Awards: Most Trusted Luxury Brand, 2018 US News Best SUVs for Families: Finalist, 2018 US News Best SUVs for the Money https://www.teamtoyotaglenmills.com/","[PREMIUM]",32,"1050 Baltimore Pike","Glen Mills","PA","19342","[PREMIUM]"
"789399053","2026-09-03 17:22:17.585","2026-09-03 17:22:17.585","789399053","[PREMIUM]","BTL117768",2026,"GMC","GMC","TERRAIN","Terrain","Elevation","SUV","Used","Used 2026 GMC Terrain Elevation w/ Elevation Premium Package",13704,"[PREMIUM]",,"Good","[PREMIUM]",30530,32330,"Sterling Metallic - Gxd","GRAY","After Dark","BLACK","4CLDR","4-Cylinder Turbo","All wheel drive","AUT","8-Speed Automatic","Automatic","G","Gasoline","Gas",24,28,1.5,false,6,false,true,false,,false,,,"30",70350265,"[PREMIUM]","[PREMIUM]","[PREMIUM]",1414,"[PREMIUM]",false,"PARTNER",476155,3.8,4,0,"[""NO_SALVAGE_TITLE"",""NO_ACCIDENTS_REPORTED"",""ONE_OWNER""]","{""exterior"":[""Black Mirror Caps"",""Sterling Metallic""],""interior"":[""Driver and Front Passenger Heated Seats"",""Front Bucket Seats""],""mechanical"":[""3.47 Final Drive Axle Ratio""],""other"":[""\""Elevation Premium Package"",""1.5L Turbo DOHC 4-Cylinder SIDI VVT Engine"",""19\""\"" Gloss Black Painted Aluminum Wheels"",""200 Kgs) GVWR"",""235/55R19 All-Season Blackwall Tires"",""4"",""850 lbs (2"",""After Dark"",""Black Edition"",""Black Exterior Accents and Black Exterior Badging"",""Convenience Package II"",""Convenience Package III"",""Darkened Grille and C Shaped Surrounding Bezel"",""Driver 6-Way Manual Seat Adjuster"",""Electronic 8-Speed Automatic Transmission with Overdrive"",""Fleet Customer Powertrain Limited Warranty"",""Front Passenger 4-Way Manual Seat Adjuster\"""",""Preferred Equipment Group 3SB"",""Premium GMC Infotainment System Radio"",""SiriusXM with 360L Trial Subscription"",""Wireless Apple CarPlay/wireless Android Auto""],""technology"":[""6-Speaker Audio System Feature""]}",27,"Introducing the 2026 GMC Terrain Elevation a refined compact SUV that combines premium styling with everyday practicality. This silver beauty features the Black Edition package with striking darkened accents and premium appointments that elevate your driving experience. With an efficient 1.5L engine paired with an 8-speed automatic transmission this Terrain delivers 24 city and 28 highway MPG making it as economical as it is capable.<br><br>Key Features:<br>- Elevation Premium Package with Sterling Metallic finish<br>- Black Edition styling with darkened grille and black exterior badging<br>- Convenience Package III for enhanced comfort and connectivity<br>- Dual-Zone Automatic Climate Control with heated and ventilated front seats<br>- Heated rear outboard seats and power-adjustable front seats<br>- Premium GMC Infotainment System with SiriusXM 360L trial subscription<br>- Wireless Apple CarPlay and Android Auto integration<br>- Navigation System with Emergency Communication via OnStar<br>- Premium Cloth and CoreTec seat trim with split-folding rear seat<br>- Advanced Safety Suite with Electronic Stability Control and four-wheel independent suspension<br><br>This Terrain has been meticulously maintained and certified through GMC's CarBravo program. Every aspect of this vehicle has been inspected to ensure quality and reliability you can count on.<br><br>Your GMC CarBravo Certified vehicle comes with exceptional peace of mind. Enjoy a comprehensive 126-point inspection $0 warranty deductible and roadside assistance. All warranty repairs include parts labor and towing to the nearest CarBravo dealership. Receive alternative transportation during warranty service plus earn GM Rewards points toward certified service and eligible accessories. You'll also get a 1-month trial of OnStar safety services including Automatic Crash Response and enjoy 165+ channels of SiriusXM plus 350+ channels on the app.<br><br>Visit us today to experience the 2026 Terrain Elevation's blend of style technology and reliability. Our team is ready to help you drive home in your next vehicle.","[PREMIUM]",30,"500 W ROUTE 70","Marlton","NJ","08053","[PREMIUM]"
"789819798","2026-09-03 17:22:17.572","2026-09-03 17:22:17.572","789819798","[PREMIUM]","LW247735",2020,"JEEP","Jeep","WRANGLER","Wrangler","Unlimited Rubicon","SUV","Used","Used 2020 Jeep Wrangler Unlimited Rubicon",60981,"[PREMIUM]",,"Great","[PREMIUM]",31190,33290,"Black Clearcoat","BLACK","Black","BLACK","6CLDR","6-Cylinder","4 wheel drive","AUT","8-Speed Automatic","Automatic","G","Gasoline","Gas",,,3.6,false,1,false,true,false,,false,,,"30",68969105,"[PREMIUM]","[PREMIUM]","[PREMIUM]",2770,"[PREMIUM]",false,"PARTNER",444509,4.3,112,0,"[""NO_SALVAGE_TITLE"",""ACCIDENTS_REPORTED"",""ONE_OWNER""]","{""exterior"":[""Aluminum Wheels"",""Automatic Headlights"",""BODY COLOR FENDER FLARES"",""Convertible Soft Top"",""Fog Lamps"",""Heated Mirrors"",""Power Mirror(s)"",""TIRES: LT285/70R17C OWL OFF-ROAD"",""Tires - Front All-Terrain"",""Tires - Rear All-Terrain""],""interior"":[""A/C"",""Adjustable Steering Wheel"",""BLACK  PREMIUM CLOTH LOW-BACK BUCKET SEATS"",""Bucket Seats"",""Climate Control"",""Cloth Seats"",""Driver Adjustable Lumbar"",""Driver Illuminated Vanity Mirror"",""Driver Vanity Mirror"",""Floor Mats"",""Intermittent Wipers"",""Leather Steering Wheel"",""MOPAR ALL-WEATHER FLOOR MATS"",""Multi-Zone A/C"",""Pass-Through Rear Seat"",""Passenger Illuminated Visor Mirror"",""Passenger Vanity Mirror"",""Power Door Locks"",""Power Windows"",""Privacy Glass"",""Rear Bench Seat"",""Steering Wheel Audio Controls"",""Trip Computer"",""Universal Garage Door Opener"",""Variable Speed Intermittent Wipers""],""mechanical"":[""4-Wheel Disc Brakes"",""4.10 REAR AXLE RATIO  (STD)"",""Brake Actuated Limited Slip Differential"",""ENGINE: 3.6L V6 24V VVT UPG I W/ESS  (STD)"",""Four Wheel Drive"",""Power Steering""],""other"":[""8.4\"" RADIO & PREMIUM AUDIO GROUP  -inc: SiriusXM Traffic (subscription required)  Plus  Alpine Premium Audio System  HD Radio  Radio: Uconnect 4C Nav w/8.4\"" Display  For Details  Visit DriveUconnect.com  Rear View Auto Dim Mirror  GPS Navigation  SiriusXM"",""BLACK 3-PIECE HARD TOP  -inc: Freedom Panel Storage Bag  Rear Window Defroster  Rear Window Wiper/Washer  No Soft Top"",""BLACK CLEARCOAT"",""COLD WEATHER GROUP  -inc: Heated Steering Wheel  Heated Front Seats"",""FRONT LICENSE PLATE BRACKET"",""GVWR: 5 800 LBS  (STD)"",""LED LIGHTING GROUP  -inc: Daytime Running Lamps LED Accents  Front LED Fog Lamps  LED Reflector Headlamps  LED Taillamps"",""Locking/Limited Slip Differential"",""QUICK ORDER PACKAGE 24R  -inc: Engine: 3.6L V6 24V VVT UPG I w/ESS  Transmission: 8-Speed Automatic (850RE)"",""Requires Subscription"",""Smart Device Integration"",""TRAILER TOW & HD ELECTRICAL GROUP  -inc: Class II Receiver Hitch  700 Amp Maintenance Free Battery  7 & 4 Pin Wiring Harness  240 Amp Alternator  Auxiliary Switches"",""TRANSMISSION: 8-SPEED AUTOMATIC (850RE)  -inc: TIP Start  Hill Descent Control"",""Tow Hooks"",""WHEELS: 17\"" X 7.5\"" BLACK W/MACHINED LIP""],""safety"":[""ABS"",""Brake Assist"",""Child Safety Locks"",""Conventional Spare Tire"",""Daytime Running Lights"",""Driver Air Bag"",""Front Side Air Bag"",""Passenger Air Bag"",""Passenger Air Bag Sensor"",""Rollover Protection Bars"",""Security System"",""Stability Control"",""Tire Pressure Monitor"",""Traction Control""],""technology"":[""ALPINE PREMIUM AUDIO SYSTEM"",""AM/FM Stereo"",""Auxiliary Audio Input"",""Back-Up Camera"",""Bluetooth Connection"",""Cruise Control"",""Immobilizer"",""Keyless Entry"",""Keyless Start"",""MP3 Capability"",""RADIO: UCONNECT 4C NAV W/8.4\"" DISPLAY"",""REMOTE PROXIMITY KEYLESS ENTRY"",""REMOTE START SYSTEM"",""Satellite Radio""]}",84,"This 2020 Jeep Wrangler Unlimited Rubicon delivers authentic off-road capability paired with modern convenience. With just over 60,000 miles, this black Rubicon combines the iconic Wrangler design with premium features and genuine trail-ready performance. Powered by a 3.6L V6 engine paired with an 8-speed automatic transmission, this four-wheel drive machine balances efficiency with dependable power.<br><br>- LED Lighting Group with daytime running lamps and front fog lamps<br>- Black 3-piece hard top with body color fender flares<br>- 8.4&quot; touchscreen Uconnect 4C navigation display with Apple CarPlay and Android Auto<br>- Premium audio system with SiriusXM satellite radio and 8 speakers<br>- Heated front bucket seats with heated leather-wrapped steering wheel<br>- Trailer tow and HD electrical group with Class II receiver hitch<br>- Remote start system and remote proximity keyless entry<br>- 17&quot; black machined lip alloy wheels<br>- Cold weather group for enhanced comfort<br>- ParkView rear backup camera<br><br>This Wrangler comes equipped with comprehensive safety features including electronic stability control, traction control, ABS brakes, and dual front airbags. The cabin welcomes you with automatic temperature control, front dual-zone air conditioning, and all-weather floor mats designed to handle whatever adventure awaits. Premium cloth low-back bucket seats provide comfort on long drives while the split folding rear seat maximizes versatility.<br><br>Whether tackling rugged terrain or cruising city streets, this Rubicon delivers the performance and features Jeep enthusiasts demand. Visit us today to experience the legendary capability and refined comfort of this exceptional Wrangler Unlimited.","[PREMIUM]",29,"6643 CARLISLE PIKE","Mechanicsburg","PA","17050","[PREMIUM]"
"788900544","2026-09-03 17:22:17.564","2026-09-03 17:22:17.564","788900544","[PREMIUM]","H17030A",2020,"TOYOTA","Toyota","RAV4","RAV4","Limited","SUV","Used","Used 2020 Toyota RAV4 Limited",39820,"[PREMIUM]",,"Great","[PREMIUM]",31939,36939,"Blizzard Pearl - 070","WHITE","Black - 20","BLACK","HYBRD","Hybrid","All wheel drive","AUT","Continuously Variable Automatic","Automatic","B","Hybrid Gas/Electric","Hybrid: Gas/Electric",41,38,2.5,false,12,false,false,true,,false,,,"30",68207979,"[PREMIUM]","[PREMIUM]","[PREMIUM]",144,"[PREMIUM]",false,"PARTNER",446193,3.6,396,0,"[""NO_SALVAGE_TITLE"",""NO_ACCIDENTS_REPORTED"",""ONE_OWNER""]","{""interior"":[""Heated Front Seats"",""SofTex Seat Trim""],""mechanical"":[""50 State Emissions""],""other"":[""'Limited Advanced Technology Package"",""18'' X 7.0J Chrome-Finished Aluminum Alloy Wheels"",""2.5L 4-Cylinder Atkinson Cycle Engine"",""225/60R18 AS Tires"",""4"",""920 lbs GVWR"",""All Weather Liner Package"",""Battery'"",""Black"",""Blizzard Pearl"",""Door Sill Protectors"",""ECVT (continuously Variable) Transmission"",""High Performance Black LED Fog Lights"",""Limited Grade Weather Package"",""Mudguards"",""Premium Audio with Dynamic Nav and JBL"",""Special Color"",""TBD Axle Ratio""]}",21,"Lancaster Hyundai is one of the highest volume Certified Pre-Owned Dealers in the Country. Come find out Why! Recent Arrival! 2020 Toyota RAV4 Hybrid Limited 2.5L 4-Cylinder AWD Blizzard Pearl Clean CARFAX. RAV4 Hybrid Limited *PROFESSIONALLY DETAILED INSIDE AND OUT* 2.5L 4-Cylinder. Odometer is 41170 miles below market average! 41/38 City/Highway MPG Please call us today to schedule a test drive or get more information on the vehicle of your choice.","[PREMIUM]",35,"5260 MAIN ST","East Petersburg","PA","17520","[PREMIUM]"
"789489468","2026-09-03 17:22:17.563","2026-09-03 17:22:17.563","789489468","[PREMIUM]","6266A",2020,"RAM","RAM","RM2500","2500","Big Horn","TRUCKS","Used","Used 2020 RAM 2500 Big Horn w/ Level 2 Equipment Group",33974,"[PREMIUM]",,"Great","[PREMIUM]",35290,38490,"Delmonico Red Pearlcoat","RED","Black","BLACK","8CLDR","8-Cylinder","4 wheel drive","AUT","8-Speed Automatic","Automatic","G","Gasoline","Gas",,,6.4,false,5,false,true,false,,false,,,"30",71719101,"[PREMIUM]","[PREMIUM]","[PREMIUM]",3424,"[PREMIUM]",false,"PARTNER",446055,4,34,0,"[""NO_SALVAGE_TITLE"",""NO_ACCIDENTS_REPORTED"",""ONE_OWNER""]","{""exterior"":[""*ALLOY WHEELS"",""*PAINTED ALUMINUM WHEELS"",""Black Exterior Truck Badging"",""Black Ram Head Tailgate Badge"",""Body Color Door Handles"",""Body Color Grille Surround"",""Bumpers: chrome"",""Dampened Tailgate"",""Delay-off headlights"",""Foam Bottle Insert (Door Trim Panel)"",""Front Fog Lamps"",""Front LED Fog Lamps"",""Fully automatic headlights"",""Gloss Black Grille Billets/Accents"",""Heated door mirrors"",""LED Reflector Headlamps"",""Painted Front Bumper"",""Painted Rear Bumper"",""Power Folding Mirrors"",""Power door mirrors"",""Rear step bumper"",""Spray In Bedliner"",""Turn signal indicator mirrors""],""interior"":[""*HEATED SEATS"",""*POWER LOCKS"",""*POWER WINDOWS"",""*SUNROOF/MOONROOF"",""*WOODGRAIN INTERIOR TRIM"",""115V Auxiliary Rear Power Outlet"",""2 Way Rear Headrest Seat"",""2nd Row In Floor Storage Bins"",""4 Way Front Headrests"",""40/20/40 Split Bench Seat"",""Air Conditioning"",""Air Conditioning ATC w/Dual Zone Control"",""Auto-Dimming Rear-View Mirror"",""Black Interior Accents"",""Center Stack Storage Drawer"",""Cloth 40/20/40 Bench Seat"",""Driver door bin"",""Dual Glove Boxes"",""Folding Flat Load Floor Storage"",""Footwell Courtesy Lamp"",""Front Armrest w/Cupholders"",""Front Center Armrest w/Storage"",""Front Center Seat Cushion Storage"",""Front Seat Back Map Pockets"",""Front reading lights"",""Glove Box Lamp"",""Heated Front Seats"",""Heated Steering Wheel"",""Leather Wrapped Steering Wheel"",""Locking Lower Glove Box"",""Manual Adjust 4-Way Driver Seat"",""Manual Adjust 4-Way Front Passenger Seat"",""Overhead console"",""Passenger door bin"",""Passenger vanity mirror"",""Power 2-Way Driver Lumbar Adjust"",""Power Adjust 8-Way Driver Seat"",""Power Adjustable Pedals"",""Power Sunroof"",""Power windows"",""Premium Cloth 40/20/40 Bench Seat"",""Rear 60/40 Folding Seat"",""Rear Folding Seat"",""Rear Power Sliding Window"",""Rear Window Defroster"",""Rear seat center armrest"",""Steering Wheel Mounted Audio Controls"",""Sun Visors w/Illuminated Vanity Mirrors"",""Tachometer"",""Tilt steering wheel"",""Trip computer""],""mechanical"":[""*4X4"",""3.73 Axle Ratio"",""4-Wheel Disc Brakes"",""Power steering""],""other"":[""*AUTO DIM MIRROR"",""*CREW CAB"",""*LIKE NEW"",""*LOW LOW MILES"",""1-Year SiriusXM Guardian Trial"",""115V Auxiliary Front Power Outlet"",""400W Inverter"",""5-Year SiriusXM Traffic Service"",""5-Year SiriusXM Travel Link Service"",""Apple CarPlay"",""Black Headlamp Bezels"",""Black Tail Lamp Bezels"",""Black Wheel Center Hub"",""Call 800-643-2112"",""Center Hub"",""Clearance Lamps"",""Electronically Controlled Throttle"",""For Details Visit DriveUconnect.com"",""For More Info"",""Front anti-roll bar"",""GPS Antenna Input"",""Google Android Auto"",""Illuminated entry"",""LED Bed Lighting"",""LED Tail Lamps"",""Level 2 Equipment Group"",""Night Edition"",""Outside temperature display"",""Power Adjust/Fold & Heated Black Tow Mirrors"",""Premium Lighting Group"",""Protection Group"",""Quick Order Package 2ZZ Big Horn"",""Rear Dome w/On/Off Switch Lamp"",""Rear anti-roll bar"",""SiriusXM Traffic Plus"",""SiriusXM Travel Link"",""Tip Start"",""Tow Hooks"",""USB Host Flip""],""safety"":[""*BLIND SPOT MONITORING SYSTEM"",""*LANE DEPARTURE WARNING"",""ABS brakes"",""Blind Spot & Cross Path Detection"",""Brake assist"",""Dual front impact airbags"",""Dual front side impact airbags"",""Electronic Stability Control"",""Low tire pressure warning"",""Occupant sensing airbag"",""Overhead airbag"",""Panic alarm"",""Security Alarm"",""Traction control""],""technology"":[""*BACK-UP CAMERA"",""*BLUETOOTH"",""*NAVIGATION"",""*REMOTE START"",""*SIRIUS RADIO"",""12\"" Touchscreen Display"",""6 Speakers"",""8.4\"" Touchscreen Display"",""9 Alpine Speakers w/Subwoofer"",""AM/FM radio"",""Active Noise Control System"",""Cluster 7.0\"" TFT Color Display"",""Compass"",""Disassociated Touchscreen Display"",""Dual Remote USB Port"",""GPS Navigation"",""HD Radio"",""Integrated Center Stack Radio"",""Integrated Voice Command w/Bluetooth"",""ParkSense Front/Rear Park Assist System"",""ParkView Rear Back-Up Camera"",""Radio data system"",""Radio: Uconnect 12.0 w/Navigation"",""Radio: Uconnect 3 w/5\"" Display"",""Radio: Uconnect 4 w/8.4\"" Display"",""Remote Start System"",""Remote keyless entry"",""SiriusXM Radio Service"",""SiriusXM Satellite Radio"",""SiriusXM w/360L"",""Speed control""]}",162,"Recent Arrival! 2020 Ram 2500 Big Horn Delmonico Red Pearlcoat *POWER LOCKS, *POWER WINDOWS, *REMOTE START, *NAVIGATION, *BACK-UP CAMERA, *SUNROOF/MOONROOF, *CREW CAB, *4X4, *SIRIUS RADIO, *BLUETOOTH, *HEATED SEATS, *WOODGRAIN INTERIOR TRIM, *ALLOY WHEELS, *PAINTED ALUMINUM WHEELS, *BLIND SPOT MONITORING SYSTEM, *AUTO DIM MIRROR, *LANE DEPARTURE WARNING, *LOW LOW MILES, *LIKE NEW, 115V Auxiliary Front Power Outlet, 115V Auxiliary Rear Power Outlet, 2 Way Rear Headrest Seat, 2nd Row In Floor Storage Bins, 4 Way Front Headrests, 40/20/40 Split Bench Seat, 400W Inverter, 8.4 Touchscreen Display, Air Conditioning ATC w/Dual Zone Control, Apple CarPlay, Auto-Dimming Rear-View Mirror, Black Exterior Truck Badging, Black Headlamp Bezels, Black Interior Accents, Black Ram Head Tailgate Badge, Black Tail Lamp Bezels, Black Wheel Center Hub, Blind Spot &amp; Cross Path Detection, Body Color Door Handles, Body Color Grille Surround, Center Hub, Center Stack Storage Drawer, Cluster 7.0 TFT Color Display, Dampened Tailgate, Dual Glove Boxes, Dual Remote USB Port, Foam Bottle Insert (Door Trim Panel), Folding Flat Load Floor Storage, Footwell Courtesy Lamp, For More Info, Call  , Front Armrest w/Cupholders, Front Center Seat Cushion Storage, Front Fog Lamps, Front LED Fog Lamps, Front Seat Back Map Pockets, Gloss Black Grille Billets/Accents, Glove Box Lamp, Google Android Auto, GPS Antenna Input, Heated Front Seats, Heated Steering Wheel, Integrated Center Stack Radio, Integrated Voice Command w/Bluetooth, Leather Wrapped Steering Wheel, LED Reflector Headlamps, LED Tail Lamps, Level 2 Equipment Group, Locking Lower Glove Box, Manual Adjust 4-Way Front Passenger Seat, Night Edition, Painted Front Bumper, Painted Rear Bumper, ParkSense Front/Rear Park Assist System, Power 2-Way Driver Lumbar Adjust, Power Adjust 8-Way Driver Seat, Power Adjust/Fold &amp; Heated Black Tow Mirrors, Power Adjustable Pedals, Power Folding Mirrors, Premium Cloth 40/20/40 Bench Seat, Premium Lighting Group, Protection Group, Quick Order Package 2ZZ Big Horn, Radio: Uconnect 4 w/8.4 Display, Rear 60/40 Folding Seat, Rear Dome w/On/Off Switch Lamp, Rear Power Sliding Window, Rear Window Defroster, Remote Start System, Security Alarm, SiriusXM Radio Service, SiriusXM Satellite Radio, Steering Wheel Mounted Audio Controls, Sun Visors w/Illuminated Vanity Mirrors, Tow Hooks, Universal Garage Door Opener, USB Host Flip, Wheels: 18 x 8.0 Polished Aluminum, Wheels: 20 x 8.0 Black Painted Aluminum.<br>The value of used vehicles varies with mileage, usage and condition. Book values should be considered estimates only.<br>Zeigler Ford of North Riverside in North Riverside, IL treats the needs of each individual customer with paramount concern. We know that you have high expectations, and as a car dealer we enjoy the challenge of meeting and exceeding those standards each and every time. Allow us to demonstrate our commitment to excellence!","[PREMIUM]",33,"2100 HARLEM AVE","Riverside","IL","60546","[PREMIUM]"
"789712325","2026-09-03 17:22:17.561","2026-09-03 17:22:17.561","789712325","[PREMIUM]","T26366A",2020,"FORD","Ford","EXPEDI","Expedition","Limited","SUV","Used","Used 2020 Ford Expedition Limited w/ Equipment Group 302A",78274,"[PREMIUM]",,"Great","[PREMIUM]",32582,35982,"Blue Metallic","BLUE","Medium Stone","GRAY","6CLDR","6-Cylinder Turbo","4 wheel drive","AUT","10-Speed Automatic","Automatic","G","Gasoline","Gas",17,22,3.5,true,3,false,true,false,,false,,,"30",74146569,"[PREMIUM]","[PREMIUM]","[PREMIUM]",551,"[PREMIUM]",false,"PARTNER",444426,4,62,1,"[""NO_SALVAGE_TITLE"",""NO_ACCIDENTS_REPORTED"",""NO_ONE_OWNER""]","{""exterior"":[""Body-Colored Bodyside Cladding and Body-Colored Fender Flares"",""Body-Colored Power Heated Side Mirrors w/Driver Auto Dimming Power Folding and Turn Signal Indicator"",""Body-Colored Rear Step Bumper w/Gray Rub Strip/Fascia Accent"",""Chrome grille"",""Single Stainless Steel Exhaust"",""Stainless Steel Side Windows Trim and Black Front Windshield Trim""],""interior"":[""2 Seatback Storage Pockets"",""4 12V DC Power Outlets"",""8-Way Driver Seat"",""8-Way Passenger Seat"",""Air Filtration"",""Auto Locking Hubs"",""Cargo Space Lights"",""Cargo net"",""Carpet Floor Trim"",""Chrome door handles"",""Cruise Control w/Steering Wheel Controls"",""Dashboard Storage Driver / Passenger And Rear Door Bins"",""Day-Night Auto-Dimming Rearview Mirror"",""Deep Tinted Glass"",""Driver And Passenger Visor Vanity Mirrors w/Driver And Passenger Illumination Driver And Passenger Auxiliary Mirror"",""Front And Rear Map Lights"",""Front Center Armrest"",""Front Cupholder"",""Full Cloth Headliner"",""Garage Door Transmitter"",""HVAC -inc: Underseat Ducts Auxiliary Rear Heater and Headliner/Pillar Ducts"",""Heated Leather Steering Wheel"",""Illuminated Locking Glove Box"",""Interior Trim -inc: Simulated Wood/Metal-Look Instrument Panel Insert Simulated Wood/Metal-Look Door Panel Insert Simulated Wood/Metal-Look Console Insert and Chrome Interior Accents"",""Manual Adjustable Front Head Restraints and Fixed Rear Head Restraints"",""Power Adjustable Pedals"",""Power Tilt/Telescoping Steering Column"",""Rear Cupholder""],""mechanical"":[""3.31 Axle Ratio"",""50 States Emissions System"",""Double Wishbone Front Suspension w/Coil Springs"",""Electric Power-Assist Speed-Sensing Steering"",""Electronic Transfer Case"",""Multi-Link Rear Suspension w/Coil Springs""],""other"":[""150 Amp Alternator"",""1700# Maximum Payload"",""23.3 Gal. Fuel Tank"",""4 12V DC Power Outlets and 1 Interior 120V AC Power Outlet"",""4-Wheel Disc Brakes w/4-Wheel ABS Front And Rear Vented Discs Brake Assist Hill Descent Control Hill Hold Control and Electric Parking Brake"",""78-Amp/Hr 675CCA Maintenance-Free Battery w/Run Down Protection"",""Body-Colored Front Bumper w/Gray Rub Strip/Fascia Accent and 2 Tow Hooks"",""Class IV Towing Equipment -inc: Hitch and Trailer Sway Control"",""Collision Mitigation-Front"",""Delayed Accessory Power"",""Digital/Analog Appearance"",""Driver Monitoring-Alert"",""Engine: 3.5L EcoBoost V6 -inc: auto start-stop technology"",""Fade-To-Off Interior Lighting"",""Flip-Up Rear Window w/Wiper Heated Wiper Park and Defroster"",""Ford Co-Pilot360 - Blind Spot Information System (BLIS) Blind Spot"",""Ford Co-Pilot360 - Cross-Traffic Alert"",""Ford Co-Pilot360 - Pre-Collision Assist with Automatic Emergency Braking (AEB)"",""Front And Rear Anti-Roll Bars"",""Front Cigar Lighter(s)"",""Full Floor Console w/Covered Storage Mini Overhead Console w/Storage 4 12V DC Power Outlets and 1 Interior 120V AC Power Outlet"",""GVWR: 7450 lbs"",""Galvanized Steel/Aluminum Panels"",""Gas-Pressurized Shock Absorbers"",""Headlights-Automatic Highbeams"",""Keypad"",""LED Brakelights"",""Leather Door Trim Insert"",""Metal-Look Gear Shifter Material"",""Mykey System -inc: Top Speed Limiter Audio Volume Limiter Early Low Fuel Warning Programmable Sound Chimes and Beltminder w/Audio Mute"",""Outside Temp Gauge"",""Perimeter/Approach Lights"",""Regular Amplifier"",""Safety Canopy System Curtain 1st 2nd And 3rd Row Airbags"",""Securilock Anti-Theft Ignition (pats) Immobilizer"",""Speed Sensitive Rain Detecting Variable Intermittent Wipers w/Heated Wiper Park"",""Tracker System""],""safety"":[""Airbag Occupancy Sensor"",""Dual Stage Driver And Passenger Front Airbags"",""Dual Stage Driver And Passenger Seat-Mounted Side Airbags"",""Full-Size Spare Tire Stored Underbody w/Crankdown"",""Outboard Front Lap And Shoulder Safety Belts -inc: Rear Center 3 Point Height Adjusters and Pretensioners"",""Perimeter Alarm"",""Rear child safety locks"",""Side Impact Beams"",""Steel Spare Wheel"",""Tire Specific Low Tire Pressure Warning""],""technology"":[""12 Speakers"",""2 LCD Monitors In The Front"",""Automatic Equalizer"",""Compass"",""Digital Signal Processor"",""Driver Information Center"",""Trailer Wiring Harness""]}",94,"This 2020 Ford Expedition Limited, has a Blue Metallic exterior and an Medium Stone interior color. 78,274 miles. Stock Number T26366A. You can connect with us by calling  . The Miracle Worry-Free Advantage Enjoy a simple, transparent car-buying experience designed around you. With dealer invoice pricing on new vehicles, a Price Match Guarantee, top trade-in values, and access to over 600 vehicles, finding the right car has never been easier. Take advantage of our 3-Day Love-It-or-Swap-It Guarantee, flexible financing for all credit types, competitive rates for qualified buyers, and convenient delivery options. Plus, many pre-owned vehicles include a limited warranty for added peace of mind. At Miracle, it truly takes a Miracle to beat us. Miracle Protection &amp; Value Advantage Miracle is committed to your vehicle after purchase. With each vehicle purchased, you can rest easy knowing your vehicle is covered inside and out. The Miracle Protection and Value Advantage includes: *Complementary GPS vehicle recovery technology installed on every vehicle *Interior protection applied to all seating and carpet fibers *Exterior paint protection applied to help preserve your vehicle's finish *Complimentary Pennsylvania state inspections for life for you and your immediate family OTHER NOTABLE FEATURES AND OPTIONS YOU SHOULD KNOW ABOUT: Equipment Group 302A ($5,965 value)360-Degree Camera with Split ViewPanoramic Vista Roof10-Speed Automatic Transmission with SelectShiftEnhanced Active Park Assist SystemLED Headlamps and Fog Lamps3.5L EcoBoost V6 EngineHeated &amp; Cooled Leather Front Captain's ChairsP285/45R22 AS BSW Tires22'' 6-Spoke Painted Machined-Face Aluminum WheelsFord Co-Pilot360 Assist7,450 lbs GVWRB&amp;O Sound System by Bang and Olufsen3.31 Axle Ratio Safety and Security Forward collision mitigation - Forward thinking. You look away for just a second and suddenly the vehicle in front of you has stopped. That's when the forward collision mitigation system comes to life. When it senses an impending impact, it will activate a combination of features to help prevent or reduce the severity of an accident. Forward collision mitigation is always looking ahead. Pedestrian impact prevention - An extra step toward safety. Pedestrians don't always stop, look, and listen, but with Pedestrian Impact Prevention, your vehicle is equipped to better see them and avoid them. This system constantly monitors the road ahead to identify and track pedestrians. It projects that image to an interior display screen, AND should an impact become likely, Pedestrian impact prevention takes steps to avoid a collision.Technology and Telematics Smart device mirroring - Smartphone, meet smart car. You can control your device through your vehicle's infotainment system. Smart device mirroring brings together safety and convenience by making it easier to find what you're looking for while keeping your eyes on the road. Smart device mirroring - Smartphone, meet smart car. You can control your device through your vehicle's infotainment system. Smart device mirroring brings together safety and convenience by making it easier to find what you're looking for while keeping your eyes on the road. Mobile hotspot - WiFi on the fly. Connect your devices to the Internet through your vehicle s private mobile hotspot and take the internet wherever your journey takes you, without eating up your data allowance. Find the hotspot with mobile hotspot. ENGINE: 3.5L ECOBOOST V6, BLUE METALLIC, MEDIUM STONE, HEATED &amp; COOLED LEATHER FRONT CAPTAIN'S CHAIRS All of our vehicles comes with Miracle Pro Plus. Ask Sales for details. At Miracle Chevrolet of Morgantown, we re here to Serve you! Our staff is 100% dedicated to customer satisfaction and we understand that you need clear, transparent information throughout the car buying process. With our live market pricing philosophy, we offer the right cars at the right price, and the transparency to back it","[PREMIUM]",11,"3820 MAIN ST","Morgantown","PA","19543","[PREMIUM]"
"789766647","2026-09-03 17:22:17.555","2026-09-03 17:22:17.555","789766647","[PREMIUM]","A96626",2026,"HYUND","Hyundai","HYUKONA","Kona","Limited","SUV","Used","Used 2026 Hyundai Kona Limited",442,"[PREMIUM]",,"Great","[PREMIUM]",30990,33090,"Denim Blue","BLUE","Black","BLACK","4CLDR","4-Cylinder Turbo","All wheel drive","AUT","8-Speed Automatic","Automatic","G","Gasoline","Gas",25,28,1.6,true,2,false,true,false,,false,,,"30",70906815,"[PREMIUM]","[PREMIUM]","[PREMIUM]",,"[PREMIUM]",false,"PARTNER",478421,3.5,14,0,"[""NO_SALVAGE_TITLE"",""NO_ACCIDENTS_REPORTED""]","{""exterior"":[""Alloy Wheels""],""interior"":[""Leather Seats"",""Power Sun Roof""],""mechanical"":[""Four Wheel Drive""],""other"":[""Android Auto"",""Apple Car Play""],""technology"":[""Navigation System""]}",7,"CarShop is completely free of the usual haggling because our salespeople are not paid on a commission basis. Our best price is already on the sticker, often hundreds lower than Kelley Blue Book. CarShop Certified vehicles have warranties on everything down to the wiper blades for 6 months or 6,000 miles. We also offer the unique Lifetime Engine Guarantee on every CarShop Certified vehicle. You can return your CarShop Certified vehicle up to five days after the sale - no questions asked. To answer any questions you may have on this vehicle please visit .","[PREMIUM]",16,"21 Pottstown Pike","Chester Springs","PA","19480","[PREMIUM]"
"789493166","2026-09-03 17:22:17.503","2026-09-03 17:22:17.503","789493166","[PREMIUM]","8931T",2018,"GMC","GMC","15SIPU4WD","Sierra 1500","Denali","TRUCKS","Used","Used 2018 GMC Sierra 1500 Denali w/ Denali Ultimate Package",81697,"[PREMIUM]",,"Good","[PREMIUM]",31102,34302,"White Frost Tricoat","WHITE","Jet Black","BLACK","8CLDR","8-Cylinder","4 wheel drive","AUT","8-Speed Automatic","Automatic","G","Gasoline","Gas",15,20,6.2,true,5,false,true,false,,false,,,"30",71544539,"[PREMIUM]","[PREMIUM]","[PREMIUM]",2053,"[PREMIUM]",false,"PARTNER",429349,4.2,129,0,"[""NO_SALVAGE_TITLE"",""ACCIDENTS_REPORTED"",""ONE_OWNER""]","{""exterior"":[""Alloy wheels"",""Auto High-beam Headlights"",""Auto-dimming door mirrors"",""Body Color Lower Front Bumper"",""Body Color Rear Bumper w/Cornersteps"",""Bodyside moldings"",""Bumpers: body-color"",""Chrome Bodyside Moldings"",""Chrome Mirror Caps"",""Delay-off headlights"",""EZ Lift & Lower Tailgate"",""Front fog lights"",""Fully automatic headlights"",""Hard Tri-Folding Vinyl Tonneau Cover"",""Heated door mirrors"",""IntelliBeam Automatic High Beam On/Off Headlight"",""Power Folding & Adjustable Heated Outside Mirrors"",""Power door mirrors"",""Rear step bumper"",""Remote Locking Tailgate"",""Thin Profile LED Fog Lamps"",""Turn signal indicator mirrors"",""Wheel Locks (Set of 4) (LPO)"",""Wheels: 20\"" x 9\"" Bright Machined Aluminum"",""Wheels: 22\"" Aluminum w/Premium Paint""],""interior"":[""110-Volt AC Power Outlet"",""1st & 2nd Row Color-Keyed Carpeted Floor Mats"",""Active Noise Cancellation"",""Adjustable pedals"",""Air Conditioning"",""Auto-Dimming Inside Rear-View Mirror"",""Auto-dimming Rear-View mirror"",""Chrome Door Handles"",""Color-Keyed Carpeting"",""Deep-Tinted Glass"",""Driver & Front Passenger Illuminated Vanity Mirrors"",""Driver door bin"",""Driver vanity mirror"",""Dual-Zone Automatic Climate Control"",""Electric Rear-Window Defogger"",""Floor Mounted Console"",""Front Center Armrest w/Storage"",""Front Full Feature Power Reclining Bucket Seats"",""Front dual zone A/C"",""Front reading lights"",""Garage door transmitter"",""Heated & Ventilated Front Bucket Seats"",""Heated front seats"",""Heated steering wheel"",""Leather Wrapped Heated Steering Wheel"",""Manual Tilt/Telescoping Steering Column"",""Memory seat"",""Overhead console"",""Passenger door bin"",""Passenger vanity mirror"",""Perforated Leather Appointed Seat Trim"",""Power Adjustable Pedals"",""Power Sliding Rear Window w/Defogger"",""Power Sunroof"",""Power Windows w/Driver Express Up & Down"",""Power driver seat"",""Power passenger seat"",""Power windows"",""Rear 60/40 Folding Bench Seat (Folds Up)"",""Rear reading lights"",""Rear seat center armrest"",""Rear window defroster"",""Split folding rear seat"",""Steering Wheel Audio Controls"",""Steering wheel mounted audio controls"",""Tachometer"",""Telescoping steering wheel"",""Tilt steering wheel"",""Trip computer"",""Universal Home Remote"",""Variably intermittent wipers"",""Ventilated front seats"",""Voltmeter""],""mechanical"":[""2-Speed Active Electronic AutoTrac Transfer Case"",""4-Wheel Disc Brakes"",""Adaptive suspension"",""Front wheel independent suspension"",""MagneRide Magnetic Ride Control Suspension"",""Power steering"",""Speed-sensing steering""],""other"":[""150 Amp Alternator"",""6\"" Rectangular Chromed Tubular Assist Steps"",""8\"" Multi-Color Customizable Driver Display"",""Chrome Recovery Hooks"",""Denali Ultimate Package"",""Enhanced Driver Alert Package"",""Forward Collision Alert"",""Front Frame-Mounted Black Recovery Hooks"",""Front anti-roll bar"",""GMC 4G LTE"",""GMC Connected Access"",""Illuminated entry"",""Low Speed Forward Automatic Braking"",""Outside temperature display"",""Polished Exhaust Tip"",""Preferred Equipment Group 5SA"",""Rear Wheelhouse Liners"",""Trailering Equipment"",""Tri-Mode Power Steps"",""Wireless Charging""],""safety"":[""ABS brakes"",""Brake assist"",""Dual front impact airbags"",""Dual front side impact airbags"",""Electronic Stability Control"",""Lane Keep Assist"",""Low tire pressure warning"",""Occupant sensing airbag"",""Overhead airbag"",""Panic alarm"",""Security system"",""Theft Deterrent System (Unauthorized Entry)"",""Traction control""],""technology"":[""7 Speakers"",""AM/FM radio: SiriusXM"",""Automatic temperature control"",""Bose Speaker System"",""CD player"",""Compass"",""Exterior Parking Camera Rear"",""HD Radio"",""Integrated Trailer Brake Controller"",""Navigation System"",""OnStar & GMC Connected Services Capable"",""Premium audio system: GMC Infotainment System"",""Radio data system"",""Radio: AM/FM/GMC Infotainment & Navigation"",""Remote Keyless Entry"",""Remote Vehicle Starter System"",""Remote keyless entry"",""Single Slot CD/MP3 Player"",""SiriusXM Satellite Radio"",""Speed control"",""Ultrasonic Front & Rear Park Assist""]}",139,"This 2018 GMC Sierra 1500 Denali delivers premium truck capability with commanding presence and refined comfort. Finished in striking White Frost Tricoat, this four-wheel-drive powerhouse combines performance with luxury features that set it apart from standard trucks. With approximately 82,000 miles, this Denali Ultimate Package model showcases well-maintained condition and solid value.<br><br>- EcoTec3 6.2L V8 engine with 8-speed automatic transmission<br>- Denali Ultimate Package with premium appointments<br>- All-terrain P285/45R22 blackwall tires on 22-inch aluminum wheels<br>- Heated and ventilated perforated leather front bucket seats<br>- Bose premium audio system with GMC Infotainment and Navigation<br>- MagneRide magnetic ride control suspension<br>- Dual-zone automatic climate control with power windows<br>- Remote vehicle starter and keyless entry<br>- Power sunroof and rear sliding window with defogger<br><br>This Sierra shines with attention to detail throughout. The cabin features power-adjustable pedals, memory seat settings, and a leather-wrapped heated steering wheel. Technology includes the GMC 4G LTE connected services, OnStar capability, and an integrated trailer brake controller. Exterior highlights include tri-mode power steps, heated power-folding mirrors, and chrome accents that enhance its upscale appearance. The truck is equipped with multiple safety systems including electronic stability control, forward collision alert, lane keep assist, and ultrasonic parking assist.<br><br>Come experience this truck's commanding road presence and refined interior for yourself. Contact us to schedule a test drive and discover why this Sierra Denali stands as the premium choice.<br><br>Thank you for taking the time to look at this 2018 GMC Sierra 1500 Denali. For more information on this vehicle please contact us at  .","[PREMIUM]",15,"1110 CLAIRTON BLVD","Pittsburgh","PA","15236","[PREMIUM]"
"788690914","2026-09-03 16:38:31.936","2026-09-16 19:56:10.302","788690914","[PREMIUM]","P3673",2018,"DODGE","Dodge","CHALLENGER","Challenger","R/T Plus","COUPE","Third-Party Certified","Used 2018 Dodge Challenger R/T Plus",61111,"[PREMIUM]",,,"[PREMIUM]",22228,24478,"Pitch Black Clearcoat","BLACK","Black","BLACK","8CLDR","8-Cylinder","2 wheel drive - rear","AUT","8-Speed Automatic","Automatic","G","Gasoline","Gas",,,5.7,true,28,false,false,false,,false,,,"30",554231,"[PREMIUM]","[PREMIUM]","[PREMIUM]",2240,"[PREMIUM]",false,"PARTNER",431275,4.7,596,0,"[""NO_SALVAGE_TITLE"",""NO_ACCIDENTS_REPORTED"",""ONE_OWNER""]","{""exterior"":[""20\"" x 8.0\"" Aluminum Wheels"",""Alloy wheels"",""Black Fuel Filler Door"",""Black Grille w/Bezel"",""Bumpers: body-color"",""Challenger Script Grille Badge"",""Delay-off headlights"",""Front fog lights"",""Fully automatic headlights"",""Heated door mirrors"",""Power door mirrors"",""Rear Black Spoiler"",""Spoiler"",""Wheels: 20\"" x 8.0\"" Premium Painted Aluminum"",""Wheels: 20\"" x 9.0\"" Forged/Painted Aluminum""],""interior"":[""Air Conditioning"",""Anti-whiplash front head restraints"",""Auto-dimming Rear-View mirror"",""Driver door bin"",""Driver vanity mirror"",""Front Bucket Seats"",""Front Center Armrest"",""Front dual zone A/C"",""Front reading lights"",""Heated Front Seats"",""Heated Steering Wheel"",""Houndstooth Cloth Sport Seats"",""Leather Shift Knob"",""Leather Trim Seats"",""Overhead console"",""Passenger door bin"",""Passenger vanity mirror"",""Power Tilt/Telescope Steering Column"",""Power driver seat"",""Power windows"",""Rear reading lights"",""Rear seat center armrest"",""Rear window defroster"",""Shaker Dodge Premium Floor Mats"",""Split folding rear seat"",""Steering wheel mounted audio controls"",""Tachometer"",""Telescoping steering wheel"",""Tilt steering wheel"",""Trip computer"",""Universal Garage Door Opener"",""Variably intermittent wipers"",""Ventilated Front Seats""],""mechanical"":[""4-Wheel Disc Brakes"",""Four wheel independent suspension"",""Performance Steering"",""Power steering"",""Speed-sensing steering"",""Sport Suspension""],""other"":[""276 Watt Amplifier"",""AUX)"",""Apple CarPlay"",""Apple CarPlay/Android Auto"",""Bright Pedals"",""Clean Car Fax"",""Dodge Performance Pages"",""Door Trim Panel w/Ambient Lighting"",""Front anti-roll bar"",""GPS Antenna Input"",""Google Android Auto"",""High Performance Suspension"",""High Speed Engine Controller"",""Illuminated entry"",""MOPAR Shaker Hood"",""MOPAR Shaker Intake"",""Nappa/Alcantara Performance Seats"",""One Owner"",""Outside temperature display"",""Performance Handling Group"",""Quick Order Package 28S R/T Plus Shaker"",""Rear anti-roll bar"",""Rhombi 2-Pc Wheel Center Cap"",""Shaker Graphics"",""Shaker Package"",""Steering Wheel Mounted Shift Control"",""Super Track Pak"",""USB Host Flip"",""Underhood Shaker Decal""],""safety"":[""4-Wheel Anti-lock Performance Disc Brakes"",""ABS brakes"",""Black Brake Calipers"",""Brake assist"",""Dual front impact airbags"",""Dual front side impact airbags"",""Electronic Stability Control"",""Low tire pressure warning"",""Overhead airbag"",""Panic alarm"",""Red Brake Calipers"",""Security system"",""Traction control""],""technology"":[""6 Speakers"",""AM/FM radio"",""Automatic temperature control"",""Compass"",""HD Radio"",""Integrated Voice Command w/Bluetooth"",""Media Hub (2 USB"",""ParkSense Rear Park Assist System"",""ParkView Rear Back-Up Camera"",""Radio data system"",""Radio: Uconnect 4 w/7\"" Display"",""Radio: Uconnect 4C Nav w/8.4\"" Display"",""Radio: Uconnect 4C w/8.4\"" Display"",""Remote keyless entry"",""Shark Fin Antenna"",""SiriusXM Satellite Radio"",""Speed control""]}",113,"2018 Dodge Challenger R/T Pitch Black Clearcoat One Owner, Clean Car Fax, 20 x 8.0 Aluminum Wheels, 276 Watt Amplifier, 4-Wheel Anti-lock Performance Disc Brakes, Black Brake Calipers, Front fog lights, HD Radio, Heated Front Seats, Heated Steering Wheel, High Performance Suspension, Leather Trim Seats, MOPAR Shaker Hood, Nappa/Alcantara Performance Seats, ParkSense Rear Park Assist System, Performance Handling Group, Performance Steering, Quick Order Package 28S R/T Plus Shaker, Radio: Uconnect 4C w/8.4 Display, Rear Black Spoiler, Red Brake Calipers, Rhombi 2-Pc Wheel Center Cap, Shaker Graphics, Shaker Package, SiriusXM Satellite Radio, Sport Suspension, Steering Wheel Mounted Shift Control, Super Track Pak, Universal Garage Door Opener, Ventilated Front Seats. Certified. CARFAX One-Owner.<br>Certification Program Details: Ford Blue Advantage: Blue Certified<br>* 139 Point Inspection<br>* Transferable Warranty<br>* Vehicle History<br>* Warranty Deductible: $100<br>* Roadside Assistance<br>* Limited Warranty: 3 Month/4,000 Mile (whichever comes first) after new car warranty expires or from certified purchase date<br>* and 11,000 FordPass Rewards Points to use toward first maintenance visit<br>Clean CARFAX.","[PREMIUM]",12,"591 S DuPont Highway","Dover","DE","19901","[PREMIUM]"
"789205483","2026-09-03 14:38:30.916","2026-09-16 19:55:59.180","789205483","[PREMIUM]","11015A",2018,"RAM","RAM","RM2500","2500","SLT","TRUCKS","Used","Used 2018 RAM 2500 SLT w/ Black Appearance Group",111468,"[PREMIUM]",,"Great","[PREMIUM]",30571,33671,"Brilliant Black Crystal Pearlc","BLACK","Diesel Gray/Black","GRAY","6CLDR","6-Cylinder Turbo","4 wheel drive","AUT","6-Speed Automatic","Automatic","D","Diesel","Gas",,,6.7,false,22,false,false,true,,false,,,"30",100003386,"[PREMIUM]","[PREMIUM]","[PREMIUM]",758,"[PREMIUM]",false,"PARTNER",434730,4.3,139,1,"[""NO_SALVAGE_TITLE"",""ACCIDENTS_REPORTED"",""ONE_OWNER""]","{""exterior"":[""Auto-Dimming Exterior Mirrors"",""BLACK APPEARANCE GROUP"",""Black MIC Exterior Mirrors"",""Bumpers: chrome"",""Delay-off headlights"",""Exterior Mirrors w/Heating Element"",""Exterior Mirrors w/Supplemental Signals"",""Front Fog Lamps"",""Fully automatic headlights"",""Heated door mirrors"",""Hemi Badge"",""Locking Tailgate"",""Power Folding Mirrors"",""Power Heated Fold-Away Mirrors"",""Power door mirrors"",""Rear step bumper"",""Trailer Tow Mirrors"",""Wheels: 20\"" x 8.0\"" Black Painted Aluminum""],""interior"":[""115V Auxiliary Power Outlet"",""40/20/40 Split Bench Seat"",""Air Conditioning"",""Air Conditioning ATC w/Dual Zone Control"",""Auto-Dimming Rear-View Mirror"",""Bucket Seats"",""CTR Stop Lamp w/Cargo View Camera"",""Cloth 40/20/40 Bench Seat"",""Cloth Bucket Seats"",""Driver door bin"",""Electroluminescent Instrument Cluster"",""Folding Flat Load Floor Storage"",""Front Armrest w/Cupholders"",""Front Center Armrest w/Storage"",""Front reading lights"",""Full Length Upgraded Floor Console"",""Glove Box Lamp"",""HEATED SEATS AND STEERING WHEEL"",""Heated Seats"",""High Back Seats"",""Instrument Panel Premium Bezel"",""Leather Wrapped Steering Wheel"",""Overhead Console w/Garage Door Opener"",""Overhead console"",""POWER SLIDING REAR WINDOW"",""Passenger door bin"",""Passenger vanity mirror"",""Power 10-Way Driver Seat"",""Power Adjust 10-Way Driver Seat"",""Power Lumbar Adjust"",""Power windows"",""Premium Cloth Bucket Seats"",""Rear 60/40 Split Folding Seat"",""Rear Power Sliding Window"",""Rear seat center armrest"",""Steering Wheel Mounted Audio Controls"",""Sun Visors w/Illuminated Vanity Mirrors"",""Tachometer"",""Tilt steering wheel"",""Trip computer"",""Universal Garage Door Opener"",""Variably intermittent wipers"",""Vendor Painted Cargo Box Tracking"",""Voltmeter""],""mechanical"":[""4-Wheel Disc Brakes"",""CUMMINS DIESEL"",""Next Generation Engine Controller"",""Power steering""],""other"":[""220 Amp Alternator"",""APPLE CARPLAY/ANDROID AUTO"",""ASK ABOUT OUR EASY ONLINE BUYING PROCESS"",""AUX)"",""Apple CarPlay"",""Audio Streaming"",""Black Exterior Mirrors"",""Center Hub"",""Electronically Controlled Throttle"",""Exterior Mirrors Courtesy Lamps"",""For Details Visit DriveUconnect.com"",""Front anti-roll bar"",""GPS Antenna Input"",""Google Android Auto"",""Heavy Duty Snow Plow Prep Group"",""INVENTORY IS MOVING FAST PLEASE CONTACT A MEMBER OF OUR TEAM TO VERIFY AVAILIBILITY"",""Illuminated entry"",""LED Bed Lighting"",""Luxury Group"",""Manual Adjust Seats"",""Outside temperature display"",""PAYING TOP DOLLAR FOR TRADES"",""Power Folding Black Trailer Tow Mirrors"",""Protection Group"",""Quick Order Package 2FG SLT"",""Rear Dome w/On/Off Switch Lamp"",""Tip Start"",""USB Charging"",""USB Host Flip"",""Wheels: 18\"" x 8.0\"" Steel Chrome Clad""],""safety"":[""ABS brakes"",""Brake assist"",""Dual front impact airbags"",""Dual front side impact airbags"",""Electronic Stability Control"",""Low tire pressure warning"",""Occupant sensing airbag"",""Overhead airbag"",""Panic alarm"",""Traction control""],""technology"":[""**BLUETOOTH**"",""6 Speakers"",""8.4\"" Touchscreen Display"",""AM/FM radio: SiriusXM"",""Back-Up Camera"",""Charge Only Remote USB Port"",""Compass"",""HD Radio"",""Integrated Center Stack Radio"",""Integrated Voice Command w/Bluetooth"",""Media Hub (2 USB"",""ParkSense Rear Park Assist System"",""ParkView Rear Back-Up Camera"",""REMOTE START"",""Radio data system"",""Radio: Uconnect 3 w/5\"" Display"",""Radio: Uconnect 4C w/8.4\"" Display"",""Remote Start System"",""Remote keyless entry"",""SiriusXM Satellite Radio"",""Speed control"",""Touch Screen Display"",""Voice Command""]}",129,"This 2018 Ram 2500 SLT combines workhorse capability with modern comfort. Built on the legendary Cummins 6.7L turbodiesel platform, this 4WD truck delivers the reliability professionals demand. With connectivity features like Apple CarPlay, Android Auto, and Bluetooth integration, you stay connected whether you're on the job or heading home.<br><br>- Cummins 6.7L turbodiesel with 6-speed automatic transmission<br>- Apple CarPlay and Android Auto smartphone integration<br>- Heated seats and heated steering wheel<br>- Power sliding rear window<br>- Remote start system<br>- 8.4 touchscreen display with Uconnect 4C<br>- ParkView rear back-up camera with ParkSense park assist<br>- SiriusXM satellite radio with HD Radio<br>- Black appearance group<br>- 20 black painted aluminum wheels<br><br>This truck presents well and runs strong. The comprehensive Luxury Group and Heavy Duty Snow Plow Prep Group add both refinement and capability. Quality inside and out makes this Ram 2500 SLT ready to work or play.<br><br>Contact our team today to schedule your test drive and experience what this diesel powerhouse can do for you.<br><br>Price transparency, Get the best deal from the people and prices you can trust. Fast and Easy Finance Process. Get the deal done your way at Don Nester Auto Group, online over the phone or in person, our staff is trained to give you the best possible buying experience. Open . #nobodybeatsnester.","[PREMIUM]",24,"7566 West Houghton Lake Drive","Houghton Lake","MI","48629","[PREMIUM]"
"789955186","2026-09-03 14:38:30.796","2026-09-03 14:38:30.796","789955186","[PREMIUM]","65935A",2018,"FORD","Ford","F150PICKUP","F150","Lariat","TRUCKS","Used","Used 2018 Ford F150 Lariat w/ Equipment Group 502A Luxury",80282,"[PREMIUM]",,,"[PREMIUM]",,,"White Platinum Clearcoat Metal","WHITE","Gray","GRAY","6CLDR","6-Cylinder Turbo","4 wheel drive","AUT","10-Speed Automatic","Automatic","G","Gasoline","Gas",19,24,3.5,false,0,false,true,false,,false,,,"30",24641284,"[PREMIUM]","[PREMIUM]","[PREMIUM]",3905,"[PREMIUM]",false,"PARTNER",,,,1,"[""NO_SALVAGE_TITLE"",""NO_FRAME_DAMAGE"",""NO_FLOOD_WATER_DAMAGE"",""NO_ACCIDENTS_REPORTED"",""NO_ONE_OWNER"",""FREE_REPORT""]","{""exterior"":[""18\"" Machined-Aluminum Wheels"",""Alloy wheels"",""Auto-dimming door mirrors"",""Automatic High Beam w/Rain-Sensing Wipers"",""Bumpers: chrome"",""Chrome 2-Bar Grille w/4 Minor Bars"",""Chrome Door & Tailgate Handles w/Body-Color Bezel"",""Chrome Skull Caps on Exterior Mirrors"",""Class IV Trailer Hitch Receiver"",""Delay-off headlights"",""Front fog lights"",""Fully automatic headlights"",""Heated door mirrors"",""LED Sideview Mirror Spotlights"",""Power Glass Sideview Mirr w/Chrome Skull Caps"",""Power door mirrors"",""Rear step bumper"",""Single-Tip Chrome Exhaust"",""Tailgate Step w/Tailgate Lift Assist"",""Turn signal indicator mirrors"",""Wheel Well Liner (Pre-Installed)"",""Wheels: 20\"" Chrome-Like PVD"",""Windshield Wiper De-Icer""],""interior"":[""110V/400W Outlet"",""2nd Row Heated Seats"",""Adjustable pedals"",""Air Conditioning"",""All-Weather Rubber Floor Mats"",""Auto-dimming Rear-View mirror"",""Driver door bin"",""Driver vanity mirror"",""Front Center Armrest w/Storage"",""Front dual zone A/C"",""Front reading lights"",""Heated Steering Wheel"",""Heated and Cooled Seats"",""Leather-Trimmed 40/20/40 Front Seat"",""Leather-Trimmed Bucket Seats"",""Memory seat"",""Overhead console"",""Passenger door bin"",""Passenger vanity mirror"",""Pedal memory"",""Power Tilt/Telescoping Steering Column w/Memory"",""Power driver seat"",""Power passenger seat"",""Power windows"",""Rear reading lights"",""Rear seat center armrest"",""Rear window defroster"",""Split folding rear seat"",""Steering wheel mounted audio controls"",""Tachometer"",""Telescoping steering wheel"",""Tilt steering wheel"",""Trip computer"",""Universal Garage Door Opener"",""Variably intermittent wipers"",""Ventilated front seats"",""Voltmeter""],""mechanical"":[""3.31 Axle Ratio"",""4-Wheel Disc Brakes"",""Electronic Locking w/3.31 Axle Ratio"",""Front wheel independent suspension"",""Higher-Capacity Radiator"",""Power steering"",""Speed-sensing steering"",""Trailer Tow Package"",""Upgraded Front Stabilizer Bar""],""other"":[""(Must finance with Ford Motor Credit to receive online pricing - see dealer for details.)  Proudly"",""050 lbs Payload Package"",""AppLink/Apple CarPlay and Android Auto"",""Chrome Angular Step Bars"",""Equipment Group 502A Luxury"",""Front anti-roll bar"",""GVWR: 7"",""Higher-Power Cooling Fans"",""Illuminated entry"",""Lariat Chrome Appearance Package"",""Outside temperature display"",""Pro Trailer Backup Assist"",""Quad Beam LED Headlamps & LED Taillamps/Fog Lamps"",""Remote Start System w/Remote Tailgate Release"",""SYNC 3"",""SYNC Connect"",""Wheels: 18\"" Chrome-Like PVD""],""safety"":[""ABS brakes"",""BLIS Blind Spot Information System"",""Brake assist"",""Dual front impact airbags"",""Dual front side impact airbags"",""Electronic Stability Control"",""Emergency communication system: SYNC 3 911 Assist"",""Low tire pressure warning"",""Occupant sensing airbag"",""Overhead airbag"",""Panic alarm"",""Security system"",""Traction control""],""technology"":[""7 Speakers"",""AM/FM radio: SiriusXM"",""Automatic temperature control"",""CD player"",""Compass"",""Cruise Control"",""Integrated Trailer Brake Controller"",""Radio data system"",""Radio: B&O Play Premium Audio System"",""Radio: Single-CD/SiriusXM w/7 Speakers"",""Rearview Camera"",""Remote keyless entry"",""Reverse Sensing System"",""Voice-Activated Touchscreen Navigation System""]}",113,"This 2018 Ford F-150 Lariat combines capability and comfort with a 3.5L V6 EcoBoost engine paired with a 10-speed automatic transmission and 4WD, delivering 17 city and 23 highway MPG. With 80,282 miles, this white truck has been well-maintained and remains ready for work or weekend adventures. The Lariat trim offers premium features and refined styling that set it apart.<br><br>- B&amp;O Play Premium Audio System<br>- Quad Beam LED Headlamps with LED Taillamps and Fog Lamps<br>- Leather-Trimmed Bucket Seats with Heated 2nd Row Seating<br>- Pro Trailer Backup Assist with Class IV Trailer Hitch Receiver<br>- SYNC Connect with Voice-Activated Navigation and Remote Start<br>- Blind Spot Information System (BLIS)<br>- Power Tilt/Telescoping Steering Column with Memory<br>- Chrome Appearance Package with Step Bars and Tailgate Handles<br>- Trailer Tow Package with Higher-Capacity Radiator<br>- Heated Steering Wheel and Reverse Sensing System<br><br>This truck is Ford Blue Certified, meaning it has passed a comprehensive 139-point inspection and comes with roadside assistance, a $100 warranty deductible, a transferable 3-month/4,000-mile limited warranty, vehicle history report, and 11,000 FordPass Rewards Points toward your first maintenance visit. Ford Blue Certified vehicles include both Ford and non-Ford makes as part of the Ford Blue Advantage Program, giving you access to diverse quality used vehicles.<br><br>The F-150 Lariat delivers the durability and features you need to tackle any task. Visit us today to experience this exceptional truck firsthand and explore financing options tailored to your needs.","[PREMIUM]",10,"301 E. 20th Street","Chattanooga","TN","37408","[PREMIUM]"
"789927785","2026-09-03 12:38:30.355","2026-09-16 19:56:10.309","789927785","[PREMIUM]","92365A",2018,"CHEV","Chevrolet","CHEV150","Silverado 1500","LTZ Z71","TRUCKS","Used","Used 2018 Chevrolet Silverado 1500 LTZ Z71 w/ LTZ Plus Package",63774,"[PREMIUM]",,"Good","[PREMIUM]",30340,33140,"Cajun Red Tintcoat","RED","Jet Black","BLACK","8CLDR","8-Cylinder","4 wheel drive","AUT","8-Speed Automatic","Automatic","G","Gasoline","Gas",15,20,5.3,true,14,true,false,false,,false,,,"30",574558,"[PREMIUM]","[PREMIUM]","[PREMIUM]",5028,"[PREMIUM]",false,"PARTNER",431012,4.3,227,0,"[""NO_SALVAGE_TITLE"",""NO_FRAME_DAMAGE"",""NO_FLOOD_WATER_DAMAGE"",""ACCIDENTS_REPORTED"",""ONE_OWNER"",""FREE_REPORT""]","{""exterior"":[""Alloy wheels"",""Auto-dimming door mirrors"",""Body Color Rear Bumper w/Cornersteps"",""Body-Color Grille Surround"",""Bodyside moldings"",""Bumpers: body-color"",""Chrome Bodyside Moldings"",""Chrome Cap Power-Adjustable Heated Outside Mirrors"",""Chrome Mirror Caps"",""Delay-off headlights"",""EZ Lift & Lower Tailgate"",""Front Body-Color Bumper"",""Front Chrome Bumper"",""Front fog lights"",""Fully automatic headlights"",""Heated door mirrors"",""IntelliBeam Automatic High Beam On/Off Headlight"",""Power door mirrors"",""Rear Chrome Bumper"",""Rear step bumper"",""Remote Locking Tailgate"",""Spray-On Pickup Box Bed Liner"",""Thin Profile LED Fog Lamps"",""Turn signal indicator mirrors"",""Wheel Locks (Set of 4) (LPO)""],""interior"":[""110-Volt AC Power Outlet"",""40/20/40 Front Split Bench Seat"",""8-Way Power  Driver Seat Adjuster"",""Air Conditioning"",""All-Weather Floor Liner (LPO)"",""Auto-Dimming Inside Rear-View Mirror"",""Auto-dimming Rear-View mirror"",""Chrome Door Handles"",""Color-Keyed Carpeting w/Rubberized Vinyl Floor Mats"",""Deep-Tinted Glass"",""Driver & Front Passenger Illuminated Vanity Mirrors"",""Driver door bin"",""Driver vanity mirror"",""Dual-Zone Automatic Climate Control"",""Electric Rear-Window Defogger"",""Floor Mounted Console"",""Front Center Armrest w/Storage"",""Front Full Feature Power Reclining Bucket Seats"",""Front dual zone A/C"",""Front reading lights"",""Garage door transmitter"",""Heated & Vented Front Seating"",""Heated Driver & Front Passenger Seats"",""Heated Seats"",""Heated front seats"",""Leather Appointed Seat Trim"",""Leather Wrapped Heated Steering Wheel"",""Manual Tilt/Telescoping Steering Column"",""Memory seat"",""Overhead console"",""Passenger door bin"",""Passenger vanity mirror"",""Power Adjustable Pedals"",""Power Sliding Rear Window"",""Power Sunroof"",""Power Sunroof / Moonroof"",""Power Windows w/Driver Express Up"",""Power driver seat"",""Power passenger seat"",""Power windows"",""Rear 60/40 Folding Bench Seat (Folds Up)"",""Rear reading lights"",""Rear seat center armrest"",""Rear window defroster"",""Split folding rear seat"",""Steering Wheel Audio Controls"",""Steering wheel mounted audio controls"",""Tachometer"",""Telescoping steering wheel"",""Tilt steering wheel"",""Trip computer"",""Universal Home Remote"",""Variably intermittent wipers"",""Voltmeter""],""mechanical"":[""3.42 Rear Axle Ratio"",""4-Wheel Disc Brakes"",""Auxiliary External Transmission Oil Cooler"",""Front wheel independent suspension"",""Power steering"",""Speed-sensing steering"",""Trailering Package""],""other"":[""150 Amp Alternator"",""Bluetoothᆴ For Phone"",""Body-Color Headlamp Bezels"",""Chevrolet Connected Access"",""Chevrolet w/4G LTE"",""Enhanced Driver Alert Package"",""Forward Collision Alert"",""Front Frame-Mounted Black Recovery Hooks"",""Front anti-roll bar"",""Heavy-Duty Rear Locking Differential"",""Illuminated entry"",""Interior Driver Assist Handle (LPO)"",""LED Cargo Box Lighting"",""LED Taillamps w/Signature"",""LTZ Plus Package"",""Leather Wrapped Steering Wheel w/Cruise Controls"",""Local Trade"",""Low Speed Forward Automatic Braking"",""ONE-OWNER Clean CARFAX"",""Outside temperature display"",""Preferred Equipment Group 2LZ"",""Rear Wheelhouse Liners"",""Sold New at Shaheen Chevrolet""],""safety"":[""ABS brakes"",""Brake assist"",""Dual front impact airbags"",""Dual front side impact airbags"",""Electronic Stability Control"",""Lane Keep Assist"",""Low tire pressure warning"",""Occupant sensing airbag"",""Overhead airbag"",""Panic alarm"",""Security system"",""Theft Deterrent System (Unauthorized Entry)"",""Traction control""],""technology"":[""4.2\"" Diagonal Color Display Driver Info Center"",""6 Speakers"",""AM/FM radio: SiriusXM"",""Automatic temperature control"",""Bluetooth For Your Phone"",""Bose Audio  System"",""Bose Speaker System"",""CD player"",""Compass"",""Exterior Parking Camera Rear"",""HD Radio"",""Hill Descent Control"",""OnStar & Chevrolet Connected Services Capable"",""Premium audio system: Chevrolet MyLink"",""Radio data system"",""Radio: AM/FM 8\"" Diagonal Color Touch Screen"",""Remote Keyless Entry"",""Remote Vehicle Starter System"",""Remote keyless entry"",""Single Slot CD/MP3 Player"",""SiriusXM Satellite Radio"",""Speed control"",""Ultrasonic Front & Rear Park Assist""]}",145,"Cajun Red Tintcoat 2018 Chevrolet Silverado 1500 LTZ 2LZ 4WD 8-Speed Automatic with Overdrive EcoTec3 5.3L V8 ONE-OWNER Clean CARFAX, Sold New at Shaheen Chevrolet, Local Trade, Power Sunroof / Moonroof, Heated Seats, 110-Volt AC Power Outlet, 150 Amp Alternator, 4.2&quot; Diagonal Color Display Driver Info Center, 8-Way Power Driver Seat Adjuster, Auto-Dimming Inside Rear-View Mirror, Auxiliary External Transmission Oil Cooler, Bluetooth? For Phone, Body Color Rear Bumper w/Cornersteps, Body-Color Grille Surround, Body-Color Headlamp Bezels, Bose Audio System, Chrome Bodyside Moldings, Chrome Cap Power-Adjustable Heated Outside Mirrors, Chrome Door Handles, Chrome Mirror Caps, Color-Keyed Carpeting w/Rubberized Vinyl Floor Mats, Deep-Tinted Glass, Driver &amp; Front Passenger Illuminated Vanity Mirrors, Dual-Zone Automatic Climate Control, Enhanced Driver Alert Package, EZ Lift &amp; Lower Tailgate, Forward Collision Alert, Front Body-Color Bumper, Front Chrome Bumper, Front Frame-Mounted Black Recovery Hooks, HD Radio, Heavy-Duty Rear Locking Differential, Hill Descent Control, IntelliBeam Automatic High Beam On/Off Headlight, Lane Keep Assist, Leather Wrapped Heated Steering Wheel, Leather Wrapped Steering Wheel w/Cruise Controls, LED Taillamps w/Signature, Low Speed Forward Automatic Braking, LTZ Plus Package, Manual Tilt/Telescoping Steering Column, OnStar &amp; Chevrolet Connected Services Capable, Power Adjustable Pedals, Power Sliding Rear Window, Power Windows w/Driver Express Up, Preferred Equipment Group 2LZ, Rear 60/40 Folding Bench Seat (Folds Up), Rear Chrome Bumper, Rear Wheelhouse Liners, Remote Keyless Entry, Remote Locking Tailgate, Remote Vehicle Starter System, Single Slot CD/MP3 Player, Spray-On Pickup Box Bed Liner, Steering Wheel Audio Controls, Theft Deterrent System (Unauthorized Entry), Thin Profile LED Fog Lamps, Trailering Package, Ultrasonic Front &amp; Rear Park Assist, Universal Home Remote.<br><br>Odometer is 37615 miles below market average!<br><br>Awards:<br>  * 2018 KBB.com 10 Most Awarded Brands","[PREMIUM]",41,"632 American Rd","Lansing","MI","48911","[PREMIUM]"
"788954812","2026-09-03 12:38:30.345","2026-09-10 15:17:58.990","788954812","[PREMIUM]","35268",2018,"FORD","Ford","F150PICKUP","F150","Platinum","TRUCKS","Certified","Certified 2018 Ford F150 Platinum w/ Equipment Group 701A Luxury",79284,"[PREMIUM]",,"Great","[PREMIUM]",32560,35660,"White Platinum Clearcoat Metal","WHITE","Dark Marsala","BROWN","6CLDR","6-Cylinder Turbo","4 wheel drive","AUT","10-Speed Automatic","Automatic","G","Gasoline","Gas",16,22,3.5,true,19,false,false,false,,false,,,"30",75435435,"[PREMIUM]","[PREMIUM]","[PREMIUM]",1904,"[PREMIUM]",false,"PARTNER",430473,4.4,317,0,"[""NO_SALVAGE_TITLE"",""ACCIDENTS_REPORTED"",""ONE_OWNER""]","{""exterior"":[""20\"" Polished Aluminum Wheels"",""Alloy wheels"",""Auto High-beam Headlights"",""Auto-dimming door mirrors"",""Bumpers: body-color"",""Class IV Trailer Hitch Receiver"",""Delay-off headlights"",""Front fog lights"",""Fully automatic headlights"",""Heated door mirrors"",""Power door mirrors"",""Rear step bumper"",""Tailgate Step w/Tailgate Lift Assist"",""Telescoping Power Glass Trailer Tow Mirrors w/Heat"",""Turn signal indicator mirrors""],""interior"":[""Adjustable pedals"",""Air Conditioning"",""Auto-dimming Rear-View mirror"",""Driver door bin"",""Driver vanity mirror"",""Front Bucket Seats"",""Front Center Armrest"",""Front dual zone A/C"",""Front reading lights"",""Garage door transmitter"",""Genuine wood door panel insert"",""Heated front seats"",""Heated rear seats"",""Heated steering wheel"",""LEATHER HEATED SEATS"",""LEATHER SEATS"",""Memory seat"",""Overhead console"",""Passenger door bin"",""Passenger vanity mirror"",""Pedal memory"",""Power driver seat"",""Power passenger seat"",""Power windows"",""Rear reading lights"",""Rear seat center armrest"",""Rear window defroster"",""Split folding rear seat"",""Steering wheel memory"",""Steering wheel mounted audio controls"",""Tachometer"",""Telescoping steering wheel"",""Tilt steering wheel"",""Trip computer"",""Twin Panel Moonroof"",""Variably intermittent wipers"",""Ventilated front seats"",""Voltmeter""],""mechanical"":[""4-Wheel Disc Brakes"",""Electronic Locking w/3.55 Axle Ratio"",""Front wheel independent suspension"",""Higher-Capacity Radiator"",""Max Trailer Tow Package"",""Off-Road Tuned Front Shock Absorbers"",""Power steering"",""Speed-sensing steering"",""Upgraded Front Stabilizer Bar""],""other"":[""000 lbs Payload Package"",""1 OWNER AUTOCHECK"",""4x4 FX4 Off-Road Bodyside Decal"",""AppLink/Apple CarPlay and Android Auto"",""Auto tilt-away steering wheel"",""Black Unique Multi-Contour Leather Bucket Seats"",""CLEAN AUTOCHECK"",""Clean Carfax"",""Equipment Group 701A Luxury"",""Extended Range 36 Gallon Fuel Tank"",""FORD CERTIFIED"",""FORD CERTIFIED !!!"",""FX4 Off-Road Package"",""Front License Plate Bracket"",""Front anti-roll bar"",""GVWR: 7"",""Higher-Power Cooling Fans"",""Illuminated entry"",""LOW MILES"",""Outside temperature display"",""Pro Trailer Backup Assist"",""SYNC 3"",""Technology Package""],""safety"":[""ABS brakes"",""Brake assist"",""Dual front impact airbags"",""Dual front side impact airbags"",""Electronic Stability Control"",""Emergency communication system: SYNC 3 911 Assist"",""Lane-Keeping System"",""Low tire pressure warning"",""Occupant sensing airbag"",""Overhead airbag"",""Panic alarm"",""Security system"",""Traction control""],""technology"":[""10 Speakers"",""AM/FM radio: SiriusXM"",""Active Park Assist"",""Adaptive Cruise Control"",""Automatic temperature control"",""BACK UP CAMERA"",""CD player"",""Compass"",""Exterior Parking Camera Rear"",""Hill Descent Control"",""Integrated Trailer Brake Controller"",""Navigation System"",""Radio data system"",""Radio: B&O Play Premium Audio System"",""Rain sensing wipers"",""Rear Parking Sensors"",""Remote keyless entry"",""Speed control"",""Voice-Activated Touchscreen Navigation System""]}",117,"LEATHER HEATED SEATS, BACK UP CAMERA, 1 OWNER AUTOCHECK, CLEAN AUTOCHECK, LOW MILES, FORD CERTIFIED, LEATHER SEATS, FORD CERTIFIED !!!, Clean Carfax, 4WD, 20 Polished Aluminum Wheels, 4x4 FX4 Off-Road Bodyside Decal, Active Park Assist, Adaptive Cruise Control, Class IV Trailer Hitch Receiver, Electronic Locking w/3.55 Axle Ratio, Equipment Group 701A Luxury, Extended Range 36 Gallon Fuel Tank, FX4 Off-Road Package, Garage door transmitter, GVWR: 7,000 lbs Payload Package, Heated front seats, Heated rear seats, Heated steering wheel, Higher-Capacity Radiator, Higher-Power Cooling Fans, Hill Descent Control, Integrated Trailer Brake Controller, Lane-Keeping System, Max Trailer Tow Package, Memory seat, Off-Road Tuned Front Shock Absorbers, Pedal memory, Pro Trailer Backup Assist, SYNC 3, Tailgate Step w/Tailgate Lift Assist, Technology Package, Twin Panel Moonroof, Upgraded Front Stabilizer Bar, Ventilated front seats. Certified. White Platinum Clearcoat Metallic 2018 Ford F-150 Platinum 4WD 10-Speed Automatic 3.5L V6 EcoBoost<br><br>Odometer is 27425 miles below market average!<br><br>Ford Blue Certified Details:<br><br>* Transferable Warranty<br>* Vehicle History<br>* Warranty Deductible: $100<br>* 139 Point Inspection<br>* Limited Warranty: 3 Month/4,000 Mile (whichever comes first) after new car warranty expires or from certified purchase date<br>* Roadside Assistance<br>* And 11,000 FordPass Rewards Points to use toward first maintenance visit. Blue Certified Vehicles can be Ford and Non-Ford Makes and Models, So You Can Find a Variety of Certified Used Vehicles, Including SUV's, Trucks and Commercial Vehicles as Part of the Ford Blue Advantage Program<br><br><br>Awards:<br>* 2018 KBB.com 10 Most Awarded Brands * 2018 KBB.com Brand Image Awards<br>LOWEST TAX RATE IN THE STATE @ 6.25%. Selling and Servicing vehicles in Sandwich, Plano, Yorkville, Oswego, Naperville, Plainfield, Joliet, DeKalb, Elburn, St. Charles, Geneva, Batavia, Somonauk, Leland, Earlville, Mendota, Shorewood, Channahon, Aurora, North Aurora, Lisle, Ottawa, Dixon, Sterling, LaSalle, Peru, Rockford and Sugar Grove for over 4 Decades.","[PREMIUM]",45,"12950 East US 34","Plano","IL","60545","[PREMIUM]"
"788306945","2026-09-03 12:38:30.277","2026-09-03 12:38:30.277","788306945","[PREMIUM]","370581",2018,"GMC","GMC","15SIPU4WD","Sierra 1500","Denali","TRUCKS","Used","Used 2018 GMC Sierra 1500 Denali w/ Denali Ultimate Package",94088,"[PREMIUM]",,"Good","[PREMIUM]",29750,32950,"Onyx Black","BLACK","Jet Black","BLACK","8CLDR","8-Cylinder","4 wheel drive","AUT","8-Speed Automatic","Automatic","G","Gasoline","Gas",15,20,6.2,true,19,false,false,false,,false,,,"30",624845,"[PREMIUM]","[PREMIUM]","[PREMIUM]",309,"[PREMIUM]",false,"PARTNER",429350,4.2,129,0,"[""NO_SALVAGE_TITLE"",""ACCIDENTS_REPORTED"",""NO_ONE_OWNER""]","{""exterior"":[""Body side moldings: chrome"",""Front bumper color: body-color"",""Front fog lights: LED"",""Pickup bed liner: spray-on"",""Rear bumper color: body-color"",""Running board color: chrome"",""Running boards"",""Side mirror adjustments: power / power folding"",""Taillights: LED""],""interior"":[""Adjustable pedals: power"",""Air filtration"",""Armrests: rear center folding with storage"",""Center console: front console with armrest and storage"",""Clock"",""Cupholders: front / rear"",""Door handle color: chrome"",""Driver seat: heated / ventilated"",""Floor mat material: carpet"",""Floor material: carpet"",""Floor mats: front / rear"",""Front air conditioning zones: dual"",""Front air conditioning: automatic climate control"",""Front seat type: bucket"",""Gauge: oil pressure / tachometer"",""Heated steering wheel"",""One-touch windows: 4"",""Passenger seat: heated / ventilated"",""Power outlet(s): 115V / 12V front"",""Power windows: lockout button"",""Reading lights: front"",""Rear seat fo"",""Steering wheel mounted controls: audio / cruise control / multi-function"",""Steering wheel trim: leather"",""Steering wheel: tilt and telescopic"",""Storage: door pockets / front seatback"",""Universal remote transmitter: garage door opener"",""Vanity mirrors: dual illuminating""],""mechanical"":[""4WD selector: electronic hi-lo"",""4WD type: part time w/ on demand setting"",""Auxiliary oil cooler"",""Auxiliary transmission fluid cooler"",""Power brakes"",""Power steering: electric""],""other"":[""Alternator: 150 amps"",""Ambient lighting"",""Assist handle: front / rear"",""Automatic emergency braking: front"",""Auxiliary audio input: Bluetooth / iPod/iPhone / jack / USB"",""Battery rating: 720 CCA"",""Battery saver"",""Battery: heavy duty / maintenance-free"",""Bumper detail: rear integrated corner step"",""Camera system: rearview"",""Capless fuel filler system"",""Check rear seat reminder"",""Cylinder deactivation"",""Digital odometer"",""Driver seat power adjustments: 12 / 4-way power lumbar / height / reclining"",""Exhaust tip color: chrome"",""Exterior entry lights: approach lamps / puddle lamps"",""External temperature display"",""Front brake type: ventilated disc"",""Front headrests: 2 / adjustable"",""Fuel economy display: MPG / range"",""Grille color: chrome / chrome surround"",""Headlights: auto delay off / auto high beam dimmer / auto on/off / LED"",""Infotainment: IntelliLink"",""Lane deviation sensors"",""Locking differential: rear"",""Memorized settings: 2 driver / adjustable pedals / driver seat / side mirrors"",""Mirror color: chrome"",""Multi-function remote: keyless entry / panic alarm"",""Passenger seat power adjustments: 12 / 4-way power lumbar / height / reclining"",""Pickup bed light: LED"",""Pre-collision warning system: audible warning / vibrating driver seat / visual warning"",""Programmable safety key"",""Rear brake type: ventilated disc"",""Rear headrests: 2 / adjustable"",""Rearview mirror: auto-dimming"",""Remote engine start/cabin preconditioning"",""Side mirrors: driver side auto-dimming / heated / integrated turn signals"",""Tailgate: lift assist / power locking / removable"",""Trip odometer""],""safety"":[""ABS: 4-wheel"",""Airbag deactivation: occupant sensing passenger"",""Braking assist"",""Child safety door locks"",""Child seat anchors: LATCH system"",""Daytime running lights: LED"",""Electronic brakeforce distribution"",""Emergency locking retractors: front"",""Front airbags: dual"",""Front seatbelts: 3-point"",""Lane keeping assist"",""Rear seatbelts: 3-point"",""Seatbelt pretensioners: front"",""Seatbelt warning sensor: front"",""Side airbags: front"",""Side curtain airbags: front / rear""],""technology"":[""Antenna type: diversity / mast"",""Compass"",""Cruise control"",""In-Dash CD: MP3 Playback / single disc"",""Infotainment screen size: 8 in."",""Internet radio app: Pandora"",""Multi-function display"",""Parking sensors: front / rear"",""Premium brand: Bose"",""Radio data system"",""Radio: AM/FM / HD radio / touch screen display / voice operated"",""Rearview monitor: in dash"",""Satellite radio: SiriusXM"",""Speed sensitive volume control"",""Subwoofer: 1"",""Total speakers: 6""]}",115,"Experience power and refinement with this 2018 GMC Sierra 1500 Denali, equipped with a robust EcoTec3 6.2L V8 engine delivering 420 horsepower and 460 ft-lbs of torque. Finished in sleek Onyx Black exterior paint, complemented by Jet Black interior, this truck offers a commanding presence on the road.<br><br>Factory features include advanced noise control technology to ensure a quiet cabin experience, enhancing comfort during every drive. The Tri-Mode Power Steps provide convenient access to the cabin, automatically extending and retracting for ease of use. A Power Sunroof allows for an open, airy feel inside the vehicle. This Sierra rides on 20-inch polished aluminum wheels, adding a touch of sophistication to its rugged look.<br><br>Inside, expect premium materials and thoughtful design throughout the spacious cabin, with modern infotainment and connectivity options standard for a seamless driving experience. Fuel efficiency is rated at 15 MPG in the city and 20 MPG on the highway.<br><br>This 2018 GMC Sierra 1500 Denali is in excellent overall condition, combining performance, comfort, and style suitable for a variety of driving needs.<br><br>Passed a Comprehensive 100+ Point Safety Inspection<br>Buy with confidence! This vehicle has been locally sourced, fully reconditioned, and carefully inspected to ensure it s ready for its next owner. See dealer for complete guarantee details.<br><br>INSTALLED FEATURES: Air filtration, Front air conditioning: automatic climate control, Front air conditioning zones: dual, Airbag deactivation: occupant sensing passenger, Front airbags: dual, Side airbags: front, Side curtain airbags: front / rear, Antenna type: diversity / mast, Auxiliary audio input: Bluetooth / iPod/iPhone / jack / USB, In-Dash CD: MP3 Playback / single disc, Internet radio app: Pandora, Premium brand: Bose, Radio: AM/FM / HD radio / touch screen display / voice operated, Radio data system, Satellite radio: SiriusXM, Speed sensitive volume control","[PREMIUM]",27,"8 Delsea Dr N","Glassboro","NJ","08028","[PREMIUM]"
"789830058","2026-09-03 12:38:30.254","2026-09-16 15:19:17.608","789830058","[PREMIUM]","270099",2027,"CHEV","Chevrolet","EQUINOX","Equinox","LT","SUV","New","New 2027 Chevrolet Equinox LT w/ LPO, Floor Liner Package",99,"[PREMIUM]",33370,,"[PREMIUM]",31100,32700,"Sterling Gray Metallic","GRAY","Black","BLACK","4CLDR","4-Cylinder Turbo","All wheel drive","AUT","8-Speed Automatic","Automatic","G","Gasoline","Gas",25,29,1.5,false,15,false,false,false,,false,,,"30",72571491,"[PREMIUM]","[PREMIUM]","[PREMIUM]",3037,"[PREMIUM]",false,"PARTNER",481436,3.3,17,,"[""NO_SALVAGE_TITLE"",""NO_ACCIDENTS_REPORTED""]","{""exterior"":[""Alloy wheels"",""Auto High-beam Headlights"",""Bumpers: body-color"",""Delay-off headlights"",""Fully automatic headlights"",""Heated door mirrors"",""Power door mirrors"",""Rear window wiper"",""Spoiler""],""interior"":[""Air Conditioning"",""All-Weather Floor Liners"",""Cargo Mat"",""Cloth Seat Trim"",""Driver door bin"",""Driver vanity mirror"",""Front Bucket Seats"",""Front Center Armrest"",""Front reading lights"",""HEATED SEATS - HEATED STEERING WHEEL"",""Heated Driver and Front Passenger Seats"",""Heated front seats"",""Heated steering wheel"",""Overhead console"",""Passenger door bin"",""Passenger vanity mirror"",""Power windows"",""Rear reading lights"",""Rear seat center armrest"",""Rear window defroster"",""Split folding rear seat"",""Steering wheel mounted audio controls"",""Tachometer"",""Telescoping steering wheel"",""Tilt steering wheel"",""Trip computer"",""Variably intermittent wipers""],""mechanical"":[""3.47 Final Drive Axle Ratio"",""4-Wheel Disc Brakes"",""Four wheel independent suspension"",""Power steering"",""Speed-sensing steering""],""other"":[""5G Vehicle Connectivity"",""Driver 6-Way Manual Seat Adjuster"",""Emergency communication system: OnStar and Chevrolet connected services capable"",""Floor Liner Package"",""Front Passenger 4-Way Manual Seat Adjuster"",""Front anti-roll bar"",""High Infotainment"",""Illuminated entry"",""Outside temperature display"",""Preferred Equipment Group 2LT"",""Premium audio system: Chevrolet Infotainment 3"",""Radio: 11.3\"" Diagonal Advanced Color LCD Display"",""Rear anti-roll bar"",""Second Row All-Weather Mat"",""SiriusXM with 360L Trial Subscription"",""Wheels: 17\"" Grazen Metallic Machined-Face Aluminum"",""Wireless Apple CarPlay/Wireless Android Auto""],""safety"":[""ABS brakes"",""Brake assist"",""Dual front impact airbags"",""Dual front side impact airbags"",""Electronic Stability Control"",""Low tire pressure warning"",""Occupant sensing airbag"",""Overhead airbag"",""Panic alarm"",""Security system"",""Traction control""],""technology"":[""6 Speakers"",""AM/FM radio: SiriusXM"",""Compass"",""Navigation System"",""Radio data system"",""Remote keyless entry"",""Speed control""]}",76,"2027 Sterling Gray Metallic Chevrolet Equinox LT AWD 1.5L DOHC This Chevrolet Equinox has many features and is well equipped including, HEATED SEATS - HEATED STEERING WHEEL.<br><br>25/29 City/Highway MPG<br><br>DISCLAIMER: - PLEASE READ -<br><br>Sales Tax, License and title fees, and registration are in addition to the advertised price. Final price may differ based on program eligibility and residency requirements. Some rebates and discounts may not be eligible with special finance or GM finance promotions. You may contact a Serpentini Sales Associate for further questions prior to your visit or to confirm with us any details that may affect your purchase. ***OUT OF STATE RESIDENTS ARE RESPONSIBLE FOR THE PASSING/FAILING OF OTHER STATES INSPECTIONS. WE HAVE NO KNOWLEDGE OF OTHER STATES INSPECTION REQUIREMENTS. ****","[PREMIUM]",23,"2810 BISHOP RD","Willoughby Hills","OH","44092","[PREMIUM]"
"789007955","2026-09-03 12:38:30.235","2026-09-07 19:54:16.421","789007955","[PREMIUM]","T5233AA",2018,"LEXUS","Lexus","RX350","RX 350","AWD","SUV","Used","Used 2018 Lexus RX 350 AWD w/ Luxury Package",60812,"[PREMIUM]",,,"[PREMIUM]",,,"Eminent White Pearl","WHITE","Parchment","UNAVAIL","6CLDR","6-Cylinder","All wheel drive","AUT","8-Speed Automatic","Automatic","G","Gasoline","Gas",19,26,3.5,true,15,false,false,false,,false,,,"30",55008759,"[PREMIUM]","[PREMIUM]","[PREMIUM]",2333,"[PREMIUM]",false,"PARTNER",432169,,,0,"[""NO_SALVAGE_TITLE"",""NO_ACCIDENTS_REPORTED"",""NO_ONE_OWNER""]","{""exterior"":[""Alloy wheels"",""Aluminum Wheels"",""Auto High-beam Headlights"",""Automatic Headlights"",""Automatic Highbeams"",""Bumpers: body-color"",""Delay-off headlights"",""Fog Lamps"",""Front fog lights"",""Fully automatic headlights"",""Heated Mirrors"",""Heated door mirrors"",""Integrated Turn Signal Mirrors"",""LED Headlights"",""Power Mirror(s)"",""Power door mirrors"",""Rear Spoiler"",""Rear window wiper"",""Spoiler"",""Stainless Steel Rear Bumper Protector"",""Tires - Front Performance"",""Tires - Rear Performance"",""Turn signal indicator mirrors"",""Wheels: 20\"" x 8\"" Super Chrome Machine Finished""],""interior"":[""4-Way Power Lumbar"",""A/C"",""Adjustable Steering Wheel"",""Air Conditioning"",""All-Weather Floor Liners w/Cargo Mat"",""Anti-whiplash front head restraints"",""Auto-Dimming Rearview Mirror"",""Auto-dimming Rear-View mirror"",""Bucket Seats"",""Cargo Net"",""Cargo Shade"",""Climate Control"",""Driver Adjustable Lumbar"",""Driver Illuminated Vanity Mirror"",""Driver Seat Memory w/3 Settings"",""Driver Vanity Mirror"",""Driver door bin"",""Driver vanity mirror"",""Floor Mats"",""Front Bucket Seats"",""Front Center Armrest"",""Front dual zone A/C"",""Front reading lights"",""Genuine wood console insert"",""Genuine wood door panel insert"",""Heated Hard Maple Steering Wheel"",""Illuminated Aluminum & Wood Door Trim"",""Intermittent Wipers"",""Leather Shift Knob"",""Leather Steering Wheel"",""Leather steering wheel"",""Multi-Zone A/C"",""NuLuxe Seat Trim"",""Overhead console"",""Panoramic Moonroof"",""Pass-Through Rear Seat"",""Passenger Adjustable Lumbar"",""Passenger Illuminated Visor Mirror"",""Passenger Vanity Mirror"",""Passenger door bin"",""Passenger vanity mirror"",""Power Door Locks"",""Power Driver Seat"",""Power Liftgate"",""Power Passenger Seat"",""Power Windows"",""Power driver seat"",""Power passenger seat"",""Power windows"",""Premium Synthetic Seats"",""Privacy Glass"",""Rear Armrest Storage Compartment"",""Rear Bench Seat"",""Rear Defrost"",""Rear Door Sunshades"",""Rear reading lights"",""Rear seat center armrest"",""Rear window defroster"",""Remote Trunk Release"",""Semi-Aniline Leather Seat Trim"",""Split folding rear seat"",""Steering Wheel Audio Controls"",""Steering wheel mounted audio controls"",""Tachometer"",""Telescoping steering wheel"",""Tilt steering wheel"",""Trip Computer"",""Trip computer"",""Universal Garage Door Opener"",""Variable Speed Intermittent Wipers"",""Variably intermittent wipers"",""Woodgrain Interior Trim""],""mechanical"":[""2.277 Axle Ratio"",""4-Wheel Disc Brakes"",""All Wheel Drive"",""Four wheel independent suspension"",""Power Steering"",""Power steering"",""Speed-sensing steering""],""other"":[""Black Wheel Caps"",""Cruise Control Steering Assist"",""Driver Monitoring"",""Fr>"",""Front Collision Mitigation"",""Front Illuminated Aluminum Scuff Plates"",""Front anti-roll bar"",""Illuminated entry"",""Luxury Package"",""Outside temperature display"",""Rear anti-roll bar"",""Requires Subscription"",""Smart Device Integration""],""safety"":[""ABS"",""ABS brakes"",""Daytime Running Lights"",""Driver Air Bag"",""Dual front impact airbags"",""Dual front side impact airbags"",""Electronic Stability Control"",""Emergency communication system"",""Front Side Air Bag"",""Knee airbag"",""Lane Departure Warning"",""Lane Keeping Assist"",""Low tire pressure warning"",""Occupant sensing airbag"",""Overhead airbag"",""Panic alarm"",""Passenger Air Bag"",""Rear side impact airbag"",""Security System"",""Security system"",""Stability Control"",""Temporary Spare Tire"",""Tire Pressure Monitor"",""Traction Control"",""Traction control""],""technology"":[""12.3\"" Navigation System w/Mark Levinson Audio"",""9 Speakers"",""AM/FM Stereo"",""AM/FM radio: SiriusXM"",""Active Cruise Control"",""Adaptive Cruise Control"",""Automatic temperature control"",""Auxiliary Audio Input"",""Back-Up Camera"",""Backup Monitor"",""Bluetooth Connection"",""CD Player"",""CD player"",""Compass"",""Cruise Control"",""Exterior Parking Camera Rear"",""Garage door transmitter: HomeLink"",""HD Radio"",""Hard Disk Drive Media Storage"",""Immobilizer"",""Keyless Entry"",""Keyless Start"",""MP3 Capability"",""Radio data system"",""Radio: AM/FM/CD Lexus Display Audio"",""Rain Sensing Wipers"",""Rain sensing wipers"",""Remote keyless entry"",""Satellite Radio"",""Speed control"",""Telematics""]}",172,"2018 Lexus RX 350 AWD Luxury Package<br><br>Finished in Eminent White Pearl with a Parchment semi-aniline leather interior, this exceptionally well-equipped 2018 Lexus RX 350 AWD offers the luxury, comfort, reliability, and versatility that have made the RX one of Lexus most popular SUVs.<br><br>Powered by a 3.5L V6 producing 295 horsepower and paired with an 8-speed automatic transmission and Full-Time Active Torque Control All-Wheel Drive, this RX delivers smooth, confident performance in all driving conditions.<br><br>This RX was ordered with an impressive $14,743 in factory-installed packages and accessories, bringing the original MSRP to $60,408. It features the Luxury Package with semi-aniline leather seating, 20-inch Super Chrome alloy wheels, heated wood and leather steering wheel, driver seat/steering wheel/mirror memory, rear door sunshades, illuminated scuff plates, Sapele wood with aluminum interior trim, and LED ambient lighting.<br><br>Additional premium equipment includes a panoramic moonroof, aluminum roof rails, Mark Levinson 15-speaker premium audio system, 12.3-inch navigation display, color head-up display, triple-beam LED auto-leveling headlamps, heated and ventilated front seats, Panoramic View Monitor, Blind Spot Monitor with Rear Cross-Traffic Braking, Intuitive Parking Assist, rain-sensing wipers, power rear liftgate, and the Towing Prep Package with a transmission oil cooler and heavy-duty radiator.<br><br>Original MSRP: $60,408.<br><br>Available only at Lexus of Towson, 1040 York Road, Towson, MD 21204. This vehicle is not available for dealer transfer.<br><br>Text General Manager Younes Bekkali directly at   for availability and our best pricing, or call Lexus of Towson at  .<br><br>We are transparent and do not charge hidden fees. The only additional charge is a $799 dealer processing fee, plus applicable taxes, tags, title, registration, and state fees.<br>","[PREMIUM]",31,"1040 York Rd","Towson","MD","21204","[PREMIUM]"
"789387985","2026-09-03 10:38:29.957","2026-09-16 12:30:20.284","789387985","[PREMIUM]","HT1441A",2018,"CAD","Cadillac","ESCALA","Escalade","Premium Luxury","SUV","Used","Used 2018 Cadillac Escalade Premium Luxury",76827,"[PREMIUM]",,"Great","[PREMIUM]",30060,33860,"Crystal White Tricoat","WHITE","Shale With Jet Black Accents","BEIGE","8CLDR","8-Cylinder","4 wheel drive","AUT","10-Speed Automatic","Automatic","G","Gasoline","Gas",14,21,6.2,true,20,false,false,false,,false,,,"30",72670609,"[PREMIUM]","[PREMIUM]","[PREMIUM]",1309,"[PREMIUM]",false,"PARTNER",431779,3.7,71,0,"[""NO_SALVAGE_TITLE"",""NO_ACCIDENTS_REPORTED"",""NO_ONE_OWNER""]","{""exterior"":[""Alloy wheels"",""Auto High-beam Headlights"",""Auto-dimming door mirrors"",""Automatic Headlights"",""Bodyside moldings"",""Bumpers: body-color"",""Delay-off headlights"",""Fully automatic headlights"",""Heated door mirrors"",""IntelliBeam Automatic High Beam On/Off"",""Power door mirrors"",""Rear window wiper"",""Spoiler"",""Turn signal indicator mirrors"",""Wheel Locks"",""Wheels: 22\"" x 9\"" 6-Spk Chrome Multi-Feature Design"",""Wheels: 22\"" x 9\"" 7-Spoke Aluminum w/Premium Paint""],""interior"":[""12-Way Power Front Passenger Seat Adjuster"",""1st 2nd & 3rd Row All-Weather Floor Mats (LPO)"",""2-Position Memory For Driver's Seat Adjuster"",""3rd row seats: split-bench"",""Adjustable pedals"",""Air Conditioning"",""Driver door bin"",""Driver vanity mirror"",""Electronic Powered Parking Brake"",""Front Bucket Seats"",""Front Center Armrest w/Storage"",""Front dual zone A/C"",""Front reading lights"",""Garage door transmitter"",""Heated & Cooled Front Bucket Seats"",""Heated and Cooled Seats"",""Heated front seats"",""Heated rear seats"",""Heated steering wheel"",""Illuminated Door Handles"",""Leather Seating Surfaces"",""Leather Shift Knob"",""Leather steering wheel"",""Memory seat"",""Overhead console"",""Passenger door bin"",""Passenger vanity mirror"",""Pedal memory"",""Power Liftgate"",""Power Tilt-Sliding Sunroof w/Express-Open/Close"",""Power driver seat"",""Power moonroof"",""Power passenger seat"",""Power windows"",""Rear air conditioning"",""Rear reading lights"",""Rear window defroster"",""Second Row Bucket Seats"",""Split folding rear seat"",""Steering wheel memory"",""Steering wheel mounted audio controls"",""Tachometer"",""Telescoping steering wheel"",""Tilt steering wheel"",""Trip computer"",""Variably intermittent wipers"",""Ventilated front seats""],""mechanical"":[""3.23 Axle Ratio"",""4-Wheel Disc Brakes"",""Adaptive suspension"",""Auto-leveling suspension"",""Front wheel independent suspension"",""Magnetic Ride Control Suspension"",""Power steering"",""VAC Power 17\"" Disc Brakes""],""other"":[""A/V remote"",""Adaptive Headlights"",""Android Auto"",""Apple CarPlay"",""Apple CarPlay/Android Auto"",""Auto tilt-away steering wheel"",""Automatic Safety Belt Tightening"",""Driver Assist Package"",""Emergency communication system: OnStar and Cadillac connected services capable"",""Forward Collision Alert"",""Forward/Reverse Automatic Braking"",""Front anti-roll bar"",""Illuminated entry"",""Inclination Sensor"",""Keyless Access with Push Button Start"",""Outside temperature display"",""Power-Retractable Assist Steps"",""Preferred Equipment Group 1SC"",""Rear anti-roll bar"",""Roof rack: rails only"",""Safety Alert Seat"",""Vehicle Interior Movement Sensor""],""safety"":[""ABS brakes"",""Brake assist"",""Dual front impact airbags"",""Dual front side impact airbags"",""Electronic Stability Control"",""Lane Change Alert w/Side Blind Zone Alert"",""Lane Keep Assist w/Lane Departure Warning"",""Low tire pressure warning"",""Occupant sensing airbag"",""Overhead airbag"",""Panic alarm"",""Rear Cross-Traffic Alert"",""Security system"",""Theft-Deterrent Alarm System"",""Theft-Deterrent Package"",""Traction control""],""technology"":[""16 Speakers"",""AM/FM radio: SiriusXM"",""Adaptive Full-Speed Range Cruise Control"",""Automatic temperature control"",""Backup Camera"",""Bose Centerpoint 16 Speaker Surround Sound System"",""CD player"",""Compass"",""DVD-Audio"",""Exterior Parking Camera Rear"",""HD Radio"",""Headphones"",""Heads-Up Display"",""NavTraffic"",""Navigation System"",""Radio data system"",""Radio: AM/FM Cadillac User Experience w/Nav"",""Rain sensing wipers"",""Rear Camera Mirror"",""Rear Camera Washer"",""Rear Seat Entertainment System"",""Rear audio controls"",""Reconfigurable 4-Color Head-Up Display"",""Remote Engine Starter"",""Remote keyless entry"",""SiriusXM Satellite Radio"",""Speed control"",""Touchscreen Controls""]}",138,"Clean CARFAX. Heated and Cooled Seats, Adaptive Headlights, Touchscreen Controls, Heads-Up Display, Backup Camera, Keyless Access with Push Button Start, Remote Engine Starter, Automatic Headlights, Apple CarPlay, Android Auto, Escalade Premium Luxury, 4D Sport Utility, 6.2L Variable Valve Timing V8 SIDI, 10-Speed Automatic with Overdrive, 4WD, Crystal White Tricoat, Shale With Jet Black Accents Leather, Adaptive Full-Speed Range Cruise Control, Automatic Safety Belt Tightening, Driver Assist Package, Electronic Powered Parking Brake, Forward Collision Alert, Forward/Reverse Automatic Braking, Illuminated Door Handles, Inclination Sensor, IntelliBeam Automatic High Beam On/Off, Lane Change Alert w/Side Blind Zone Alert, Lane Keep Assist w/Lane Departure Warning, Power Tilt-Sliding Sunroof w/Express-Open/Close, Preferred Equipment Group 1SC, Rear Camera Mirror, Rear Camera Washer, Rear Cross-Traffic Alert, Rear Seat Entertainment System, Reconfigurable 4-Color Head-Up Display, Safety Alert Seat, Second Row Bucket Seats, Theft-Deterrent Alarm System, Theft-Deterrent Package, VAC Power 17 Disc Brakes, Vehicle Interior Movement Sensor.<br><br>Crystal White Tricoat 2018 Cadillac Escalade Premium Luxury 4WD 4D Sport Utility 6.2L Variable Valve Timing V8 SIDI 10-Speed Automatic with Overdrive 14/21 City/Highway MPG<br><br><br>The Serra family has been helping Michiganders with their automotive needs for over 60 years. Their success is based on helping people find a great value and treating customers as friends. In addition to new Hondas and new Mazdas, Serra Brighton offers a carefully curated selection of used vehicles, exceptional service and parts departments, and the great collision repair center around. Inventory availability changes daily, so contact us at   or visit us at https://www.serrahondabrighton.com/ for the most current selection. Our sales staff is available Monday 9:00am - 6:00pm, Tuesday - Friday 9:00 am 6:00 pm; and Sat 9:00 am 3:00 pm. We are located at 8282 Grand River Ave, Brighton MI, just north of I-96 exit 145... just a short drive from Lansing, Okemos, Howell, Novi, Farmington Hills, Milford, Wixom, Hartland, Fenton, Plymouth, Northville, Canton, Ypsilanti and Ann Arbor. Come see us today!","[PREMIUM]",38,"8294 W Grand River","Brighton","MI","48114","[PREMIUM]"
"789830090","2026-09-03 10:38:29.869","2026-09-16 12:30:19.545","789830090","[PREMIUM]","270092",2027,"CHEV","Chevrolet","EQUINOX","Equinox","RS","SUV","New","New 2027 Chevrolet Equinox RS w/ LPO, Floor Liner Package",1,"[PREMIUM]",36765,,"[PREMIUM]",33900,36100,"Radiant Red Tintcoat","RED","Black With Red Accents","BLACK","4CLDR","4-Cylinder Turbo","2 wheel drive - front","AUT","8-Speed Automatic","Automatic","G","Gasoline","Gas",26,29,1.5,false,15,false,false,false,,false,,,"30",72571491,"[PREMIUM]","[PREMIUM]","[PREMIUM]",3037,"[PREMIUM]",false,"PARTNER",481426,3.3,17,,"[""NO_SALVAGE_TITLE"",""NO_ACCIDENTS_REPORTED""]","{""exterior"":[""Alloy wheels"",""Auto High-beam Headlights"",""Bumpers: body-color"",""Delay-off headlights"",""Fully automatic headlights"",""Heated door mirrors"",""Power door mirrors"",""Rear window wiper"",""Spoiler""],""interior"":[""2-Way Power Driver Lumbar Control Seat Adjuster"",""Air Conditioning"",""All-Weather Floor Liners"",""Cargo Mat"",""Driver 8-Way Power Seat Adjuster"",""Driver door bin"",""Driver vanity mirror"",""Front Bucket Seats"",""Front Center Armrest"",""Front dual zone A/C"",""Front reading lights"",""Garage door transmitter"",""Heated Driver and Front Passenger Seats"",""Heated front seats"",""Heated steering wheel"",""Overhead console"",""Passenger door bin"",""Passenger vanity mirror"",""Power Liftgate"",""Power driver seat"",""Power windows"",""Rear reading lights"",""Rear seat center armrest"",""Rear window defroster"",""Split folding rear seat"",""Sport steering wheel"",""Steering wheel mounted audio controls"",""Tachometer"",""Telescoping steering wheel"",""Tilt steering wheel"",""Trip computer"",""Variably intermittent wipers""],""mechanical"":[""3.47 Final Drive Axle Ratio"",""4-Wheel Disc Brakes"",""Four wheel independent suspension"",""Power steering"",""Speed-sensing steering""],""other"":[""5G Vehicle Connectivity"",""Emergency communication system: OnStar and Chevrolet connected services capable"",""Evotex Seat Trim"",""Floor Liner Package"",""Front Passenger 4-Way Manual Seat Adjuster"",""Front anti-roll bar"",""High Infotainment"",""Illuminated entry"",""Outside temperature display"",""Preferred Equipment Group 1RS"",""Premium audio system: Chevrolet Infotainment 3"",""RS - HEATED SEATS - HEATED STEERING WHEEL"",""Radio: 11.3\"" Diagonal Advanced Color LCD Display"",""Rear anti-roll bar"",""Second Row All-Weather Mat"",""SiriusXM with 360L Trial Subscription"",""Wheels: 19\"" Carbon Flash Metallic Aluminum"",""Wireless Apple CarPlay/Wireless Android Auto""],""safety"":[""ABS brakes"",""Brake assist"",""Dual front impact airbags"",""Dual front side impact airbags"",""Electronic Stability Control"",""Low tire pressure warning"",""Occupant sensing airbag"",""Overhead airbag"",""Panic alarm"",""Security system"",""Traction control""],""technology"":[""6 Speakers"",""AM/FM radio: SiriusXM"",""Automatic temperature control"",""Compass"",""Navigation System"",""Radio data system"",""Rain sensing wipers"",""Remote keyless entry"",""Speed control""]}",84,"2027 Radiant Red Tintcoat Chevrolet Equinox RS FWD 1.5L DOHC This Chevrolet Equinox has many features and is well equipped including, RS - HEATED SEATS - HEATED STEERING WHEEL.<br><br>25/29 City/Highway MPG<br><br>DISCLAIMER: - PLEASE READ -<br><br>Sales Tax, License and title fees, and registration are in addition to the advertised price. Final price may differ based on program eligibility and residency requirements. Some rebates and discounts may not be eligible with special finance or GM finance promotions. You may contact a Serpentini Sales Associate for further questions prior to your visit or to confirm with us any details that may affect your purchase. ***OUT OF STATE RESIDENTS ARE RESPONSIBLE FOR THE PASSING/FAILING OF OTHER STATES INSPECTIONS. WE HAVE NO KNOWLEDGE OF OTHER STATES INSPECTION REQUIREMENTS. ****","[PREMIUM]",21,"2810 BISHOP RD","Willoughby Hills","OH","44092","[PREMIUM]"
"789830085","2026-09-03 10:38:29.859","2026-09-03 10:38:29.859","789830085","[PREMIUM]","270090",2027,"CHEV","Chevrolet","EQUINOX","Equinox","LT","SUV","New","New 2027 Chevrolet Equinox LT w/ Convenience Package II",1,"[PREMIUM]",36560,,"[PREMIUM]",34300,35800,"Mosaic Black Metallic","BLACK","Black","BLACK","4CLDR","4-Cylinder Turbo","All wheel drive","AUT","8-Speed Automatic","Automatic","G","Gasoline","Gas",25,29,1.5,false,1,false,true,false,,false,,,"30",72571491,"[PREMIUM]","[PREMIUM]","[PREMIUM]",3024,"[PREMIUM]",false,"PARTNER",481436,3.3,17,,"[""NO_SALVAGE_TITLE"",""NO_ACCIDENTS_REPORTED""]","{""exterior"":[""Alloy wheels"",""Auto High-beam Headlights"",""Bumpers: body-color"",""Delay-off headlights"",""Front Fog Lamps"",""Fully automatic headlights"",""Heated Wiper Park"",""Heated door mirrors"",""Power door mirrors"",""Rear window wiper"",""Spoiler""],""interior"":[""2-Way Power Driver Lumbar Control Seat Adjuster"",""Air Conditioning"",""All-Weather Floor Liners"",""Cargo Mat"",""Cloth Seat Trim"",""Driver 8-Way Power Seat Adjuster"",""Driver door bin"",""Driver vanity mirror"",""Dual-Zone Automatic Climate Control"",""Front Bucket Seats"",""Front Center Armrest"",""Front reading lights"",""HEATED SEATS - HEATED STEERING WHEEL"",""Heated Driver and Front Passenger Seats"",""Heated front seats"",""Heated steering wheel"",""Overhead Sunglass Storage"",""Overhead console"",""Passenger door bin"",""Passenger vanity mirror"",""Power windows"",""Programmable Universal Home Remote"",""Rear reading lights"",""Rear seat center armrest"",""Rear window defroster"",""Split folding rear seat"",""Steering wheel mounted audio controls"",""Tachometer"",""Telescoping steering wheel"",""Tilt steering wheel"",""Trip computer"",""Variably intermittent wipers""],""mechanical"":[""3.47 Final Drive Axle Ratio"",""4-Wheel Disc Brakes"",""Four wheel independent suspension"",""Power steering"",""Speed-sensing steering""],""other"":[""5G Vehicle Connectivity"",""Autosense Hands-Free Programmable Power Liftgate"",""Cabin Humidity and Windshield Sensor"",""Convenience Package II"",""Driver 6-Way Manual Seat Adjuster"",""Emergency communication system: OnStar and Chevrolet connected services capable"",""Evotex Seat Trim"",""Floor Liner Package"",""Front Passenger 4-Way Manual Seat Adjuster"",""Front anti-roll bar"",""HD Surround Vision"",""High Infotainment"",""Illuminated entry"",""Interior Camera"",""Intermittent Front Rain-Sensing Wipers"",""Outside temperature display"",""Preferred Equipment Group 2LT"",""Premium audio system: Chevrolet Infotainment 3"",""Radio: 11.3\"" Diagonal Advanced Color LCD Display"",""Rear Pedestrian Alert"",""Rear anti-roll bar"",""Safety and Technology Package"",""Second Row All-Weather Mat"",""SiriusXM with 360L Trial Subscription"",""Traffic Sign Recognition"",""Wheels: 17\"" Grazen Metallic Machined-Face Aluminum"",""Wireless Apple CarPlay/Wireless Android Auto"",""Wireless Phone Charging For Portable Devices""],""safety"":[""ABS brakes"",""Brake assist"",""Dual front impact airbags"",""Dual front side impact airbags"",""Electronic Stability Control"",""Low tire pressure warning"",""Occupant sensing airbag"",""Overhead airbag"",""Panic alarm"",""Security system"",""Traction control""],""technology"":[""6 Speakers"",""AM/FM radio: SiriusXM"",""Compass"",""Navigation System"",""Radio data system"",""Rear Camera Mirror Washer"",""Remote keyless entry"",""Speed control""]}",95,"2027 Mosaic Black Metallic Chevrolet Equinox LT AWD 1.5L DOHC This Chevrolet Equinox has many features and is well equipped including, HEATED SEATS - HEATED STEERING WHEEL.<br><br>25/29 City/Highway MPG<br><br>DISCLAIMER: - PLEASE READ -<br><br>Sales Tax, License and title fees, and registration are in addition to the advertised price. Final price may differ based on program eligibility and residency requirements. Some rebates and discounts may not be eligible with special finance or GM finance promotions. You may contact a Serpentini Sales Associate for further questions prior to your visit or to confirm with us any details that may affect your purchase. ***OUT OF STATE RESIDENTS ARE RESPONSIBLE FOR THE PASSING/FAILING OF OTHER STATES INSPECTIONS. WE HAVE NO KNOWLEDGE OF OTHER STATES INSPECTION REQUIREMENTS. ****","[PREMIUM]",26,"2810 BISHOP RD","Willoughby Hills","OH","44092","[PREMIUM]"
"789517371","2026-09-03 10:38:29.846","2026-09-16 12:30:19.542","789517371","[PREMIUM]","270086",2027,"CHEV","Chevrolet","EQUINOX","Equinox","RS","SUV","New","New 2027 Chevrolet Equinox RS w/ LPO, Floor Liner Package",1,"[PREMIUM]",36270,,"[PREMIUM]",33400,35600,"Mosaic Black Metallic","BLACK","Black With Red Accents","BLACK","4CLDR","4-Cylinder Turbo","2 wheel drive - front","AUT","8-Speed Automatic","Automatic","G","Gasoline","Gas",26,29,1.5,false,19,false,false,false,,false,,,"30",72571491,"[PREMIUM]","[PREMIUM]","[PREMIUM]",3037,"[PREMIUM]",false,"PARTNER",481426,3.3,17,,"[""NO_SALVAGE_TITLE"",""NO_ACCIDENTS_REPORTED""]","{""exterior"":[""Alloy wheels"",""Auto High-beam Headlights"",""Bumpers: body-color"",""Delay-off headlights"",""Fully automatic headlights"",""Heated door mirrors"",""Power door mirrors"",""Rear window wiper"",""Spoiler""],""interior"":[""2-Way Power Driver Lumbar Control Seat Adjuster"",""Air Conditioning"",""All-Weather Floor Liners"",""Cargo Mat"",""Driver 8-Way Power Seat Adjuster"",""Driver door bin"",""Driver vanity mirror"",""Front Bucket Seats"",""Front Center Armrest"",""Front dual zone A/C"",""Front reading lights"",""Garage door transmitter"",""Heated Driver and Front Passenger Seats"",""Heated front seats"",""Heated steering wheel"",""Overhead console"",""Passenger door bin"",""Passenger vanity mirror"",""Power Liftgate"",""Power driver seat"",""Power windows"",""Rear reading lights"",""Rear seat center armrest"",""Rear window defroster"",""Split folding rear seat"",""Sport steering wheel"",""Steering wheel mounted audio controls"",""Tachometer"",""Telescoping steering wheel"",""Tilt steering wheel"",""Trip computer"",""Variably intermittent wipers""],""mechanical"":[""3.47 Final Drive Axle Ratio"",""4-Wheel Disc Brakes"",""Four wheel independent suspension"",""Power steering"",""Speed-sensing steering""],""other"":[""5G Vehicle Connectivity"",""Emergency communication system: OnStar and Chevrolet connected services capable"",""Evotex Seat Trim"",""Floor Liner Package"",""Front Passenger 4-Way Manual Seat Adjuster"",""Front anti-roll bar"",""High Infotainment"",""Illuminated entry"",""Outside temperature display"",""Preferred Equipment Group 1RS"",""Premium audio system: Chevrolet Infotainment 3"",""RS - HEATED SEATS - HEATED STEERING"",""Radio: 11.3\"" Diagonal Advanced Color LCD Display"",""Rear anti-roll bar"",""Second Row All-Weather Mat"",""SiriusXM with 360L Trial Subscription"",""Wheels: 19\"" Carbon Flash Metallic Aluminum"",""Wireless Apple CarPlay/Wireless Android Auto""],""safety"":[""ABS brakes"",""Brake assist"",""Dual front impact airbags"",""Dual front side impact airbags"",""Electronic Stability Control"",""Low tire pressure warning"",""Occupant sensing airbag"",""Overhead airbag"",""Panic alarm"",""Security system"",""Traction control""],""technology"":[""6 Speakers"",""AM/FM radio: SiriusXM"",""Automatic temperature control"",""Compass"",""Navigation System"",""Radio data system"",""Rain sensing wipers"",""Remote keyless entry"",""Speed control""]}",84,"2027 Mosaic Black Metallic Chevrolet Equinox RS FWD 1.5L DOHC This Chevrolet Equinox has many features and is well equipped including, RS - HEATED SEATS - HEATED STEERING.<br><br>25/29 City/Highway MPG<br><br>DISCLAIMER: - PLEASE READ -<br><br>Sales Tax, License and title fees, and registration are in addition to the advertised price. Final price may differ based on program eligibility and residency requirements. Some rebates and discounts may not be eligible with special finance or GM finance promotions. You may contact a Serpentini Sales Associate for further questions prior to your visit or to confirm with us any details that may affect your purchase. ***OUT OF STATE RESIDENTS ARE RESPONSIBLE FOR THE PASSING/FAILING OF OTHER STATES INSPECTIONS. WE HAVE NO KNOWLEDGE OF OTHER STATES INSPECTION REQUIREMENTS. ****","[PREMIUM]",19,"2810 BISHOP RD","Willoughby Hills","OH","44092","[PREMIUM]"
"789413905","2026-09-03 10:38:29.830","2026-09-03 10:38:29.830","789413905","[PREMIUM]","M27001",2027,"MIT","Mitsubishi","OUTLANDSPT","Outlander Sport","SEL","SUV","New","New 2027 Mitsubishi Outlander Sport SEL",5,"[PREMIUM]",32720,,"[PREMIUM]",0,0,"Mercury Gray Metallic","GRAY","Black","BLACK","4CLDR","4-Cylinder","4 wheel drive","AUT","Continuously Variable Automatic","Automatic","G","Gasoline","Gas",23,29,2.4,true,6,false,true,false,,true,,,"30",75552219,"[PREMIUM]","[PREMIUM]","[PREMIUM]",175,"[PREMIUM]",false,"PARTNER",0,,,,,"{""exterior"":[""Body-Colored Power Heated Side Mirrors w/Power Folding and Turn Signal Indicator"",""Body-Colored Rear Bumper w/Black Rub Strip/Fascia Accent"",""Chrome Side Windows Trim"",""Chrome grille"",""Front Fog Lamps"",""Liftgate Rear Cargo Access"",""Rocker Panel Extensions and Black Wheel Well Trim"",""Single Stainless Steel Exhaust"",""Tires: 225/55R18 All-Season"",""Wheels: 18 2-Tone Alloy""],""interior"":[""1 Seatback Storage Pocket"",""2 12V DC Power Outlets"",""60-40 Folding Bench Front Facing Fold Forward Seatback Rear Seat"",""Air Filtration"",""Auto Locking Hubs"",""Body-Colored Door Handles"",""Cargo Area Concealed Storage"",""Cargo Space Lights"",""Cruise Control w/Steering Wheel Controls"",""Day-Night Auto-Dimming Rearview Mirror"",""Deep Tinted Glass"",""Driver And Passenger Door Bins"",""Driver And Passenger Visor Vanity Mirrors w/Driver And Passenger Illumination"",""Driver Seat"",""Front Center Armrest and Rear Center Armrest"",""Front Cupholder"",""Front Map Lights"",""Full Cloth Headliner"",""Full Floor Console w/Covered Storage Mini Overhead Console and 2 12V DC Power Outlets"",""HVAC -inc: Underseat Ducts"",""Illuminated glove box"",""Interior Trim -inc: Piano Black Instrument Panel Insert Metal-Look Door Panel Insert Piano Black Console Insert and Chrome/Metal-Look Interior Accents"",""Leather/Piano Black Steering Wheel"",""Manual Adjustable Front Head Restraints and Manual Adjustable Rear Head Restraints"",""Manual Tilt/Telescoping Steering Column"",""Passenger Seat"",""Rear Cupholder"",""Vinyl Door Trim Insert""],""mechanical"":[""6.03 Axle Ratio"",""Electric Power-Assist Speed-Sensing Steering"",""Electronic Transfer Case"",""Multi-Link Rear Suspension w/Coil Springs"",""Part And Full-Time Four-Wheel Drive"",""Strut Front Suspension w/Coil Springs"",""Transmission w/Driver Selectable Mode""],""other"":[""130 amp alternator"",""15.8 Gal. Fuel Tank"",""4-Wheel Disc Brakes w/4-Wheel ABS Front Vented Discs Brake Assist and Hill Hold Control"",""4343# Gvwr"",""Auto On/Off Reflector Led Low/High Beam Daytime Running Auto High-Beam Headlamps w/Delay-Off"",""Automatic Air Conditioning"",""Battery w/Run Down Protection"",""Body-Colored Front Bumper w/Black Rub Strip/Fascia Accent and Chrome Bumper Insert"",""Collision Mitigation-Front"",""Composite/Galvanized Steel Panels"",""Delayed Accessory Power"",""Digital/Analog Appearance"",""Driver foot rest"",""Engine: 2.4L MIVEC DOHC 4-Cylinder"",""Fixed Rear Window w/Wiper and Defroster"",""Forward Collision Mitigation (FCM)"",""Front And Rear Anti-Roll Bars"",""Gas-Pressurized Shock Absorbers"",""Headlights-Automatic Highbeams"",""Heated Front Bucket Seats -inc: 4-way power adjustable driver seat and 4-way adjustable passenger seat"",""LED Brakelights"",""Lane Change Assist (LCA) Blind Spot"",""Leather Gear Shifter Material"",""Outside Temp Gauge"",""Perimeter/Approach Lights"",""Rain Detecting Variable Intermittent Wipers"",""Rear Carpet Floor Trim"",""Remote Releases -Inc: Mechanical Fuel"",""Seats w/Leatherette Back Material"",""Transmission: Continuously Variable (CVT) -inc: 8-step sport mode and drive mode selector""],""safety"":[""Airbag Occupancy Sensor"",""Compact Spare Tire Mounted Inside Under Cargo"",""Curtain 1st And 2nd Row Airbags"",""Driver knee airbag"",""Dual Stage Driver And Passenger Front Airbags"",""Dual Stage Driver And Passenger Seat-Mounted Side Airbags"",""Lane Departure Warning (LDW) Lane Departure Warning"",""Low Tire Pressure Warning"",""Outboard Front Lap And Shoulder Safety Belts -inc: Rear Center 3 Point Height Adjusters and Pretensioners"",""Perimeter Alarm"",""Rear Cross Traffic Alert (RCTA)"",""Rear child safety locks"",""Side Impact Beams"",""Steel Spare Wheel""],""technology"":[""2 LCD Monitors In The Front"",""6 Speakers"",""Back-Up Camera"",""Driver Information Center"",""HomeLink Garage Door Transmitter"",""Immobilizer"",""Integrated Roof Antenna""]}",96,"This New 2027 Mitsubishi Outlander Sport SEL, is Mercury Gray Metallic in color with a Black interior. Stock Number M27001. You can connect with us by calling  . Important Package and Feature Information BaseWelcome Package ($215 value)Floor Mat SetTouch-Up PaintSEL PackageSEL Badge Safety and Security Forward collision mitigation - Forward thinking. You look away for just a second and suddenly the vehicle in front of you has stopped. That's when the forward collision mitigation system comes to life. When it senses an impending impact, it will activate a combination of features to help prevent or reduce the severity of an accident. Forward collision mitigation is always looking ahead. Pedestrian impact prevention - An extra step toward safety. Pedestrians don't always stop, look, and listen, but with Pedestrian Impact Prevention, your vehicle is equipped to better see them and avoid them. This system constantly monitors the road ahead to identify and track pedestrians. It projects that image to an interior display screen, AND should an impact become likely, Pedestrian impact prevention takes steps to avoid a collision. Rear camera - Watching your back! The rear camera helps you see obstacles and hazards you otherwise couldn't by showing enhanced images of what is behind you. The rear camera is an extra set of eyes that's both convenient and safe. Brake assist - Stop right there. Something jumps out into the middle of the road and you need to stop now! With brake assist, you will. It uses the speed of the brake pedals travel to sense panic braking, then applies all available power to boost your stopping power. Brake assist can stop the accident before it is one.Technology and Telematics Smart device mirroring - Smartphone, meet smart car. You can control your device through your vehicle's infotainment system. Smart device mirroring brings together safety and convenience by making it easier to find what you're looking for while keeping your eyes on the road. At Sheridan Mitsubishi, were here to Serve you! Our staff is 100% dedicated to customer satisfaction and we understand that you need clear, transparent information throughout the car buying process. With our live market pricing philosophy, we offer the right cars at the right price, and the transparency to back it up! FINANCING OPTIONS: Take advantage of our attractive low-rate financing options. Our access to various Credit Unions and National Banks can provide financing for most credit levels. We can tailor a finance package to fit your needs. To get started, complete our secure online credit application.","[PREMIUM]",32,"100 S DUPONT HWY","New Castle","DE","19720","[PREMIUM]"
"789620929","2026-09-03 10:38:29.827","2026-09-16 19:55:15.253","789620929","[PREMIUM]","K00967",2018,"CAD","Cadillac","CADCT6","CT6","Luxury","SEDAN","Certified","Certified 2018 Cadillac CT6 Luxury",49176,"[PREMIUM]",,"Good","[PREMIUM]",27270,30170,"Black Raven","BLACK","Jet Black","BLACK","6CLDR","6-Cylinder","All wheel drive","AUT","8-Speed Automatic","Automatic","G","Gasoline","Gas",18,27,3.6,true,18,false,false,true,,false,,,"30",100003694,"[PREMIUM]","[PREMIUM]","[PREMIUM]",,"[PREMIUM]",false,"PARTNER",428802,4.2,32,0,"[""NO_SALVAGE_TITLE"",""NO_ACCIDENTS_REPORTED"",""NO_ONE_OWNER""]","{""exterior"":[""Alloy wheels"",""Auto High-beam Headlights"",""Auto-dimming door mirrors"",""Bumpers: body-color"",""Delay-off headlights"",""Fully automatic headlights"",""Heated Power-Adjustable Outside Mirrors"",""Heated door mirrors"",""Power door mirrors"",""Turn signal indicator mirrors"",""Wheels: 19\"" x 8.5\"" Ultra Bright Machined Aluminum""],""interior"":[""Air Conditioning"",""Auto-dimming Rear-View mirror"",""Black Frt & Rr Premium Carpeted Floor Mats (LPO)"",""Driver door bin"",""Driver vanity mirror"",""Dual Zone Automatic Climate Control"",""Front Bucket Seats"",""Front Center Armrest w/Storage"",""Front dual zone A/C"",""Front reading lights"",""Garage door transmitter"",""Genuine wood console insert"",""Genuine wood door panel insert"",""HEATED SEATS"",""Heated front seats"",""Heated steering wheel"",""Inside Rear-View Auto-Dimming Mirror"",""LEATHER"",""Leather Seating Surfaces"",""Leather Seating Surfaces w/Chevron Perf Inserts"",""Leather Shift Knob"",""Leather steering wheel"",""Memory seat"",""Passenger door bin"",""Passenger vanity mirror"",""Power driver seat"",""Power passenger seat"",""Power windows"",""Rear Window Blind"",""Rear reading lights"",""Rear seat center armrest"",""Rear window defroster"",""SUNROOF MOONROOF"",""Steering wheel memory"",""Steering wheel mounted audio controls"",""Tachometer"",""Telescoping steering wheel"",""Tilt steering wheel"",""Trip computer"",""UltraView Power Sunroof"",""Variably intermittent wipers"",""Ventilated Front Seat Cushions & Seatbacks"",""Voltmeter""],""mechanical"":[""4-Wheel Disc Brakes"",""ALL WHEEL DRIVE"",""Four wheel independent suspension"",""Power steering"",""Speed-sensing steering""],""other"":[""APPLE CAR PLAY ANDROID AUTO"",""Apple CarPlay/Android Auto"",""Auto tilt-away steering wheel"",""Cadillac 4G LTE"",""CarBravo Certified Used"",""Emergency communication system: OnStar and Cadillac connected services capable"",""Enhanced Vision & Comfort Package"",""Front anti-roll bar"",""Illuminated entry"",""LANE MONITOR ALERT"",""Outside temperature display"",""Preferred Equipment Group 1SD"",""Rear anti-roll bar""],""safety"":[""6 AIRBAGS"",""ABS brakes"",""Brake assist"",""Dual front impact airbags"",""Dual front side impact airbags"",""Electronic Stability Control"",""Knee airbag"",""Low tire pressure warning"",""Occupant sensing airbag"",""Overhead airbag"",""Panic alarm"",""Security system"",""Traction control""],""technology"":[""10 Speakers"",""AM/FM radio: SiriusXM"",""Automatic temperature control"",""BLUE TOOTH HANDS FREE"",""Bose Premium Surround Sound 10-Speaker System"",""Compass"",""Electric Automatic Cruise Control"",""NAVIGATION"",""Navigation System"",""ONSTAR"",""OnStar 1-Year Guidance Plan"",""OnStar Basic Plan For 5 Years"",""REAR BACK UP CAMERA"",""Radio data system"",""Radio: Cadillac User Experience w/Embedded Nav"",""Rain sensing wipers"",""Rear Camera Mirror Washer"",""Remote keyless entry"",""SIRIUS XM RADIO"",""SiriusXM Satellite Radio & HD Radio"",""Speed control""]}",106,"Discover the sophistication of this 2018 Cadillac CT6 3.6L Luxury, finished in elegant black with an impressive 49,176 miles. This AWD sedan combines refined performance with premium amenities, delivering an exceptional driving experience built for those who demand quality and capability.<br><br>Key Features:<br>- All Wheel Drive with 3.6L V6 SIDI engine<br>- Apple CarPlay &amp; Android Auto with Navigation<br>- Leather seating with heated front seats<br>- Sunroof/Moonroof<br>- SiriusXM satellite radio and Bose premium sound system<br>- Lane Monitor Alert<br>- Rear backup camera with OnStar connectivity<br><br>This CarBravo Certified vehicle has been thoroughly inspected and conditioned to the highest standards. The interior features premium leather upholstery with ventilated front seat cushions, while advanced safety features including six airbags and Electronic Stability Control provide peace of mind.<br><br>With 18 city and 27 highway mpg, this CT6 offers excellent fuel efficiency for a luxury sedan. We invite you to experience this outstanding vehicle in person schedule your test drive today.","[PREMIUM]",4,"3400 Route 42","Turnersville","NJ","08012","[PREMIUM]"
"789830084","2026-09-03 10:38:29.820","2026-09-16 12:30:19.542","789830084","[PREMIUM]","270093",2027,"CHEV","Chevrolet","EQUINOX","Equinox","LT","SUV","New","New 2027 Chevrolet Equinox LT w/ LPO, Floor Liner Package",1,"[PREMIUM]",33370,,"[PREMIUM]",31100,32700,"Autumn Harvest Metallic","BROWN","Black","BLACK","4CLDR","4-Cylinder Turbo","All wheel drive","AUT","8-Speed Automatic","Automatic","G","Gasoline","Gas",25,29,1.5,false,15,false,false,false,,false,,,"30",72571491,"[PREMIUM]","[PREMIUM]","[PREMIUM]",3037,"[PREMIUM]",false,"PARTNER",481436,3.3,17,,"[""NO_SALVAGE_TITLE"",""NO_ACCIDENTS_REPORTED""]","{""exterior"":[""Alloy wheels"",""Auto High-beam Headlights"",""Bumpers: body-color"",""Delay-off headlights"",""Fully automatic headlights"",""Heated door mirrors"",""Power door mirrors"",""Rear window wiper"",""Spoiler""],""interior"":[""Air Conditioning"",""All-Weather Floor Liners"",""Cargo Mat"",""Cloth Seat Trim"",""Driver door bin"",""Driver vanity mirror"",""Front Bucket Seats"",""Front Center Armrest"",""Front reading lights"",""HEATED SEATS - HEATED STEERING WHEEL"",""Heated Driver and Front Passenger Seats"",""Heated front seats"",""Heated steering wheel"",""Overhead console"",""Passenger door bin"",""Passenger vanity mirror"",""Power windows"",""Rear reading lights"",""Rear seat center armrest"",""Rear window defroster"",""Split folding rear seat"",""Steering wheel mounted audio controls"",""Tachometer"",""Telescoping steering wheel"",""Tilt steering wheel"",""Trip computer"",""Variably intermittent wipers""],""mechanical"":[""3.47 Final Drive Axle Ratio"",""4-Wheel Disc Brakes"",""Four wheel independent suspension"",""Power steering"",""Speed-sensing steering""],""other"":[""5G Vehicle Connectivity"",""Driver 6-Way Manual Seat Adjuster"",""Emergency communication system: OnStar and Chevrolet connected services capable"",""Floor Liner Package"",""Front Passenger 4-Way Manual Seat Adjuster"",""Front anti-roll bar"",""High Infotainment"",""Illuminated entry"",""Outside temperature display"",""Preferred Equipment Group 2LT"",""Premium audio system: Chevrolet Infotainment 3"",""Radio: 11.3\"" Diagonal Advanced Color LCD Display"",""Rear anti-roll bar"",""Second Row All-Weather Mat"",""SiriusXM with 360L Trial Subscription"",""Wheels: 17\"" Grazen Metallic Machined-Face Aluminum"",""Wireless Apple CarPlay/Wireless Android Auto""],""safety"":[""ABS brakes"",""Brake assist"",""Dual front impact airbags"",""Dual front side impact airbags"",""Electronic Stability Control"",""Low tire pressure warning"",""Occupant sensing airbag"",""Overhead airbag"",""Panic alarm"",""Security system"",""Traction control""],""technology"":[""6 Speakers"",""AM/FM radio: SiriusXM"",""Compass"",""Navigation System"",""Radio data system"",""Remote keyless entry"",""Speed control""]}",76,"2027 Autumn Harvest Metallic Chevrolet Equinox LT AWD 1.5L DOHC This Chevrolet Equinox has many features and is well equipped including, HEATED SEATS - HEATED STEERING WHEEL.<br><br>25/29 City/Highway MPG<br><br>DISCLAIMER: - PLEASE READ -<br><br>Sales Tax, License and title fees, and registration are in addition to the advertised price. Final price may differ based on program eligibility and residency requirements. Some rebates and discounts may not be eligible with special finance or GM finance promotions. You may contact a Serpentini Sales Associate for further questions prior to your visit or to confirm with us any details that may affect your purchase. ***OUT OF STATE RESIDENTS ARE RESPONSIBLE FOR THE PASSING/FAILING OF OTHER STATES INSPECTIONS. WE HAVE NO KNOWLEDGE OF OTHER STATES INSPECTION REQUIREMENTS. ****","[PREMIUM]",21,"2810 BISHOP RD","Willoughby Hills","OH","44092","[PREMIUM]"
"789517364","2026-09-03 08:38:29.516","2026-09-03 08:38:29.516","789517364","[PREMIUM]","270085",2027,"CHEV","Chevrolet","EQUINOX","Equinox","RS","SUV","New","New 2027 Chevrolet Equinox RS w/ LPO, Floor Liner Package",1,"[PREMIUM]",36270,,"[PREMIUM]",33100,35600,"Sterling Gray Metallic","GRAY","Black With Red Accents","BLACK","4CLDR","4-Cylinder Turbo","2 wheel drive - front","AUT","8-Speed Automatic","Automatic","G","Gasoline","Gas",26,29,1.5,false,5,false,true,false,,false,,,"30",72571491,"[PREMIUM]","[PREMIUM]","[PREMIUM]",3024,"[PREMIUM]",false,"PARTNER",481426,3.3,17,,"[""NO_SALVAGE_TITLE"",""NO_ACCIDENTS_REPORTED""]","{""exterior"":[""Alloy wheels"",""Auto High-beam Headlights"",""Bumpers: body-color"",""Delay-off headlights"",""Fully automatic headlights"",""Heated door mirrors"",""Power door mirrors"",""Rear window wiper"",""Spoiler""],""interior"":[""2-Way Power Driver Lumbar Control Seat Adjuster"",""Air Conditioning"",""All-Weather Floor Liners"",""Cargo Mat"",""Driver 8-Way Power Seat Adjuster"",""Driver door bin"",""Driver vanity mirror"",""Front Bucket Seats"",""Front Center Armrest"",""Front dual zone A/C"",""Front reading lights"",""Garage door transmitter"",""Heated Driver and Front Passenger Seats"",""Heated front seats"",""Heated steering wheel"",""Overhead console"",""Passenger door bin"",""Passenger vanity mirror"",""Power Liftgate"",""Power driver seat"",""Power windows"",""Rear reading lights"",""Rear seat center armrest"",""Rear window defroster"",""Split folding rear seat"",""Sport steering wheel"",""Steering wheel mounted audio controls"",""Tachometer"",""Telescoping steering wheel"",""Tilt steering wheel"",""Trip computer"",""Variably intermittent wipers""],""mechanical"":[""3.47 Final Drive Axle Ratio"",""4-Wheel Disc Brakes"",""Four wheel independent suspension"",""Power steering"",""Speed-sensing steering""],""other"":[""5G Vehicle Connectivity"",""Emergency communication system: OnStar and Chevrolet connected services capable"",""Evotex Seat Trim"",""Floor Liner Package"",""Front Passenger 4-Way Manual Seat Adjuster"",""Front anti-roll bar"",""High Infotainment"",""Illuminated entry"",""Outside temperature display"",""Preferred Equipment Group 1RS"",""Premium audio system: Chevrolet Infotainment 3"",""RS - HEATED SEATS  - HEATED STEERING"",""Radio: 11.3\"" Diagonal Advanced Color LCD Display"",""Rear anti-roll bar"",""Second Row All-Weather Mat"",""SiriusXM with 360L Trial Subscription"",""Wheels: 19\"" Carbon Flash Metallic Aluminum"",""Wireless Apple CarPlay/Wireless Android Auto""],""safety"":[""ABS brakes"",""Brake assist"",""Dual front impact airbags"",""Dual front side impact airbags"",""Electronic Stability Control"",""Low tire pressure warning"",""Occupant sensing airbag"",""Overhead airbag"",""Panic alarm"",""Security system"",""Traction control""],""technology"":[""6 Speakers"",""AM/FM radio: SiriusXM"",""Automatic temperature control"",""Compass"",""Navigation System"",""Radio data system"",""Rain sensing wipers"",""Remote keyless entry"",""Speed control""]}",84,"2027 Sterling Gray Metallic Chevrolet Equinox RS FWD 1.5L DOHC This Chevrolet Equinox has many features and is well equipped including, RS - HEATED SEATS - HEATED STEERING.<br><br>25/29 City/Highway MPG<br><br>DISCLAIMER: - PLEASE READ -<br><br>Sales Tax, License and title fees, and registration are in addition to the advertised price. Final price may differ based on program eligibility and residency requirements. Some rebates and discounts may not be eligible with special finance or GM finance promotions. You may contact a Serpentini Sales Associate for further questions prior to your visit or to confirm with us any details that may affect your purchase. ***OUT OF STATE RESIDENTS ARE RESPONSIBLE FOR THE PASSING/FAILING OF OTHER STATES INSPECTIONS. WE HAVE NO KNOWLEDGE OF OTHER STATES INSPECTION REQUIREMENTS. ****","[PREMIUM]",18,"2810 BISHOP RD","Willoughby Hills","OH","44092","[PREMIUM]"
"789861016","2026-09-03 08:38:29.050","2026-09-03 08:38:29.050","789861016","[PREMIUM]","005278",2027,"KIA","Kia","SPORTA","Sportage","LX","SUV","New","New 2027 Kia Sportage LX",0,"[PREMIUM]",32415,,"[PREMIUM]",31300,32300,"Gray","GRAY","Blk Clth","BLACK","HYBRD","Hybrid","2 wheel drive - front","AUT","6-Speed Automatic","Automatic","B","Hybrid Gas/Electric","Hybrid: Gas/Electric",40,42,1.6,false,1,false,true,false,,false,,,"30",64813197,"[PREMIUM]","[PREMIUM]","[PREMIUM]",5135,"[PREMIUM]",false,"PARTNER",483146,3.7,43,,,"{""exterior"":[""Alloy wheels"",""Auto High-beam Headlights"",""Bumpers: body-color"",""Delay-off headlights"",""Fully automatic headlights"",""Power door mirrors"",""Rear window wiper"",""Spoiler""],""interior"":[""Air Conditioning"",""Cloth Seat Trim"",""Driver door bin"",""Driver vanity mirror"",""Front Bucket Seats"",""Front Center Armrest"",""Front beverage holders"",""Front dual zone A/C"",""Leather steering wheel"",""Overhead console"",""Passenger door bin"",""Passenger vanity mirror"",""Power windows"",""Rear seat center armrest"",""Rear window defroster"",""Split folding rear seat"",""Steering wheel mounted audio controls"",""Tachometer"",""Telescoping steering wheel"",""Tilt steering wheel"",""Trip computer"",""Variably intermittent wipers""],""mechanical"":[""4-Wheel Disc Brakes"",""Four wheel independent suspension"",""Power steering"",""Speed-sensing steering""],""other"":[""Front anti-roll bar"",""Illuminated entry"",""Outside temperature display"",""Rear anti-roll bar"",""Wheels: 17\"" x 7J Aero Alloy""],""safety"":[""ABS brakes"",""Brake assist"",""Dual front impact airbags"",""Dual front side impact airbags"",""Electronic Stability Control"",""Emergency communication system"",""Low tire pressure warning"",""Occupant sensing airbag"",""Overhead airbag"",""Panic alarm"",""Rear side impact airbag"",""Security system"",""Traction control""],""technology"":[""6 Speakers"",""AM/FM radio: SiriusXM"",""Automatic temperature control"",""Radio: AM/FM/HD Audio System"",""Rain sensing wipers"",""Remote keyless entry"",""Speed control""]}",59,"Recent Arrival!<br><br>This 2027 Kia Sportage Hybrid LX in Gray comes with the following features: 1.6L Turbo GDI 4-Cylinder 6-Speed Automatic FWD 1.6L Turbo GDI 4-Cylinder 1.6L Turbo GDI 4-Cylinder, 4-Wheel Disc Brakes, 6 Speakers, ABS brakes, Air Conditioning, Alloy wheels, AM/FM radio: SiriusXM, Auto High-beam Headlights, Automatic temperature control, Brake assist, Bumpers: body-color, Cloth Seat Trim, Delay-off headlights, Driver door bin, Driver vanity mirror, Dual front impact airbags, Dual front side impact airbags, Electronic Stability Control, Emergency communication system, Four wheel independent suspension, Front anti-roll bar, Front Bucket Seats, Front Center Armrest, Front dual zone A/C, Fully automatic headlights, Illuminated entry, Leather steering wheel, Low tire pressure warning, Occupant sensing airbag, Outside temperature display, Overhead airbag, Overhead console, Panic alarm, Passenger door bin, Passenger vanity mirror, Power door mirrors, Power steering, Power windows, Radio: AM/FM/HD Audio System, Rain sensing wipers, Rear anti-roll bar, Rear seat center armrest, Rear side impact airbag, Rear window defroster, Rear window wiper, Remote keyless entry, Security system, Speed control, Speed-sensing steering, Split folding rear seat, Spoiler, Steering wheel mounted audio controls, Tachometer, Telescoping steering wheel, Tilt steering wheel, Traction control, Trip computer, Variably intermittent wipers, and Wheels: 17&quot; x 7J Aero Alloy.<br><br><br>40/42 City/Highway MPG","[PREMIUM]",27,"110 NE Loop 820","Hurst","TX","76053","[PREMIUM]"
"781735587","2026-09-03 08:38:29.017","2026-09-13 19:55:06.688","781735587","[PREMIUM]","V7013178",2027,"KIA","Kia","KIASELTOS","Seltos","X-Line S","SUV","New","New 2027 Kia Seltos X-Line S w/ X-Line S Premium Package",11,"[PREMIUM]",32685,,"[PREMIUM]",32000,32900,"Terrain Brown","BROWN","Black","BLACK","4CLDR","4-Cylinder","All wheel drive","AUT","Continuously Variable Automatic","Automatic","G","Gasoline","Gas",26,30,2,true,106,true,false,false,,true,,,"30",65927641,"[PREMIUM]","[PREMIUM]","[PREMIUM]",2355,"[PREMIUM]",false,"PARTNER",482306,4.2,42,,"[""NO_SALVAGE_TITLE"",""NO_ACCIDENTS_REPORTED""]","{""exterior"":[""Alloy wheels"",""Auto High-beam Headlights"",""Bumpers: body-color"",""Delay-off headlights"",""Front fog lights"",""Fully automatic headlights"",""Heated door mirrors"",""Power door mirrors"",""Rear window wiper"",""Spoiler"",""Turn signal indicator mirrors""],""interior"":[""Adjustable head restraints: driver and passenger w/tilt"",""Air Conditioning"",""Carpeted Floor Mats"",""Driver door bin"",""Driver vanity mirror"",""Dual-Zone Automatic Climate Control"",""Front Bucket Seats"",""Front Center Armrest"",""Front reading lights"",""Heated Steering Wheel"",""Heated front seats"",""Overhead console"",""Passenger door bin"",""Passenger vanity mirror"",""Power driver seat"",""Power windows"",""Rear seat center armrest"",""Rear window defroster"",""Smart Power Liftgate"",""Split folding rear seat"",""Steering wheel mounted audio controls"",""Tachometer"",""Telescoping steering wheel"",""Tilt steering wheel"",""Trip computer"",""Variably intermittent wipers""],""mechanical"":[""4-Wheel Disc Brakes"",""Four wheel independent suspension"",""Power steering"",""Speed-sensing steering""],""other"":[""Apple CarPlay & Android Auto"",""Front anti-roll bar"",""Heated Front Bucket Seats (3-Steps)"",""Illuminated entry"",""LED Reading Light"",""Outside temperature display"",""Radio: AM/FM Display Audio System"",""Rear Air Vents"",""SynTex Artificial Leather Seat Trim"",""Wheels: 18\"" x 7.0J Alloy with Gloss Black Finish"",""X-Line S Premium Package""],""safety"":[""ABS brakes"",""Brake assist"",""Dual front impact airbags"",""Dual front side impact airbags"",""Electronic Stability Control"",""Emergency communication system: 911 Connect"",""Low tire pressure warning"",""Occupant sensing airbag"",""Overhead airbag"",""Panic alarm"",""Rear side impact airbag"",""Security system"",""Traction control""],""technology"":[""6 Speakers"",""AM/FM radio: SiriusXM"",""Exterior Parking Camera Rear"",""Remote keyless entry"",""Speed control""]}",70,"Terrain Brown 2027 Kia Seltos X-Line S AWD CVT 2.0L I4 MPI<br><br>26/30 City/Highway MPG","[PREMIUM]",4,"11295 ROOSEVELT BLVD","Philadelphia","PA","19154","[PREMIUM]"
"789466097","2026-09-03 08:38:29.017","2026-09-03 08:38:29.017","789466097","[PREMIUM]","27-1042",2027,"CHEV","Chevrolet","EQUINOX","Equinox","LT","SUV","New","New 2027 Chevrolet Equinox LT w/ Convenience Package II",8,"[PREMIUM]",34359,,"[PREMIUM]",30900,33300,"Autumn","ORANGE","Artemis Gray","GRAY","4CLDR","4-Cylinder Turbo","2 wheel drive - front","AUT","8-Speed Automatic","Automatic","G","Gasoline","Gas",26,29,1.5,false,6,false,true,false,,false,,,"30",625949,"[PREMIUM]","[PREMIUM]","[PREMIUM]",2433,"[PREMIUM]",false,"PARTNER",481427,3.3,17,,,"{""exterior"":[""Alloy wheels"",""Auto High-beam Headlights"",""Bumpers: body-color"",""Delay-off headlights"",""Fully automatic headlights"",""Heated Wiper Park"",""Heated door mirrors"",""Power door mirrors"",""Rear window wiper"",""Spoiler""],""interior"":[""2-Way Power Driver Lumbar Control Seat Adjuster"",""Air Conditioning"",""All-Weather Floor Liners"",""Cargo Mat"",""Cloth Seat Trim"",""Driver 8-Way Power Seat Adjuster"",""Driver door bin"",""Driver vanity mirror"",""Dual-Zone Automatic Climate Control"",""Front Bucket Seats"",""Front Center Armrest"",""Front beverage holders"",""Front reading lights"",""Heated Driver and Front Passenger Seats"",""Heated front seats"",""Heated steering wheel"",""Overhead Sunglass Storage"",""Overhead console"",""Passenger door bin"",""Passenger vanity mirror"",""Power windows"",""Programmable Universal Home Remote"",""Rear reading lights"",""Rear seat center armrest"",""Rear window defroster"",""Split folding rear seat"",""Steering wheel mounted audio controls"",""Tachometer"",""Telescoping steering wheel"",""Tilt steering wheel"",""Trip computer"",""Variably intermittent wipers""],""mechanical"":[""3.47 Final Drive Axle Ratio"",""4-Wheel Disc Brakes"",""Four wheel independent suspension"",""Power steering"",""Speed-sensing steering""],""other"":[""3 Years SiriusXM"",""5G Vehicle Connectivity"",""Autosense Hands-Free Programmable Power Liftgate"",""Cabin Humidity and Windshield Sensor"",""Convenience Package II"",""Driver 6-Way Manual Seat Adjuster"",""Emergency communication system: OnStar and Chevrolet connected services capable"",""Evotex Seat Trim"",""Floor Liner Package"",""Front Passenger 4-Way Manual Seat Adjuster"",""Front anti-roll bar"",""High Infotainment"",""Illuminated entry"",""Intermittent Front Rain-Sensing Wipers"",""Outside temperature display"",""Preferred Equipment Group 1LT"",""Premium audio system: Chevrolet Infotainment 3"",""Radio: 11.3\"" Diagonal Advanced Color LCD Display"",""Rear anti-roll bar"",""Second Row All-Weather Mat"",""SiriusXM with 360L Trial Subscription"",""Wheels: 17\"" Grazen Metallic Machined-Face Aluminum"",""Wheels: 19\"" Black Machined-Face Aluminum"",""Wireless Apple CarPlay/Wireless Android Auto"",""Wireless Phone Charging For Portable Devices""],""safety"":[""ABS brakes"",""Brake assist"",""Dual front impact airbags"",""Dual front side impact airbags"",""Electronic Stability Control"",""Low tire pressure warning"",""Occupant sensing airbag"",""Overhead airbag"",""Panic alarm"",""Security system"",""Traction control""],""technology"":[""6 Speakers"",""AM/FM radio: SiriusXM"",""Compass"",""Navigation System"",""Radio data system"",""Remote keyless entry"",""Speed control""]}",90,"Since 1908, we've served Delmarva and its surrounding communities with outstanding sales and service as its longest-standing family-owned and operated dealer group. See why we proudly say, &quot;Nobody Beats a Burton Deal! NOBODY!&quot;<br><br>2027 Chevrolet Equinox LT","[PREMIUM]",16,"793 Bay Rd","Milford","DE","19963","[PREMIUM]"
"789517369","2026-09-03 08:38:28.990","2026-09-03 08:38:28.990","789517369","[PREMIUM]","270087",2027,"CHEV","Chevrolet","EQUINOX","Equinox","RS","SUV","New","New 2027 Chevrolet Equinox RS w/ LPO, Floor Liner Package",1,"[PREMIUM]",36270,,"[PREMIUM]",33100,35600,"Mosaic Black Metallic","BLACK","Black With Red Accents","BLACK","4CLDR","4-Cylinder Turbo","2 wheel drive - front","AUT","8-Speed Automatic","Automatic","G","Gasoline","Gas",26,29,1.5,false,5,false,true,false,,false,,,"30",72571491,"[PREMIUM]","[PREMIUM]","[PREMIUM]",3024,"[PREMIUM]",false,"PARTNER",481426,3.3,17,,"[""NO_SALVAGE_TITLE"",""NO_ACCIDENTS_REPORTED""]","{""exterior"":[""Alloy wheels"",""Auto High-beam Headlights"",""Bumpers: body-color"",""Delay-off headlights"",""Fully automatic headlights"",""Heated door mirrors"",""Power door mirrors"",""Rear window wiper"",""Spoiler""],""interior"":[""2-Way Power Driver Lumbar Control Seat Adjuster"",""Air Conditioning"",""All-Weather Floor Liners"",""Cargo Mat"",""Driver 8-Way Power Seat Adjuster"",""Driver door bin"",""Driver vanity mirror"",""Front Bucket Seats"",""Front Center Armrest"",""Front dual zone A/C"",""Front reading lights"",""Garage door transmitter"",""Heated Driver and Front Passenger Seats"",""Heated front seats"",""Heated steering wheel"",""Overhead console"",""Passenger door bin"",""Passenger vanity mirror"",""Power Liftgate"",""Power driver seat"",""Power windows"",""Rear reading lights"",""Rear seat center armrest"",""Rear window defroster"",""Split folding rear seat"",""Sport steering wheel"",""Steering wheel mounted audio controls"",""Tachometer"",""Telescoping steering wheel"",""Tilt steering wheel"",""Trip computer"",""Variably intermittent wipers""],""mechanical"":[""3.47 Final Drive Axle Ratio"",""4-Wheel Disc Brakes"",""Four wheel independent suspension"",""Power steering"",""Speed-sensing steering""],""other"":[""5G Vehicle Connectivity"",""Emergency communication system: OnStar and Chevrolet connected services capable"",""Evotex Seat Trim"",""Floor Liner Package"",""Front Passenger 4-Way Manual Seat Adjuster"",""Front anti-roll bar"",""High Infotainment"",""Illuminated entry"",""Outside temperature display"",""Preferred Equipment Group 1RS"",""Premium audio system: Chevrolet Infotainment 3"",""RS - HEATED SEATS - HEATED STEERING"",""Radio: 11.3\"" Diagonal Advanced Color LCD Display"",""Rear anti-roll bar"",""Second Row All-Weather Mat"",""SiriusXM with 360L Trial Subscription"",""Wheels: 19\"" Carbon Flash Metallic Aluminum"",""Wireless Apple CarPlay/Wireless Android Auto""],""safety"":[""ABS brakes"",""Brake assist"",""Dual front impact airbags"",""Dual front side impact airbags"",""Electronic Stability Control"",""Low tire pressure warning"",""Occupant sensing airbag"",""Overhead airbag"",""Panic alarm"",""Security system"",""Traction control""],""technology"":[""6 Speakers"",""AM/FM radio: SiriusXM"",""Automatic temperature control"",""Compass"",""Navigation System"",""Radio data system"",""Rain sensing wipers"",""Remote keyless entry"",""Speed control""]}",84,"2027 Mosaic Black Metallic Chevrolet Equinox RS FWD 1.5L DOHC This Chevrolet Equinox has many features and is well equipped including, RS - HEATED SEATS - HEATED STEERING.<br><br>25/29 City/Highway MPG<br><br>DISCLAIMER: - PLEASE READ -<br><br>Sales Tax, License and title fees, and registration are in addition to the advertised price. Final price may differ based on program eligibility and residency requirements. Some rebates and discounts may not be eligible with special finance or GM finance promotions. You may contact a Serpentini Sales Associate for further questions prior to your visit or to confirm with us any details that may affect your purchase. ***OUT OF STATE RESIDENTS ARE RESPONSIBLE FOR THE PASSING/FAILING OF OTHER STATES INSPECTIONS. WE HAVE NO KNOWLEDGE OF OTHER STATES INSPECTION REQUIREMENTS. ****","[PREMIUM]",19,"2810 BISHOP RD","Willoughby Hills","OH","44092","[PREMIUM]"
"789830086","2026-09-03 08:38:28.980","2026-09-03 08:38:28.980","789830086","[PREMIUM]","270089",2027,"CHEV","Chevrolet","EQUINOX","Equinox","LT","SUV","New","New 2027 Chevrolet Equinox LT w/ LPO, Floor Liner Package",1,"[PREMIUM]",33370,,"[PREMIUM]",31300,32700,"Mosaic Black Metallic","BLACK","Black","BLACK","4CLDR","4-Cylinder Turbo","All wheel drive","AUT","8-Speed Automatic","Automatic","G","Gasoline","Gas",25,29,1.5,false,1,false,true,false,,false,,,"30",72571491,"[PREMIUM]","[PREMIUM]","[PREMIUM]",3024,"[PREMIUM]",false,"PARTNER",481436,3.3,17,,"[""NO_SALVAGE_TITLE"",""NO_ACCIDENTS_REPORTED""]","{""exterior"":[""Alloy wheels"",""Auto High-beam Headlights"",""Bumpers: body-color"",""Delay-off headlights"",""Fully automatic headlights"",""Heated door mirrors"",""Power door mirrors"",""Rear window wiper"",""Spoiler""],""interior"":[""Air Conditioning"",""All-Weather Floor Liners"",""Cargo Mat"",""Cloth Seat Trim"",""Driver door bin"",""Driver vanity mirror"",""Front Bucket Seats"",""Front Center Armrest"",""Front reading lights"",""HEATED SEATS - HEATED STEERING WHEEL"",""Heated Driver and Front Passenger Seats"",""Heated front seats"",""Heated steering wheel"",""Overhead console"",""Passenger door bin"",""Passenger vanity mirror"",""Power windows"",""Rear reading lights"",""Rear seat center armrest"",""Rear window defroster"",""Split folding rear seat"",""Steering wheel mounted audio controls"",""Tachometer"",""Telescoping steering wheel"",""Tilt steering wheel"",""Trip computer"",""Variably intermittent wipers""],""mechanical"":[""3.47 Final Drive Axle Ratio"",""4-Wheel Disc Brakes"",""Four wheel independent suspension"",""Power steering"",""Speed-sensing steering""],""other"":[""5G Vehicle Connectivity"",""Driver 6-Way Manual Seat Adjuster"",""Emergency communication system: OnStar and Chevrolet connected services capable"",""Floor Liner Package"",""Front Passenger 4-Way Manual Seat Adjuster"",""Front anti-roll bar"",""High Infotainment"",""Illuminated entry"",""Outside temperature display"",""Preferred Equipment Group 2LT"",""Premium audio system: Chevrolet Infotainment 3"",""Radio: 11.3\"" Diagonal Advanced Color LCD Display"",""Rear anti-roll bar"",""Second Row All-Weather Mat"",""SiriusXM with 360L Trial Subscription"",""Wheels: 17\"" Grazen Metallic Machined-Face Aluminum"",""Wireless Apple CarPlay/Wireless Android Auto""],""safety"":[""ABS brakes"",""Brake assist"",""Dual front impact airbags"",""Dual front side impact airbags"",""Electronic Stability Control"",""Low tire pressure warning"",""Occupant sensing airbag"",""Overhead airbag"",""Panic alarm"",""Security system"",""Traction control""],""technology"":[""6 Speakers"",""AM/FM radio: SiriusXM"",""Compass"",""Navigation System"",""Radio data system"",""Remote keyless entry"",""Speed control""]}",76,"Priced below KBB Fair Purchase Price! 2027 Mosaic Black Metallic Chevrolet Equinox LT AWD 1.5L DOHC This Chevrolet Equinox has many features and is well equipped including, HEATED SEATS - HEATED STEERING WHEEL.<br><br>25/29 City/Highway MPG<br><br>DISCLAIMER: - PLEASE READ -<br><br>Sales Tax, License and title fees, and registration are in addition to the advertised price. Final price may differ based on program eligibility and residency requirements. Some rebates and discounts may not be eligible with special finance or GM finance promotions. You may contact a Serpentini Sales Associate for further questions prior to your visit or to confirm with us any details that may affect your purchase. ***OUT OF STATE RESIDENTS ARE RESPONSIBLE FOR THE PASSING/FAILING OF OTHER STATES INSPECTIONS. WE HAVE NO KNOWLEDGE OF OTHER STATES INSPECTION REQUIREMENTS. ****","[PREMIUM]",21,"2810 BISHOP RD","Willoughby Hills","OH","44092","[PREMIUM]"
"787481327","2026-09-03 08:38:28.940","2026-09-03 08:38:28.940","787481327","[PREMIUM]","147696",2027,"CHEV","Chevrolet","EQUINOX","Equinox","LT","SUV","New","New 2027 Chevrolet Equinox LT w/ Safety and Technology Package",5,"[PREMIUM]",34135,,"[PREMIUM]",31900,33700,"Mosaic Black Metallic","BLACK","Black","BLACK","4CLDR","4-Cylinder Turbo","All wheel drive","AUT","8-Speed Automatic","Automatic","G","Gasoline","Gas",25,29,1.5,false,28,false,false,false,,false,,,"30",100025030,"[PREMIUM]","[PREMIUM]","[PREMIUM]",1750,"[PREMIUM]",false,"PARTNER",481436,3.3,17,,,"{""exterior"":[""Alloy wheels"",""Auto High-beam Headlights"",""Bumpers: body-color"",""Delay-off headlights"",""Front Fog Lamps"",""Fully automatic headlights"",""Heated door mirrors"",""Power door mirrors"",""Rear window wiper"",""Spoiler""],""interior"":[""Air Conditioning"",""Cloth Seat Trim"",""Driver door bin"",""Driver vanity mirror"",""Front Bucket Seats"",""Front Center Armrest"",""Front beverage holders"",""Front reading lights"",""Heated Driver and Front Passenger Seats"",""Heated front seats"",""Heated steering wheel"",""Overhead console"",""Passenger door bin"",""Passenger vanity mirror"",""Power windows"",""Rear reading lights"",""Rear seat center armrest"",""Rear window defroster"",""Split folding rear seat"",""Steering wheel mounted audio controls"",""Tachometer"",""Telescoping steering wheel"",""Tilt steering wheel"",""Trip computer"",""Variably intermittent wipers""],""mechanical"":[""3.47 Final Drive Axle Ratio"",""4-Wheel Disc Brakes"",""Four wheel independent suspension"",""Power steering"",""Speed-sensing steering""],""other"":[""5G Vehicle Connectivity"",""Driver 6-Way Manual Seat Adjuster"",""Emergency communication system: OnStar and Chevrolet connected services capable"",""Front Passenger 4-Way Manual Seat Adjuster"",""Front anti-roll bar"",""HD Surround Vision"",""High Infotainment"",""Illuminated entry"",""Interior Camera"",""Outside temperature display"",""Preferred Equipment Group 2LT"",""Premium audio system: Chevrolet Infotainment 3"",""Radio: 11.3\"" Diagonal Advanced Color LCD Display"",""Rear Pedestrian Alert"",""Rear anti-roll bar"",""Safety and Technology Package"",""SiriusXM with 360L Trial Subscription"",""Traffic Sign Recognition"",""Wheels: 17\"" Grazen Metallic Machined-Face Aluminum"",""Wireless Apple CarPlay/Wireless Android Auto""],""safety"":[""ABS brakes"",""Brake assist"",""Dual front impact airbags"",""Dual front side impact airbags"",""Electronic Stability Control"",""Low tire pressure warning"",""Occupant sensing airbag"",""Overhead airbag"",""Panic alarm"",""Security system"",""Traction control""],""technology"":[""6 Speakers"",""AM/FM radio: SiriusXM"",""Compass"",""Navigation System"",""Radio data system"",""Rear Camera Mirror"",""Rear Camera Mirror Washer"",""Remote keyless entry"",""Speed control""]}",80,"#1 For A Reason! Always the Absolute Best Pricing! Come see why It's Better In Burlington!! AWD. Mosaic Black Metallic 2027 Chevrolet Equinox LT 4D Sport Utility AWD 8-Speed Automatic 1.5L DOHC<br>Burlington Chevrolet is committed to ensuring satisfaction with your new vehicle. We also want you to be completely satisfied and invite you to return for all your service needs, both during and after the warranty period. To help keep things in proper working order, Chevrolet will warrant each new vehicle from bumper-to-bumper for 3 years or 36,000 miles (whichever comes first; see dealer for details). There is no deductible for eligible warrantable repairs that are required due to defects to material and/or workmanship from the delivery date of the vehicle.<br>25/29 City/Highway MPG","[PREMIUM]",21,"105 East Route 130 S","Burlington","NJ","08016","[PREMIUM]"
"789466374","2026-09-03 08:38:28.887","2026-09-03 08:38:28.887","789466374","[PREMIUM]","27-1043",2027,"CHEV","Chevrolet","EQUINOX","Equinox","LT","SUV","New","New 2027 Chevrolet Equinox LT w/ Convenience Package II",8,"[PREMIUM]",34359,,"[PREMIUM]",30900,33300,"Sterling Gray Metallic","GRAY","Artemis Gray","GRAY","4CLDR","4-Cylinder Turbo","2 wheel drive - front","AUT","8-Speed Automatic","Automatic","G","Gasoline","Gas",26,29,1.5,false,6,false,true,false,,false,,,"30",625949,"[PREMIUM]","[PREMIUM]","[PREMIUM]",2433,"[PREMIUM]",false,"PARTNER",481427,3.3,17,,,"{""exterior"":[""Alloy wheels"",""Auto High-beam Headlights"",""Bumpers: body-color"",""Delay-off headlights"",""Fully automatic headlights"",""Heated Wiper Park"",""Heated door mirrors"",""Power door mirrors"",""Rear window wiper"",""Spoiler""],""interior"":[""2-Way Power Driver Lumbar Control Seat Adjuster"",""Air Conditioning"",""All-Weather Floor Liners"",""Cargo Mat"",""Cloth Seat Trim"",""Driver 8-Way Power Seat Adjuster"",""Driver door bin"",""Driver vanity mirror"",""Dual-Zone Automatic Climate Control"",""Front Bucket Seats"",""Front Center Armrest"",""Front beverage holders"",""Front reading lights"",""Heated Driver and Front Passenger Seats"",""Heated front seats"",""Heated steering wheel"",""Overhead Sunglass Storage"",""Overhead console"",""Passenger door bin"",""Passenger vanity mirror"",""Power windows"",""Programmable Universal Home Remote"",""Rear reading lights"",""Rear seat center armrest"",""Rear window defroster"",""Split folding rear seat"",""Steering wheel mounted audio controls"",""Tachometer"",""Telescoping steering wheel"",""Tilt steering wheel"",""Trip computer"",""Variably intermittent wipers""],""mechanical"":[""3.47 Final Drive Axle Ratio"",""4-Wheel Disc Brakes"",""Four wheel independent suspension"",""Power steering"",""Speed-sensing steering""],""other"":[""3 Years SiriusXM"",""5G Vehicle Connectivity"",""Autosense Hands-Free Programmable Power Liftgate"",""Cabin Humidity and Windshield Sensor"",""Convenience Package II"",""Driver 6-Way Manual Seat Adjuster"",""Emergency communication system: OnStar and Chevrolet connected services capable"",""Evotex Seat Trim"",""Floor Liner Package"",""Front Passenger 4-Way Manual Seat Adjuster"",""Front anti-roll bar"",""High Infotainment"",""Illuminated entry"",""Intermittent Front Rain-Sensing Wipers"",""Outside temperature display"",""Preferred Equipment Group 1LT"",""Premium audio system: Chevrolet Infotainment 3"",""Radio: 11.3\"" Diagonal Advanced Color LCD Display"",""Rear anti-roll bar"",""Second Row All-Weather Mat"",""SiriusXM with 360L Trial Subscription"",""Wheels: 17\"" Grazen Metallic Machined-Face Aluminum"",""Wheels: 19\"" Black Machined-Face Aluminum"",""Wireless Apple CarPlay/Wireless Android Auto"",""Wireless Phone Charging For Portable Devices""],""safety"":[""ABS brakes"",""Brake assist"",""Dual front impact airbags"",""Dual front side impact airbags"",""Electronic Stability Control"",""Low tire pressure warning"",""Occupant sensing airbag"",""Overhead airbag"",""Panic alarm"",""Security system"",""Traction control""],""technology"":[""6 Speakers"",""AM/FM radio: SiriusXM"",""Compass"",""Navigation System"",""Radio data system"",""Remote keyless entry"",""Speed control""]}",90,"Since 1908, we've served Delmarva and its surrounding communities with outstanding sales and service as its longest-standing family-owned and operated dealer group. See why we proudly say, &quot;Nobody Beats a Burton Deal! NOBODY!&quot;<br><br>2027 Chevrolet Equinox LT","[PREMIUM]",16,"793 Bay Rd","Milford","DE","19963","[PREMIUM]"
"789005312","2026-09-03 06:38:28.762","2026-09-03 06:38:28.762","789005312","[PREMIUM]","VL157503",2027,"GMC","GMC","TERRAIN","Terrain","Elevation","SUV","New","New 2027 GMC Terrain Elevation",3,"[PREMIUM]",35240,,"[PREMIUM]",34300,36200,"Ebony Twilight Metallic","BLACK","After Dark","BLACK","4CLDR","4-Cylinder Turbo","All wheel drive","AUT","8-Speed Automatic","Automatic","G","Gasoline","Gas",24,28,1.5,false,11,false,false,false,,false,,,"30",69676,"[PREMIUM]","[PREMIUM]","[PREMIUM]",1740,"[PREMIUM]",false,"PARTNER",481437,3.8,4,,,"{""exterior"":[""Aluminum Wheels"",""Automatic Highbeams"",""Heated Mirrors"",""Power Mirror(s)"",""Tires - Front All-Season"",""Tires - Rear All-Season""],""interior"":[""A/C"",""Bucket Seats"",""Cloth Seats"",""Driver Illuminated Vanity Mirror"",""Driver Vanity Mirror"",""Floor Mats"",""Heated Front Seat(s)"",""Heated Steering Wheel"",""LPO  ALL-WEATHER CARGO MAT"",""Passenger Illuminated Visor Mirror"",""Passenger Vanity Mirror"",""Power Door Locks"",""Power Windows"",""Privacy Glass"",""SEATS  FRONT BUCKET  (STD)""],""mechanical"":[""AXLE  3.47 FINAL DRIVE RATIO"",""All Wheel Drive"",""TRANSMISSION  8-SPEED AUTOMATIC  ELECTRONICALLY-CONTROLLED WITH OVERDRIVE  includes Driver Shift Control (STD)"",""Turbocharged""],""other"":[""AFTER DARK  PREMIUM CLOTH SEAT TRIM"",""Driver Restriction Features"",""EBONY TWILIGHT METALLIC"",""ELEVATION PREFERRED EQUIPMENT GROUP  includes standard equipment"",""ENGINE  1.5L TURBO DOHC 4-CYLINDER  SIDI  VVT  (175 hp 131.3 kW @ 5800 rpm  203 lb-ft of torque 275.0 Nm @ 2000-4000 rpm) (STD)"",""Evasion Assist"",""Front Collision Mitigation"",""LPO  ALL-WEATHER FLOOR MATS  FRONT ONLY  Includes (RIS) second row All-weather mat  LPO."",""LPO  INTERIOR PROTECTION PACKAGE  includes (VLI) all-weather cargo mat  LPO  (VAV) front all-weather floor mats  LPO  and (RIS) second row all-weather mat  LPO"",""LPO  SECOND ROW ALL-WEATHER MAT"",""Rear Collision Mitigation"",""Requires Subscription"",""Smart Device Integration"",""TIRES  235/65R17  ALL-SEASON BLACKWALL  (STD)"",""WHEELS  17\"" (43.2 CM) GRAZEN METALLIC  MACHINED ALUMINUM  (STD)""],""safety"":[""Blind Spot Monitor"",""Brake Assist"",""Cross-Traffic Alert"",""Driver Air Bag"",""Front Collision Warning"",""Front Head Air Bag"",""Front Side Air Bag"",""Lane Departure Warning"",""Lane Keeping Assist"",""Passenger Air Bag"",""Passenger Air Bag Sensor"",""Rear Head Air Bag"",""Security System"",""Temporary Spare Tire""],""technology"":[""Adaptive Cruise Control"",""Auxiliary Audio Input"",""Back-Up Camera"",""Bluetooth Connection"",""Cruise Control"",""Keyless Entry"",""Keyless Start"",""MP3 Capability"",""Navigation System"",""Rear Parking Aid"",""Remote Engine Start"",""Satellite Radio"",""Telematics"",""WiFi Hotspot""]}",68,"Recent Arrival! 2027 GMC Terrain Elevation Ebony Twilight Metallic AWD, 3.47 Final Drive Axle Ratio, 4-Wheel Disc Brakes, 6 Speakers, 6-Speaker Audio System Feature, ABS brakes, Air Conditioning, All-Weather Cargo Mat, Alloy wheels, AM/FM radio: SiriusXM, Auto High-beam Headlights, Automatic temperature control, Brake assist, Bumpers: body-color, Compass, Delay-off headlights, Driver 6-Way Manual Seat Adjuster, Driver and Front Passenger Heated Seats, Driver door bin, Driver vanity mirror, Dual front impact airbags, Dual front side impact airbags, Electronic Stability Control, Emergency communication system: OnStar and GMC connected services capable, Four wheel independent suspension, Front All-Weather Floor Mats, Front anti-roll bar, Front Bucket Seats, Front Center Armrest, Front Passenger 4-Way Manual Seat Adjuster, Front reading lights, Fully automatic headlights, Heated door mirrors, Heated front seats, Heated steering wheel, Illuminated entry, Interior Protection Package, Low tire pressure warning, Navigation System, Occupant sensing airbag, Outside temperature display, Overhead airbag, Panic alarm, Passenger door bin, Passenger vanity mirror, Power door mirrors, Power steering, Power windows, Preferred Equipment Group 3SB, Premium Cloth Seat Trim, Radio data system, Radio: Premium GMC Infotainment System, Rear air conditioning, Rear anti-roll bar, Rear seat center armrest, Rear window defroster, Rear window wiper, Remote keyless entry, Second Row All-Weather Mat, Security system, SiriusXM with 360L Trial Subscription, Speed control, Speed-sensing steering, Split folding rear seat, Spoiler, Sport steering wheel, Steering wheel mounted audio controls, Tachometer, Telescoping steering wheel, Tilt steering wheel, Traction control, Trip computer, Variably intermittent wipers, Wheels: 17&quot; Grazen Metallic Machined Aluminum, Wireless Apple CarPlay/Wireless Android Auto, AWD.","[PREMIUM]",24,"4447 E STREET RD","Trevose","PA","19053","[PREMIUM]"
"784722174","2026-09-03 06:38:28.654","2026-09-03 06:38:28.654","784722174","[PREMIUM]","C125165",2027,"CHEV","Chevrolet","EQUINOX","Equinox","LT","SUV","New","New 2027 Chevrolet Equinox LT w/ Convenience Package II",0,"[PREMIUM]",36535,,"[PREMIUM]",34200,36100,"Lakeshore Blue","BLUE","Black","BLACK","4CLDR","4-Cylinder Turbo","All wheel drive","AUT","8-Speed Automatic","Automatic","G","Gasoline","Gas",25,29,1.5,false,1,false,true,false,,false,,,"30",71091,"[PREMIUM]","[PREMIUM]","[PREMIUM]",3529,"[PREMIUM]",false,"PARTNER",481436,3.3,17,,"[""NO_SALVAGE_TITLE"",""NO_ACCIDENTS_REPORTED""]","{""exterior"":[""Alloy wheels"",""Auto High-beam Headlights"",""Bumpers: body-color"",""Delay-off headlights"",""Front Fog Lamps"",""Fully automatic headlights"",""Heated Wiper Park"",""Heated door mirrors"",""Power door mirrors"",""Rear window wiper"",""Spoiler""],""interior"":[""2-Way Power Driver Lumbar Control Seat Adjuster"",""Air Conditioning"",""All-Weather Floor Mats"",""Cargo Mat"",""Cloth Seat Trim"",""Driver 8-Way Power Seat Adjuster"",""Driver door bin"",""Driver vanity mirror"",""Dual-Zone Automatic Climate Control"",""Front Bucket Seats"",""Front Center Armrest"",""Front beverage holders"",""Front reading lights"",""Heated Driver and Front Passenger Seats"",""Heated front seats"",""Heated steering wheel"",""Overhead Sunglass Storage"",""Overhead console"",""Passenger door bin"",""Passenger vanity mirror"",""Power windows"",""Programmable Universal Home Remote"",""Rear reading lights"",""Rear seat center armrest"",""Rear window defroster"",""Split folding rear seat"",""Steering wheel mounted audio controls"",""Tachometer"",""Telescoping steering wheel"",""Tilt steering wheel"",""Trip computer"",""Variably intermittent wipers""],""mechanical"":[""3.47 Final Drive Axle Ratio"",""4-Wheel Disc Brakes"",""Four wheel independent suspension"",""Power steering"",""Speed-sensing steering""],""other"":[""5G Vehicle Connectivity"",""Autosense Hands-Free Programmable Power Liftgate"",""Cabin Humidity and Windshield Sensor"",""Convenience Package II"",""Driver 6-Way Manual Seat Adjuster"",""Emergency communication system: OnStar and Chevrolet connected services capable"",""Evotex Seat Trim"",""Front Passenger 4-Way Manual Seat Adjuster"",""Front anti-roll bar"",""HD Surround Vision"",""High Infotainment"",""Illuminated entry"",""Interior Camera"",""Interior Protection Package"",""Intermittent Front Rain-Sensing Wipers"",""Outside temperature display"",""Preferred Equipment Group 2LT"",""Premium audio system: Chevrolet Infotainment 3"",""Radio: 11.3\"" Diagonal Advanced Color LCD Display"",""Rear Pedestrian Alert"",""Rear anti-roll bar"",""Safety and Technology Package"",""Second Row All-Weather Mat"",""SiriusXM with 360L Trial Subscription"",""Traffic Sign Recognition"",""Wheels: 17\"" Grazen Metallic Machined-Face Aluminum"",""Wireless Apple CarPlay/Wireless Android Auto"",""Wireless Phone Charging For Portable Devices""],""safety"":[""ABS brakes"",""Brake assist"",""Dual front impact airbags"",""Dual front side impact airbags"",""Electronic Stability Control"",""Low tire pressure warning"",""Occupant sensing airbag"",""Overhead airbag"",""Panic alarm"",""Security system"",""Traction control""],""technology"":[""6 Speakers"",""AM/FM radio: SiriusXM"",""Compass"",""Navigation System"",""Radio data system"",""Rear Camera Mirror"",""Rear Camera Mirror Washer"",""Remote keyless entry"",""Speed control""]}",96,"Recent Arrival! This NEW 2027 Lakeshore Blue Chevrolet Equinox LT AWD is well equipped and includes these features and benefits:<br><br>Convenience Package II (2-Way Power Driver Lumbar Control Seat Adjuster, Autosense Hands-Free Programmable Power Liftgate, Cabin Humidity and Windshield Sensor, Driver 8-Way Power Seat Adjuster, Dual-Zone Automatic Climate Control, Evotex Seat Trim, Heated Wiper Park, Intermittent Front Rain-Sensing Wipers, Overhead Sunglass Storage, Programmable Universal Home Remote, and Wireless Phone Charging For Portable Devices), Interior Protection Package (All-Weather Floor Mats, Cargo Mat, and Second Row All-Weather Mat), Preferred Equipment Group 2LT, Safety and Technology Package (Front Fog Lamps, HD Surround Vision, Interior Camera, Rear Pedestrian Alert, and Traffic Sign Recognition), AWD, 3.47 Final Drive Axle Ratio, 4-Wheel Disc Brakes, 5G Vehicle Connectivity, 6 Speakers, ABS brakes, Air Conditioning, Alloy wheels, AM/FM radio: SiriusXM, Auto High-beam Headlights, Brake assist, Bumpers: body-color, Cloth Seat Trim, Compass, Delay-off headlights, Driver 6-Way Manual Seat Adjuster, Driver door bin, Driver vanity mirror, Dual front impact airbags, Dual front side impact airbags, Electronic Stability Control, Emergency communication system: OnStar and Chevrolet connected services capable, Four wheel independent suspension, Front anti-roll bar, Front Bucket Seats, Front Center Armrest, Front Passenger 4-Way Manual Seat Adjuster, Front reading lights, Fully automatic headlights, Heated door mirrors, Heated Driver and Front Passenger Seats, Heated front seats, Heated steering wheel, High Infotainment, Illuminated entry, Low tire pressure warning, Navigation System, Occupant sensing airbag, Outside temperature display, Overhead airbag, Overhead console, Panic alarm, Passenger door bin, Passenger vanity mirror, Power door mirrors, Power steering, Power windows, Premium audio system: Chevrolet Infotainment 3, Radio data system, Radio: 11.3&quot; Diagonal Advanced Color LCD Display, Rear anti-roll bar, Rear Camera Mirror Washer, Rear reading lights, Rear seat center armrest, Rear window defroster, Rear window wiper, Remote keyless entry, Security system, SiriusXM with 360L Trial Subscription, Speed control, Speed-sensing steering, Split folding rear seat, Spoiler, Steering wheel mounted audio controls, Tachometer, Telescoping steering wheel, Tilt steering wheel, Traction control, Trip computer, Variably intermittent wipers, Wheels: 17&quot; Grazen Metallic Machined-Face Aluminum, and Wireless Apple CarPlay/Wireless Android Auto. AWD. 8-Speed Automatic 1.5L DOHC<br><br><br>All prices exclude your state's tax and tag fees. 25/29 City/Highway MPG Call Sales Managers for any additional questions at  . See dealer for rebate eligibility.","[PREMIUM]",28,"807 Rockville Pike","Rockville","MD","20852","[PREMIUM]"
"789475475","2026-09-03 06:38:28.654","2026-09-03 06:38:28.654","789475475","[PREMIUM]","C270082",2027,"CHEV","Chevrolet","EQUINOX","Equinox","LT","SUV","New","New 2027 Chevrolet Equinox LT w/ Safety and Technology Package",5,"[PREMIUM]",32735,,"[PREMIUM]",29400,31800,"Summit White","WHITE","Black","BLACK","4CLDR","4-Cylinder Turbo","2 wheel drive - front","AUT","8-Speed Automatic","Automatic","G","Gasoline","Gas",26,29,1.5,false,6,false,true,false,,false,,,"30",1359810,"[PREMIUM]","[PREMIUM]","[PREMIUM]",2707,"[PREMIUM]",false,"PARTNER",481427,3.3,17,,,"{""exterior"":[""Auto High-beam Headlights"",""Bumpers: body-color"",""Delay-off headlights"",""Front Fog Lamps"",""Fully automatic headlights"",""Heated door mirrors"",""Power door mirrors"",""Rear window wiper"",""Spoiler""],""interior"":[""Air Conditioning"",""Cloth Seat Trim"",""Driver door bin"",""Driver vanity mirror"",""Front Bucket Seats"",""Front Center Armrest"",""Front reading lights"",""Heated Driver and Front Passenger Seats"",""Heated front seats"",""Heated steering wheel"",""Overhead console"",""Passenger door bin"",""Passenger vanity mirror"",""Power windows"",""Rear reading lights"",""Rear seat center armrest"",""Rear window defroster"",""Split folding rear seat"",""Steering wheel mounted audio controls"",""Tachometer"",""Telescoping steering wheel"",""Tilt steering wheel"",""Trip computer"",""Variably intermittent wipers""],""mechanical"":[""3.47 Final Drive Axle Ratio"",""4-Wheel Disc Brakes"",""Four wheel independent suspension"",""Power steering"",""Speed-sensing steering""],""other"":[""5G Vehicle Connectivity"",""Driver 6-Way Manual Seat Adjuster"",""Emergency communication system: OnStar and Chevrolet connected services capable"",""Front Passenger 4-Way Manual Seat Adjuster"",""Front anti-roll bar"",""HD Surround Vision"",""High Infotainment"",""Illuminated entry"",""Interior Camera"",""Outside temperature display"",""Preferred Equipment Group 1LT"",""Premium audio system: Chevrolet Infotainment 3"",""Radio: 11.3\"" Diagonal Advanced Color LCD Display"",""Rear Pedestrian Alert"",""Rear anti-roll bar"",""Safety and Technology Package"",""SiriusXM with 360L Trial Subscription"",""Traffic Sign Recognition"",""Wheels: 19\"" Black Machined-Face Aluminum"",""Wireless Apple CarPlay/Wireless Android Auto""],""safety"":[""ABS brakes"",""Brake assist"",""Dual front impact airbags"",""Dual front side impact airbags"",""Electronic Stability Control"",""Low tire pressure warning"",""Occupant sensing airbag"",""Overhead airbag"",""Panic alarm"",""Security system"",""Traction control""],""technology"":[""6 Speakers"",""AM/FM radio: SiriusXM"",""Compass"",""Navigation System"",""Radio data system"",""Rear Camera Mirror Washer"",""Remote keyless entry"",""Speed control""]}",77,"Summit White 2027 Chevrolet Equinox LT FWD Dealer Discount of $2,299 off MSRP 8-Speed Automatic 1.5L DOHC Front Fog Lamps, HD Surround Vision, Interior Camera, Preferred Equipment Group 1LT, Rear Pedestrian Alert, Safety and Technology Package, Traffic Sign Recognition, Wheels: 19&quot; Black Machined-Face Aluminum.<br><br>INCLUDES JOSEPH LIFETIME POWERTRAIN WARRANTY! NEVER EXPIRES BECAUSE OF MILES OR TIME! Recent Arrival! 25/29 City/Highway MPG","[PREMIUM]",25,"8733 Colerain Avenue","Cincinnati","OH","45251","[PREMIUM]"
"789691796","2026-09-03 06:38:28.646","2026-09-03 06:38:28.646","789691796","[PREMIUM]","70358A",2025,"TOYOTA","Toyota","CAMRY","Camry","SE","SEDAN","Used","Used 2025 Toyota Camry SE w/ Convenience Package",27955,"[PREMIUM]",,"Great","[PREMIUM]",29049,31249,"Midnight Black Metallic","BLACK","Black","BLACK","HYBRD","Hybrid","2 wheel drive - front","AUT","Continuously Variable Automatic","Automatic","B","Hybrid Gas/Electric","Hybrid: Gas/Electric",48,47,2.5,false,4,false,true,false,,false,,,"30",68736,"[PREMIUM]","[PREMIUM]","[PREMIUM]",2479,"[PREMIUM]",false,"PARTNER",475493,3.8,23,1,"[""NO_SALVAGE_TITLE"",""NO_ACCIDENTS_REPORTED"",""ONE_OWNER""]","{""exterior"":[""Black Grille"",""Black Power Heated Side Mirrors w/Manual Folding and Turn Signal Indicator"",""Black Side Windows Trim and Black Front Windshield Trim"",""Body-Colored Front Bumper"",""Body-Colored Rear Bumper"",""Door Edge Guard"",""Lip Spoiler"",""Midnight Black Metallic\"""",""Paint Protection Film"",""Rear Bumper Applique"",""Rocker Panel Extensions"",""Tires: P235/45R18 AS""],""interior"":[""1 12V DC Power Outlet"",""2 Seatback Storage Pockets"",""60-40 Folding Bench Front Facing Fold Forward Seatback Rear Seat"",""Air Filtration"",""Body-Colored Door Handles"",""Cargo Space Lights"",""Cruise Control w/Steering Wheel Controls"",""Day-Night Rearview Mirror"",""Driver / Passenger And Rear Door Bins"",""Dual Zone Front Automatic Air Conditioning"",""Fixed Rear Window w/Defroster"",""Front And Rear Map Lights"",""Front Bucket Seats"",""Front Center Armrest and Rear Center Armrest"",""Front Cupholder"",""Front Seats w/Leatherette Back Material and Power 2-Way Driver Lumbar"",""Full Carpet Floor Covering"",""Full Cloth Headliner"",""Full Floor Console w/Covered Storage  Mini Overhead Console w/Storage and 1 12V DC Power Outlet"",""HVAC -inc: Underseat Ducts and Console Ducts"",""Illuminated Glove Box"",""Leather Steering Wheel"",""Light Tinted Glass"",""Manual Adjustable Front Head Restraints and Fixed Rear Head Restraints"",""Manual Tilt/Telescoping Steering Column"",""Passenger Seat"",""Power 1st Row Windows w/Front And Rear 1-Touch Up/Down"",""Power Door Locks w/Autolock Feature"",""Power Rear Windows"",""Rear Cupholder"",""Trip Computer"",""Trunk Rear Cargo Access"",""Variable Intermittent Wipers""],""mechanical"":[""50 State Emissions""],""other"":[""\""Cold Weather Package"",""18\""\"" Black-Finished Alloy Wheels"",""2.5L 4-Cylinder 16-Valve DOHC Hybrid Engine"",""ALL WEATHER FLOOR PROTECTION (TMS)"",""All Weather Floor Protection"",""Auto On/Off Projector Beam Led Low/High Beam Daytime Running Auto High-Beam Headlamps w/Delay-Off"",""BLACK ROCKER APPLIQUE (TMS)"",""Black"",""Black Rocker Applique"",""CONVENIENCE PACKAG>"",""Convenience Package"",""Dashcam"",""Delayed Accessory Power"",""Digital/Analog Appearance"",""Driver And Passenger Visor Vanity Mirrors w/Driver And Passenger Auxiliary Mirror"",""Driver Foot Rest"",""Driver Seat -inc: Power 2-Way Lumbar Support"",""Electronically Controlled Transmission CVT"",""FOB Controls -inc: Keyfob Cargo Access and Keyfob Window Activation"",""Front Accent Lighting"",""Front Bucket Seats -inc: seatback pockets  8-way power-adjustable front driver's seat w/power lumbar support and 6-way manual passenger front seat"",""Full-Speed Range Dynamic Radar Cruise Control (DRCC)"",""Galvanized Steel/Aluminum Panels"",""Gauges -inc: Speedometer  Odometer  Engine Coolant Temp  Traction Battery Level  Power/Regen  Trip Odometer and Trip Computer"",""Headlights-Automatic Highbeams"",""Interior Trim -inc: Cloth Instrument Panel Insert  Piano Black/Metal-Look Door Panel Insert  Piano Black Console Insert and Piano Black/Metal-Look Interior Accents"",""LED Brakelights"",""Leather Gear Shifter Material"",""MUDGUARDS (TMS)"",""Mudguards"",""Outside Temp Gauge"",""P235/45R18 AS Tires"",""Proximity Key For Push Button Start Only"",""Radio w/Seek-Scan  Clock  Speed Compensated Volume Control  Steering Wheel Controls  Voice Activation and Radio Data System"",""Radio: Toyota Audio Multimedia w/8\"" Touchscreen -inc: USB-A media port  hands-free phone capability and music streaming via Bluetooth wireless technology  SiriusXM  6-speaker audio system  wireless Apple CarPlay compatibility and wireless Android Auto com"",""Rear Carpet Floor Trim"",""Remote Keyless Entry w/Integrated Key Transmitter  Illuminated Entry  Illuminated Ignition Switch and Panic Button"",""Remote Releases -Inc: Power Cargo Access and Power Fuel"",""Safety Connect (up to Tracker System"",""Smart Device Integration"",""SofTex & Fabric Seat Trim"",""SofTex and Fabric Seat Trim"",""Toyota Audio Multimedia with 8\""\"" Touchscreen Radio"",""Trunk LED Bulb"",""Wheels: 18\"" Black-Finished Alloy""],""safety"":[""Compact Spare Tire Mounted Inside Under Cargo"",""Perimeter Alarm"",""Steel Spare Wheel""],""technology"":[""2 LCD Monitors In The Front"",""6 Speakers"",""Driver Information Center"",""Immobilizer""]}",98,"BACK-UP CAMERA, CAR FAX ONE OWNER. New Price! CARFAX One-Owner. Odometer is 9249 miles below market average! 48/47 City/Highway MPG<br><br><br>Price is plus tax, tags, documentation ($439) , and dealer installed options.","[PREMIUM]",32,"4397 ROUTE 130 South","Burlington","NJ","08016","[PREMIUM]"
"789466373","2026-09-03 06:38:28.642","2026-09-03 06:38:28.642","789466373","[PREMIUM]","27-1044",2027,"CHEV","Chevrolet","EQUINOX","Equinox","LT","SUV","New","New 2027 Chevrolet Equinox LT w/ Safety and Technology Package",8,"[PREMIUM]",32474,,"[PREMIUM]",29200,31500,"Black Metallic","BLACK","Black","BLACK","4CLDR","4-Cylinder Turbo","2 wheel drive - front","AUT","8-Speed Automatic","Automatic","G","Gasoline","Gas",26,29,1.5,false,6,false,true,false,,false,,,"30",625949,"[PREMIUM]","[PREMIUM]","[PREMIUM]",2433,"[PREMIUM]",false,"PARTNER",481427,3.3,17,,,"{""exterior"":[""Alloy wheels"",""Auto High-beam Headlights"",""Bumpers: body-color"",""Delay-off headlights"",""Front Fog Lamps"",""Fully automatic headlights"",""Heated door mirrors"",""Power door mirrors"",""Rear window wiper"",""Spoiler""],""interior"":[""Air Conditioning"",""Cloth Seat Trim"",""Driver door bin"",""Driver vanity mirror"",""Front Bucket Seats"",""Front Center Armrest"",""Front beverage holders"",""Front reading lights"",""Heated Driver and Front Passenger Seats"",""Heated front seats"",""Heated steering wheel"",""Overhead console"",""Passenger door bin"",""Passenger vanity mirror"",""Power windows"",""Rear reading lights"",""Rear seat center armrest"",""Rear window defroster"",""Split folding rear seat"",""Steering wheel mounted audio controls"",""Tachometer"",""Telescoping steering wheel"",""Tilt steering wheel"",""Trip computer"",""Variably intermittent wipers""],""mechanical"":[""3.47 Final Drive Axle Ratio"",""4-Wheel Disc Brakes"",""Four wheel independent suspension"",""Power steering"",""Speed-sensing steering""],""other"":[""3 Years SiriusXM"",""5G Vehicle Connectivity"",""Driver 6-Way Manual Seat Adjuster"",""Emergency communication system: OnStar and Chevrolet connected services capable"",""Front Passenger 4-Way Manual Seat Adjuster"",""Front anti-roll bar"",""HD Surround Vision"",""High Infotainment"",""Illuminated entry"",""Interior Camera"",""Outside temperature display"",""Preferred Equipment Group 1LT"",""Premium audio system: Chevrolet Infotainment 3"",""Radio: 11.3\"" Diagonal Advanced Color LCD Display"",""Rear Pedestrian Alert"",""Rear anti-roll bar"",""Safety and Technology Package"",""SiriusXM with 360L Trial Subscription"",""Traffic Sign Recognition"",""Wheels: 17\"" Grazen Metallic Machined-Face Aluminum"",""Wireless Apple CarPlay/Wireless Android Auto""],""safety"":[""ABS brakes"",""Brake assist"",""Dual front impact airbags"",""Dual front side impact airbags"",""Electronic Stability Control"",""Low tire pressure warning"",""Occupant sensing airbag"",""Overhead airbag"",""Panic alarm"",""Security system"",""Traction control""],""technology"":[""6 Speakers"",""AM/FM radio: SiriusXM"",""Compass"",""Navigation System"",""Radio data system"",""Rear Camera Mirror"",""Rear Camera Mirror Washer"",""Remote keyless entry"",""Speed control""]}",81,"Since 1908, we've served Delmarva and its surrounding communities with outstanding sales and service as its longest-standing family-owned and operated dealer group. See why we proudly say, &quot;Nobody Beats a Burton Deal! NOBODY!&quot;<br><br>2027 Chevrolet Equinox LT","[PREMIUM]",16,"793 Bay Rd","Milford","DE","19963","[PREMIUM]"
"789629570","2026-09-03 06:38:28.628","2026-09-03 06:38:28.628","789629570","[PREMIUM]","C27122",2027,"CHEV","Chevrolet","EQUINOX","Equinox","RS","SUV","New","New 2027 Chevrolet Equinox RS",6,"[PREMIUM]",35895,,"[PREMIUM]",32700,35200,"Mosaic Black Metallic","BLACK","Black With Red Accents","BLACK","4CLDR","4-Cylinder Turbo","2 wheel drive - front","AUT","8-Speed Automatic","Automatic","G","Gasoline","Gas",26,29,1.5,false,4,false,true,false,,false,,,"30",1359262,"[PREMIUM]","[PREMIUM]","[PREMIUM]",1741,"[PREMIUM]",false,"PARTNER",481426,3.3,17,,,"{""exterior"":[""Alloy wheels"",""Auto High-beam Headlights"",""Bumpers: body-color"",""Delay-off headlights"",""Fully automatic headlights"",""Heated door mirrors"",""Power door mirrors"",""Rear window wiper"",""Spoiler""],""interior"":[""2-Way Power Driver Lumbar Control Seat Adjuster"",""Air Conditioning"",""Driver 8-Way Power Seat Adjuster"",""Driver door bin"",""Driver vanity mirror"",""Front Bucket Seats"",""Front Center Armrest"",""Front dual zone A/C"",""Front reading lights"",""Garage door transmitter"",""Heated Driver and Front Passenger Seats"",""Heated front seats"",""Heated steering wheel"",""Overhead console"",""Passenger door bin"",""Passenger vanity mirror"",""Power Liftgate"",""Power driver seat"",""Power windows"",""Rear reading lights"",""Rear seat center armrest"",""Rear window defroster"",""Split folding rear seat"",""Sport steering wheel"",""Steering wheel mounted audio controls"",""Tachometer"",""Telescoping steering wheel"",""Tilt steering wheel"",""Trip computer"",""Variably intermittent wipers""],""mechanical"":[""3.47 Final Drive Axle Ratio"",""4-Wheel Disc Brakes"",""Four wheel independent suspension"",""Power steering"",""Speed-sensing steering""],""other"":[""5G Vehicle Connectivity"",""Emergency communication system: OnStar and Chevrolet connected services capable"",""Evotex Seat Trim"",""Front Passenger 4-Way Manual Seat Adjuster"",""Front anti-roll bar"",""High Infotainment"",""Illuminated entry"",""Outside temperature display"",""Preferred Equipment Group 1RS"",""Premium audio system: Chevrolet Infotainment 3"",""Radio: 11.3\"" Diagonal Advanced Color LCD Display"",""Rear anti-roll bar"",""SiriusXM with 360L Trial Subscription"",""Wheels: 19\"" Carbon Flash Metallic Aluminum"",""Wireless Apple CarPlay/Wireless Android Auto""],""safety"":[""ABS brakes"",""Brake assist"",""Dual front impact airbags"",""Dual front side impact airbags"",""Electronic Stability Control"",""Low tire pressure warning"",""Occupant sensing airbag"",""Overhead airbag"",""Panic alarm"",""Security system"",""Traction control""],""technology"":[""6 Speakers"",""AM/FM radio: SiriusXM"",""Automatic temperature control"",""Compass"",""Navigation System"",""Radio data system"",""Rain sensing wipers"",""Remote keyless entry"",""Speed control""]}",79,"Meet the 2027 Chevrolet Equinox RS, a compact SUV that delivers practical performance and refined comfort for drivers who value both capability and everyday convenience.<br><br>- 1.5L I-4 Turbocharged engine with 8-Speed Automatic transmission<br>- 11.3&quot; Diagonal Advanced Color LCD Display with Chevrolet Infotainment 3<br>- Wireless Apple CarPlay and Wireless Android Auto compatibility<br>- SiriusXM with 360L Trial Subscription and AM/FM radio<br>- Navigation System with 5G Vehicle Connectivity<br>- Heated driver and front passenger seats with 2-Way Power Driver Lumbar Control<br>- Driver 8-Way Power Seat Adjuster with Front Bucket Seats<br>- Electronic Stability Control and 4-Wheel Disc Brakes with ABS<br>- Automatic temperature control with front dual zone A/C<br>- Auto High-beam Headlights with delay-off function<br>- Heated steering wheel and power door mirrors<br>- Power Liftgate for convenient cargo access<br>- 19&quot; Carbon Flash Metallic Aluminum wheels<br>- OnStar and Chevrolet connected services capable<br>- Preferred Equipment Group 1RS<br><br>This Equinox RS combines efficiency with everyday practicality. The turbocharged 1.5L engine achieves 26 city and 29 highway MPG, helping you manage fuel costs without sacrificing performance. The eight-speed automatic transmission provides smooth, responsive acceleration whether you're navigating city streets or highway drives.<br><br>The modern interior puts technology and comfort at your fingertips. Wireless smartphone integration through Apple CarPlay and Android Auto keeps you connected safely while driving. The 11.3-inch touchscreen display provides intuitive access to navigation, entertainment, and climate controls. Heated front seats and a heated steering wheel add welcome comfort during colder months, while the power liftgate simplifies loading and unloading cargo.<br><br>Safety and control are built into every drive. The turbocharged performance is balanced by Electronic Stability Control, traction control, and a four-wheel independent suspension that handles various road conditions confidently. Dual front airbags and side impact airbags provide comprehensive occupant protection, complemented by OnStar emergency communication services and 4-wheel disc brakes with ABS.<br><br>This black Equinox RS is finished with 19&quot; aluminum wheels and body-color bumpers that give it a polished appearance. The practical design accommodates your lifestyle with split-folding rear seats, allowing you to reconfigure cargo space to suit your needs. Rain-sensing wipers and fully automatic headlights add convenience features that adapt to changing conditions.<br><br>The 2027 Chevrolet Equinox RS delivers straightforward value for drivers who want a dependable SUV with modern conveniences and solid engineering. We invite you to visit our showroom to experience this vehicle firsthand.","[PREMIUM]",40,"3423 Darrow Rd","Stow","OH","44224","[PREMIUM]"
"788187644","2026-09-03 06:38:28.623","2026-09-03 06:38:28.623","788187644","[PREMIUM]","PL273021",2023,"GMC","GMC","TERRAIN","Terrain","SLT","SUV","Used","Used 2023 GMC Terrain SLT w/ LPO, Floor Liner Package",23491,"[PREMIUM]",,"Good","[PREMIUM]",25494,28294,"Sterling Metallic","SILVER","Jet Black","BLACK","4CLDR","4-Cylinder Turbo","All wheel drive","AUT","9-Speed Automatic","Automatic","G","Gasoline","Gas",24,28,1.5,true,20,false,false,false,,false,,,"30",74351,"[PREMIUM]","[PREMIUM]","[PREMIUM]",1120,"[PREMIUM]",false,"PARTNER",461906,3.9,77,0,"[""NO_SALVAGE_TITLE"",""NO_ACCIDENTS_REPORTED"",""ONE_OWNER""]","{""exterior"":[""Alloy Wheels"",""Auto High-beam Headlights"",""Bumpers: body-color"",""Delay-off headlights"",""Front fog lights"",""Fully automatic headlights"",""Heated door mirrors"",""Power door mirrors"",""Rear window wiper"",""Spoiler"",""Turn signal indicator mirrors"",""Wheels: 18\"" x 7\"" Silver Painted Aluminum"",""Wheels: 19\"" x 7.5\"" Machined Aluminum w/Gray Accents""],""interior"":[""6-Way Power Front Passenger Seat"",""8-Way Power Driver Seat Adjuster"",""Air Conditioning"",""Auto-dimming Rear-View mirror"",""Driver & Front Passenger Heated Seats"",""Driver door bin"",""Driver vanity mirror"",""Front & Rear All-Weather Floor Liners (LPO)"",""Front Bucket Seats"",""Front Center Armrest"",""Front Passenger 2-Way Power Lumbar"",""Front dual zone A/C"",""Front reading lights"",""Garage door transmitter"",""Heated front seats"",""Heated steering wheel"",""Integrated Cargo Liner (LPO)"",""Memory seat"",""Overhead console"",""Passenger door bin"",""Passenger vanity mirror"",""Perforated Leather-Appointed Seat Trim"",""Power Driver Lumbar Control"",""Power Liftgate"",""Power driver seat"",""Power passenger seat"",""Power windows"",""Rear seat center armrest"",""Rear window defroster"",""Skyscape Power Sunroof w/Power Sunscreen"",""Split folding rear seat"",""Steering wheel mounted audio controls"",""Tachometer"",""Telescoping steering wheel"",""Tilt steering wheel"",""Trip computer"",""Variably intermittent wipers""],""mechanical"":[""3.47 Axle Ratio"",""4-Wheel Disc Brakes"",""All Wheel Drive"",""Four wheel independent suspension"",""Power steering"",""Speed-sensing steering""],""other"":[""172 Point Safety Inspection on all  Pre-owned Vehicles!!"",""2 USB Data Ports"",""Ask About the Holman Pre-Owned Promise"",""Bluetoothᆴ For Phone"",""CARFAX One Owner!"",""Clean Carfax!!"",""Emergency communication system: OnStar and GMC connected services capable"",""Financing Available"",""Floor Liner Package (LPO)"",""Front anti-roll bar"",""Great Condition"",""Illuminated entry"",""License Plate Front Mounting Package"",""Local Trade In"",""Located At 1200 us Route 73"",""Low Miles"",""Mount Laurel"",""NJ 08054"",""Outside temperature display"",""Over 600+ Vehicles in stock!"",""Preferred Equipment Group 4SA"",""Rear anti-roll bar"",""Roof rack: rails only"",""Wireless Apple CarPlay/Wireless Android Auto""],""safety"":[""ABS brakes"",""Brake assist"",""Dual front impact airbags"",""Dual front side impact airbags"",""Electronic Stability Control"",""Lane Departure Warning System"",""Low tire pressure warning"",""Occupant sensing airbag"",""Overhead airbag"",""Panic alarm"",""Security system"",""Traction control""],""technology"":[""2 USB Data Ports w/SD Card Reader"",""6 Speakers"",""6-Speaker Audio System Feature"",""AM/FM radio: SiriusXM"",""Automatic temperature control"",""Compass"",""Radio data system"",""Radio: GMC Infotainment Audio System w/8\"" Display"",""Remote keyless entry"",""SiriusXM Radio"",""Speed control""]}",103,"CARFAX One-Owner. CARFAX One Owner!, Clean Carfax!!, Low Miles, All Wheel Drive, Financing Available, Local Trade In, Great Condition, Ask About the Holman Pre-Owned Promise, Over 600+ Vehicles in stock!, 172 Point Safety Inspection on all Pre-owned Vehicles!!, Located At 1200 us Route 73, Mount Laurel, NJ 08054, AWD.<br><br>Holman Cadillac is delighted to offer this attractive 2023 GMC Terrain. SLT AWD<br>24/28 City/Highway MPG","[PREMIUM]",33,"1200 Route 73 South","Mount Laurel","NJ","08054","[PREMIUM]"
"786091689","2026-09-03 06:38:28.621","2026-09-03 06:38:28.621","786091689","[PREMIUM]","26G298AJO",2025,"BUICK","Buick","BUIENVISTA","Envista","Preferred","SUV","Certified","Certified 2025 Buick Envista Preferred w/ Advanced Safety Package",2386,"[PREMIUM]",,"Great","[PREMIUM]",24690,26590,"Summit White","WHITE","Ebony Seats With Slate","UNAVAIL","3CLDR","3-Cylinder Turbo","2 wheel drive - front","AUT","6-Speed Automatic","Automatic","G","Gasoline","Gas",28,32,1.2,false,44,false,false,false,,false,,,"30",71033181,"[PREMIUM]","[PREMIUM]","[PREMIUM]",347,"[PREMIUM]",false,"PARTNER",474548,3.8,9,0,"[""NO_SALVAGE_TITLE"",""NO_ACCIDENTS_REPORTED"",""ONE_OWNER""]","{""exterior"":[""Aluminum Wheels"",""Automatic Headlights"",""Automatic Highbeams"",""Heated Mirrors"",""Integrated Turn Signal Mirrors"",""Power Mirror(s)"",""Tires - Front All-Season"",""Tires - Rear All-Season""],""interior"":[""A/C"",""Adjustable Steering Wheel"",""Bucket Seats"",""Cargo Shade"",""Climate Control"",""Driver Illuminated Vanity Mirror"",""Driver Vanity Mirror"",""Floor Mats"",""Intermittent Wipers"",""Pass-Through Rear Seat"",""Passenger Illuminated Visor Mirror"",""Passenger Vanity Mirror"",""Power Door Locks"",""Power Windows"",""Premium Synthetic Seats"",""Privacy Glass"",""Rear A/C"",""Rear Bench Seat"",""Rear Defrost"",""SEATS  FRONT BUCKET  (STD)"",""Steering Wheel Audio Controls"",""Trip Computer""],""mechanical"":[""4-Wheel Disc Brakes"",""AXLE  3.50 FINAL DRIVE RATIO"",""Front Wheel Drive"",""Power Steering"",""TRANSMISSION  6-SPEED AUTOMATIC  (STD)"",""Turbocharged""],""other"":[""ADVANCED SAFETY PACKAGE  includes (KSG) Adaptive Cruise Control  (UKC) Lane Change Alert with Side Blind Zone Alert and (UFG) Rear Cross Traffic Alert"",""AUDIO SYSTEM  11\"" DIAGONAL HD COLOR TOUCHSCREEN  AM/FM STEREO.  Additional features for compatible phones include: Bluetooth audio streaming for 2 active devices  voice command pass-through to phone  wireless Apple CarPlay and wireless Android Auto capabl"",""Driver Restriction Features"",""EBONY SEATS WITH SLATE INTERIOR ACCENTS  CLOTH WITH LEATHERETTE SEATS"",""ENGINE  ECOTEC 1.2L TURBO DOHC DI WITH VARIABLE VALVE TIMING (VVT)  E85-COMPATIBLE  (137 hp 102 kW @ 5000 rpm  162 lb-ft torque 219 N-m @ 2500 rpm) (STD)"",""Front Collision Mitigation"",""LICENSE PLATE BRACKET  FRONT  (will be forced on orders with ship-to states that require a front license plate)"",""PREFERRED EQUIPMENT GROUP  includes standard equipment"",""Requires Subscription"",""SUMMIT WHITE"",""Smart Device Integration"",""TIRES  225/60R17 ALL-SEASON  BLACKWALL  (STD)"",""Tow Hooks"",""WHEELS  17\"" (43.2 CM) BRIGHT SILVER PAINTED ALUMINUM  (STD)""],""safety"":[""ABS"",""Daytime Running Lights"",""Driver Air Bag"",""Front Collision Warning"",""Front Head Air Bag"",""Front Side Air Bag"",""LANE CHANGE ALERT WITH SIDE BLIND ZONE ALERT"",""Lane Departure Warning"",""Lane Keeping Assist"",""Passenger Air Bag"",""Passenger Air Bag Sensor"",""REAR CROSS TRAFFIC ALERT"",""Rear Head Air Bag"",""Rear Side Air Bag"",""Security System"",""Stability Control"",""Temporary Spare Tire"",""Tire Pressure Monitor"",""Traction Control""],""technology"":[""ADAPTIVE CRUISE CONTROL"",""AM/FM Stereo"",""Auxiliary Audio Input"",""Back-Up Camera"",""Bluetooth Connection"",""Cruise Control"",""Immobilizer"",""Keyless Start"",""MP3 Capability"",""Navigation System"",""Rear Parking Aid"",""Remote Engine Start"",""Satellite Radio"",""Telematics"",""WiFi Hotspot""]}",84,"NA<br><br>Please Contact our Internet Sales Division for more details and to schedule a test drive  . FC Kerbeck &amp; Sons is located in Palmyra New Jersey, right outside of Northeast Philadelphia, Pennsylvania. We have been serving the automotive needs of New Jersey and Pennsylvania residents for over 100 years. We sell new GMC and Buick Vehicles. We specialize in used Cadillac, Jaguar, Lincoln, Lexus, GMC, Pontiac, Chevrolet, and Buick vehicles. In our Premium Brand Division we offer new and used Bentley, Lamborghini, Rolls-Royce, Aston Martin and Maserati.<br><br>*Price(s) include(s) all costs to be paid by a consumer except for licensing costs, registration fees and taxes.<br><br>* Here at Kerbeck, we share with you all information to which we have access regarding the history of every vehicle, including: Carfax vehicle history report, prior use, and service history. We disclose every pre-owned vehicle with a minimum of $1000 prior repairs, when most dealers fail to disclose any/all repairs. Our goal is to provide you with the details of the vehicle s history so you can buy with confidence here at Kerbeck.<br><br>*FC Kerbeck &amp; Sons makes every effort to provide full and accurate information. However, because errors may occur, please contact us before purchasing to verify options, prices and, for GM vehicles, rebate/incentive information. For GM vehicles factory rebates subject to change without notice. Not responsible for errors or omissions. Residency restrictions &amp; Loyalty rebates may apply. Contact us for details. In stock vehicles only. New vehicles not for export. No dealers, Brokers or dealers agents, sale to retail user only. Internet Special Pricing is available on a cash purchase or financing through a primary lender. Sub-prime financing is not available on these vehicles.<br><br>","[PREMIUM]",31,"100 ROUTE 73 N","Palmyra","NJ","08065","[PREMIUM]"
"789929706","2026-09-03 04:38:27.702","2026-09-03 04:38:27.702","789929706","[PREMIUM]","KLU3834",2025,"KIA","Kia","KIAK4","K4","GT-Line Turbo","SEDAN","Used","Used 2025 Kia K4 GT-Line Turbo",121,"[PREMIUM]",,,"[PREMIUM]",,,"Aurora Black Pearl","BLACK","Black","BLACK","4CLDR","4-Cylinder Turbo","2 wheel drive - front","AUT","8-Speed Automatic","Automatic","G","Gasoline","Gas",26,36,1.6,false,0,false,true,false,,false,,,"30",72575497,"[PREMIUM]","[PREMIUM]","[PREMIUM]",2490,"[PREMIUM]",false,"PARTNER",,,,0,"[""NO_SALVAGE_TITLE"",""NO_ACCIDENTS_REPORTED"",""ONE_OWNER""]","{""exterior"":[""Alloy wheels"",""Auto High-beam Headlights"",""Bumpers: body-color"",""Delay-off headlights"",""Front fog lights"",""Fully automatic headlights"",""Heated door mirrors"",""Power door mirrors"",""Turn signal indicator mirrors""],""interior"":[""Air Conditioning"",""Carpeted Floor Mats"",""Driver door bin"",""Driver vanity mirror"",""Front Bucket Seats"",""Front Center Armrest"",""Front Heated Bucket Seats"",""Front beverage holders"",""Front dual zone A/C"",""Front reading lights"",""Heated front seats"",""Overhead console"",""Passenger door bin"",""Passenger vanity mirror"",""Power driver seat"",""Power moonroof"",""Power windows"",""Rear seat center armrest"",""Rear window defroster"",""Split folding rear seat"",""Sport steering wheel"",""Steering wheel mounted audio controls"",""Tachometer"",""Telescoping steering wheel"",""Tilt steering wheel"",""Trip computer"",""Variably intermittent wipers""],""mechanical"":[""4-Wheel Disc Brakes"",""Four wheel independent suspension"",""Power steering""],""other"":[""Apple CarPlay & Android Auto"",""Front anti-roll bar"",""GT-Line Red Interior Color Package"",""Illuminated entry"",""Outside temperature display"",""Radio: 12.3\"" Touchscreen Audio Display"",""Rear anti-roll bar"",""SynTex Seat Trim"",""Wheels: 18\"" x 8.0J Black Alloy"",""harman/kardonᆴ Speakers""],""safety"":[""ABS brakes"",""Brake assist"",""Dual front impact airbags"",""Dual front side impact airbags"",""Electronic Stability Control"",""Low tire pressure warning"",""Occupant sensing airbag"",""Overhead airbag"",""Panic alarm"",""Rear side impact airbag"",""Security system"",""Traction control""],""technology"":[""8 Speakers"",""AM/FM radio: SiriusXM"",""Automatic temperature control"",""Navigation System"",""Radio data system"",""Remote keyless entry"",""Speed control""]}",68,"Aurora Black Pearl 2025 Kia K4 GT-Line Turbo FWD 8-Speed Automatic 1.6L I4 Turbo<br><br>26/36 City/Highway MPG","[PREMIUM]",32,"713 Bethlehem Pike","Colmar","PA","18915","[PREMIUM]"
"789432147","2026-09-03 04:38:27.695","2026-09-03 04:38:27.695","789432147","[PREMIUM]","SA028803",2025,"HONDA","Honda","ACCORD","Accord","SE","SEDAN","Used","Used 2025 Honda Accord SE",3621,"[PREMIUM]",,"Great","[PREMIUM]",27560,30160,"Meteorite Gray Metallic","GRAY","Gray","GRAY","4CLDR","4-Cylinder Turbo","2 wheel drive - front","AUT","Continuously Variable Automatic","Automatic","G","Gasoline","Gas",29,37,1.5,false,6,false,true,false,,false,,,"30",66732,"[PREMIUM]","[PREMIUM]","[PREMIUM]",7454,"[PREMIUM]",false,"PARTNER",475905,4.6,14,0,"[""NO_SALVAGE_TITLE"",""NO_ACCIDENTS_REPORTED"",""ONE_OWNER""]","{""interior"":[""Fabric Seat Trim"",""Moonroof""],""other"":[""Gray"",""Meteorite Gray Metallic""],""safety"":[""Lane Keeping Assist""],""technology"":[""Keyless Start""]}",6,"* Moonroof<br>* Lane Keeping Assist<br>* Keyless Start<br>* Gray; Fabric Seat Trim<br>* Meteorite Gray Metallic<br><br><br><br>This vehicle includes a Money-Back Guarantee* and passed our precise inspection process. Best of all the price you see is the price you pay. No haggling. No back and forth. No pressure. And this price is so good it is guaranteed. *Money-Back Guarantee is valid for 5 days or 250 miles, whichever comes first. Subject to certain terms and conditions. See store for details. Some restrictions apply.<br><br>ONLY AT AUTONATION HONDA SANFORD PLEASE CALL  . This 2025 Honda Accord Sedan is HONDA FACTORY CERTIFIED which comes with a 7 YEAR OR 100,000 MILE WARRANTY! A 24 MONTH OR 24,000 MILE LTD COMPREHENSIVE WARRANTY WHICH WILL GIVE YOU COMPLETE PEACE OF MIND WITH THIS PURCHASE. Autonation Honda Sanford is honored to present a wonderful example of pure vehicle design... this 2025 Honda Accord Sedan SE only has 3,621mi on it and could potentially be the vehicle of your dreams! This Honda includes: METEORITE GRAY METALLIC *Note - For third party subscriptions or services, please contact the dealer for more information.* Enjoy an extra level of calm when purchasing this Honda Accord Sedan SE, it's a CARFAX One-Owner. The CARFAX report shows everything you need to know to confidently make your pre-owned purchase. Sure, every Certified Pre-Owned Honda is rigorously inspected. However, a Certified Pre-Owned Honda Accord Sedan SE from Autonation Honda Sanford offers complete peace of mind. This gently driven vehicle has been well-kept and still has the showroom shine. Look good driving this beautiful vehicle and feel good knowing it comes with a factory warranty.<br><br>","[PREMIUM]",15,"1000 Rinehart Road","Sanford","FL","32771","[PREMIUM]"
"789593714","2026-09-03 04:38:27.675","2026-09-16 06:30:15.561","789593714","[PREMIUM]","8PL2378",2025,"HYUND","Hyundai","TUCSON","Tucson","SEL","SUV","Certified","Certified 2025 Hyundai Tucson SEL",12752,"[PREMIUM]",,"Great","[PREMIUM]",26290,31490,"White Pearl","WHITE","Black","BLACK","4CLDR","4-Cylinder","All wheel drive","AUT","8-Speed Automatic","Automatic","G","Gasoline","Gas",24,30,2.5,true,19,false,false,true,,false,,,"30",70379637,"[PREMIUM]","[PREMIUM]","[PREMIUM]",1152,"[PREMIUM]",false,"PARTNER",474307,4.1,104,0,"[""NO_SALVAGE_TITLE"",""NO_ACCIDENTS_REPORTED""]","{""exterior"":[""18\"" Alloy Wheels"",""ALLOY WHEELS**"",""Alloy wheels"",""Auto High-beam Headlights"",""Bumpers: body-color"",""Delay-off headlights"",""Fully automatic headlights"",""Heated door mirrors"",""Power door mirrors"",""Rear Bumper Applique"",""Rear window wiper"",""Spoiler"",""Turn signal indicator mirrors""],""interior"":[""Air Conditioning"",""Auto-dimming Rear-View mirror"",""Cargo Organizer"",""Cargo Tray"",""Carpeted Floor Mats"",""Driver door bin"",""Driver vanity mirror"",""Front Bucket Seats"",""Front Center Armrest"",""Front dual zone A/C"",""Front reading lights"",""HEATED SEATS**"",""Heated Front Bucket Seats"",""Heated front seats"",""LEATHER**"",""Leather steering wheel"",""Overhead console"",""Passenger door bin"",""Passenger vanity mirror"",""Power Liftgate"",""Power driver seat"",""Power moonroof"",""Power windows"",""Rear reading lights"",""Rear seat center armrest"",""Rear window defroster"",""SUNROOF / MOONROOF**"",""Split folding rear seat"",""Steering wheel mounted audio controls"",""Tachometer"",""Telescoping steering wheel"",""Tilt steering wheel"",""Trip computer"",""Variably intermittent wipers""],""mechanical"":[""4-Wheel Disc Brakes"",""AWD**"",""Four wheel independent suspension"",""Power steering""],""other"":[""** NEW ARRIVAL PHOTOS COMING SOON **"",""000 LIMITED POWERTRAIN WARRANTY**"",""ANDROID AUTO**"",""APPLE CAR PLAY**"",""All Season Fitted Liners"",""Apple CarPlay & Android Auto"",""Emergency communication system: Bluelink+"",""FULLY DETAILED**"",""Front anti-roll bar"",""H-Tex Seat Trim"",""HYUNDAI CERTIFIED 10YR / 100"",""Illuminated entry"",""MUST SEE!"",""Option Group 01"",""Outside temperature display"",""Rear anti-roll bar"",""Roadside Assistance Kit"",""SAFETY INSPECTED**"",""TWO SET OF KEYS**""],""safety"":[""ABS brakes"",""BLIND SPOT MONITOR**"",""Brake assist"",""Dual front impact airbags"",""Dual front side impact airbags"",""Electronic Stability Control"",""First Aid Kit"",""LANE KEEP ASSIST**"",""Low tire pressure warning"",""Occupant sensing airbag"",""Overhead airbag"",""Panic alarm"",""Rear side impact airbag"",""Security system"",""Traction control""],""technology"":[""6 Speakers"",""AM/FM radio: SiriusXM"",""Automatic temperature control"",""BACK UP CAMERA**"",""Navigation System"",""Radio data system"",""Radio: AM/FM/HD Audio System"",""Remote keyless entry"",""Speed control""]}",94,"AWD.<br>HYUNDAI CERTIFIED PREOWNED VEHICLE!!!!<br>Recent Arrival! Capital Hyundai of Greensboro is delighted to offer this attractive 2025 Hyundai Tucson White Pearl SEL Convenience including the following features:<br>24/30 City/Highway MPG<br><br><br>Don't Miss the Chance to Save BIG on Quality Pre-Owned vehicles at Capital Hyundai of Greensboro. 801 E. BESSEMER AVE. PLEASE CALL   TO ASK ANY QUESTIONS OR SCHEDULE AN APPOINTMENT!!! Option Group 01, AWD, 18 Alloy Wheels, 4-Wheel Disc Brakes, 6 Speakers, ABS brakes, Air Conditioning, All Season Fitted Liners, Alloy wheels, AM/FM radio: SiriusXM, Apple CarPlay &amp; Android Auto, Auto High-beam Headlights, Auto-dimming Rear-View mirror, Automatic temperature control, Brake assist, Bumpers: body-color, Cargo Organizer, Cargo Tray, Carpeted Floor Mats, Delay-off headlights, Driver door bin, Driver vanity mirror, Dual front impact airbags, Dual front side impact airbags, Electronic Stability Control, Emergency communication system: Bluelink+, First Aid Kit, Four wheel independent suspension, Front anti-roll bar, Front Bucket Seats, Front Center Armrest, Front dual zone A/C, Front reading lights, Fully automatic headlights, H-Tex Seat Trim, Heated door mirrors, Heated Front Bucket Seats, Heated front seats, Illuminated entry, Leather steering wheel, Low tire pressure warning, Navigation System, Occupant sensing airbag, Outside temperature display, Overhead airbag, Overhead console, Panic alarm, Passenger door bin, Passenger vanity mirror, Power door mirrors, Power driver seat, Power Liftgate, Power moonroof, Power steering, Power windows, Radio data system, Radio: AM/FM/HD Audio System, Rear anti-roll bar, Rear Bumper Applique, Rear reading lights, Rear seat center armrest, Rear side impact airbag, Rear window defroster, Rear window wiper, Remote keyless entry, Roadside Assistance Kit, Security system, Speed control, Split folding rear seat, Spoiler, Steering wheel mounted audio controls, Tachometer, Telescoping steering wheel, Tilt steering wheel, Traction control, Trip computer, Turn signal indicator mirrors, and Variably intermittent wipers.","[PREMIUM]",44,"801 E BESSEMER AVE","Greensboro","NC","27405","[PREMIUM]"
"789738539","2026-09-03 04:38:27.602","2026-09-16 06:29:34.679","789738539","[PREMIUM]","27H0060A",2025,"HONDA","Honda","CIVIC","Civic","Sport","HATCH","Certified","Certified 2025 Honda Civic Sport",2981,"[PREMIUM]",,"Great","[PREMIUM]",26770,28570,"Rallye Red","RED","Black","BLACK","4CLDR","4-Cylinder","2 wheel drive - front","AUT","Continuously Variable Automatic","Automatic","G","Gasoline","Gas",30,38,2,false,17,false,false,false,,false,,,"30",75398645,"[PREMIUM]","[PREMIUM]","[PREMIUM]",2051,"[PREMIUM]",false,"PARTNER",474178,3.8,73,0,"[""NO_SALVAGE_TITLE"",""NO_ACCIDENTS_REPORTED"",""ONE_OWNER""]","{""exterior"":[""Alloy wheels"",""Auto High-beam Headlights"",""Bumpers: body-color"",""Delay-off headlights"",""Fully automatic headlights"",""Heated door mirrors"",""Power door mirrors"",""Rear window wiper""],""interior"":[""Air Conditioning"",""Cloth/Leatherette Seating Surfaces"",""Driver door bin"",""Driver vanity mirror"",""Front Bucket Seats"",""Front Center Armrest"",""Front reading lights"",""Leather Shift Knob"",""Passenger door bin"",""Passenger vanity mirror"",""Power windows"",""Rear window defroster"",""Split folding rear seat"",""Steering wheel mounted audio controls"",""Tachometer"",""Telescoping steering wheel"",""Tilt steering wheel"",""Trip computer""],""mechanical"":[""4-Wheel Disc Brakes"",""Four wheel independent suspension"",""Power steering"",""Speed-sensing steering""],""other"":[""Adaptive Cruise Control: Adaptive Cruise Control (ACC) with Low-Speed Follow"",""Apple CarPlay/Android Auto"",""Front anti-roll bar"",""Illuminated entry"",""Outside temperature display"",""Radio: 180-Watt Audio System"",""Rear anti-roll bar"",""Wheels: 18\"" Gloss Black Alloy""],""safety"":[""ABS brakes"",""Blind Spot Information (BSI) System warning"",""Brake assist"",""Dual front impact airbags"",""Dual front side impact airbags"",""Electronic Stability Control"",""Emergency communication system: HondaLink"",""Knee airbag"",""Lane departure: Lane Keeping Assist System (LKAS) active"",""Low tire pressure warning"",""Occupant sensing airbag"",""Overhead airbag"",""Panic alarm"",""Rear side impact airbag"",""Security system"",""Traction control""],""technology"":[""8 Speakers"",""AM/FM radio"",""Automatic temperature control"",""Exterior Parking Camera Rear"",""Radio data system"",""Remote keyless entry"",""Speed control""]}",61,"Certified. Civic Sport, 4D Hatchback, 2.0L I4 DOHC 16V, CVT, FWD, Rallye Red, Black Artificial Leather, 4-Wheel Disc Brakes, 8 Speakers, ABS brakes, Adaptive Cruise Control: Adaptive Cruise Control (ACC) with Low-Speed Follow, Air Conditioning, Alloy wheels, AM/FM radio, Apple CarPlay/Android Auto, Auto High-beam Headlights, Automatic temperature control, Blind Spot Information (BSI) System warning, Brake assist, Bumpers: body-color, Cloth/Leatherette Seating Surfaces, Delay-off headlights, Driver door bin, Driver vanity mirror, Dual front impact airbags, Dual front side impact airbags, Electronic Stability Control, Emergency communication system: HondaLink, Exterior Parking Camera Rear, Four wheel independent suspension, Front anti-roll bar, Front Bucket Seats, Front Center Armrest, Front reading lights, Fully automatic headlights, Heated door mirrors, Illuminated entry, Knee airbag, Lane departure: Lane Keeping Assist System (LKAS) active, Leather Shift Knob, Low tire pressure warning, Occupant sensing airbag, Outside temperature display, Overhead airbag, Panic alarm, Passenger door bin, Passenger vanity mirror, Power door mirrors, Power steering, Power windows, Radio data system, Radio: 180-Watt Audio System, Rear anti-roll bar, Rear side impact airbag, Rear window defroster, Rear window wiper, Remote keyless entry, Security system, Speed control, Speed-sensing steering, Split folding rear seat, Steering wheel mounted audio controls, Tachometer, Telescoping steering wheel, Tilt steering wheel, Traction control, Trip computer, Wheels: 18 Gloss Black Alloy. 2025 Honda Civic Sport Rallye Red FWD CVT 2.0L I4 DOHC 16V<br><br>Odometer is 16542 miles below market average! 30/38 City/Highway MPG<br>HondaTrue Certified Details:<br><br>* Roadside Assistance<br>* Warranty Deductible: $0<br>* Vehicle History<br>* 182 Point Inspection<br>* Transferable Warranty<br>* Limited Warranty: 24 Month/100,000 Mile (whichever comes first) after new car warranty expires or from certified purchase date<br>* Powertrain Limited Warranty: 84 Month/100,000 Mile (whichever comes first) from original in-service date<br>* Honda Care Roadside Assistance for 2 year/100,000 miles (whichever occurs first). Up to two complimentary oil changes within the first year of ownership. SiriusXM 90-Day Trial.","[PREMIUM]",14,"13661 BRITTON PARK RD","Fishers","IN","46038","[PREMIUM]"
"789399072","2026-09-03 04:38:27.592","2026-09-03 04:38:27.592","789399072","[PREMIUM]","PH322948",2023,"HONDA","Honda","CIVIC","Civic","EX","SEDAN","Used","Used 2023 Honda Civic EX",30504,"[PREMIUM]",,"Good","[PREMIUM]",24080,26380,"Platinum White Pearl","OFFWHITE","Black","BLACK","4CLDR","4-Cylinder Turbo","2 wheel drive - front","AUT","Continuously Variable Automatic","Automatic","G","Gasoline","Gas",33,42,1.5,false,6,false,true,false,,false,,,"30",70727971,"[PREMIUM]","[PREMIUM]","[PREMIUM]",1765,"[PREMIUM]",false,"PARTNER",463936,3.8,72,0,"[""NO_SALVAGE_TITLE"",""ACCIDENTS_REPORTED"",""ONE_OWNER""]","{""exterior"":[""Aluminum Wheels"",""Automatic Headlights"",""Automatic Highbeams"",""Heated Mirrors"",""LED Headlights"",""Power Mirror(s)"",""Tires - Front Performance"",""Tires - Rear Performance""],""interior"":[""AC"",""Adjustable Steering Wheel"",""Bucket Seats"",""Climate Control"",""Cloth Seats"",""Driver Illuminated Vanity Mirror"",""Driver Vanity Mirror"",""Floor Mats"",""Heated Front Seat(s)"",""Intermittent Wipers"",""Leather Steering Wheel"",""Moonroof"",""Multi-Zone A/C"",""Pass-Through Rear Seat"",""Passenger Illuminated Visor Mirror"",""Passenger Vanity Mirror"",""Power Door Locks"",""Power Windows"",""Rear Bench Seat"",""Rear Defrost"",""Steering Wheel Audio Controls"",""Trip Computer"",""Variable Speed Intermittent Wipers""],""mechanical"":[""4-Wheel Disc Brakes"",""Front Wheel Drive"",""Power Steering"",""Turbocharged""],""other"":[""Cruise Control Steering Assist"",""Driver Monitoring"",""Front Collision Mitigation"",""Generic Moonroof"",""Requires Subscription"",""Smart Device Integration""],""safety"":[""ABS"",""Blind Spot Monitor"",""Brake Assist"",""Child Safety Locks"",""Daytime Running Lights"",""Driver Air Bag"",""Front Head Air Bag"",""Front Side Air Bag"",""Knee Air Bag"",""Lane Departure Warning"",""Lane Keeping Assist"",""Passenger Air Bag"",""Passenger Air Bag Sensor"",""Rear Head Air Bag"",""Rear Side Air Bag"",""Security System"",""Stability Control"",""Temporary Spare Tire"",""Tire Pressure Monitor"",""Traction Control""],""technology"":[""AM/FM Stereo"",""Adaptive Cruise Control"",""Auxiliary Audio Input"",""Back-Up Camera"",""Bluetooth Connection"",""Cruise Control"",""Immobilizer"",""Keyless Entry"",""Keyless Start"",""MP3 Capability"",""Remote Engine Start"",""Telematics""]}",73,"*** GREAT GAS MILEAGE ****** HEATED SEATS ****** POWER SUNROOF ****** APPLE CARPLAY &amp; ANDROID AUTO ***Meet this sharp 2023 Honda Civic EX, finished in clean white with just over 30,500 miles on the odometer. This turbocharged 1.5L four-cylinder delivers an impressive 33 city and 42 highway MPG, making it perfect for commuters and road-trippers alike. The EX trim brings premium comfort and technology to the legendary Civic nameplate.**Key Features:**- Adaptive Cruise Control with Low-Speed Follow- Apple CarPlay and Android Auto integration- Power moonroof for open-air driving- Heated front bucket seats with front center armrest- 17-inch alloy wheels with gloss black inserts- Leather-trimmed steering wheel and shift knob- Rear-view camera for confident parking- Electronic stability control and four-wheel independent suspension- Dual-zone automatic temperature control- 180-watt audio system with 8 speakersThis Civic presents with all the practical technology and creature comforts that make daily driving enjoyable. The heated seats and moonroof add luxury appeal, while the advanced driver assistance features and safety suite keep you confident on every journey. The responsive turbocharged engine pairs perfectly with the smooth CVT transmission to deliver both performance and efficiency.Come see this well-maintained Civic at your earliest convenience and experience why Honda continues to set the standard in the compact segment.","[PREMIUM]",16,"1510 Easton Road","Willow Grove","PA","19090","[PREMIUM]"
"789730341","2026-09-03 04:38:27.592","2026-09-16 06:29:45.255","789730341","[PREMIUM]","570160",2027,"HONDA","Honda","HONHRV","HR-V","EX-L","SUV","New","New 2027 Honda HR-V EX-L",0,"[PREMIUM]",33400,,"[PREMIUM]",32100,33600,"Solar Silver Metallic","SILVER","Gry Lth-trmmed","GRAY","4CLDR","4-Cylinder","All wheel drive","AUT","Continuously Variable Automatic","Automatic","G","Gasoline","Gas",25,30,2,true,17,false,false,false,,false,,,"30",1391103,"[PREMIUM]","[PREMIUM]","[PREMIUM]",2650,"[PREMIUM]",false,"PARTNER",481591,4,20,,"[""NO_SALVAGE_TITLE"",""NO_ACCIDENTS_REPORTED""]","{""exterior"":[""18\"" Machine-Finished Alloy Wheels"",""Alloy wheels"",""Auto High-beam Headlights"",""Bumpers: body-color"",""Delay-off headlights"",""Fully automatic headlights"",""Heated door mirrors"",""Power door mirrors"",""Rear window wiper"",""Spoiler"",""Turn signal indicator mirrors""],""interior"":[""Air Conditioning"",""Auto-dimming Rear-View mirror"",""Driver door bin"",""Driver vanity mirror"",""Front Bucket Seats"",""Front Center Armrest"",""Front beverage holders"",""Front dual zone A/C"",""Front reading lights"",""Heated Front Bucket Seats"",""Heated front seats"",""Leather Shift Knob"",""Leather steering wheel"",""Leather-Trimmed Seat Trim"",""Passenger door bin"",""Passenger vanity mirror"",""Power driver seat"",""Power moonroof"",""Power windows"",""Rear reading lights"",""Rear window defroster"",""Split folding rear seat"",""Steering wheel mounted audio controls"",""Tachometer"",""Telescoping steering wheel"",""Tilt steering wheel"",""Trip computer"",""Variably intermittent wipers""],""mechanical"":[""4-Wheel Disc Brakes"",""Four wheel independent suspension"",""Power steering"",""Speed-sensing steering""],""other"":[""Adaptive Cruise Control: Adaptive Cruise Control (ACC) with Low-Speed Follow"",""Apple CarPlay/Android Auto"",""Front anti-roll bar"",""Illuminated entry"",""Outside temperature display"",""Radio: 180-Watt Audio System with 8 Speakers"",""Rear anti-roll bar""],""safety"":[""ABS brakes"",""Blind Spot Information (BSI) System warning"",""Brake assist"",""Dual front impact airbags"",""Dual front side impact airbags"",""Electronic Stability Control"",""Knee airbag"",""Low tire pressure warning"",""Occupant sensing airbag"",""Overhead airbag"",""Panic alarm"",""Rear side impact airbag"",""Security system"",""Traction control""],""technology"":[""8 Speakers"",""AM/FM radio"",""Automatic temperature control"",""Compass"",""Exterior Parking Camera Rear"",""Radio data system"",""Remote keyless entry"",""Speed control""]}",72,"2027 Honda HR-V EX-L CVT Solar Silver Metallic 25/30 City/Highway MPG","[PREMIUM]",25,"9903 Bustleton Ave","Philadelphia","PA","19115","[PREMIUM]"
"786620578","2026-09-03 04:38:27.583","2026-09-16 19:55:47.758","786620578","[PREMIUM]","SPR327",2025,"SUB","Subaru","SUBCRSSTRK","Crosstrek","2.5i Sport","SUV","Certified","Certified 2025 Subaru Crosstrek 2.5i Sport w/ Crosstrek Mirror Package",8077,"[PREMIUM]",,"Good","[PREMIUM]",26140,29140,"Crystal White Pearl","WHITE","Gray","GRAY","4CLDR","4-Cylinder","All wheel drive","AUT","Continuously Variable Automatic","Automatic","G","Gasoline","Gas",27,33,2.5,true,52,false,false,false,,false,,,"30",70661457,"[PREMIUM]","[PREMIUM]","[PREMIUM]",1402,"[PREMIUM]",false,"PARTNER",475310,4.1,27,0,"[""NO_SALVAGE_TITLE"",""NO_ACCIDENTS_REPORTED"",""ONE_OWNER""]","{""exterior"":[""Alloy wheels"",""Auto High-beam Headlights"",""Bumpers: body-color"",""Front fog lights"",""Fully automatic headlights"",""Heated door mirrors"",""Power door mirrors"",""Rear Bumper Cover"",""Rear window wiper"",""Spoiler"",""Turn signal indicator mirrors""],""interior"":[""*HEATED SEATS*"",""*LEATHER*"",""*SUNROOF*"",""10-Way Power Driver's Seat"",""Air Conditioning"",""Anti-whiplash front head restraints"",""Auto-Dimming Mirror w/Compass & HomeLink"",""Driver door bin"",""Driver vanity mirror"",""Front Bucket Seats"",""Front Center Armrest"",""Front dual zone A/C"",""Front reading lights"",""Heated Front Bucket Seats"",""Heated front seats"",""Leather Shift Knob"",""Leather steering wheel"",""Overhead console"",""Passenger door bin"",""Passenger vanity mirror"",""Power Moonroof"",""Power windows"",""Rear Seatback Protector"",""Rear seat center armrest"",""Rear window defroster"",""Split folding rear seat"",""Sport Cloth Upholstery"",""Steering wheel mounted audio controls"",""Tachometer"",""Telescoping steering wheel"",""Tilt steering wheel"",""Trip computer"",""Variably intermittent wipers""],""mechanical"":[""4-Wheel Disc Brakes"",""Four wheel independent suspension"",""Power steering"",""Speed-sensing steering""],""other"":[""*SUBARU CERTIFIED*"",""*USB*"",""Auto-Dimming Exterior Mirror w/Approach Light"",""BSD/RCTA & Power Driver Seat & Power Moonroof"",""Crosstrek Mirror Package"",""Front anti-roll bar"",""Illuminated entry"",""Outside temperature display"",""Radio: Subaru 11.6\"" Multimedia Plus System"",""Rear anti-roll bar"",""Splash Guards"",""Wheels: 18\"" x 7.0\"" J Dark Gray Aluminum-Alloy""],""safety"":[""*BLIND SPOT MONITOR*"",""ABS brakes"",""Blind Spot Detection (BSD)"",""Brake assist"",""Dual front impact airbags"",""Dual front side impact airbags"",""Electronic Stability Control"",""Emergency communication system"",""Knee airbag"",""Low tire pressure warning"",""Occupant sensing airbag"",""Overhead airbag"",""Panic alarm"",""Rear Cross-Traffic Alert (RCTA) System"",""Security system"",""Traction control""],""technology"":[""*BACK UP CAMERA*"",""*BLUETOOTH*"",""*NAVIGATION*"",""*SATELLITE RADIO*"",""6 Speakers"",""AM/FM radio: SiriusXM"",""Automatic temperature control"",""Exterior Parking Camera Rear"",""Radio data system"",""Remote keyless entry"",""Speed control""]}",87,"The 2025 Subaru Crosstrek Sport in White represents a thoughtfully engineered compact crossover designed for drivers who value both capability and refinement.<br><br>- Back Up Camera<br>- Blind Spot Monitor<br>- Bluetooth<br>- Heated Seats<br>- Leather<br>- Navigation<br>- Satellite Radio<br>- Subaru Certified<br>- Sunroof<br>- USB<br>- Auto-Dimming Mirror with Compass &amp; HomeLink<br>- Power Moonroof<br>- 10-Way Power Driver's Seat<br>- Rear Cross-Traffic Alert (RCTA) System<br>- 18 Dark Gray Aluminum-Alloy Wheels<br><br>This vehicle combines practical everyday comfort with thoughtful safety technologies. The 2.5L 4-Cylinder engine paired with Lineartronic CVT and AWD delivers reliable performance while achieving 27 city and 33 highway MPG. The cabin features heated front bucket seats upholstered in sport cloth, a leather steering wheel and shift knob, and dual-zone automatic temperature control. Entertainment comes through the Subaru 11.6 Multimedia Plus System with SiriusXM satellite radio, while connectivity features include Bluetooth and USB integration. Navigation keeps you on course whether you're navigating city streets or exploring new terrain.<br><br>Safety and visibility have been prioritized throughout the design. Blind Spot Detection and Rear Cross-Traffic Alert work in conjunction with the rear backup camera to provide enhanced awareness in critical situations. Electronic Stability Control, traction control, and four-wheel independent suspension contribute to confident handling. The vehicle includes dual front impact airbags, front side impact airbags, knee airbags, and overhead airbags positioned throughout the cabin. Anti-whiplash front head restraints and four-wheel disc brakes with ABS provide additional protection and stopping power.<br><br>- 152 Point Inspection<br>- Roadside Assistance<br>- Warranty Deductible: $0<br>- Transferable Warranty<br>- Vehicle History<br>- Powertrain Limited Warranty: 84 Month/100,000 Mile (whichever comes first) from original in-service date<br>- SiriusXM 3-Month trial subscription, $500 Owner Loyalty coupon &amp; 1 year trial subscription to STARLINK<br><br>The Crosstrek Sport comes equipped with practical accessories including splash guards, rear bumper cover, and rear seatback protector. The power moonroof provides an open-air atmosphere, while the Crosstrek Mirror Package adds convenience with auto-dimming capability and approach lighting. This vehicle has been Subaru Certified, undergoing rigorous inspection and offering comprehensive warranty protection backed by manufacturer support.<br><br>With low mileage at 8,077 miles, this Crosstrek Sport remains virtually new while offering the advantage of certified pre-owned value. The combination of advanced safety systems, comfortable appointments, and proven AWD reliability makes this an excellent choice for drivers seeking versatility without compromise.<br><br>We invite you to schedule a test drive to experience how the 2025 Subaru Crosstrek Sport performs on the road and to explore financing options tailored to your situation.<br><br>RATES AS LOW AS 2.49%!!! NO CREDIT!!! BAD CREDIT!!! BANKRUPTCY!! WE CAN HELP!!! OVER 25 BANKS!!!","[PREMIUM]",31,"1713 WILMINGTON-WEST CHESTER PIKE","Glen Mills","PA","19342","[PREMIUM]"
"789467521","2026-09-03 04:38:27.578","2026-09-03 04:38:27.578","789467521","[PREMIUM]","570153",2027,"HONDA","Honda","HONHRV","HR-V","EX-L","SUV","New","New 2027 Honda HR-V EX-L",0,"[PREMIUM]",33855,,"[PREMIUM]",32500,34100,"Urban Gray Pearl","GRAY","Blk Lth-trmmed","BLACK","4CLDR","4-Cylinder","All wheel drive","AUT","Continuously Variable Automatic","Automatic","G","Gasoline","Gas",25,30,2,true,6,false,true,false,,false,,,"30",1391103,"[PREMIUM]","[PREMIUM]","[PREMIUM]",2635,"[PREMIUM]",false,"PARTNER",481591,4,20,,"[""NO_SALVAGE_TITLE"",""NO_ACCIDENTS_REPORTED""]","{""exterior"":[""18\"" Machine-Finished Alloy Wheels"",""Alloy wheels"",""Auto High-beam Headlights"",""Bumpers: body-color"",""Delay-off headlights"",""Fully automatic headlights"",""Heated door mirrors"",""Power door mirrors"",""Rear window wiper"",""Spoiler"",""Turn signal indicator mirrors""],""interior"":[""Air Conditioning"",""Auto-dimming Rear-View mirror"",""Driver door bin"",""Driver vanity mirror"",""Front Bucket Seats"",""Front Center Armrest"",""Front beverage holders"",""Front dual zone A/C"",""Front reading lights"",""Heated Front Bucket Seats"",""Heated front seats"",""Leather Shift Knob"",""Leather steering wheel"",""Leather-Trimmed Seat Trim"",""Passenger door bin"",""Passenger vanity mirror"",""Power driver seat"",""Power moonroof"",""Power windows"",""Rear reading lights"",""Rear window defroster"",""Split folding rear seat"",""Steering wheel mounted audio controls"",""Tachometer"",""Telescoping steering wheel"",""Tilt steering wheel"",""Trip computer"",""Variably intermittent wipers""],""mechanical"":[""4-Wheel Disc Brakes"",""Four wheel independent suspension"",""Power steering"",""Speed-sensing steering""],""other"":[""Adaptive Cruise Control: Adaptive Cruise Control (ACC) with Low-Speed Follow"",""Apple CarPlay/Android Auto"",""Front anti-roll bar"",""Illuminated entry"",""Outside temperature display"",""Radio: 180-Watt Audio System with 8 Speakers"",""Rear anti-roll bar""],""safety"":[""ABS brakes"",""Blind Spot Information (BSI) System warning"",""Brake assist"",""Dual front impact airbags"",""Dual front side impact airbags"",""Electronic Stability Control"",""Knee airbag"",""Low tire pressure warning"",""Occupant sensing airbag"",""Overhead airbag"",""Panic alarm"",""Rear side impact airbag"",""Security system"",""Traction control""],""technology"":[""8 Speakers"",""AM/FM radio"",""Automatic temperature control"",""Compass"",""Exterior Parking Camera Rear"",""Radio data system"",""Remote keyless entry"",""Speed control""]}",72,"2027 Honda HR-V EX-L CVT Urban Gray Pearl 25/30 City/Highway MPG","[PREMIUM]",25,"9903 Bustleton Ave","Philadelphia","PA","19115","[PREMIUM]"
"780762686","2026-09-03 04:38:27.564","2026-09-13 06:29:14.575","780762686","[PREMIUM]","LN3992A",2023,"NISSAN","Nissan","ROGUE","Rogue","SV","SUV","Certified","Certified 2023 Nissan Rogue SV w/ SV Premium B Package",20704,"[PREMIUM]",,"Good","[PREMIUM]",24130,26580,"Pearl White Tricoat","WHITE","Charcoal","BLACK","3CLDR","3-Cylinder Turbo","All wheel drive","AUT","Continuously Variable Automatic","Automatic","G","Gasoline","Gas",28,35,1.5,false,117,false,false,false,,false,,,"30",69361535,"[PREMIUM]","[PREMIUM]","[PREMIUM]",3850,"[PREMIUM]",false,"PARTNER",462389,3.7,84,0,"[""NO_SALVAGE_TITLE"",""NO_ACCIDENTS_REPORTED"",""ONE_OWNER""]","{""exterior"":[""Aluminum Wheels"",""Automatic Headlights"",""Automatic Highbeams"",""B93 CHROME REAR BUMPER PROTECTOR"",""Heated Mirrors"",""LED Headlights"",""Power Mirror(s)"",""Rear Spoiler"",""Tires - Front All-Season"",""Tires - Rear All-Season""],""interior"":[""A/C"",""Adjustable Steering Wheel"",""Bucket Seats"",""CHARCOAL  CLOTH SEAT TRIM"",""Climate Control"",""Cloth Seats"",""Driver Adjustable Lumbar"",""Driver Illuminated Vanity Mirror"",""Driver Vanity Mirror"",""Intermittent Wipers"",""Multi-Zone A/C"",""Pass-Through Rear Seat"",""Passenger Illuminated Visor Mirror"",""Passenger Vanity Mirror"",""Power Door Locks"",""Power Driver Seat"",""Power Windows"",""Privacy Glass"",""Rear Bench Seat"",""Rear Defrost"",""Steering Wheel Audio Controls"",""Trip Computer"",""Variable Speed Intermittent Wipers""],""mechanical"":[""4-Wheel Disc Brakes"",""All Wheel Drive"",""Brake Actuated Limited Slip Differential"",""Power Steering"",""Turbocharged""],""other"":[""B92 BLACK SPLASH GUARDS (SET OF 4)"",""CHARCOAL  PRIMATEX LEATHERETTE SEAT TRIM"",""CHARCOAL  TAILORFIT LEATHERETTE SEAT TRIM"",""Cruise Control Steering Assist"",""Driver Monitoring"",""Front Collision Mitigation"",""L92 FLOOR MATS W/1-PIECE CARGO AREA PROTECTOR  -inc: seatback protector  First Aid Kit"",""N94 FRAMELESS REARVIEW MIRROR W/UNIVERSAL REMOTE"",""P04 SV PREMIUM B PACKAGE  -inc: Heated Driver & Front Passenger Seats  Security Alarm  Silver Painted Roof Rails  Panoramic Moonroof  Rear Door Sunshades  Power Liftgate  Leatherette Door Trim Inserts w/Stitch  Heated Leather Wrapped Steering Wheel  Rea"",""PEARL WHITE TRICOAT"",""Rear Collision Mitigation"",""Requires Subscription"",""Smart Device Integration""],""safety"":[""ABS"",""Blind Spot Monitor"",""Brake Assist"",""Child Safety Locks"",""Cross-Traffic Alert"",""Daytime Running Lights"",""Driver Air Bag"",""Front Head Air Bag"",""Front Side Air Bag"",""Knee Air Bag"",""Lane Departure Warning"",""Lane Keeping Assist"",""Passenger Air Bag"",""Passenger Air Bag Sensor"",""Rear Head Air Bag"",""Rear Side Air Bag"",""Stability Control"",""Temporary Spare Tire"",""Tire Pressure Monitor"",""Traction Control""],""technology"":[""AM/FM Stereo"",""Adaptive Cruise Control"",""Auxiliary Audio Input"",""Back-Up Camera"",""Bluetooth Connection"",""Cruise Control"",""Immobilizer"",""Keyless Entry"",""Keyless Start"",""MP3 Capability"",""Rear Parking Aid"",""Remote Engine Start"",""Satellite Radio"",""Telematics"",""WiFi Hotspot""]}",86,"Priced below KBB Fair Purchase Price! Certified. Clean CARFAX. CARFAX One-Owner. 2023 Nissan Rogue SV SV AWD CVT with Xtronic 1.5L I3 Turbocharged DOHC 12V LEV3-ULEV50 201hp *Part of the Bush Loyalty Program*, *1 Owner CarFax*, *Clean CarFax*, *Non-Smoker*, *Locally Purchased*, *Locally Owned*, *Locally Serviced*, *Dealer is NOT responsible for pricing errors. Final vehicle price is determined at time of sale.*, AWD.<br><br>Odometer is 7403 miles below market average! 28/35 City/Highway MPG<br><br>Nissan Details:<br><br>* 167 Point Inspection (for Nissan Certified program), 84 Point Inspection (for Certified Select program), 139 Point Inspection (for EV Certified program)<br>* Limited Warranty: 12 Month/12,000 Mile (whichever occurs first) (for Certified Select program), 84 Month/100,000 Mile (whichever occurs first) (for EV Certified program), 84 Month/100,000 Mile (whichever occurs first) (for Nissan Certified program)<br>* 7 Year/100,000 Mile Limited Warranty, 24/7 Hour Roadside Assistance, Carfax Vehicle History Report, Plus 1 Year Pre-Paid Maintenance Included. Gas Powered Nissan Models Only. (for Nissan Certified program), 12-Months/12,000 Mile Limited Warranty, 24/7 Hour Roadside Assistance, Carfax Vehicle History Report, Plus 1 Complimentary Service Visit During the First Year of Ownership or First 15,000 Miles, Whichever Comes First. (for Certified Select program), 7-Year/100,000 Mile Limited Warranty, 1 Year Prepaid Maintenance Included in the First Year of Ownership or 15,000 Miles, Whichever Comes First. 100% Electric Nissan Models Only. (for EV Certified program)<br>* Warranty Deductible: $100 (for Nissan Certified program), $100 (for Certified Select program)<br>* Roadside Assistance (for Nissan Certified program)<br>* Vehicle History (for Nissan Certified program)<br>* Transferable Warranty (for Nissan Certified program), Transferable Warranty (for Certified Select program)<br><br><br>See the rest of our .","[PREMIUM]",27,"55 AUTOPARK BLVD","Royersford","PA","19468","[PREMIUM]"
"781512393","2026-09-03 02:38:27.331","2026-09-03 02:38:27.331","781512393","[PREMIUM]","PC540667",2023,"JEEP","Jeep","JEEPGRAND","Grand Cherokee","Altitude","SUV","Used","Used 2023 Jeep Grand Cherokee Altitude",22606,"[PREMIUM]",,"Great","[PREMIUM]",30530,33830,"Bright White Clearcoat","WHITE","Global Black","BLACK","6CLDR","6-Cylinder","4 wheel drive","AUT","8-Speed Automatic","Automatic","G","Gasoline","Gas",19,26,3.6,false,97,false,false,false,,false,,,"30",16131614,"[PREMIUM]","[PREMIUM]","[PREMIUM]",1012,"[PREMIUM]",false,"PARTNER",466140,3.3,51,0,"[""NO_SALVAGE_TITLE"",""NO_ACCIDENTS_REPORTED"",""ONE_OWNER""]","{""exterior"":[""Aluminum Wheels"",""Automatic Headlights"",""Heated Mirrors"",""LED Headlights"",""Power Mirror(s)"",""Rear Spoiler"",""Tires - Front All-Season"",""Tires - Rear All-Season""],""interior"":[""A/C"",""Adjustable Steering Wheel"",""Climate Control"",""Driver Adjustable Lumbar"",""Driver Illuminated Vanity Mirror"",""Driver Vanity Mirror"",""Floor Mats"",""Intermittent Wipers"",""Multi-Zone A/C"",""Pass-Through Rear Seat"",""Passenger Illuminated Visor Mirror"",""Passenger Vanity Mirror"",""Power Door Locks"",""Power Driver Seat"",""Power Windows"",""Privacy Glass"",""Rear Bench Seat"",""Rear Defrost"",""Steering Wheel Audio Controls"",""Trip Computer"",""Variable Speed Intermittent Wipers""],""mechanical"":[""4-Wheel Disc Brakes"",""Four Wheel Drive"",""Power Steering""],""other"":[""Front Collision Mitigation"",""Rear Collision Mitigation"",""Requires Subscription"",""Smart Device Integration""],""safety"":[""ABS"",""Blind Spot Monitor"",""Brake Assist"",""Child Safety Locks"",""Cross-Traffic Alert"",""Daytime Running Lights"",""Driver Air Bag"",""Front Head Air Bag"",""Front Side Air Bag"",""Knee Air Bag"",""Lane Departure Warning"",""Lane Keeping Assist"",""Passenger Air Bag"",""Passenger Air Bag Sensor"",""Rear Head Air Bag"",""Security System"",""Stability Control"",""Temporary Spare Tire"",""Tire Pressure Monitor"",""Traction Control""],""technology"":[""AM/FM Stereo"",""Adaptive Cruise Control"",""Auxiliary Audio Input"",""Back-Up Camera"",""Bluetooth Connection"",""Cruise Control"",""Immobilizer"",""Keyless Entry"",""Keyless Start"",""MP3 Capability"",""Rear Parking Aid"",""Telematics"",""WiFi Hotspot""]}",69,"We have many more vehicles available! Browse our full  or contact us at   for current availability.<br>Bright White Clearcoat 2023<br>Jeep Grand Cherokee Altitude X 3.6L V6 24V VVT 8-Speed Automatic 4WD<br><br>Well Equipped with, 115V Auxiliary Power Outlet, 3.45 Rear Axle Ratio, 4-Wheel Disc Brakes, 6 Speakers, ABS brakes, Air Conditioning, Alloy wheels, Altitude Appearance Package, Anti-whiplash front head restraints, Automatic temperature control, Black Headliner, Brake assist, Bumpers: body-color, Capri Leatherette/Suede Seats, Cloth Seats, Compass, Delay-off headlights, Delete Laredo Badge, Driver door bin, Driver vanity mirror, Dual front impact airbags, Dual front side impact airbags, Electronic Stability Control, Emergency communication system, Four wheel independent suspension, Front anti-roll bar, Front Bucket Seats, Front Center Armrest w/Storage, Front dual zone A/C, Front License Plate Bracket, Front reading lights, Fully automatic headlights, Gloss Black Exterior Accents, Heated door mirrors, Heated Front Seats, Heated Steering Wheel, Illuminated entry, Knee airbag, Low tire pressure warning, Molded In Color Black/Gloss Black Roof Rails, Normal Duty Suspension, Occupant sensing airbag, Outside temperature display, Overhead airbag, Overhead console, Panic alarm, ParkView Rear Back-Up Camera, Passenger door bin, Passenger vanity mirror, Power door mirrors, Power driver seat, Power Liftgate, Power steering, Power Sunroof (DISC), Power windows, Quick Order Package 23B Altitude, Radio data system, Radio: Uconnect 5 w/8.4&quot; Display, Rain Sensitive Windshield Wipers, Rear anti-roll bar, Rear reading lights, Rear window defroster, Rear window wiper, Remote keyless entry, Remote Start System, Secondary Active Grille Shutters, Security system, Selectable Tire Fill Alert, Speed control, Speed-Sensitive Wipers, Split folding rear seat, Spoiler, Steering wheel mounted audio controls, Tachometer, Telescoping steering wheel, Tilt steering wheel, Traction control, Trip computer, Variably intermittent wipers, Voltmeter, Wheels: 17&quot; x 6.5&quot; Fully Painted Aluminum, Wheels: 18&quot; x 8&quot; Fully Painted Aluminum 1, Wheels: 20&quot; x 8.5&quot; Gloss Black Painted Aluminum, Wireless Charging Pad.<br><br><br>19/26 City/Highway MPG<br><br><br>Dealer shall in no way be held liable for any errors or omissions to be found on this website. Price(s) include(s) all costs to be paid by a consumer, except for licensing costs, registration fees, filing fees, transportation fees and taxes. Price does not include dealer s documentary fee of $895 at NJ dealerships or $490 at PA dealerships. Price does not include the documentary fee of $895 or the electronic filing system fee of $150 at FL dealerships. Prices are subject to change without notice. Any purchaser or prospective purchaser should independently verify with a salesperson the accuracy of all information listed on this website. Actual equipment of this vehicle may differ. Contact store for more details.","[PREMIUM]",30,"104 Route 73","Voorhees","NJ","08043","[PREMIUM]"
"789498867","2026-09-03 02:38:27.320","2026-09-03 02:38:27.320","789498867","[PREMIUM]","LP138013",2023,"KIA","Kia","SPORTA","Sportage","X-Line","SUV","Used","Used 2023 Kia Sportage X-Line w/ X-Line Premium Package",12225,"[PREMIUM]",,"Great","[PREMIUM]",27080,31580,"Gravity Gray","GRAY","Black","BLACK","4CLDR","4-Cylinder","All wheel drive","AUT","8-Speed Automatic","Automatic","G","Gasoline","Gas",23,28,2.5,false,5,false,true,false,,false,,,"30",70331999,"[PREMIUM]","[PREMIUM]","[PREMIUM]",2551,"[PREMIUM]",false,"PARTNER",460979,3.7,43,0,"[""NO_SALVAGE_TITLE"",""NO_ACCIDENTS_REPORTED"",""ONE_OWNER""]","{""exterior"":[""Alloy wheels"",""Auto High-beam Headlights"",""Bumpers: body-color"",""Delay-off headlights"",""Fully automatic headlights"",""Heated door mirrors"",""Power door mirrors"",""Rear window wiper"",""Spoiler"",""Turn signal indicator mirrors""],""interior"":[""Air Conditioning"",""Driver door bin"",""Driver vanity mirror"",""Front Bucket Seats"",""Front Center Armrest"",""Front dual zone A/C"",""Heated Front Bucket Seats"",""Heated front seats"",""LED Interior Lighting"",""Leather Shift Knob"",""Leather steering wheel"",""Overhead console"",""Panoramic Sunroof"",""Passenger door bin"",""Passenger vanity mirror"",""Power driver seat"",""Power windows"",""Rear seat center armrest"",""Rear window defroster"",""Smart Power Liftgate"",""Split folding rear seat"",""Steering wheel mounted audio controls"",""Tachometer"",""Telescoping steering wheel"",""Tilt steering wheel"",""Trip computer"",""Variably intermittent wipers""],""mechanical"":[""4-Wheel Disc Brakes"",""Axle Ratio: 3.648"",""Four wheel independent suspension"",""Power steering"",""Speed-sensing steering""],""other"":[""Apple CarPlay & Android Auto"",""Carpet Floor Mats X-Line"",""Front anti-roll bar"",""Illuminated entry"",""Outside temperature display"",""Premium Leatherette Seat Trim"",""Rear anti-roll bar"",""Wheels: 19\"" Gloss Black Alloy"",""X-Line Premium Package"",""harman/kardonᆴ Speakers""],""safety"":[""ABS brakes"",""Brake assist"",""Dual front impact airbags"",""Dual front side impact airbags"",""Electronic Stability Control"",""Emergency communication system"",""Low tire pressure warning"",""Occupant sensing airbag"",""Overhead airbag"",""Panic alarm"",""Security system"",""Traction control""],""technology"":[""6 Speakers"",""AM/FM radio: SiriusXM"",""Automatic temperature control"",""Compass"",""Navigation System"",""Radio: AM/FM/HD Audio System"",""Rain sensing wipers"",""Remote keyless entry"",""Speed control""]}",73,"Meet the 2023 Kia Sportage X-Line, a sophisticated compact SUV designed for drivers who appreciate quality and capability. This gray beauty delivers a confident blend of style and performance, equipped with all-wheel drive and an efficient I4 engine paired with an 8-speed automatic transmission. With just over 12,000 miles, this vehicle is practically new and ready for its next owner.<br><br>- X-Line Premium Package<br>- Panoramic Sunroof<br>- Apple CarPlay &amp; Android Auto<br>- Heated Front Bucket Seats with Premium Leatherette Trim<br>- Navigation System<br>- 19 Gloss Black Alloy Wheels<br>- Harman/Kardon&reg; Premium Audio System with SiriusXM<br>- Smart Power Liftgate<br>- Electronic Stability Control and Four-Wheel Independent Suspension<br>- Dual Front Zone Automatic Climate Control<br><br>This Sportage X-Line arrives in excellent condition with comprehensive safety features including dual front and side impact airbags, ABS brakes, and an emergency communication system. The interior welcomes you with heated bucket seats, a leather steering wheel, and LED interior lighting. Rain-sensing wipers, fully automatic headlights, and a rear window defroster enhance convenience year-round.<br><br>Fuel economy reaches 23 city and 28 highway MPG, making this an economical choice without sacrificing performance. The combination of advanced technology, premium comfort features, and the X-Line's distinctive styling makes this a standout option in the segment. Come experience this excellent Sportage X-Line in person it's an opportunity you won't want to miss.","[PREMIUM]",10,"2350 LEHIGH ST","Allentown","PA","18103","[PREMIUM]"
"789924859","2026-09-03 02:38:27.272","2026-09-03 02:38:27.272","789924859","[PREMIUM]","482647SD",2023,"TESLA","Tesla","TESMOD3","Model 3","Standard Range","SEDAN","Used","Used 2023 Tesla Model 3 Standard Range",21290,"[PREMIUM]",,,"[PREMIUM]",0,0,"White","WHITE","Gray","GRAY","EL","Electric","2 wheel drive - rear","AUT","Single-Speed","Automatic","E","Electric","Electric",,,,false,0,false,true,false,,false,,,"30",72845965,"[PREMIUM]","[PREMIUM]","[PREMIUM]",5829,"[PREMIUM]",false,"PARTNER",0,,,0,"[""NO_SALVAGE_TITLE"",""NO_ACCIDENTS_REPORTED"",""ONE_OWNER""]","{""exterior"":[""Aluminum Wheels"",""Automatic Headlights"",""Automatic Highbeams"",""Headlights-Auto-Leveling"",""Heated Mirrors"",""LED Headlights"",""Mirror Memory"",""Power Folding Mirrors"",""Power Mirror(s)"",""Tires - Front Performance"",""Tires - Rear Performance"",""Wheel Covers""],""interior"":[""A/C"",""Adjustable Steering Wheel"",""Auto-Dimming Rearview Mirror"",""Bucket Seats"",""Climate Control"",""Driver Adjustable Lumbar"",""Driver Illuminated Vanity Mirror"",""Driver Vanity Mirror"",""Dual Moonroof"",""Generic Sun/Moonroof"",""Heated Front Seat(s)"",""Heated Rear Seat(s)"",""Heated Steering Wheel"",""Intermittent Wipers"",""Multi-Zone A/C"",""Pass-Through Rear Seat"",""Passenger Illuminated Visor Mirror"",""Passenger Vanity Mirror"",""Power Door Locks"",""Power Driver Seat"",""Power Liftgate"",""Power Passenger Seat"",""Power Windows"",""Premium Synthetic Seats"",""Rear Bench Seat"",""Rear Defrost"",""Remote Trunk Release"",""Seat Memory"",""Steering Wheel Audio Controls"",""Sun/Moonroof"",""Trip Computer"",""Variable Speed Intermittent Wipers"",""Woodgrain Interior Trim""],""mechanical"":[""4-Wheel Disc Brakes"",""Power Steering"",""Rear Wheel Drive""],""other"":[""Driver Monitoring"",""Driver Restriction Features"",""Electric Motor"",""Front Collision Mitigation"",""Lithium Ion Traction Battery"",""Requires Subscription"",""Smart Device Integration""],""safety"":[""ABS"",""Blind Spot Monitor"",""Brake Assist"",""Child Safety Locks"",""Cross-Traffic Alert"",""Daytime Running Lights"",""Driver Air Bag"",""Front Head Air Bag"",""Front Side Air Bag"",""Knee Air Bag"",""Lane Departure Warning"",""Lane Keeping Assist"",""Passenger Air Bag"",""Passenger Air Bag Sensor"",""Rear Head Air Bag"",""Security System"",""Stability Control"",""Tire Pressure Monitor"",""Traction Control""],""technology"":[""AM/FM Stereo"",""Adaptive Cruise Control"",""Auxiliary Audio Input"",""Back-Up Camera"",""Bluetooth Connection"",""Cruise Control"",""HD Radio"",""Hard Disk Drive Media Storage"",""Immobilizer"",""Keyless Entry"",""Keyless Start"",""MP3 Capability"",""Navigation System"",""Rain Sensing Wipers"",""Rear Parking Aid"",""Telematics""]}",90,"VEHICLE OVERVIEW<br><br>Electric Range<br><br>EPA Range: 272 miles<br><br>The displayed estimated electric range of the vehicle has been provided by the following platform: https://www.recurrentauto.com/dealer/vehicles/5YJ3E1EA0PF482647<br><br>The 2023 White Tesla Model 3 RWD delivers clean electric performance with smooth acceleration and a minimalist, tech forward cabin. Its rear wheel drive setup provides responsive handling, while the sleek exterior and large touchscreen create a modern, effortless driving experience. Efficient, stylish, and ready for its next owner now available at Carvision.<br><br>ESTIMATED REMAINING COVERAGE (Based on Carfax)<br><br>BASIC WARRANTY: 6 months or 28,710 miles<br>POWERTRAIN WARRANTY: 54 months or 78,710 miles<br>CORROSION WARRANTY: 102 months or unlimited mileage<br><br>Based on CarFax as of 9/1/2026. Remaining warranty may be different at the time of sale based on additional age and mileage since publication, warranty and usage history or inaccuracies on CarFax. Additionally, some warranties are limited to first owners only and are non-transferable. Please verify warranty coverage with the vehicle manufacturer prior to purchase.","[PREMIUM]",41,"2791 NJ-73 S","Maple Shade","NJ","08052","[PREMIUM]"
"767949990","2026-09-03 02:38:27.231","2026-09-03 02:38:27.231","767949990","[PREMIUM]","PC532633",2023,"JEEP","Jeep","JEEPGRAND","Grand Cherokee","Limited","SUV","Used","Used 2023 Jeep Grand Cherokee Limited w/ Luxury Tech Group II",19300,"[PREMIUM]",,"Great","[PREMIUM]",30142,33242,"Diamond Black Crystal Pearlcoa","BLACK","Global Black","BLACK","6CLDR","6-Cylinder","4 wheel drive","AUT","8-Speed Automatic","Automatic","G","Gasoline","Gas",19,26,3.6,true,259,false,false,false,,false,,,"30",16131614,"[PREMIUM]","[PREMIUM]","[PREMIUM]",1012,"[PREMIUM]",false,"PARTNER",461783,3.3,51,0,"[""NO_SALVAGE_TITLE"",""NO_ACCIDENTS_REPORTED"",""ONE_OWNER""]","{""exterior"":[""Aluminum Wheels"",""Automatic Headlights"",""Automatic Highbeams"",""Fog Lamps"",""Heated Mirrors"",""Integrated Turn Signal Mirrors"",""LED Headlights"",""Mirror Memory"",""Power Mirror(s)"",""Rear Spoiler""],""interior"":[""A/C"",""Adjustable Steering Wheel"",""Bucket Seats"",""Climate Control"",""Driver Adjustable Lumbar"",""Driver Illuminated Vanity Mirror"",""Driver Vanity Mirror"",""Floor Mats"",""Heated Front Seat(s)"",""Heated Rear Seat(s)"",""Heated Steering Wheel"",""Intermittent Wipers"",""Multi-Zone A/C"",""Pass-Through Rear Seat"",""Passenger Adjustable Lumbar"",""Passenger Illuminated Visor Mirror"",""Passenger Vanity Mirror"",""Power Door Locks"",""Power Driver Seat"",""Power Liftgate"",""Power Passenger Seat"",""Power Windows"",""Privacy Glass"",""Rear Bench Seat"",""Rear Defrost"",""Remote Trunk Release"",""Seat Memory"",""Steering Wheel Audio Controls"",""Trip Computer"",""Universal Garage Door Opener"",""Variable Speed Intermittent Wipers"",""Woodgrain Interior Trim""],""mechanical"":[""4-Wheel Disc Brakes"",""Four Wheel Drive"",""Power Steering""],""other"":[""Front Collision Mitigation"",""Rear Collision Mitigation"",""Requires Subscription"",""Smart Device Integration""],""safety"":[""ABS"",""Blind Spot Monitor"",""Brake Assist"",""Child Safety Locks"",""Cross-Traffic Alert"",""Daytime Running Lights"",""Driver Air Bag"",""Front Head Air Bag"",""Front Side Air Bag"",""Knee Air Bag"",""Lane Departure Warning"",""Lane Keeping Assist"",""Passenger Air Bag"",""Passenger Air Bag Sensor"",""Rear Head Air Bag"",""Security System"",""Stability Control"",""Temporary Spare Tire"",""Tire Pressure Monitor"",""Traction Control""],""technology"":[""AM/FM Stereo"",""Adaptive Cruise Control"",""Auxiliary Audio Input"",""Back-Up Camera"",""Bluetooth Connection"",""Cruise Control"",""HD Radio"",""Immobilizer"",""Keyless Entry"",""Keyless Start"",""MP3 Capability"",""Navigation System"",""Premium Sound System"",""Rear Parking Aid"",""Remote Engine Start"",""Satellite Radio"",""Telematics"",""WiFi Hotspot""]}",87,"We have many more vehicles available! Browse our full  or contact us at   for current availability.<br>Clean CARFAX. Diamond Black Crystal Pearlcoat 2023<br>Jeep Grand Cherokee Limited 3.6L V6 24V VVT 8-Speed Automatic 4WD<br><br>Well Equipped with, 2nd-Row Manual Window Shades, 3.45 Rear Axle Ratio, 4-Wheel Disc Brakes, 6 Speakers, ABS brakes, Active Noise Control System, Air Conditioning, Alloy wheels, AM/FM radio: SiriusXM with 360L, Anti-whiplash front head restraints, Audio memory, Auto High-beam Headlights, Auto-Dimming Exterior Driver Mirror, Automatic temperature control, Brake assist, Bumpers: body-color, Capri Leatherette Seats, Capri Leatherette w/Axis II Seats, Compass, Delay-off headlights, Driver door bin, Driver vanity mirror, Dual front impact airbags, Dual front side impact airbags, Electronic Stability Control, Emergency communication system, Four wheel independent suspension, Front anti-roll bar, Front Bucket Seats, Front Center Armrest w/Storage, Front dual zone A/C, Front fog lights, Front License Plate Bracket, Front reading lights, Front/Rear Doors &amp; Liftgate w/Passive Entry, Fully automatic headlights, Garage door transmitter, Heated door mirrors, Heated front seats, Heated rear seats, Heated steering wheel, Illuminated entry, Integrated Off-Road Camera, Intersection Collision Assist System, Knee airbag, Low tire pressure warning, Luxury Tech Group II, Memory seat, Memory Steering Column, Molded In Color Black/Gloss Black Roof Rails, Navigation System, Normal Duty Suspension, Occupant sensing airbag, Outside temperature display, Overhead airbag, Overhead console, Panic alarm, ParkSense Front/Rear Park Assist w/Stop, ParkView Rear Back-Up Camera, Passenger door bin, Passenger vanity mirror, Power door mirrors, Power driver seat, Power Liftgate, Power passenger seat, Power steering, Power Tilt/Telescope Steering Column, Power windows, Quick Order Package 23E, Radio data system, Radio: Uconnect 5 Nav w/10.1&quot; Display, Rain Sensitive Windshield Wipers, Rear anti-roll bar, Rear Back-Up Camera Washer, Rear reading lights, Rear window defroster, Rear window wiper, Rearview Autodim Digital Display Mirror, Remote keyless entry, Security system, Speed control, Speed-Sensitive Wipers, Split folding rear seat, Spoiler, Steering wheel mounted audio controls, Surround View Camera System, Tachometer, Telescoping steering wheel, Tilt steering wheel, Traction control, Trip computer, Turn signal indicator mirrors, Variably intermittent wipers, Ventilated Front Seats, Voltmeter, Wheels: 18&quot; x 8&quot; Fully Painted Aluminum, Wheels: 20&quot; x 8.5&quot; Machined/Painted Aluminum, Wireless Charging Pad.<br><br><br>19/26 City/Highway MPG<br><br><br>Dealer shall in no way be held liable for any errors or omissions to be found on this website. Price(s) include(s) all costs to be paid by a consumer, except for licensing costs, registration fees, filing fees, transportation fees and taxes. Price does not include dealer s documentary fee of $895 at NJ dealerships or $490 at PA dealerships. Price does not include the documentary fee of $895 or the electronic filing system fee of $150 at FL dealerships. Prices are subject to change without notice. Any purchaser or prospective purchaser should independently verify with a salesperson the accuracy of all information listed on this website. Actual equipment of this vehicle may differ. Contact store for more details.","[PREMIUM]",31,"104 Route 73","Voorhees","NJ","08043","[PREMIUM]"
"786517569","2026-09-03 02:38:27.222","2026-09-03 02:38:27.222","786517569","[PREMIUM]","CPT38640",2023,"CHEV","Chevrolet","TRAVERSE","Traverse","LS","SUV","Certified","Certified 2023 Chevrolet Traverse LS",35278,"[PREMIUM]",,"Great","[PREMIUM]",26360,29160,"Summit White","WHITE","Jet Black/Chai","BLACK","6CLDR","6-Cylinder","2 wheel drive - front","AUT","9-Speed Automatic","Automatic","G","Gasoline","Gas",18,27,3.6,false,40,false,false,true,,false,,,"30",100003694,"[PREMIUM]","[PREMIUM]","[PREMIUM]",,"[PREMIUM]",false,"PARTNER",461016,4.3,74,0,"[""NO_SALVAGE_TITLE"",""NO_ACCIDENTS_REPORTED"",""ONE_OWNER""]","{""exterior"":[""Auto High-beam Headlights"",""Bumpers: body-color"",""Delay-off headlights"",""Fully automatic headlights"",""GOOD TIRES"",""Heated door mirrors"",""Power door mirrors"",""Rear window wiper"",""Spoiler"",""Wheels: 20\"" Gloss Black Painted Aluminum (LPO)""],""interior"":[""3rd row seats: split-bench"",""Air Conditioning"",""Driver door bin"",""Driver vanity mirror"",""Front Bucket Seats"",""Front Center Armrest"",""Front dual zone A/C"",""Front reading lights"",""Overhead console"",""Passenger door bin"",""Passenger vanity mirror"",""Power windows"",""Premium Cloth Seat Trim"",""Rear air conditioning"",""Rear reading lights"",""Rear window defroster"",""Split folding rear seat"",""Steering wheel mounted audio controls"",""THIRD ROW SEATING"",""Tachometer"",""Telescoping steering wheel"",""Tilt steering wheel"",""Trip computer"",""Variably intermittent wipers"",""Voltmeter""],""mechanical"":[""3.49 Axle Ratio"",""4-Wheel Disc Brakes"",""Four wheel independent suspension"",""Power steering"",""Speed-sensing steering""],""other"":[""2-Way Manual Front Passenger Seat Adjuster"",""6-Way Manual Driver Seat Adjuster"",""APPLE CAR PLAY ANDROID AUTO"",""Apple CarPlay/Android Auto"",""CarBravo Certified Used"",""Custom Molded Front & Rear Splash Guards (LPO)"",""Front License Plate Bracket Mounting Package"",""Front anti-roll bar"",""GOOD BRAKES"",""INCLUDES WARRANTY"",""Illuminated entry"",""LANE MONITOR ALERT"",""Outside temperature display"",""Preferred Equipment Group 1LS"",""Rear anti-roll bar"",""SERVICE RECORDS AVAILABLE""],""safety"":[""ABS brakes"",""Brake assist"",""Dual front impact airbags"",""Dual front side impact airbags"",""Electronic Stability Control"",""Emergency communication system"",""Low tire pressure warning"",""Occupant sensing airbag"",""Overhead airbag"",""Panic alarm"",""Security system"",""Traction control""],""technology"":[""6 Speakers"",""6-Speaker Audio System Feature"",""AM/FM radio: SiriusXM"",""Automatic temperature control"",""BLUE TOOTH HANDS FREE"",""Compass"",""Exterior Parking Camera Rear"",""ONSTAR"",""REAR BACK UP CAMERA"",""Radio data system"",""Radio: Chevrolet Infotainment System AM/FM Stereo"",""Remote keyless entry"",""SIRIUS XM RADIO"",""SiriusXM Radio"",""Speed control""]}",83,"This 2023 Chevrolet Traverse LS offers the spacious, capable three-row seating you need for family adventures and everyday practicality.<br><br>- Apple CarPlay and Android Auto compatibility<br>- Third row seating for flexible passenger capacity<br>- SiriusXM satellite radio with 6-speaker audio system<br>- Rear backup camera for convenient parking and reversing<br>- Lane monitor alert for enhanced driving awareness<br>- Bluetooth hands-free connectivity<br>- OnStar connected services<br>- Automatic temperature control with front dual zone A/C<br>- 20 gloss black painted aluminum wheels<br>- Custom molded front and rear splash guards<br>- Power windows, locks, and door mirrors<br>- Telescoping and tilt steering wheel<br>- Electronic stability control and traction control<br>- Four-wheel independent suspension<br><br>The Traverse LS combines everyday functionality with modern conveniences. Its three-row configuration provides genuine versatility, whether you're accommodating a full family or maximizing cargo space. The 3.6L V6 engine delivers reliable power for highway driving and city commuting alike, achieving 18 city MPG and 27 highway MPG sensible efficiency for a vehicle of this class and capability.<br><br>This vehicle comes fully prepared to support your connected lifestyle. Apple CarPlay and Android Auto give you seamless smartphone integration, while Bluetooth hands-free calling keeps you focused on the road. SiriusXM satellite radio provides entertainment options wherever you travel, and the rear backup camera takes the guesswork out of backing up or parking in tight spaces.<br><br>Safety and security features are built throughout this Traverse. Lane monitor alert helps you stay centered, while electronic stability control, traction control, and four-wheel independent suspension work together to provide confident handling. The vehicle includes dual front impact airbags, dual front side impact airbags, and overhead airbags positioned throughout the cabin.<br><br>This CarBravo Certified Used vehicle comes with a warranty and available service records, reflecting its quality and maintenance history. Good brakes and good tires mean you're ready for the road immediately. OnStar connected services provide navigation and emergency support when you need it most.<br><br>The 2023 Chevrolet Traverse LS delivers the three-row comfort, modern technology, and dependable performance that family-focused buyers value. Visit us to see this white crossover in person and experience its blend of space, capability, and convenience.","[PREMIUM]",31,"3400 Route 42","Turnersville","NJ","08012","[PREMIUM]"
"789480375","2026-09-03 02:38:27.210","2026-09-03 02:38:27.210","789480375","[PREMIUM]","B78782",2023,"NISSAN","Nissan","ROGUE","Rogue","Platinum","SUV","Used","Used 2023 Nissan Rogue Platinum w/ Platinum Premium Package",25924,"[PREMIUM]",,"Great","[PREMIUM]",27330,30530,"Brilliant Silver","SILVER","Charcoal","BLACK","3CLDR","3-Cylinder Turbo","All wheel drive","AUT","Continuously Variable Automatic","Automatic","G","Gasoline","Gas",28,34,1.5,true,6,false,true,false,,false,,,"30",70915151,"[PREMIUM]","[PREMIUM]","[PREMIUM]",,"[PREMIUM]",false,"PARTNER",462362,3.7,81,0,"[""NO_SALVAGE_TITLE"",""NO_ACCIDENTS_REPORTED"",""ONE_OWNER""]","{""exterior"":[""Alloy Wheels""],""interior"":[""Leather Seats"",""Panoramic Roof"",""Power Sun Roof""],""mechanical"":[""Four Wheel Drive""],""other"":[""Android Auto"",""Apple Car Play""],""technology"":[""Navigation System""]}",8,"CarShop is completely free of the usual haggling because our salespeople are not paid on a commission basis. Our best price is already on the sticker, often hundreds lower than Kelley Blue Book. CarShop Certified vehicles have warranties on everything down to the wiper blades for 6 months or 6,000 miles. We also offer the unique Lifetime Engine Guarantee on every CarShop Certified vehicle. You can return your CarShop Certified vehicle up to five days after the sale - no questions asked. To answer any questions you may have on this vehicle please visit .<br><br><br><br>Only 25,924 Miles! Scores 34 Highway MPG and 28 City MPG! Dealer Certified Pre-Owned. This NISSAN ROGUE 4WD boasts a Intercooled Turbo Regular Unleaded I-3 1.5 L/91 engine powering this Automatic transmission. CHARCOAL, QUILTED SEMI-ANILINE LEATHER SEAT TRIM, BRILLIANT SILVER METALLIC, [P03] PLATINUM PREMIUM PACKAGE -inc: Rear Heated Seats, Tri-Zone HVAC, Head Up Display.<br><br>* This NISSAN ROGUE 4WD Features the Following Options *<br>[N92] ILLUMINATED KICK PLATES, [L93] FLOOR MATS W/2-PIECE CARGO AREA PROTECTOR -inc: seatback protector, First Aid Kit, [B93] CHROME REAR BUMPER PROTECTOR, [B92] BLACK SPLASH GUARDS (SET OF 4), Wireless Phone Connectivity, Wheels: 19&quot; Aluminum Alloy, Wheels w/Machined w/Painted Accents Accents, Vinyl Door Trim Insert, Urethane Gear Shifter Material, Trunk/Hatch Auto-Latch.","[PREMIUM]",16,"2801 Bethlehem Pike","Hatfield","PA","19440","[PREMIUM]"
"789814661","2026-09-03 02:38:27.181","2026-09-16 19:55:58.598","789814661","[PREMIUM]","612412",2023,"FORD","Ford","ESCAPE","Escape","ST-Line Elite","SUV","Used","Used 2023 Ford Escape ST-Line Elite w/ Premium Technology Package",17104,"[PREMIUM]",,"Good","[PREMIUM]",25880,28380,"Rapid Red Metallic Tinted Clea","RED","Ebony","BLACK","4CLDR","4-Cylinder Turbo","All wheel drive","AUT","8-Speed Automatic","Automatic","G","Gasoline","Gas",,,2,true,15,false,false,false,,false,,,"30",780214,"[PREMIUM]","[PREMIUM]","[PREMIUM]",2148,"[PREMIUM]",false,"PARTNER",463449,3.8,74,0,"[""NO_SALVAGE_TITLE"",""NO_FRAME_DAMAGE"",""NO_FLOOD_WATER_DAMAGE"",""NO_ACCIDENTS_REPORTED"",""FREE_REPORT""]","{""exterior"":[""Alloy wheels"",""Auto High-beam Headlights"",""Bumpers: body-color"",""Delay-off headlights"",""Front fog lights"",""Fully automatic headlights"",""Heated door mirrors"",""Power door mirrors"",""Rear window wiper"",""Spoiler""],""interior"":[""Air Conditioning"",""Auto-dimming Rear-View mirror"",""Driver door bin"",""Driver vanity mirror"",""Front Bucket Seats"",""Front Center Armrest"",""Front dual zone A/C"",""Front reading lights"",""Garage door transmitter"",""Heated front seats"",""Heated steering wheel"",""Memory seat"",""Overhead console"",""Passenger door bin"",""Passenger vanity mirror"",""Power Liftgate"",""Power driver seat"",""Power passenger seat"",""Power windows"",""Rear reading lights"",""Rear seat center armrest"",""Rear window defroster"",""Speed-Sensitive Wipers"",""Split folding rear seat"",""Sport steering wheel"",""Steering wheel mounted audio controls"",""Telescoping steering wheel"",""Tilt steering wheel"",""Trip computer"",""Variably intermittent wipers""],""mechanical"":[""2.91 Axle Ratio"",""4-Wheel Disc Brakes"",""Four wheel independent suspension"",""Power steering"",""Speed-sensing steering""],""other"":[""Electronic Fuel Door Release"",""Emergency communication system: SYNC 4 911 Assist"",""FordPass Connect"",""Front anti-roll bar"",""Heated Vinyl/Cloth Front Sport Contour Bucket Seats"",""Illuminated entry"",""Navigation system: Connected Navigation"",""Neutral Towing Capability"",""Outside temperature display"",""Pedestrian Alert Sounder"",""Rear anti-roll bar"",""SYNC 4 w/Enhanced Voice Recognition"",""Wheels: 19\"" Machined-Face Ebony-Painted Aluminum""],""safety"":[""ABS brakes"",""Brake assist"",""Dual front impact airbags"",""Dual front side impact airbags"",""Electronic Stability Control"",""Knee airbag"",""Low tire pressure warning"",""Occupant sensing airbag"",""Overhead airbag"",""Panic alarm"",""Security system"",""Traction control""],""technology"":[""6 Speakers"",""AM/FM Stereo"",""AM/FM radio: SiriusXM"",""Automatic temperature control"",""Compass"",""Exterior Parking Camera Rear"",""Radio data system"",""Rain sensing wipers"",""Remote keyless entry"",""Speed control""]}",80,"S&amp;L MOTORS IS PROUD TO PRESENT. THIS 2023 FORD ESCAPE ST LINE ELITE AWD FINISHED IN RAPID RED METALLIC TINTED CLEARCOAT WITH EBONY LEATHER TRIMMED SEATING AND RED STITCHING. POWERED BY THE 2.0L ECOBOOST ENGINE WITH START STOP TECHNOLOGY AND AN 8 SPEED AUTOMATIC TRANSMISSION, THIS SPORTY ESCAPE IS LOADED WITH EQUIPMENT GROUP 501A, PANORAMIC VISTA ROOF, 19 INCH EBONY PAINTED ALUMINUM WHEELS, CLASS II TRAILER TOW PACKAGE, SPORT TUNED SUSPENSION, LED HEADLAMPS, LED FOG LAMPS, ROOF RAILS, AND DUAL EXHAUST TIPS.<br><br>THE PREMIUM TECHNOLOGY PACKAGE ADDS B&amp;O PREMIUM AUDIO WITH 10 SPEAKERS, NAVIGATION, ACTIVE PARK ASSIST 2.0, AND A HEAD UP DISPLAY. ADDITIONAL FEATURES INCLUDE A 13.2 INCH TOUCHSCREEN WITH SYNC 4, 12.3 INCH DIGITAL INSTRUMENT CLUSTER, 360 DEGREE CAMERA, BLIS WITH CROSS TRAFFIC ALERT, LANE KEEPING SYSTEM, PRE COLLISION ASSIST WITH AUTOMATIC EMERGENCY BRAKING, HEATED STEERING WHEEL, HEATED POWER MEMORY DRIVER SEAT, DUAL ZONE AUTOMATIC CLIMATE CONTROL, WIRELESS CHARGING, REMOTE START, INTELLIGENT ACCESS, AND SELECTABLE DRIVE MODES. THIS ST LINE ELITE DELIVERS THE PERFORMANCE, TECHNOLOGY, STYLE, AND ALL WEATHER CONFIDENCE BUYERS WANT IN A PREMIUM COMPACT SUV.<br><br><br>Call now! At   This one won't be here for long! S&amp;L SELLS FOR LESS! We do not sell Manufacturer Buybacks/Lemon Law Vehicles or any other vehicle with a bad branded title. WARNING- There are dealers in our area selling late model LEMONS! For more information call us at   or visit .","[PREMIUM]",41,"2298 State Highway 32","Pulaski","WI","54162","[PREMIUM]"
"789680192","2026-09-03 02:38:27.143","2026-09-03 02:38:27.143","789680192","[PREMIUM]","A01005A",2023,"TOYOTA","Toyota","TOYCORCROS","Corolla Cross","L","SUV","Used","Used 2023 Toyota Corolla Cross L",33667,"[PREMIUM]",,"Great","[PREMIUM]",25510,28110,"Pearl","OFFWHITE","Gray","GRAY","4CLDR","4-Cylinder","All wheel drive","AUT","Continuously Variable Automatic","Automatic","G","Gasoline","Gas",29,32,2,false,4,false,true,false,,false,,,"30",75737321,"[PREMIUM]","[PREMIUM]","[PREMIUM]",4185,"[PREMIUM]",false,"PARTNER",464571,3.9,34,0,"[""NO_SALVAGE_TITLE"",""NO_ACCIDENTS_REPORTED"",""ONE_OWNER""]","{""exterior"":[""Auto High-beam Headlights"",""Bumpers: body-color"",""Delay-off headlights"",""Heated door mirrors"",""Power door mirrors"",""Rear Bumper Protector (TMS)"",""Spoiler""],""interior"":[""Air Conditioning"",""Driver door bin"",""Driver vanity mirror"",""Fabric Seat Trim"",""Front Bucket Seats"",""Front Center Armrest"",""Front reading lights"",""Passenger door bin"",""Passenger vanity mirror"",""Power windows"",""Rear window defroster"",""Split folding rear seat"",""Steering wheel mounted audio controls"",""Tachometer"",""Telescoping steering wheel"",""Tilt steering wheel"",""Trip computer""],""mechanical"":[""4-Wheel Disc Brakes"",""4.014 Axle Ratio"",""Four wheel independent suspension"",""Power steering""],""other"":[""All Weather Floor/Cargo Liner (TMS)"",""Door Edge Guard (TMS)"",""Emergency communication system: Safety Connect (10-year trial)"",""Front anti-roll bar"",""Illuminated entry"",""Mudguards (TMS)"",""Outside temperature display"",""Radio: 8\"" Toyota Multimedia"",""Rear anti-roll bar"",""Wheels: 17\"" Steel w/Silver Wheel Covers""],""safety"":[""ABS brakes"",""Brake assist"",""Dual front impact airbags"",""Dual front side impact airbags"",""Electronic Stability Control"",""Knee airbag"",""Low tire pressure warning"",""Occupant sensing airbag"",""Overhead airbag"",""Panic alarm"",""Rear side impact airbag"",""Traction control""],""technology"":[""6 Speakers"",""AM/FM radio: SiriusXM"",""Exterior Parking Camera Rear"",""Radio data system"",""Remote keyless entry"",""Speed control""]}",56,"This 2023 Toyota Corolla Cross L in Beige combines practicality with refined styling. Powered by a 2.0L I4 engine delivering 169 horsepower paired with CVT transmission and AWD capability, this crossover achieves an impressive 29 city and 32 highway mpg. With just over 33,600 miles, this vehicle offers excellent value and years of reliable service ahead.<br><br>- All Weather Floor/Cargo Liner<br>- Rear Bumper Protector<br>- Door Edge Guard<br>- Mudguards<br>- 8 Toyota Multimedia Radio with SiriusXM<br>- Rear Exterior Parking Camera<br>- Heated Door Mirrors<br>- Power Windows and Doors<br>- Remote Keyless Entry<br>- Electronic Stability Control and Traction Control<br><br>Toyota Gold Certified vehicles come equipped with comprehensive protection and peace of mind. This Corolla Cross includes multipoint inspection, roadside assistance, $0 warranty deductible, transferable warranty coverage, and complete vehicle history. Protection extends through a 12-month/12,000-mile limited comprehensive warranty and an 84-month/100,000-mile powertrain limited warranty from your TCUV purchase date. Roadside assistance is available for 7 years and 100,000 miles. Standard new-car financing rates are available, and this warranty is honored at over 1,400 Toyota dealers across the continental U.S. and Canada. We accept trade-ins and handle all DMV paperwork for a trouble-free transaction.<br><br>Visit our showroom today to experience the comfort and capability of this well-maintained Corolla Cross. Our team is ready to answer your questions and help you drive home in confidence.","[PREMIUM]",13,"1951 LEHIGH ST","Allentown","PA","18103","[PREMIUM]"
"787668948","2026-09-03 02:38:27.121","2026-09-03 02:38:27.121","787668948","[PREMIUM]","PC502175",2023,"JEEP","Jeep","JEEPGRAND","Grand Cherokee","Limited","SUV","Used","Used 2023 Jeep Grand Cherokee Limited",28810,"[PREMIUM]",,"Great","[PREMIUM]",29082,32182,"Diamond Black Crystal Pearlcoa","BLACK","Global Black","BLACK","6CLDR","6-Cylinder","4 wheel drive","AUT","8-Speed Automatic","Automatic","G","Gasoline","Gas",19,26,3.6,true,26,false,false,false,,false,,,"30",16131614,"[PREMIUM]","[PREMIUM]","[PREMIUM]",1011,"[PREMIUM]",false,"PARTNER",461783,3.3,51,0,"[""NO_SALVAGE_TITLE"",""NO_ACCIDENTS_REPORTED"",""ONE_OWNER""]","{""exterior"":[""Aluminum Wheels"",""Automatic Headlights"",""Automatic Highbeams"",""Fog Lamps"",""Heated Mirrors"",""Integrated Turn Signal Mirrors"",""LED Headlights"",""Mirror Memory"",""Power Mirror(s)"",""Rear Spoiler""],""interior"":[""A/C"",""Adjustable Steering Wheel"",""Bucket Seats"",""Climate Control"",""Driver Adjustable Lumbar"",""Driver Illuminated Vanity Mirror"",""Driver Vanity Mirror"",""Floor Mats"",""Heated Front Seat(s)"",""Heated Rear Seat(s)"",""Heated Steering Wheel"",""Intermittent Wipers"",""Multi-Zone A/C"",""Pass-Through Rear Seat"",""Passenger Adjustable Lumbar"",""Passenger Illuminated Visor Mirror"",""Passenger Vanity Mirror"",""Power Door Locks"",""Power Driver Seat"",""Power Liftgate"",""Power Passenger Seat"",""Power Windows"",""Privacy Glass"",""Rear Bench Seat"",""Rear Defrost"",""Remote Trunk Release"",""Seat Memory"",""Steering Wheel Audio Controls"",""Trip Computer"",""Universal Garage Door Opener"",""Variable Speed Intermittent Wipers"",""Woodgrain Interior Trim""],""mechanical"":[""4-Wheel Disc Brakes"",""Four Wheel Drive"",""Power Steering""],""other"":[""Front Collision Mitigation"",""Rear Collision Mitigation"",""Requires Subscription"",""Smart Device Integration""],""safety"":[""ABS"",""Blind Spot Monitor"",""Brake Assist"",""Child Safety Locks"",""Cross-Traffic Alert"",""Daytime Running Lights"",""Driver Air Bag"",""Front Head Air Bag"",""Front Side Air Bag"",""Knee Air Bag"",""Lane Departure Warning"",""Lane Keeping Assist"",""Passenger Air Bag"",""Passenger Air Bag Sensor"",""Rear Head Air Bag"",""Security System"",""Stability Control"",""Temporary Spare Tire"",""Tire Pressure Monitor"",""Traction Control""],""technology"":[""AM/FM Stereo"",""Adaptive Cruise Control"",""Auxiliary Audio Input"",""Back-Up Camera"",""Bluetooth Connection"",""Cruise Control"",""HD Radio"",""Immobilizer"",""Keyless Entry"",""Keyless Start"",""MP3 Capability"",""Navigation System"",""Premium Sound System"",""Rear Parking Aid"",""Remote Engine Start"",""Satellite Radio"",""Telematics"",""WiFi Hotspot""]}",87,"We have many more vehicles available! Browse our full  or contact us at   for current availability.<br>Clean CARFAX. Diamond Black Crystal Pearlcoat 2023<br>Jeep Grand Cherokee Limited 3.6L V6 24V VVT 8-Speed Automatic 4WD<br><br>Well Equipped with, 3.45 Rear Axle Ratio, 4-Wheel Disc Brakes, 6 Speakers, ABS brakes, Active Noise Control System, Air Conditioning, Alloy wheels, AM/FM radio: SiriusXM with 360L, Anti-whiplash front head restraints, Audio memory, Auto High-beam Headlights, Automatic temperature control, Brake assist, Bumpers: body-color, Capri Leatherette Seats, Compass, Delay-off headlights, Driver door bin, Driver vanity mirror, Dual front impact airbags, Dual front side impact airbags, Electronic Stability Control, Emergency communication system, Four wheel independent suspension, Front anti-roll bar, Front Bucket Seats, Front Center Armrest w/Storage, Front dual zone A/C, Front fog lights, Front License Plate Bracket, Front reading lights, Fully automatic headlights, Garage door transmitter, Heated door mirrors, Heated front seats, Heated rear seats, Heated steering wheel, Illuminated entry, Knee airbag, Low tire pressure warning, Memory seat, Molded In Color Black/Gloss Black Roof Rails, Navigation System, Normal Duty Suspension, Occupant sensing airbag, Outside temperature display, Overhead airbag, Overhead console, Panic alarm, ParkView Rear Back-Up Camera, Passenger door bin, Passenger vanity mirror, Power door mirrors, Power driver seat, Power Liftgate, Power passenger seat, Power steering, Power windows, Quick Order Package 22E, Radio data system, Radio: Uconnect 5 Nav w/10.1&quot; Display, Rear anti-roll bar, Rear reading lights, Rear window defroster, Rear window wiper, Remote keyless entry, Security system, Speed control, Speed-Sensitive Wipers, Split folding rear seat, Spoiler, Steering wheel mounted audio controls, Tachometer, Telescoping steering wheel, Tilt steering wheel, Traction control, Trip computer, Turn signal indicator mirrors, Variably intermittent wipers, Voltmeter, Wheels: 18&quot; x 8&quot; Fully Painted Aluminum, Wheels: 20&quot; x 8.5&quot; Machined/Painted Aluminum.<br><br><br>19/26 City/Highway MPG<br><br><br>Dealer shall in no way be held liable for any errors or omissions to be found on this website. Price(s) include(s) all costs to be paid by a consumer, except for licensing costs, registration fees, filing fees, transportation fees and taxes. Price does not include dealer s documentary fee of $895 at NJ dealerships or $490 at PA dealerships. Price does not include the documentary fee of $895 or the electronic filing system fee of $150 at FL dealerships. Prices are subject to change without notice. Any purchaser or prospective purchaser should independently verify with a salesperson the accuracy of all information listed on this website. Actual equipment of this vehicle may differ. Contact store for more details.","[PREMIUM]",31,"104 Route 73","Voorhees","NJ","08043","[PREMIUM]"
"787160845","2026-09-03 00:38:25.756","2026-09-13 19:55:06.691","787160845","[PREMIUM]","P0255297",2023,"MAZDA","MAZDA","CX-5","CX-5","AWD 2.5 S","SUV","Certified","Certified 2023 MAZDA CX-5 AWD 2.5 S",37302,"[PREMIUM]",,"Good","[PREMIUM]",24042,27642,"Soul Red Crystal Metallic","RED","Parchment","UNAVAIL","4CLDR","4-Cylinder","All wheel drive","AUT","6-Speed Automatic","Automatic","G","Gasoline","Gas",24,30,2.5,true,43,false,false,false,,false,,,"30",86376,"[PREMIUM]","[PREMIUM]","[PREMIUM]",2061,"[PREMIUM]",false,"PARTNER",461998,4.4,180,0,"[""NO_SALVAGE_TITLE"",""ACCIDENTS_REPORTED"",""ONE_OWNER""]","{""exterior"":[""17\""\"" X 7J Aluminum Alloy Wheels"",""Aluminum Wheels"",""Automatic Headlights"",""Automatic Highbeams"",""Headlights-Auto-Leveling"",""Integrated Turn Signal Mirrors"",""LED Headlights"",""Power Mirror(s)"",""ROOF RACK SIDE RAILS"",""Rear Spoiler"",""SOUL RED CRYSTAL METALLIC"",""SOUL RED CRYSTAL METALLIC PAINT"",""Soul Red Crystal Metallic Paint"",""Soul Red Crystal Metallic\"""",""TRAILER HITCH W/HARNESS  -inc: cover"",""Tires - Front All-Season"",""Tires - Rear All-Season"",""WHEEL LOCKS""],""interior"":[""A/C"",""Adjustable Steering Wheel"",""Auto-Dimming Rearview Mirror"",""Bucket Seats"",""Climate Control"",""Driver Adjustable Lumbar"",""Driver Illuminated Vanity Mirror"",""Driver Vanity Mirror"",""Floor Mats"",""Generic Sun/Moonroof"",""Heated Front Bucket Seats"",""Heated Front Seat(s)"",""Intermittent Wipers"",""Leather Seat Trim"",""Leather Seats"",""Leather Steering Wheel"",""Multi-Zone A/C"",""PARCHMENT  LEATHER SEAT TRIM"",""Pass-Through Rear Seat"",""Passenger Illuminated Visor Mirror"",""Passenger Vanity Mirror"",""Power Door Locks"",""Power Driver Seat"",""Power Liftgate"",""Power Passenger Seat"",""Power Windows"",""Privacy Glass"",""Rear Bench Seat"",""Rear Defrost"",""Remote Trunk Release"",""Seat Memory"",""Steering Wheel Audio Controls"",""Sun/Moonroof"",""Trip Computer"",""Universal Garage Door Opener"",""Variable Speed Intermittent Wipers""],""mechanical"":[""4-Wheel Disc Brakes"",""4.624 Axle Ratio"",""All Wheel Drive"",""Brake Actuated Limited Slip Differential"",""Power Steering""],""other"":[""\""2.5L SKYACTIV-G DOHC 16-Valve 4-Cylinder Engine"",""4"",""6-Speed SKYACTIV-Drive Automatic Transmission"",""724 lbs GVWR"",""BOSE AUDIO CREDIT"",""Bose Audio Credit"",""E911 Automatic Emergency Notification"",""Front Collision Mitigation"",""MAZDA CONNECT Infotainment System"",""Multifunction Commander Control"",""P225/65R17 AS Tires"",""Pandora"",""Requires Subscription"",""SMS Text Msg Audio Delivery and Reply"",""Smart Device Integration""],""safety"":[""ABS"",""Blind Spot Monitor"",""Brake Assist"",""Child Safety Locks"",""Cross-Traffic Alert"",""Daytime Running Lights"",""Driver Air Bag"",""FIRST AID KIT"",""Front Head Air Bag"",""Front Side Air Bag"",""Lane Departure Warning"",""Lane Keeping Assist"",""Passenger Air Bag"",""Passenger Air Bag Sensor"",""Rear Head Air Bag"",""Stability Control"",""Temporary Spare Tire"",""Tire Pressure Monitor"",""Traction Control""],""technology"":[""AM/FM Stereo"",""AM/FM/HD Audio System"",""Adaptive Cruise Control"",""Auxiliary Audio Input"",""Back-Up Camera"",""Bluetooth Connection"",""Cruise Control"",""HD Radio"",""Immobilizer"",""Infotainment System Voice Command"",""Keyless Entry"",""Keyless Start"",""MP3 Capability"",""Radio Broadcast Data System Program Information"",""Rain Sensing Wipers"",""Telematics"",""WiFi Hotspot""]}",110,"This 2023 Mazda CX-5 2.5 S Preferred Package is a single-owner, low-mileage crossover that combines practical capability with refined driving dynamics, backed by Mazda Certified Pre-Owned status for complete peace of mind.<br><br>- 1 Owner Vehicle<br>- Clean Carfax<br>- Low Mileage<br>- Mazda Certified Pre-Owned<br>- Soul Red Crystal Metallic Paint<br>- Power Moonroof<br>- Heated Front Bucket Seats with Leather<br>- Memory Seat<br>- Power Liftgate<br>- AppLink with Apple CarPlay and Android Auto<br>- Roof Rack Side Rails<br>- Trailer Hitch with Harness<br>- 17&quot; Aluminum Alloy Wheels<br>- Rear Exterior Parking Camera<br>- Automatic Temperature Control<br><br>With the SKYACTIV&reg;-G 2.5L 4-Cylinder engine and 6-Speed Automatic transmission paired with All-Wheel Drive, this CX-5 delivers balanced performance and efficiency. You'll achieve an estimated 24 mpg in the city and 30 mpg on the highway, making it capable for both daily commutes and longer journeys. The responsive driving experience comes with proven reliability that Mazda owners appreciate.<br><br>The cabin presents a welcoming environment with heated front bucket seats finished in leather, a power moonroof that brings in natural light, and intuitive controls throughout. The power driver seat with memory settings allows you to find your ideal driving position instantly, while the power liftgate makes loading cargo effortless. Climate control features front dual zone A/C and rear window defrost to keep all passengers comfortable in any season.<br><br>Connected technology keeps you engaged with the road and your world. AppLink integration brings Apple CarPlay and Android Auto compatibility, while the AM/FM/HD Audio System with 6 speakers and voice command delivers clear sound. You'll also appreciate Pandora connectivity, steering wheel-mounted audio controls, and the trip computer that tracks your driving data.<br><br>- 160 Point Inspection<br>- Roadside Assistance<br>- Warranty Deductible: $0<br>- Transferable Warranty<br>- Vehicle History<br>- Limited Warranty: 12 Month/12,000 Mile (whichever comes first) after new car warranty expires or from certified purchase date<br>- Powertrain Limited Warranty: 84 Month/100,000 Mile (whichever comes first) from original in-service date<br>- Includes Autocheck Vehicle History Report with 3 Year Buyback Protection. 3 month SiriusXM trial subscription.<br><br>Safety and security are engineered into every aspect of this vehicle. You have dual front and side impact airbags, an occupant sensing system, brake assist, electronic stability control, and four-wheel independent suspension working to keep you secure. The rear exterior parking camera helps navigate tight spaces, while automatic headlights, rain-sensing wipers, and turn signal indicator mirrors enhance visibility and awareness.<br><br>Practical features complete the package, including a roof rack with side rails for gear storage, a trailer hitch with harness for towing, wheel locks for security, and a first aid kit for preparedness. The split-folding rear seat adapts to your cargo needs, the HomeLink garage door transmitter adds convenience, and the heated front seats provide comfort on cold mornings.<br><br>This certified CX-5 represents a proven choice for buyers seeking capability, comfort, and confidence in their vehicle investment. Visit us to experience the responsive steering, commanding driving position, and overall refinement that makes this crossover stand out in its class.","[PREMIUM]",30,"4437 Street Rd","Trevose","PA","19053","[PREMIUM]"
"789691860","2026-09-03 00:38:25.744","2026-09-03 00:38:25.744","789691860","[PREMIUM]","70289A",2023,"TOYOTA","Toyota","RAV4","RAV4","XLE","SUV","Used","Used 2023 Toyota RAV4 XLE w/ Convenience Package",53536,"[PREMIUM]",,"Great","[PREMIUM]",29080,31780,"Blueprint   8x8","BLUE","Black   20","BLACK","4CLDR","4-Cylinder","All wheel drive","AUT","8-Speed Automatic","Automatic","G","Gasoline","Gas",27,33,2.5,false,4,false,true,false,,false,,,"30",68736,"[PREMIUM]","[PREMIUM]","[PREMIUM]",2479,"[PREMIUM]",false,"PARTNER",463958,3.6,397,0,"[""NO_SALVAGE_TITLE"",""NO_ACCIDENTS_REPORTED"",""ONE_OWNER""]","{""exterior"":[""Aluminum Wheels"",""Automatic Headlights"",""Automatic Highbeams"",""Black Bodyside Cladding and Black Wheel Well Trim"",""Black Grille w/Body-Color Surround"",""Black Rear Bumper w/Black Rub Strip/Fascia Accent"",""Body-Colored Front Bumper w/Black Rub Strip/Fascia Accent"",""Body-Colored Power Heated Side Mirrors w/Manual Folding and Turn Signal Indicator"",""Chrome Side Windows Trim and Black Front Windshield Trim"",""Heated Mirrors"",""Integrated Turn Signal Mirrors"",""LED Headlights"",""Liftgate Rear Cargo Access"",""Lip Spoiler"",""Power Mirror(s)"",""Rear Spoiler"",""Tires - Front All-Season"",""Tires - Rear All-Season"",""Tires: 225/65R17 AS""],""interior"":[""1 Seatback Storage Pocket"",""2 12V DC Power Outlets"",""Air Filtration"",""Body-Colored Door Handles"",""Cargo Area Concealed Storage"",""Cargo Space Lights"",""Carpet Floor Trim"",""Cloth Door Trim Insert"",""Cruise Control w/Steering Wheel Controls"",""Day-Night Rearview Mirror"",""Deep Tinted Glass"",""Driver Seat"",""Dual Zone Front Automatic Air Conditioning"",""Fabric Seat Trim"",""Front Bucket Seats"",""Front Bucket Seats -inc: 8-way power-adjustable driver's seat w/lumbar support and 4-way adjustable front passenger seat"",""Front Center Armrest and Rear Center Armrest"",""Front Cupholder"",""Front Map Lights"",""Full Carpet Floor Covering"",""Full Cloth Headliner"",""Full Floor Console w/Covered Storage  Mini Overhead Console w/Storage and 2 12V DC Power Outlets"",""Gauges -inc: Speedometer  Odometer  Engine Coolant Temp  Tachometer  Trip Odometer and Trip Computer"",""Glove Box"",""HVAC -inc: Underseat Ducts and Console Ducts"",""Instrument Panel Bin  Driver And Passenger Door Bins"",""Interior Trim -inc: Metal-Look Interior Accents"",""Intermittent Wipers"",""Manual Adjustable Front Head Restraints and Manual Adjustable Rear Head Restraints"",""Manual Tilt/Telescoping Steering Column"",""Passenger Seat"",""Power 1st Row Windows w/Front And Rear 1-Touch Up/Down"",""Power Door Locks"",""Power Door Locks w/Autolock Feature"",""Power Rear Windows and Fixed 3rd Row Windows"",""Privacy Glass"",""Rear Cupholder"",""Rear Defrost"",""Roll-Up Cargo Cover"",""Seats w/Cloth Back Material"",""Trip Computer"",""Variable Intermittent Wipers""],""mechanical"":[""3.177 Axle Ratio"",""4-Wheel Disc Brakes"",""8-Speed Automatic Transmission"",""All Wheel Drive"",""Brake Actuated Limited Slip Differential"",""Power Steering""],""other"":[""\""2.5L DOHC 4-Cylinder Engine with Dual VVT-I"",""17\""\"" 5-Spoke Silver Alloy Wheels"",""225/65R17 AS Tires"",""4"",""60-40 Folding Split-Bench Front Facing Manual Reclining Fold Forward Seatback Rear Seat"",""610 lbs GVWR"",""AM/FM/XM Audio System\"""",""Auto On/Off Projector Beam Led Low/High Beam Daytime Running Auto High-Beam Headlamps w/Delay-Off"",""Delayed Accessory Power"",""Digital/Analog Appearance"",""Driver And Passenger Visor Vanity Mirrors w/Driver And Passenger Auxiliary Mirror"",""Driver Foot Rest"",""FOB Controls -inc: Keyfob Cargo Access"",""Fade-To-Off Interior Lighting"",""Fixed Rear Window w/Wiper and Defroster"",""Full-Speed Range Dynamic Radar Cruise Control (DRCC)"",""Galvanized Steel/Aluminum Panels"",""Headlights-Automatic Highbeams"",""LED Brakelights"",""Laminated Glass"",""Outside Temp Gauge"",""Proximity Key For Doors And Push Button Start"",""Radio w/Seek-Scan  Clock  Speed Compensated Volume Control  Aux Audio Input Jack  Steering Wheel Controls  Voice Activation  Radio Data System and External Memory Control"",""Radio: AM/FM/XM Audio System -inc: 8\"" touchscreen and 6 speakers"",""Remote Keyless Entry w/Integrated Key Transmitter  Illuminated Entry  Illuminated Ignition Switch and Panic Button"",""Remote Releases -Inc: Power Cargo Access and Mechanical Fuel"",""Smart Device Integration"",""Streaming Audio"",""Tailgate/Rear Door Lock Included w/Power Door Locks"",""Tracker System"",""Urethane Gear Shifter Material""],""safety"":[""ABS"",""Brake Assist"",""Compact Spare Tire Mounted Inside Under Cargo"",""Daytime Running Lights"",""Steel Spare Wheel"",""Temporary Spare Tire""],""technology"":[""2 LCD Monitors In The Front"",""6 Speakers"",""AM/FM S>"",""Bluetooth Wireless Phone Connectivity"",""Driver Information Center"",""Immobilizer"",""Integrated Roof Antenna""]}",111,"MOONROOF, ALL WHEEL DRIVE, HANDS FREE BLUETOOTH PHONE, APPLE CAR PLAY. CARFAX One-Owner. Clean CARFAX. 27/33 City/Highway MPG<br><br><br>Price is plus tax, tags, documentation ($439) , and dealer installed options.","[PREMIUM]",34,"4397 ROUTE 130 South","Burlington","NJ","08016","[PREMIUM]"
"776425440","2026-09-03 00:38:25.739","2026-09-03 00:38:25.739","776425440","[PREMIUM]","PC515072",2023,"JEEP","Jeep","JEEPGRAND","Grand Cherokee","Limited","SUV","Used","Used 2023 Jeep Grand Cherokee Limited",22067,"[PREMIUM]",,"Great","[PREMIUM]",29822,32922,"Bright White Clearcoat","WHITE","Global Black","BLACK","6CLDR","6-Cylinder","4 wheel drive","AUT","8-Speed Automatic","Automatic","G","Gasoline","Gas",19,26,3.6,true,154,false,false,false,,false,,,"30",16131614,"[PREMIUM]","[PREMIUM]","[PREMIUM]",1012,"[PREMIUM]",false,"PARTNER",461783,3.3,51,0,"[""NO_SALVAGE_TITLE"",""NO_ACCIDENTS_REPORTED"",""ONE_OWNER""]","{""exterior"":[""Aluminum Wheels"",""Automatic Headlights"",""Automatic Highbeams"",""Fog Lamps"",""Heated Mirrors"",""Integrated Turn Signal Mirrors"",""LED Headlights"",""Mirror Memory"",""Power Mirror(s)"",""Rear Spoiler""],""interior"":[""A/C"",""Adjustable Steering Wheel"",""Bucket Seats"",""Climate Control"",""Driver Adjustable Lumbar"",""Driver Illuminated Vanity Mirror"",""Driver Vanity Mirror"",""Floor Mats"",""Heated Front Seat(s)"",""Heated Rear Seat(s)"",""Heated Steering Wheel"",""Intermittent Wipers"",""Multi-Zone A/C"",""Pass-Through Rear Seat"",""Passenger Adjustable Lumbar"",""Passenger Illuminated Visor Mirror"",""Passenger Vanity Mirror"",""Power Door Locks"",""Power Driver Seat"",""Power Liftgate"",""Power Passenger Seat"",""Power Windows"",""Privacy Glass"",""Rear Bench Seat"",""Rear Defrost"",""Remote Trunk Release"",""Seat Memory"",""Steering Wheel Audio Controls"",""Trip Computer"",""Universal Garage Door Opener"",""Variable Speed Intermittent Wipers"",""Woodgrain Interior Trim""],""mechanical"":[""4-Wheel Disc Brakes"",""Four Wheel Drive"",""Power Steering""],""other"":[""Front Collision Mitigation"",""Rear Collision Mitigation"",""Requires Subscription"",""Smart Device Integration""],""safety"":[""ABS"",""Blind Spot Monitor"",""Brake Assist"",""Child Safety Locks"",""Cross-Traffic Alert"",""Daytime Running Lights"",""Driver Air Bag"",""Front Head Air Bag"",""Front Side Air Bag"",""Knee Air Bag"",""Lane Departure Warning"",""Lane Keeping Assist"",""Passenger Air Bag"",""Passenger Air Bag Sensor"",""Rear Head Air Bag"",""Security System"",""Stability Control"",""Temporary Spare Tire"",""Tire Pressure Monitor"",""Traction Control""],""technology"":[""AM/FM Stereo"",""Adaptive Cruise Control"",""Auxiliary Audio Input"",""Back-Up Camera"",""Bluetooth Connection"",""Cruise Control"",""HD Radio"",""Immobilizer"",""Keyless Entry"",""Keyless Start"",""MP3 Capability"",""Navigation System"",""Premium Sound System"",""Rear Parking Aid"",""Remote Engine Start"",""Satellite Radio"",""Telematics"",""WiFi Hotspot""]}",87,"We have many more vehicles available! Browse our full  or contact us at   for current availability.<br>Clean CARFAX. Bright White Clearcoat 2023<br>Jeep Grand Cherokee Limited 3.6L V6 24V VVT 8-Speed Automatic 4WD<br><br>Well Equipped with, 3.45 Rear Axle Ratio, 4-Wheel Disc Brakes, 506 Watt Amplifier, 6 Speakers, 9 Amplified Speakers w/Subwoofer, ABS brakes, Active Noise Control System, Air Conditioning, Alloy wheels, AM/FM radio: SiriusXM with 360L, Anti-whiplash front head restraints, Audio memory, Auto High-beam Headlights, Automatic temperature control, Brake assist, Bumpers: body-color, Capri Leatherette Seats, Compass, Delay-off headlights, Driver door bin, Driver vanity mirror, Dual front impact airbags, Dual front side impact airbags, Electronic Stability Control, Emergency communication system, Four wheel independent suspension, Front anti-roll bar, Front Bucket Seats, Front Center Armrest w/Storage, Front dual zone A/C, Front fog lights, Front License Plate Bracket, Front reading lights, Fully automatic headlights, Garage door transmitter, Heated door mirrors, Heated front seats, Heated rear seats, Heated steering wheel, Illuminated entry, Knee airbag, Low tire pressure warning, Memory seat, Molded In Color Black/Gloss Black Roof Rails, Navigation System, Normal Duty Suspension, Occupant sensing airbag, Outside temperature display, Overhead airbag, Overhead console, Panic alarm, ParkView Rear Back-Up Camera, Passenger door bin, Passenger vanity mirror, Power door mirrors, Power driver seat, Power Liftgate, Power passenger seat, Power steering, Power windows, Quick Order Package 22E, Radio data system, Radio: Uconnect 5 Nav w/10.1&quot; Display, Rear anti-roll bar, Rear reading lights, Rear window defroster, Rear window wiper, Remote keyless entry, Security system, Speed control, Speed-Sensitive Wipers, Split folding rear seat, Spoiler, Steering wheel mounted audio controls, Tachometer, Telescoping steering wheel, Tilt steering wheel, Traction control, Trip computer, Turn signal indicator mirrors, Variably intermittent wipers, Voltmeter, Wheels: 18&quot; x 8&quot; Fully Painted Aluminum, Wheels: 20&quot; x 8.5&quot; Machined/Painted Aluminum.<br><br><br>19/26 City/Highway MPG<br><br><br>Dealer shall in no way be held liable for any errors or omissions to be found on this website. Price(s) include(s) all costs to be paid by a consumer, except for licensing costs, registration fees, filing fees, transportation fees and taxes. Price does not include dealer s documentary fee of $895 at NJ dealerships or $490 at PA dealerships. Price does not include the documentary fee of $895 or the electronic filing system fee of $150 at FL dealerships. Prices are subject to change without notice. Any purchaser or prospective purchaser should independently verify with a salesperson the accuracy of all information listed on this website. Actual equipment of this vehicle may differ. Contact store for more details.","[PREMIUM]",32,"104 Route 73","Voorhees","NJ","08043","[PREMIUM]"
"777777114","2026-09-03 00:38:25.724","2026-09-03 00:38:25.724","777777114","[PREMIUM]","PC518655",2023,"JEEP","Jeep","JEEPGRAND","Grand Cherokee","Laredo","SUV","Used","Used 2023 Jeep Grand Cherokee Laredo",15440,"[PREMIUM]",,"Great","[PREMIUM]",28700,31600,"Diamond Black Crystal Pearlcoa","BLACK","Global Black","BLACK","6CLDR","6-Cylinder","4 wheel drive","AUT","8-Speed Automatic","Automatic","G","Gasoline","Gas",19,26,3.6,false,139,false,false,false,,false,,,"30",16131614,"[PREMIUM]","[PREMIUM]","[PREMIUM]",1012,"[PREMIUM]",false,"PARTNER",461751,3.3,51,0,"[""NO_SALVAGE_TITLE"",""NO_ACCIDENTS_REPORTED"",""ONE_OWNER""]","{""exterior"":[""Aluminum Wheels"",""Automatic Headlights"",""Heated Mirrors"",""LED Headlights"",""Power Mirror(s)"",""Rear Spoiler""],""interior"":[""A/C"",""Adjustable Steering Wheel"",""Bucket Seats"",""Climate Control"",""Cloth Seats"",""Driver Adjustable Lumbar"",""Driver Illuminated Vanity Mirror"",""Driver Vanity Mirror"",""Floor Mats"",""Intermittent Wipers"",""Multi-Zone A/C"",""Pass-Through Rear Seat"",""Passenger Illuminated Visor Mirror"",""Passenger Vanity Mirror"",""Power Door Locks"",""Power Driver Seat"",""Power Windows"",""Privacy Glass"",""Rear Bench Seat"",""Rear Defrost"",""Steering Wheel Audio Controls"",""Trip Computer"",""Variable Speed Intermittent Wipers""],""mechanical"":[""4-Wheel Disc Brakes"",""Four Wheel Drive"",""Power Steering""],""other"":[""Front Collision Mitigation"",""Rear Collision Mitigation"",""Requires Subscription"",""Smart Device Integration""],""safety"":[""ABS"",""Blind Spot Monitor"",""Brake Assist"",""Child Safety Locks"",""Cross-Traffic Alert"",""Daytime Running Lights"",""Driver Air Bag"",""Front Head Air Bag"",""Front Side Air Bag"",""Knee Air Bag"",""Lane Departure Warning"",""Lane Keeping Assist"",""Passenger Air Bag"",""Passenger Air Bag Sensor"",""Rear Head Air Bag"",""Security System"",""Stability Control"",""Temporary Spare Tire"",""Tire Pressure Monitor"",""Traction Control""],""technology"":[""AM/FM Stereo"",""Adaptive Cruise Control"",""Auxiliary Audio Input"",""Back-Up Camera"",""Bluetooth Connection"",""Cruise Control"",""Immobilizer"",""Keyless Entry"",""Keyless Start"",""MP3 Capability"",""Rear Parking Aid"",""Telematics"",""WiFi Hotspot""]}",69,"We have many more vehicles available! Browse our full  or contact us at   for current availability.<br>Clean CARFAX. Diamond Black Crystal Pearlcoat 2023<br>Jeep Grand Cherokee Laredo 3.6L V6 24V VVT 8-Speed Automatic 4WD<br><br>Well Equipped with, 3.45 Rear Axle Ratio, 4-Wheel Disc Brakes, 6 Speakers, ABS brakes, Air Conditioning, Alloy wheels, Anti-whiplash front head restraints, Automatic temperature control, Brake assist, Bumpers: body-color, Cloth Seats, Compass, Delay-off headlights, Driver door bin, Driver vanity mirror, Dual front impact airbags, Dual front side impact airbags, Electronic Stability Control, Emergency communication system, Four wheel independent suspension, Front anti-roll bar, Front Bucket Seats, Front Center Armrest w/Storage, Front dual zone A/C, Front License Plate Bracket, Front reading lights, Fully automatic headlights, Heated door mirrors, Illuminated entry, Knee airbag, Low tire pressure warning, Molded In Color Black/Gloss Black Roof Rails, Normal Duty Suspension, Occupant sensing airbag, Outside temperature display, Overhead airbag, Overhead console, Panic alarm, ParkView Rear Back-Up Camera, Passenger door bin, Passenger vanity mirror, Power door mirrors, Power driver seat, Power steering, Power Sunroof (DISC), Power windows, Quick Order Package 22A Laredo, Radio data system, Radio: Uconnect 5 w/8.4&quot; Display, Rear anti-roll bar, Rear reading lights, Rear window defroster, Rear window wiper, Remote keyless entry, Security system, Speed control, Speed-Sensitive Wipers, Split folding rear seat, Spoiler, Steering wheel mounted audio controls, Tachometer, Telescoping steering wheel, Tilt steering wheel, Traction control, Trip computer, Variably intermittent wipers, Voltmeter, Wheels: 17&quot; x 6.5&quot; Fully Painted Aluminum, Wheels: 18&quot; x 8&quot; Fully Painted Aluminum (DISC).<br><br><br>19/26 City/Highway MPG<br><br><br>Dealer shall in no way be held liable for any errors or omissions to be found on this website. Price(s) include(s) all costs to be paid by a consumer, except for licensing costs, registration fees, filing fees, transportation fees and taxes. Price does not include dealer s documentary fee of $895 at NJ dealerships or $490 at PA dealerships. Price does not include the documentary fee of $895 or the electronic filing system fee of $150 at FL dealerships. Prices are subject to change without notice. Any purchaser or prospective purchaser should independently verify with a salesperson the accuracy of all information listed on this website. Actual equipment of this vehicle may differ. Contact store for more details.","[PREMIUM]",30,"104 Route 73","Voorhees","NJ","08043","[PREMIUM]"
"772806879","2026-09-03 00:38:25.718","2026-09-03 00:38:25.718","772806879","[PREMIUM]","PC519090",2023,"JEEP","Jeep","JEEPGRAND","Grand Cherokee","Altitude","SUV","Used","Used 2023 Jeep Grand Cherokee Altitude",29036,"[PREMIUM]",,"Great","[PREMIUM]",29660,32960,"Diamond Black Crystal Pearlcoa","BLACK","Global Black","BLACK","6CLDR","6-Cylinder","4 wheel drive","AUT","8-Speed Automatic","Automatic","G","Gasoline","Gas",19,26,3.6,true,195,false,false,false,,false,,,"30",16131614,"[PREMIUM]","[PREMIUM]","[PREMIUM]",1012,"[PREMIUM]",false,"PARTNER",466140,3.3,51,0,"[""NO_SALVAGE_TITLE"",""NO_ACCIDENTS_REPORTED"",""ONE_OWNER""]","{""exterior"":[""Aluminum Wheels"",""Automatic Headlights"",""Heated Mirrors"",""LED Headlights"",""Power Mirror(s)"",""Rear Spoiler"",""Tires - Front All-Season"",""Tires - Rear All-Season""],""interior"":[""A/C"",""Adjustable Steering Wheel"",""Climate Control"",""Driver Adjustable Lumbar"",""Driver Illuminated Vanity Mirror"",""Driver Vanity Mirror"",""Floor Mats"",""Intermittent Wipers"",""Multi-Zone A/C"",""Pass-Through Rear Seat"",""Passenger Illuminated Visor Mirror"",""Passenger Vanity Mirror"",""Power Door Locks"",""Power Driver Seat"",""Power Windows"",""Privacy Glass"",""Rear Bench Seat"",""Rear Defrost"",""Steering Wheel Audio Controls"",""Trip Computer"",""Variable Speed Intermittent Wipers""],""mechanical"":[""4-Wheel Disc Brakes"",""Four Wheel Drive"",""Power Steering""],""other"":[""Front Collision Mitigation"",""Rear Collision Mitigation"",""Requires Subscription"",""Smart Device Integration""],""safety"":[""ABS"",""Blind Spot Monitor"",""Brake Assist"",""Child Safety Locks"",""Cross-Traffic Alert"",""Daytime Running Lights"",""Driver Air Bag"",""Front Head Air Bag"",""Front Side Air Bag"",""Knee Air Bag"",""Lane Departure Warning"",""Lane Keeping Assist"",""Passenger Air Bag"",""Passenger Air Bag Sensor"",""Rear Head Air Bag"",""Security System"",""Stability Control"",""Temporary Spare Tire"",""Tire Pressure Monitor"",""Traction Control""],""technology"":[""AM/FM Stereo"",""Adaptive Cruise Control"",""Auxiliary Audio Input"",""Back-Up Camera"",""Bluetooth Connection"",""Cruise Control"",""Immobilizer"",""Keyless Entry"",""Keyless Start"",""MP3 Capability"",""Rear Parking Aid"",""Telematics"",""WiFi Hotspot""]}",69,"We have many more vehicles available! Browse our full  or contact us at   for current availability.<br>Diamond Black Crystal Pearlcoat 2023<br>Jeep Grand Cherokee Altitude X 3.6L V6 24V VVT 8-Speed Automatic 4WD<br><br>Well Equipped with, 115V Auxiliary Power Outlet, 3.45 Rear Axle Ratio, 4-Wheel Disc Brakes, 6 Speakers, ABS brakes, Air Conditioning, Alloy wheels, Altitude Appearance Package, Anti-whiplash front head restraints, Automatic temperature control, Black Headliner, Brake assist, Bumpers: body-color, Capri Leatherette/Suede Seats, Cloth Seats, Compass, Delay-off headlights, Delete Laredo Badge, Driver door bin, Driver vanity mirror, Dual front impact airbags, Dual front side impact airbags, Electronic Stability Control, Emergency communication system, Four wheel independent suspension, Front anti-roll bar, Front Bucket Seats, Front Center Armrest w/Storage, Front dual zone A/C, Front License Plate Bracket, Front reading lights, Fully automatic headlights, Gloss Black Exterior Accents, Heated door mirrors, Heated Front Seats, Heated Steering Wheel, Illuminated entry, Knee airbag, Low tire pressure warning, Molded In Color Black/Gloss Black Roof Rails, Normal Duty Suspension, Occupant sensing airbag, Outside temperature display, Overhead airbag, Overhead console, Panic alarm, ParkView Rear Back-Up Camera, Passenger door bin, Passenger vanity mirror, Power door mirrors, Power driver seat, Power Liftgate, Power steering, Power Sunroof (DISC), Power windows, Quick Order Package 23B Altitude, Radio data system, Radio: Uconnect 5 w/8.4&quot; Display, Rain Sensitive Windshield Wipers, Rear anti-roll bar, Rear reading lights, Rear window defroster, Rear window wiper, Remote keyless entry, Remote Start System, Secondary Active Grille Shutters, Security system, Selectable Tire Fill Alert, Speed control, Speed-Sensitive Wipers, Split folding rear seat, Spoiler, Steering wheel mounted audio controls, Tachometer, Telescoping steering wheel, Tilt steering wheel, Traction control, Trip computer, Variably intermittent wipers, Voltmeter, Wheels: 17&quot; x 6.5&quot; Fully Painted Aluminum, Wheels: 18&quot; x 8&quot; Fully Painted Aluminum 1, Wheels: 20&quot; x 8.5&quot; Gloss Black Painted Aluminum, Wireless Charging Pad.<br><br><br>19/26 City/Highway MPG<br><br><br>Dealer shall in no way be held liable for any errors or omissions to be found on this website. Price(s) include(s) all costs to be paid by a consumer, except for licensing costs, registration fees, filing fees, transportation fees and taxes. Price does not include dealer s documentary fee of $895 at NJ dealerships or $490 at PA dealerships. Price does not include the documentary fee of $895 or the electronic filing system fee of $150 at FL dealerships. Prices are subject to change without notice. Any purchaser or prospective purchaser should independently verify with a salesperson the accuracy of all information listed on this website. Actual equipment of this vehicle may differ. Contact store for more details.","[PREMIUM]",31,"104 Route 73","Voorhees","NJ","08043","[PREMIUM]"
"779020102","2026-09-03 00:38:25.715","2026-09-03 00:38:25.715","779020102","[PREMIUM]","P8781217",2023,"JEEP","Jeep","JEEPGRANDL","Grand Cherokee L","Laredo","SUV","Used","Used 2023 Jeep Grand Cherokee L Laredo",28119,"[PREMIUM]",,"Great","[PREMIUM]",31718,35318,"Bright White Clearcoat","WHITE","Global Black","BLACK","6CLDR","6-Cylinder","4 wheel drive","AUT","8-Speed Automatic","Automatic","G","Gasoline","Gas",18,25,3.6,false,84,false,false,false,,false,,,"30",16131614,"[PREMIUM]","[PREMIUM]","[PREMIUM]",1012,"[PREMIUM]",false,"PARTNER",461533,3.6,64,0,"[""NO_SALVAGE_TITLE"",""NO_ACCIDENTS_REPORTED"",""ONE_OWNER""]","{""exterior"":[""Aluminum Wheels"",""Automatic Headlights"",""Heated Mirrors"",""LED Headlights"",""Power Mirror(s)"",""Rear Spoiler""],""interior"":[""3rd Row Seat"",""A/C"",""Adjustable Steering Wheel"",""Bucket Seats"",""Climate Control"",""Driver Adjustable Lumbar"",""Driver Illuminated Vanity Mirror"",""Driver Vanity Mirror"",""Floor Mats"",""Intermittent Wipers"",""Multi-Zone A/C"",""Passenger Illuminated Visor Mirror"",""Passenger Vanity Mirror"",""Power Door Locks"",""Power Driver Seat"",""Power Windows"",""Privacy Glass"",""Rear A/C"",""Rear Bucket Seats"",""Rear Defrost"",""Steering Wheel Audio Controls"",""Trip Computer"",""Variable Speed Intermittent Wipers""],""mechanical"":[""4-Wheel Disc Brakes"",""Four Wheel Drive"",""Power Steering""],""other"":[""Front Collision Mitigation"",""Rear Collision Mitigation"",""Requires Subscription"",""Smart Device Integration""],""safety"":[""ABS"",""Blind Spot Monitor"",""Brake Assist"",""Child Safety Locks"",""Cross-Traffic Alert"",""Daytime Running Lights"",""Driver Air Bag"",""Front Head Air Bag"",""Front Side Air Bag"",""Knee Air Bag"",""Lane Departure Warning"",""Lane Keeping Assist"",""Passenger Air Bag"",""Passenger Air Bag Sensor"",""Rear Head Air Bag"",""Security System"",""Stability Control"",""Temporary Spare Tire"",""Tire Pressure Monitor"",""Traction Control""],""technology"":[""AM/FM Stereo"",""Adaptive Cruise Control"",""Auxiliary Audio Input"",""Back-Up Camera"",""Bluetooth Connection"",""Cruise Control"",""Immobilizer"",""Keyless Entry"",""Keyless Start"",""MP3 Capability"",""Rear Parking Aid"",""Telematics"",""WiFi Hotspot""]}",69,"We have many more vehicles available! Browse our full  or contact us at   for current availability.<br>Bright White Clearcoat 2023<br>Jeep Grand Cherokee L Altitude 3.6L V6 24V VVT 8-Speed Automatic 4WD<br><br>Well Equipped with, 115V Auxiliary Power Outlet, 3.45 Rear Axle Ratio, 3rd Row Charge-Only USB Ports, 3rd row seats: split-bench, 4-Wheel Disc Brakes, 6 Speakers, ABS brakes, Air Conditioning, Alloy wheels, Altitude Appearance Package, Anti-whiplash front head restraints, Automatic temperature control, Black Headliner, Brake assist, Bumpers: body-color, Capri Leatherette/Suede Seats, Cloth Seats, Compass, Delay-off headlights, Delete Laredo Badge, Driver door bin, Driver vanity mirror, Dual front impact airbags, Dual front side impact airbags, Electronic Stability Control, Emergency communication system, Four wheel independent suspension, Front anti-roll bar, Front Bucket Seats, Front Center Armrest w/Storage, Front dual zone A/C, Front reading lights, Fully automatic headlights, Gloss Black Exterior Accents, Heated door mirrors, Heated Front Seats, Heated Steering Wheel, Illuminated entry, Knee airbag, Low tire pressure warning, Manual Fold Seatbacks, Molded In Color Black/Gloss Black Roof Rails, Normal Duty Suspension, Occupant sensing airbag, Outside temperature display, Overhead airbag, Overhead console, Panic alarm, ParkView Rear Back-Up Camera, Passenger door bin, Passenger vanity mirror, Power door mirrors, Power driver seat, Power Liftgate, Power steering, Power Sunroof (DISC), Power windows, Quick Order Package 23B Altitude, Radio data system, Radio: Uconnect 5 w/8.4&quot; Display, Rain Sensitive Windshield Wipers, Rear air conditioning, Rear anti-roll bar, Rear reading lights, Rear window defroster, Rear window wiper, Reclining 3rd row seat, Remote keyless entry, Remote Start System, Security system, Selectable Tire Fill Alert, Speed control, Speed-Sensitive Wipers, Split folding rear seat, Spoiler, Steering wheel mounted audio controls, Tachometer, Telescoping steering wheel, Tilt steering wheel, Traction control, Trip computer, Variably intermittent wipers, Voltmeter, Wheels: 18&quot; x 8.0&quot; Fully Painted Aluminum, Wheels: 18&quot; x 8.0&quot; Fully Painted Aluminum 1, Wheels: 20&quot; x 8.5&quot; Gloss Black Painted Aluminum, Wireless Charging Pad.<br><br><br>Dealer shall in no way be held liable for any errors or omissions to be found on this website. Price(s) include(s) all costs to be paid by a consumer, except for licensing costs, registration fees, filing fees, transportation fees and taxes. Price does not include dealer s documentary fee of $895 at NJ dealerships or $490 at PA dealerships. Price does not include the documentary fee of $895 or the electronic filing system fee of $150 at FL dealerships. Prices are subject to change without notice. Any purchaser or prospective purchaser should independently verify with a salesperson the accuracy of all information listed on this website. Actual equipment of this vehicle may differ. Contact store for more details.","[PREMIUM]",33,"104 Route 73","Voorhees","NJ","08043","[PREMIUM]"
"775453592","2026-09-03 00:38:25.711","2026-09-03 00:38:25.711","775453592","[PREMIUM]","PC536671",2023,"JEEP","Jeep","JEEPGRAND","Grand Cherokee","Limited","SUV","Used","Used 2023 Jeep Grand Cherokee Limited",27714,"[PREMIUM]",,"Great","[PREMIUM]",29192,32292,"Bright White Clearcoat","WHITE","Global Black","BLACK","6CLDR","6-Cylinder","4 wheel drive","AUT","8-Speed Automatic","Automatic","G","Gasoline","Gas",19,26,3.6,false,147,false,false,false,,false,,,"30",16131614,"[PREMIUM]","[PREMIUM]","[PREMIUM]",1012,"[PREMIUM]",false,"PARTNER",461783,3.3,51,0,"[""NO_SALVAGE_TITLE"",""NO_ACCIDENTS_REPORTED"",""ONE_OWNER""]","{""exterior"":[""Aluminum Wheels"",""Automatic Headlights"",""Automatic Highbeams"",""Fog Lamps"",""Heated Mirrors"",""Integrated Turn Signal Mirrors"",""LED Headlights"",""Mirror Memory"",""Power Mirror(s)"",""Rear Spoiler""],""interior"":[""A/C"",""Adjustable Steering Wheel"",""Bucket Seats"",""Climate Control"",""Driver Adjustable Lumbar"",""Driver Illuminated Vanity Mirror"",""Driver Vanity Mirror"",""Floor Mats"",""Heated Front Seat(s)"",""Heated Rear Seat(s)"",""Heated Steering Wheel"",""Intermittent Wipers"",""Multi-Zone A/C"",""Pass-Through Rear Seat"",""Passenger Adjustable Lumbar"",""Passenger Illuminated Visor Mirror"",""Passenger Vanity Mirror"",""Power Door Locks"",""Power Driver Seat"",""Power Liftgate"",""Power Passenger Seat"",""Power Windows"",""Premium Synthetic Seats"",""Privacy Glass"",""Rear Bench Seat"",""Rear Defrost"",""Remote Trunk Release"",""Seat Memory"",""Steering Wheel Audio Controls"",""Trip Computer"",""Universal Garage Door Opener"",""Variable Speed Intermittent Wipers"",""Woodgrain Interior Trim""],""mechanical"":[""4-Wheel Disc Brakes"",""Four Wheel Drive"",""Power Steering""],""other"":[""Front Collision Mitigation"",""Rear Collision Mitigation"",""Requires Subscription"",""Smart Device Integration""],""safety"":[""ABS"",""Blind Spot Monitor"",""Brake Assist"",""Child Safety Locks"",""Cross-Traffic Alert"",""Daytime Running Lights"",""Driver Air Bag"",""Front Head Air Bag"",""Front Side Air Bag"",""Knee Air Bag"",""Lane Departure Warning"",""Lane Keeping Assist"",""Passenger Air Bag"",""Passenger Air Bag Sensor"",""Rear Head Air Bag"",""Security System"",""Stability Control"",""Temporary Spare Tire"",""Tire Pressure Monitor"",""Traction Control""],""technology"":[""AM/FM Stereo"",""Adaptive Cruise Control"",""Auxiliary Audio Input"",""Back-Up Camera"",""Bluetooth Connection"",""Cruise Control"",""HD Radio"",""Immobilizer"",""Keyless Entry"",""Keyless Start"",""MP3 Capability"",""Navigation System"",""Premium Sound System"",""Rear Parking Aid"",""Remote Engine Start"",""Satellite Radio"",""Telematics"",""WiFi Hotspot""]}",88,"We have many more vehicles available! Browse our full  or contact us at   for current availability.<br>Clean CARFAX. Bright White Clearcoat 2023<br>Jeep Grand Cherokee Limited 3.6L V6 24V VVT 8-Speed Automatic 4WD<br><br>Well Equipped with, 3.45 Rear Axle Ratio, 4-Wheel Disc Brakes, 6 Speakers, ABS brakes, Active Noise Control System, Air Conditioning, Alloy wheels, AM/FM radio: SiriusXM with 360L, Anti-whiplash front head restraints, Audio memory, Auto High-beam Headlights, Automatic temperature control, Brake assist, Bumpers: body-color, Capri Leatherette Seats, Compass, Delay-off headlights, Driver door bin, Driver vanity mirror, Dual front impact airbags, Dual front side impact airbags, Electronic Stability Control, Emergency communication system, Four wheel independent suspension, Front anti-roll bar, Front Bucket Seats, Front Center Armrest w/Storage, Front dual zone A/C, Front fog lights, Front License Plate Bracket, Front reading lights, Fully automatic headlights, Garage door transmitter, Heated door mirrors, Heated front seats, Heated rear seats, Heated steering wheel, Illuminated entry, Knee airbag, Low tire pressure warning, Memory seat, Molded In Color Black/Gloss Black Roof Rails, Navigation System, Normal Duty Suspension, Occupant sensing airbag, Outside temperature display, Overhead airbag, Overhead console, Panic alarm, ParkView Rear Back-Up Camera, Passenger door bin, Passenger vanity mirror, Power door mirrors, Power driver seat, Power Liftgate, Power passenger seat, Power steering, Power windows, Quick Order Package 23E, Radio data system, Radio: Uconnect 5 Nav w/10.1&quot; Display, Rear anti-roll bar, Rear reading lights, Rear window defroster, Rear window wiper, Remote keyless entry, Security system, Speed control, Speed-Sensitive Wipers, Split folding rear seat, Spoiler, Steering wheel mounted audio controls, Tachometer, Telescoping steering wheel, Tilt steering wheel, Traction control, Trip computer, Turn signal indicator mirrors, Variably intermittent wipers, Voltmeter, Wheels: 18&quot; x 8&quot; Fully Painted Aluminum, Wheels: 18&quot; x 8&quot; Polished/Painted Aluminum.<br><br><br>19/26 City/Highway MPG<br><br><br>Dealer shall in no way be held liable for any errors or omissions to be found on this website. Price(s) include(s) all costs to be paid by a consumer, except for licensing costs, registration fees, filing fees, transportation fees and taxes. Price does not include dealer s documentary fee of $895 at NJ dealerships or $490 at PA dealerships. Price does not include the documentary fee of $895 or the electronic filing system fee of $150 at FL dealerships. Prices are subject to change without notice. Any purchaser or prospective purchaser should independently verify with a salesperson the accuracy of all information listed on this website. Actual equipment of this vehicle may differ. Contact store for more details.","[PREMIUM]",31,"104 Route 73","Voorhees","NJ","08043","[PREMIUM]"
"769666738","2026-09-03 00:38:25.697","2026-09-03 00:38:25.697","769666738","[PREMIUM]","PC501003",2023,"JEEP","Jeep","JEEPGRAND","Grand Cherokee","Limited","SUV","Used","Used 2023 Jeep Grand Cherokee Limited w/ Black Appearance Package",22435,"[PREMIUM]",,"Great","[PREMIUM]",29782,32882,"Bright White Clearcoat","WHITE","Global Black","BLACK","6CLDR","6-Cylinder","4 wheel drive","AUT","8-Speed Automatic","Automatic","G","Gasoline","Gas",19,26,3.6,true,167,false,false,false,,false,,,"30",16131614,"[PREMIUM]","[PREMIUM]","[PREMIUM]",1012,"[PREMIUM]",false,"PARTNER",461783,3.3,51,0,"[""NO_SALVAGE_TITLE"",""NO_ACCIDENTS_REPORTED"",""ONE_OWNER""]","{""exterior"":[""Aluminum Wheels"",""Automatic Headlights"",""Automatic Highbeams"",""Fog Lamps"",""Heated Mirrors"",""Integrated Turn Signal Mirrors"",""LED Headlights"",""Mirror Memory"",""Power Mirror(s)"",""Rear Spoiler""],""interior"":[""A/C"",""Adjustable Steering Wheel"",""Bucket Seats"",""Climate Control"",""Driver Adjustable Lumbar"",""Driver Illuminated Vanity Mirror"",""Driver Vanity Mirror"",""Floor Mats"",""Heated Front Seat(s)"",""Heated Rear Seat(s)"",""Heated Steering Wheel"",""Intermittent Wipers"",""Multi-Zone A/C"",""Pass-Through Rear Seat"",""Passenger Adjustable Lumbar"",""Passenger Illuminated Visor Mirror"",""Passenger Vanity Mirror"",""Power Door Locks"",""Power Driver Seat"",""Power Liftgate"",""Power Passenger Seat"",""Power Windows"",""Privacy Glass"",""Rear Bench Seat"",""Rear Defrost"",""Remote Trunk Release"",""Seat Memory"",""Steering Wheel Audio Controls"",""Trip Computer"",""Universal Garage Door Opener"",""Variable Speed Intermittent Wipers"",""Woodgrain Interior Trim""],""mechanical"":[""4-Wheel Disc Brakes"",""Four Wheel Drive"",""Power Steering""],""other"":[""Front Collision Mitigation"",""Rear Collision Mitigation"",""Requires Subscription"",""Smart Device Integration""],""safety"":[""ABS"",""Blind Spot Monitor"",""Brake Assist"",""Child Safety Locks"",""Cross-Traffic Alert"",""Daytime Running Lights"",""Driver Air Bag"",""Front Head Air Bag"",""Front Side Air Bag"",""Knee Air Bag"",""Lane Departure Warning"",""Lane Keeping Assist"",""Passenger Air Bag"",""Passenger Air Bag Sensor"",""Rear Head Air Bag"",""Security System"",""Stability Control"",""Temporary Spare Tire"",""Tire Pressure Monitor"",""Traction Control""],""technology"":[""AM/FM Stereo"",""Adaptive Cruise Control"",""Auxiliary Audio Input"",""Back-Up Camera"",""Bluetooth Connection"",""Cruise Control"",""HD Radio"",""Immobilizer"",""Keyless Entry"",""Keyless Start"",""MP3 Capability"",""Navigation System"",""Premium Sound System"",""Rear Parking Aid"",""Remote Engine Start"",""Satellite Radio"",""Telematics"",""WiFi Hotspot""]}",87,"We have many more vehicles available! Browse our full  or contact us at   for current availability.<br>Clean CARFAX. Bright White Clearcoat 2023<br>Jeep Grand Cherokee Limited 3.6L V6 24V VVT 8-Speed Automatic 4WD<br><br>Well Equipped with, 3.45 Rear Axle Ratio, 4-Wheel Disc Brakes, 6 Speakers, ABS brakes, Active Noise Control System, Air Conditioning, Alloy wheels, AM/FM radio: SiriusXM with 360L, Anti-whiplash front head restraints, Audio memory, Auto High-beam Headlights, Automatic temperature control, Black Appearance Package, Brake assist, Bumpers: body-color, Capri Leatherette Seats, Compass, Delay-off headlights, Driver door bin, Driver vanity mirror, Dual front impact airbags, Dual front side impact airbags, Electronic Stability Control, Emergency communication system, Four wheel independent suspension, Front anti-roll bar, Front Bucket Seats, Front Center Armrest w/Storage, Front dual zone A/C, Front fog lights, Front reading lights, Fully automatic headlights, Garage door transmitter, Gloss Black Exterior Accents, Heated door mirrors, Heated front seats, Heated rear seats, Heated steering wheel, Illuminated entry, Knee airbag, Low tire pressure warning, Memory seat, Molded In Color Black/Gloss Black Roof Rails, Navigation System, Normal Duty Suspension, Occupant sensing airbag, Outside temperature display, Overhead airbag, Overhead console, Panic alarm, ParkView Rear Back-Up Camera, Passenger door bin, Passenger vanity mirror, Power door mirrors, Power driver seat, Power Liftgate, Power passenger seat, Power steering, Power windows, Quick Order Package 22E, Radio data system, Radio: Uconnect 5 Nav w/10.1&quot; Display, Rear anti-roll bar, Rear reading lights, Rear window defroster, Rear window wiper, Remote keyless entry, Security system, Speed control, Speed-Sensitive Wipers, Split folding rear seat, Spoiler, Steering wheel mounted audio controls, Tachometer, Telescoping steering wheel, Tilt steering wheel, Traction control, Trip computer, Turn signal indicator mirrors, Variably intermittent wipers, Voltmeter, Wheels: 18&quot; x 8&quot; Fully Painted Aluminum, Wheels: 20&quot; x 8.5&quot; Gloss Black Painted Aluminum.<br><br><br>19/26 City/Highway MPG<br><br><br>Dealer shall in no way be held liable for any errors or omissions to be found on this website. Price(s) include(s) all costs to be paid by a consumer, except for licensing costs, registration fees, filing fees, transportation fees and taxes. Price does not include dealer s documentary fee of $895 at NJ dealerships or $490 at PA dealerships. Price does not include the documentary fee of $895 or the electronic filing system fee of $150 at FL dealerships. Prices are subject to change without notice. Any purchaser or prospective purchaser should independently verify with a salesperson the accuracy of all information listed on this website. Actual equipment of this vehicle may differ. Contact store for more details.","[PREMIUM]",31,"104 Route 73","Voorhees","NJ","08043","[PREMIUM]"
"774119705","2026-09-03 00:38:25.695","2026-09-03 00:38:25.695","774119705","[PREMIUM]","PC533064",2023,"JEEP","Jeep","JEEPGRAND","Grand Cherokee","Limited","SUV","Used","Used 2023 Jeep Grand Cherokee Limited",18288,"[PREMIUM]",,"Great","[PREMIUM]",30252,33352,"Bright White Clearcoat","WHITE","Global Black","BLACK","6CLDR","6-Cylinder","4 wheel drive","AUT","8-Speed Automatic","Automatic","G","Gasoline","Gas",19,26,3.6,true,180,false,false,false,,false,,,"30",16131614,"[PREMIUM]","[PREMIUM]","[PREMIUM]",1012,"[PREMIUM]",false,"PARTNER",461783,3.3,51,0,"[""NO_SALVAGE_TITLE"",""NO_ACCIDENTS_REPORTED"",""ONE_OWNER""]","{""exterior"":[""Aluminum Wheels"",""Automatic Headlights"",""Automatic Highbeams"",""Fog Lamps"",""Heated Mirrors"",""Integrated Turn Signal Mirrors"",""LED Headlights"",""Mirror Memory"",""Power Mirror(s)"",""Rear Spoiler""],""interior"":[""A/C"",""Adjustable Steering Wheel"",""Bucket Seats"",""Climate Control"",""Driver Adjustable Lumbar"",""Driver Illuminated Vanity Mirror"",""Driver Vanity Mirror"",""Floor Mats"",""Heated Front Seat(s)"",""Heated Rear Seat(s)"",""Heated Steering Wheel"",""Intermittent Wipers"",""Multi-Zone A/C"",""Pass-Through Rear Seat"",""Passenger Adjustable Lumbar"",""Passenger Illuminated Visor Mirror"",""Passenger Vanity Mirror"",""Power Door Locks"",""Power Driver Seat"",""Power Liftgate"",""Power Passenger Seat"",""Power Windows"",""Privacy Glass"",""Rear Bench Seat"",""Rear Defrost"",""Remote Trunk Release"",""Seat Memory"",""Steering Wheel Audio Controls"",""Trip Computer"",""Universal Garage Door Opener"",""Variable Speed Intermittent Wipers"",""Woodgrain Interior Trim""],""mechanical"":[""4-Wheel Disc Brakes"",""Four Wheel Drive"",""Power Steering""],""other"":[""Front Collision Mitigation"",""Rear Collision Mitigation"",""Requires Subscription"",""Smart Device Integration""],""safety"":[""ABS"",""Blind Spot Monitor"",""Brake Assist"",""Child Safety Locks"",""Cross-Traffic Alert"",""Daytime Running Lights"",""Driver Air Bag"",""Front Head Air Bag"",""Front Side Air Bag"",""Knee Air Bag"",""Lane Departure Warning"",""Lane Keeping Assist"",""Passenger Air Bag"",""Passenger Air Bag Sensor"",""Rear Head Air Bag"",""Security System"",""Stability Control"",""Temporary Spare Tire"",""Tire Pressure Monitor"",""Traction Control""],""technology"":[""AM/FM Stereo"",""Adaptive Cruise Control"",""Auxiliary Audio Input"",""Back-Up Camera"",""Bluetooth Connection"",""Cruise Control"",""HD Radio"",""Immobilizer"",""Keyless Entry"",""Keyless Start"",""MP3 Capability"",""Navigation System"",""Premium Sound System"",""Rear Parking Aid"",""Remote Engine Start"",""Satellite Radio"",""Telematics"",""WiFi Hotspot""]}",87,"We have many more vehicles available! Browse our full  or contact us at   for current availability.<br>Clean CARFAX. Bright White Clearcoat 2023<br>Jeep Grand Cherokee Limited 3.6L V6 24V VVT 8-Speed Automatic 4WD<br><br>Well Equipped with, 3.45 Rear Axle Ratio, 4-Wheel Disc Brakes, 6 Speakers, ABS brakes, Active Noise Control System, Air Conditioning, Alloy wheels, AM/FM radio: SiriusXM with 360L, Anti-whiplash front head restraints, Audio memory, Auto High-beam Headlights, Automatic temperature control, Brake assist, Bumpers: body-color, Capri Leatherette Seats, Compass, Delay-off headlights, Driver door bin, Driver vanity mirror, Dual front impact airbags, Dual front side impact airbags, Electronic Stability Control, Emergency communication system, Four wheel independent suspension, Front anti-roll bar, Front Bucket Seats, Front Center Armrest w/Storage, Front dual zone A/C, Front fog lights, Front License Plate Bracket, Front reading lights, Fully automatic headlights, Garage door transmitter, Heated door mirrors, Heated front seats, Heated rear seats, Heated steering wheel, Illuminated entry, Knee airbag, Low tire pressure warning, Memory seat, Molded In Color Black/Gloss Black Roof Rails, Navigation System, Normal Duty Suspension, Occupant sensing airbag, Outside temperature display, Overhead airbag, Overhead console, Panic alarm, ParkView Rear Back-Up Camera, Passenger door bin, Passenger vanity mirror, Power door mirrors, Power driver seat, Power Liftgate, Power passenger seat, Power steering, Power windows, Quick Order Package 23E, Radio data system, Radio: Uconnect 5 Nav w/10.1&quot; Display, Rear anti-roll bar, Rear reading lights, Rear window defroster, Rear window wiper, Remote keyless entry, Security system, Speed control, Speed-Sensitive Wipers, Split folding rear seat, Spoiler, Steering wheel mounted audio controls, Tachometer, Telescoping steering wheel, Tilt steering wheel, Traction control, Trip computer, Turn signal indicator mirrors, Variably intermittent wipers, Voltmeter, Wheels: 18&quot; x 8&quot; Fully Painted Aluminum, Wheels: 20&quot; x 8.5&quot; Machined/Painted Aluminum.<br><br><br>19/26 City/Highway MPG<br><br><br>Dealer shall in no way be held liable for any errors or omissions to be found on this website. Price(s) include(s) all costs to be paid by a consumer, except for licensing costs, registration fees, filing fees, transportation fees and taxes. Price does not include dealer s documentary fee of $895 at NJ dealerships or $490 at PA dealerships. Price does not include the documentary fee of $895 or the electronic filing system fee of $150 at FL dealerships. Prices are subject to change without notice. Any purchaser or prospective purchaser should independently verify with a salesperson the accuracy of all information listed on this website. Actual equipment of this vehicle may differ. Contact store for more details.","[PREMIUM]",31,"104 Route 73","Voorhees","NJ","08043","[PREMIUM]"
"772317412","2026-09-03 00:38:25.685","2026-09-03 00:38:25.685","772317412","[PREMIUM]","PC502616",2023,"JEEP","Jeep","JEEPGRAND","Grand Cherokee","Limited","SUV","Used","Used 2023 Jeep Grand Cherokee Limited",23474,"[PREMIUM]",,"Great","[PREMIUM]",29662,32762,"Bright White Clearcoat","WHITE","Global Black","BLACK","6CLDR","6-Cylinder","4 wheel drive","AUT","8-Speed Automatic","Automatic","G","Gasoline","Gas",19,26,3.6,true,201,false,false,false,,false,,,"30",16131614,"[PREMIUM]","[PREMIUM]","[PREMIUM]",1012,"[PREMIUM]",false,"PARTNER",461783,3.3,51,0,"[""NO_SALVAGE_TITLE"",""NO_ACCIDENTS_REPORTED"",""ONE_OWNER""]","{""exterior"":[""Aluminum Wheels"",""Automatic Headlights"",""Automatic Highbeams"",""Fog Lamps"",""Heated Mirrors"",""Integrated Turn Signal Mirrors"",""LED Headlights"",""Mirror Memory"",""Power Mirror(s)"",""Rear Spoiler""],""interior"":[""A/C"",""Adjustable Steering Wheel"",""Bucket Seats"",""Climate Control"",""Driver Adjustable Lumbar"",""Driver Illuminated Vanity Mirror"",""Driver Vanity Mirror"",""Floor Mats"",""Heated Front Seat(s)"",""Heated Rear Seat(s)"",""Heated Steering Wheel"",""Intermittent Wipers"",""Multi-Zone A/C"",""Pass-Through Rear Seat"",""Passenger Adjustable Lumbar"",""Passenger Illuminated Visor Mirror"",""Passenger Vanity Mirror"",""Power Door Locks"",""Power Driver Seat"",""Power Liftgate"",""Power Passenger Seat"",""Power Windows"",""Privacy Glass"",""Rear Bench Seat"",""Rear Defrost"",""Remote Trunk Release"",""Seat Memory"",""Steering Wheel Audio Controls"",""Trip Computer"",""Universal Garage Door Opener"",""Variable Speed Intermittent Wipers"",""Woodgrain Interior Trim""],""mechanical"":[""4-Wheel Disc Brakes"",""Four Wheel Drive"",""Power Steering""],""other"":[""Front Collision Mitigation"",""Rear Collision Mitigation"",""Requires Subscription"",""Smart Device Integration""],""safety"":[""ABS"",""Blind Spot Monitor"",""Brake Assist"",""Child Safety Locks"",""Cross-Traffic Alert"",""Daytime Running Lights"",""Driver Air Bag"",""Front Head Air Bag"",""Front Side Air Bag"",""Knee Air Bag"",""Lane Departure Warning"",""Lane Keeping Assist"",""Passenger Air Bag"",""Passenger Air Bag Sensor"",""Rear Head Air Bag"",""Security System"",""Stability Control"",""Temporary Spare Tire"",""Tire Pressure Monitor"",""Traction Control""],""technology"":[""AM/FM Stereo"",""Adaptive Cruise Control"",""Auxiliary Audio Input"",""Back-Up Camera"",""Bluetooth Connection"",""Cruise Control"",""HD Radio"",""Immobilizer"",""Keyless Entry"",""Keyless Start"",""MP3 Capability"",""Navigation System"",""Premium Sound System"",""Rear Parking Aid"",""Remote Engine Start"",""Satellite Radio"",""Telematics"",""WiFi Hotspot""]}",87,"We have many more vehicles available! Browse our full  or contact us at   for current availability.<br>Clean CARFAX. Bright White Clearcoat 2023<br>Jeep Grand Cherokee Limited 3.6L V6 24V VVT 8-Speed Automatic 4WD<br><br>Well Equipped with, 3.45 Rear Axle Ratio, 4-Wheel Disc Brakes, 6 Speakers, ABS brakes, Active Noise Control System, Air Conditioning, Alloy wheels, AM/FM radio: SiriusXM with 360L, Anti-whiplash front head restraints, Audio memory, Auto High-beam Headlights, Automatic temperature control, Brake assist, Bumpers: body-color, Capri Leatherette Seats, Compass, Delay-off headlights, Driver door bin, Driver vanity mirror, Dual front impact airbags, Dual front side impact airbags, Electronic Stability Control, Emergency communication system, Four wheel independent suspension, Front anti-roll bar, Front Bucket Seats, Front Center Armrest w/Storage, Front dual zone A/C, Front fog lights, Front License Plate Bracket, Front reading lights, Fully automatic headlights, Garage door transmitter, Heated door mirrors, Heated front seats, Heated rear seats, Heated steering wheel, Illuminated entry, Knee airbag, Low tire pressure warning, Memory seat, Molded In Color Black/Gloss Black Roof Rails, Navigation System, Normal Duty Suspension, Occupant sensing airbag, Outside temperature display, Overhead airbag, Overhead console, Panic alarm, ParkView Rear Back-Up Camera, Passenger door bin, Passenger vanity mirror, Power door mirrors, Power driver seat, Power Liftgate, Power passenger seat, Power steering, Power windows, Quick Order Package 22E, Radio data system, Radio: Uconnect 5 Nav w/10.1&quot; Display, Rear anti-roll bar, Rear reading lights, Rear window defroster, Rear window wiper, Remote keyless entry, Security system, Speed control, Speed-Sensitive Wipers, Split folding rear seat, Spoiler, Steering wheel mounted audio controls, Tachometer, Telescoping steering wheel, Tilt steering wheel, Traction control, Trip computer, Turn signal indicator mirrors, Variably intermittent wipers, Voltmeter, Wheels: 18&quot; x 8&quot; Fully Painted Aluminum, Wheels: 18&quot; x 8&quot; Polished/Painted Aluminum.<br><br><br>19/26 City/Highway MPG<br><br><br>Dealer shall in no way be held liable for any errors or omissions to be found on this website. Price(s) include(s) all costs to be paid by a consumer, except for licensing costs, registration fees, filing fees, transportation fees and taxes. Price does not include dealer s documentary fee of $895 at NJ dealerships or $490 at PA dealerships. Price does not include the documentary fee of $895 or the electronic filing system fee of $150 at FL dealerships. Prices are subject to change without notice. Any purchaser or prospective purchaser should independently verify with a salesperson the accuracy of all information listed on this website. Actual equipment of this vehicle may differ. Contact store for more details.","[PREMIUM]",31,"104 Route 73","Voorhees","NJ","08043","[PREMIUM]"
"776188617","2026-09-03 00:38:25.674","2026-09-03 00:38:25.674","776188617","[PREMIUM]","PC508314",2023,"JEEP","Jeep","JEEPGRAND","Grand Cherokee","Limited","SUV","Used","Used 2023 Jeep Grand Cherokee Limited",23890,"[PREMIUM]",,"Great","[PREMIUM]",29632,32732,"Diamond Black Crystal Pearlcoa","BLACK","Global Black","BLACK","6CLDR","6-Cylinder","4 wheel drive","AUT","8-Speed Automatic","Automatic","G","Gasoline","Gas",19,26,3.6,true,56,false,false,false,,false,,,"30",16131614,"[PREMIUM]","[PREMIUM]","[PREMIUM]",1012,"[PREMIUM]",false,"PARTNER",461783,3.3,51,0,"[""NO_SALVAGE_TITLE"",""NO_ACCIDENTS_REPORTED"",""ONE_OWNER""]","{""exterior"":[""Aluminum Wheels"",""Automatic Headlights"",""Automatic Highbeams"",""Fog Lamps"",""Heated Mirrors"",""Integrated Turn Signal Mirrors"",""LED Headlights"",""Mirror Memory"",""Power Mirror(s)"",""Rear Spoiler""],""interior"":[""A/C"",""Adjustable Steering Wheel"",""Bucket Seats"",""Climate Control"",""Driver Adjustable Lumbar"",""Driver Illuminated Vanity Mirror"",""Driver Vanity Mirror"",""Floor Mats"",""Heated Front Seat(s)"",""Heated Rear Seat(s)"",""Heated Steering Wheel"",""Intermittent Wipers"",""Multi-Zone A/C"",""Pass-Through Rear Seat"",""Passenger Adjustable Lumbar"",""Passenger Illuminated Visor Mirror"",""Passenger Vanity Mirror"",""Power Door Locks"",""Power Driver Seat"",""Power Liftgate"",""Power Passenger Seat"",""Power Windows"",""Privacy Glass"",""Rear Bench Seat"",""Rear Defrost"",""Remote Trunk Release"",""Seat Memory"",""Steering Wheel Audio Controls"",""Trip Computer"",""Universal Garage Door Opener"",""Variable Speed Intermittent Wipers"",""Woodgrain Interior Trim""],""mechanical"":[""4-Wheel Disc Brakes"",""Four Wheel Drive"",""Power Steering""],""other"":[""Front Collision Mitigation"",""Rear Collision Mitigation"",""Requires Subscription"",""Smart Device Integration""],""safety"":[""ABS"",""Blind Spot Monitor"",""Brake Assist"",""Child Safety Locks"",""Cross-Traffic Alert"",""Daytime Running Lights"",""Driver Air Bag"",""Front Head Air Bag"",""Front Side Air Bag"",""Knee Air Bag"",""Lane Departure Warning"",""Lane Keeping Assist"",""Passenger Air Bag"",""Passenger Air Bag Sensor"",""Rear Head Air Bag"",""Security System"",""Stability Control"",""Temporary Spare Tire"",""Tire Pressure Monitor"",""Traction Control""],""technology"":[""AM/FM Stereo"",""Adaptive Cruise Control"",""Auxiliary Audio Input"",""Back-Up Camera"",""Bluetooth Connection"",""Cruise Control"",""HD Radio"",""Immobilizer"",""Keyless Entry"",""Keyless Start"",""MP3 Capability"",""Navigation System"",""Premium Sound System"",""Rear Parking Aid"",""Remote Engine Start"",""Satellite Radio"",""Telematics"",""WiFi Hotspot""]}",87,"We have many more vehicles available! Browse our full  or contact us at   for current availability.<br>Clean CARFAX. Diamond Black Crystal Pearlcoat 2023<br>Jeep Grand Cherokee Limited 3.6L V6 24V VVT 8-Speed Automatic 4WD<br><br>Well Equipped with, 3.45 Rear Axle Ratio, 4-Wheel Disc Brakes, 6 Speakers, ABS brakes, Active Noise Control System, Air Conditioning, Alloy wheels, AM/FM radio: SiriusXM with 360L, Anti-whiplash front head restraints, Audio memory, Auto High-beam Headlights, Automatic temperature control, Brake assist, Bumpers: body-color, Capri Leatherette Seats, Compass, Delay-off headlights, Driver door bin, Driver vanity mirror, Dual front impact airbags, Dual front side impact airbags, Electronic Stability Control, Emergency communication system, Four wheel independent suspension, Front anti-roll bar, Front Bucket Seats, Front Center Armrest w/Storage, Front dual zone A/C, Front fog lights, Front License Plate Bracket, Front reading lights, Fully automatic headlights, Garage door transmitter, Heated door mirrors, Heated front seats, Heated rear seats, Heated steering wheel, Illuminated entry, Knee airbag, Low tire pressure warning, Memory seat, Molded In Color Black/Gloss Black Roof Rails, Navigation System, Normal Duty Suspension, Occupant sensing airbag, Outside temperature display, Overhead airbag, Overhead console, Panic alarm, ParkView Rear Back-Up Camera, Passenger door bin, Passenger vanity mirror, Power door mirrors, Power driver seat, Power Liftgate, Power passenger seat, Power steering, Power windows, Quick Order Package 23E, Radio data system, Radio: Uconnect 5 Nav w/10.1&quot; Display, Rear anti-roll bar, Rear reading lights, Rear window defroster, Rear window wiper, Remote keyless entry, Security system, Speed control, Speed-Sensitive Wipers, Split folding rear seat, Spoiler, Steering wheel mounted audio controls, Tachometer, Telescoping steering wheel, Tilt steering wheel, Traction control, Trip computer, Turn signal indicator mirrors, Variably intermittent wipers, Voltmeter, Wheels: 18&quot; x 8&quot; Fully Painted Aluminum.<br><br><br>19/26 City/Highway MPG<br><br><br>Dealer shall in no way be held liable for any errors or omissions to be found on this website. Price(s) include(s) all costs to be paid by a consumer, except for licensing costs, registration fees, filing fees, transportation fees and taxes. Price does not include dealer s documentary fee of $895 at NJ dealerships or $490 at PA dealerships. Price does not include the documentary fee of $895 or the electronic filing system fee of $150 at FL dealerships. Prices are subject to change without notice. Any purchaser or prospective purchaser should independently verify with a salesperson the accuracy of all information listed on this website. Actual equipment of this vehicle may differ. Contact store for more details.","[PREMIUM]",31,"104 Route 73","Voorhees","NJ","08043","[PREMIUM]"
"774398203","2026-09-03 00:38:25.589","2026-09-03 00:38:25.589","774398203","[PREMIUM]","PC560468",2023,"JEEP","Jeep","JEEPGRAND","Grand Cherokee","Altitude","SUV","Used","Used 2023 Jeep Grand Cherokee Altitude",24251,"[PREMIUM]",,"Great","[PREMIUM]",30380,33680,"Baltic Gray Metallic Clearcoat","GRAY","Global Black","BLACK","6CLDR","6-Cylinder","4 wheel drive","AUT","8-Speed Automatic","Automatic","G","Gasoline","Gas",19,26,3.6,false,160,false,false,false,,false,,,"30",16131614,"[PREMIUM]","[PREMIUM]","[PREMIUM]",1012,"[PREMIUM]",false,"PARTNER",466140,3.3,51,0,"[""NO_SALVAGE_TITLE"",""NO_ACCIDENTS_REPORTED"",""ONE_OWNER""]","{""exterior"":[""Aluminum Wheels"",""Automatic Headlights"",""Heated Mirrors"",""LED Headlights"",""Power Mirror(s)"",""Rear Spoiler"",""Tires - Front All-Season"",""Tires - Rear All-Season""],""interior"":[""A/C"",""Adjustable Steering Wheel"",""Climate Control"",""Driver Adjustable Lumbar"",""Driver Illuminated Vanity Mirror"",""Driver Vanity Mirror"",""Floor Mats"",""Intermittent Wipers"",""Multi-Zone A/C"",""Pass-Through Rear Seat"",""Passenger Illuminated Visor Mirror"",""Passenger Vanity Mirror"",""Power Door Locks"",""Power Driver Seat"",""Power Windows"",""Privacy Glass"",""Rear Bench Seat"",""Rear Defrost"",""Steering Wheel Audio Controls"",""Trip Computer"",""Variable Speed Intermittent Wipers""],""mechanical"":[""4-Wheel Disc Brakes"",""Four Wheel Drive"",""Power Steering""],""other"":[""Front Collision Mitigation"",""Rear Collision Mitigation"",""Requires Subscription"",""Smart Device Integration""],""safety"":[""ABS"",""Blind Spot Monitor"",""Brake Assist"",""Child Safety Locks"",""Cross-Traffic Alert"",""Daytime Running Lights"",""Driver Air Bag"",""Front Head Air Bag"",""Front Side Air Bag"",""Knee Air Bag"",""Lane Departure Warning"",""Lane Keeping Assist"",""Passenger Air Bag"",""Passenger Air Bag Sensor"",""Rear Head Air Bag"",""Security System"",""Stability Control"",""Temporary Spare Tire"",""Tire Pressure Monitor"",""Traction Control""],""technology"":[""AM/FM Stereo"",""Adaptive Cruise Control"",""Auxiliary Audio Input"",""Back-Up Camera"",""Bluetooth Connection"",""Cruise Control"",""Immobilizer"",""Keyless Entry"",""Keyless Start"",""MP3 Capability"",""Rear Parking Aid"",""Telematics"",""WiFi Hotspot""]}",69,"We have many more vehicles available! Browse our full  or contact us at   for current availability.<br>Baltic Gray Metallic Clearcoat 2023<br>Jeep Grand Cherokee Altitude X 3.6L V6 24V VVT 8-Speed Automatic 4WD<br><br>Well Equipped with, 115V Auxiliary Power Outlet, 3.45 Rear Axle Ratio, 4-Wheel Disc Brakes, 6 Speakers, ABS brakes, Air Conditioning, Alloy wheels, Altitude Appearance Package, Anti-whiplash front head restraints, Automatic temperature control, Black Headliner, Brake assist, Bumpers: body-color, Capri Leatherette/Suede Seats, Cloth Seats, Compass, Delay-off headlights, Delete Laredo Badge, Driver door bin, Driver vanity mirror, Dual front impact airbags, Dual front side impact airbags, Electronic Stability Control, Emergency communication system, Four wheel independent suspension, Front anti-roll bar, Front Bucket Seats, Front Center Armrest w/Storage, Front dual zone A/C, Front License Plate Bracket, Front reading lights, Fully automatic headlights, Gloss Black Exterior Accents, Heated door mirrors, Heated Front Seats, Heated Steering Wheel, Illuminated entry, Knee airbag, Low tire pressure warning, Molded In Color Black/Gloss Black Roof Rails, Normal Duty Suspension, Occupant sensing airbag, Outside temperature display, Overhead airbag, Overhead console, Panic alarm, ParkView Rear Back-Up Camera, Passenger door bin, Passenger vanity mirror, Power door mirrors, Power driver seat, Power Liftgate, Power steering, Power windows, Quick Order Package 23B Altitude, Radio data system, Radio: Uconnect 5 w/8.4&quot; Display, Rain Sensitive Windshield Wipers, Rear anti-roll bar, Rear reading lights, Rear window defroster, Rear window wiper, Remote keyless entry, Remote Start System, Secondary Active Grille Shutters, Security system, Selectable Tire Fill Alert, Speed control, Speed-Sensitive Wipers, Split folding rear seat, Spoiler, Steering wheel mounted audio controls, Tachometer, Telescoping steering wheel, Tilt steering wheel, Traction control, Trip computer, Variably intermittent wipers, Voltmeter, Wheels: 17&quot; x 6.5&quot; Fully Painted Aluminum, Wheels: 18&quot; x 8&quot; Fully Painted Aluminum 1, Wheels: 20&quot; x 8.5&quot; Gloss Black Painted Aluminum, Wireless Charging Pad.<br><br><br>19/26 City/Highway MPG<br><br><br>Dealer shall in no way be held liable for any errors or omissions to be found on this website. Price(s) include(s) all costs to be paid by a consumer, except for licensing costs, registration fees, filing fees, transportation fees and taxes. Price does not include dealer s documentary fee of $895 at NJ dealerships or $490 at PA dealerships. Price does not include the documentary fee of $895 or the electronic filing system fee of $150 at FL dealerships. Prices are subject to change without notice. Any purchaser or prospective purchaser should independently verify with a salesperson the accuracy of all information listed on this website. Actual equipment of this vehicle may differ. Contact store for more details.","[PREMIUM]",30,"104 Route 73","Voorhees","NJ","08043","[PREMIUM]"
