"_primaryKey","_firstSeenAt","_lastSeenAt","listingId","vin","stockNumber","year","makeCode","makeName","modelCode","modelName","trim","bodyStyle","listingType","listingTitle","mileage","salePrice","msrp","dealIndicator","kbbFairPurchasePrice","kbbFairPriceLow","kbbFairPriceHigh","exteriorColor","exteriorColorSimple","interiorColor","interiorColorSimple","engineCode","engine","drivetrain","transmissionCode","transmission","transmissionGroup","fuelTypeCode","fuelType","fuelTypeGroup","mpgCity","mpgHighway","displacementUOM","hasLeatherSeats","daysOnMarket","isHot","isNewlyListed","isReducedPrice","isNoHagglePrice","hasSpecialOffer","moneyBackGuarantee","mainImageIsStock","priority","sellerId","sellerName","sellerPhone","sellerRating","sellerReviewCount","sellerWebsite","isPrivateSeller","sellerContractLevel","kbbVehicleId","kbbConsumerRatings","kbbConsumerReviewCount","safetyRecallCount","vhrPreview","options","optionsCount","description","images","imagesCount","sellerAddress","sellerCity","sellerState","sellerZip","listingUrl"
"786683542","2026-07-30 22:11:39.532","2026-07-30 22:11:39.532","786683542","[PREMIUM]","T1328A",2008,"AMGEN","HUMMER","H2","H2",,"SUV","Used","Used 2008 HUMMER H2",91752,"[PREMIUM]",,,"[PREMIUM]",0,0,"Blue","BLUE",,,"8CLDR","8-Cylinder","4 wheel drive","AUT","6-Speed Automatic","Automatic","G","Gasoline","Gas",,,6.2,true,3,false,true,false,,false,,,"30",1085831,"[PREMIUM]","[PREMIUM]","[PREMIUM]",285,"[PREMIUM]",false,"PARTNER",197250,4.6,327,0,"[""NO_SALVAGE_TITLE"",""NO_ACCIDENTS_REPORTED"",""NO_ONE_OWNER""]","{""exterior"":[""Doors Liftgate Window: Fixed"",""Exterior Mirrors Heated"",""Front Fog Lights"",""Headlights Auto Delay Off"",""Headlights Auto On"",""Memorized Settings Includes Exterior Mirrors"",""Rear Bumper Color: Gray"",""Skid Plate(s)"",""Towing And Hauling Trailer Hitch: Ready"",""Windows Rear Wiper With Washer"",""Windows Rear Wiper: Intermittent""],""interior"":[""Adjustable Rear Headrests"",""Air Conditioning - Front - Automatic Climate Control"",""Air Conditioning - Front - Dual Zones"",""Cargo Area 12V Power Outlet"",""Cargo Area Light"",""Center Console Front Console With Storage"",""Clock"",""Driver Seat Adjustable Lumbar Support: 4-Way Power"",""Driver Seat Heated"",""Driver Seat Power Adjustments: 8"",""Front 12V Power Outlet(s)"",""Front Headrests Adjustable"",""Inside Rearview Mirror Auto-Dimming"",""Memorized Settings Includes Driver Seat"",""Number Of Front Headrests 2"",""Number Of Rear Headrests 2"",""One-Touch Windows: 4"",""Passenger Seat Heated"",""Passenger Seat Power Adjustments: 8"",""Power Door Locks"",""Power Windows"",""Reading Lights Front"",""Reading Lights Rear"",""Rear 12V Power Outlet"",""Rear Seats 60-40 Split Bench"",""Rear Seats Center Armrest: Folding With Storage"",""Rear Seats Heated"",""Rear Seats Split Folding"",""Seats - Driver Seat Power Adjustments: Height"",""Seats - Passenger Seat Power Adjustments: 4-Way Power Lumbar"",""Seats - Passenger Seat Power Adjustments: Height"",""Seats Front Seat Type: Bucket"",""Steering Wheel Mounted Controls Audio"",""Steering Wheel Tilt-Adjustable"",""Tachometer"",""Vanity Mirrors Dual"",""Windows Privacy Glass"",""Windows Rear Defogger"",""Windows Solar-Tinted Glass: Rear""],""mechanical"":[""Drivetrain 4WD Type: Full Time"",""Drivetrain Oil Cooler: Auxiliary"",""Drivetrain Transfer Case: Electronic Hi-Lo Gear Selection"",""Front Suspension Classification: Independent"",""Front Suspension Type: Double Wishbones"",""Power Steering Speed-Proportional""],""other"":[""Air Conditioning - Rear - With Independent Controls"",""Doors Rear Door Type: Liftgate"",""Drivetrain Locking Differential: Center"",""Drivetrain Locking Differential: Rear"",""Exterior Mirrors Power"",""Exterior Mirrors Power Folding"",""External Temperature Display"",""Fuel Economy Display MPG"",""Fuel Economy Display Range"",""Memorized Settings Number Of Drivers: 2"",""Steering Wheel Mounted Controls Paddle Shifter"",""Towing And Hauling Tow Hooks: Front"",""Towing And Hauling Tow Hooks: Rear"",""Transmission Temperature Gauge"",""Trip Odometer"",""Warnings And Reminders Low Fuel Level"",""Warnings And Reminders Maintenance Reminder"",""Windows Front Wipers: Intermittent""],""safety"":[""ABS Brakes (4-Wheel)"",""Airbags - Front - Dual"",""Airbags - Front - Side Curtain"",""Airbags - Passenger - Deactivation Switch"",""Airbags - Rear - Side Curtain"",""Braking Assist"",""Child Safety Locks"",""Child Seat Anchors"",""Daytime Running Lights"",""Electronic Brakeforce Distribution"",""Seatbelts Rear Center Seatbelt: 3-Point"",""Seatbelts Seatbelt Pretensioners: Front"",""Security Anti-Theft Alarm System"",""Stability Control"",""Traction Control""],""technology"":[""Audio - Antenna: Mast"",""Audio - Headphone Jacks- Rear"",""Compass"",""Cruise Control"",""Multi-Function Display"",""Navigation System"",""Remote Engine Start"",""Security Engine Immobilizer""]}",97,"This 2008 HUMMER H2 SUV 4x4 is a powerful and reliable vehicle. It has a 6.2 liter 8 cylinder engine with sequential fuel injection, and has been driven 91,752 miles. The exterior of this car is blue, and it comes with full time four wheel drive and navigation features. This car is perfect for anyone looking for a dependable motorcar that can handle any terrain. Sales &amp; Local Tax,Title, License Fee, Registration Fees, Finance Charges, Dealer Fees are additional to the advertised price. Offer Disclosure.1) Not available with special finance, lease or some other offers.2) Pricing may include both discounts and rebates.3) May not be compatible with other offers.4) Manufacturer rules are the final arbiter of incentive eligibility.5) While effort is made to display correct information, dealer is not responsible for errors or omissions. See dealer for details","[PREMIUM]",,"205 N Charleston Ave","Fort Meade","FL","33841","[PREMIUM]"
"786391605","2026-07-30 21:41:38.500","2026-07-30 21:41:38.500","786391605","[PREMIUM]","C6085A",2008,"CHEV","Chevrolet","CORV","Corvette","Coupe","COUPE","Used","Used 2008 Chevrolet Corvette Coupe",33339,"[PREMIUM]",,,"[PREMIUM]",29980,33180,"Victory Red","RED","Ebony","BLACK","8CLDR","8-Cylinder","2 wheel drive - rear","MAN","6-Speed Manual","Manual","G","Gasoline","Gas",16,26,6.2,true,7,false,false,false,,false,,,"30",68132399,"[PREMIUM]","[PREMIUM]","[PREMIUM]",1139,"[PREMIUM]",false,"PARTNER",196986,4.8,766,0,"[""NO_SALVAGE_TITLE"",""NO_ACCIDENTS_REPORTED"",""NO_ONE_OWNER""]","{""exterior"":[""Auto On Headlights"",""Front Fog Lights"",""HID/Xenon Headlights"",""Heated Side Mirrors"",""Run Flat Tires""],""interior"":[""2 Front Headrests"",""Adjustable Front Headrests"",""Air Filtration"",""Auto-dimming Rearview Mirror"",""Cargo Area Light"",""Door Pockets Storage"",""Dual Front Air Conditioning Zones"",""Dual Illuminating Vanity Mirrors"",""Front Cupholders"",""Front Floor Mats"",""Front Reading Lights"",""Intermittent Front Wipers"",""Leather Shift Knob Trim"",""Leather Steering Wheel Trim"",""Power Door Locks"",""Power Windows"",""Premium Leather Upholstery"",""Push-button Start"",""Rear Window Defogger"",""Tilt Steering Wheel""],""mechanical"":[""Front Stabilizer Bar"",""Independent Front Suspension Classification"",""Northeast Emissions"",""Rear Limited Slip Differential"",""Rear Stabilizer Bar""],""other"":[""12V Front Power Outlet(s)"",""2 One-touch Windows"",""4 Passenger Seat Manual Adjustments"",""6 Driver Seat Power Adjustments"",""7 Total Speakers"",""Alarm Anti-theft System"",""Auto Delay Off Headlights"",""Automatic Climate Control Front Air Conditioning"",""Base Equipment Group"",""Body-color Mirror Color"",""Bucket Front Seat Type"",""Carpet Floor Mat Material"",""Driver Side Auto-dimming Side Mirrors"",""Dual-Mode Performance Exhaust"",""Element Antenna Type"",""External Temperature Display"",""Front Console With Storage Center Console"",""Front License Plate Bracket"",""Front Seatbelt Force Limiters"",""Height Driver Seat Power Adjustments"",""Hydraulic Variable Assist Power Steering"",""Independent Rear Suspension Classification"",""Integrated Front Headrests"",""Jack Auxiliary Audio Input"",""Leaf Rear Spring Type"",""Low Fuel Level Warnings And Reminders"",""MP3 Playback In-Dash CD"",""Maintenance Due Warnings And Reminders"",""Monotube Front Shock Type"",""Monotube Rear Shock Type"",""Occupant Sensing Passenger Airbag Deactivation"",""OnStar Satellite Communications"",""Power Side Mirror Adjustments"",""Proximity Entry System Multi-function Remote"",""Reclining Driver Seat Manual Adjustments"",""Short And Long Arm Front Suspension Type"",""Short And Long Arm Rear Suspension Type"",""Single Disc In-Dash CD"",""Tachometer Gauge"",""Targa Top Removable Roof"",""Transverse Leaf Front Spring Type"",""Trip Odometer"",""Trunk Release Multi-function Remote"",""Variable/speed-proportional Power Steering"",""Vehicle Immobilizer Anti-theft System"",""Ventilated Disc Front Brake Type"",""Ventilated Disc Rear Brake Type""],""safety"":[""4-wheel ABS"",""Daytime Running Lights"",""Dual Front Airbags"",""Electronic Brakeforce Distribution"",""Front Seatbelt Pretensioners"",""Stability Control"",""Tire Pressure Monitoring System"",""Traction Control""],""technology"":[""AM/FM Radio"",""Compass"",""Cruise Control"",""Radio Data System"",""SiriusXM Satellite Radio"",""Speed Sensitive Volume Control""]}",91,"2008 Chevrolet Corvette Victory Red Base 6.2L V8 430hp 436ft. lbs. RWD 2008 Car And Driver 10Best Cars, 2008 Kelley Blue Book Best Resale Value: Top 10 Models, 2008 Vincentric Best Value in America: Passenger Cars See the rest of our inventory at https://www.vanbortelchevrolet.net/","[PREMIUM]",,"1 West Main Street","Macedon","NY","14502","[PREMIUM]"
"786516321","2026-07-30 01:27:05.680","2026-07-30 01:27:05.680","786516321","[PREMIUM]","P24036A",2017,"TOYOTA","Toyota","TACOMA","Tacoma","Limited","TRUCKS","Used","Used 2017 Toyota Tacoma Limited w/ Tow Package",73715,"[PREMIUM]",,,"[PREMIUM]",26420,29520,"Super White","WHITE","Hickory","UNAVAIL","6CLDR","6-Cylinder","2 wheel drive - rear","AUT","6-Speed Automatic","Automatic","G","Gasoline","Gas",19,24,3.5,true,5,true,true,false,,false,,,"30",58192986,"[PREMIUM]","[PREMIUM]","[PREMIUM]",10963,"[PREMIUM]",false,"PARTNER",422151,4.1,253,0,"[""NO_SALVAGE_TITLE"",""NO_ACCIDENTS_REPORTED"",""NO_ONE_OWNER""]","{""exterior"":[""Alloy wheels"",""Bumpers: body-color"",""Front fog lights"",""Hard Tri-Fold Tonneau Cover"",""Power door mirrors"",""Rear step bumper"",""Turn signal indicator mirrors"",""Wheels: 18\"" x 7.5\"" Polished Alloy""],""interior"":[""Air Conditioning"",""All Weather Floor Liners & Door Sill Protectors"",""Anti-whiplash front head restraints"",""Auto-dimming Rear-View mirror"",""Driver door bin"",""Driver vanity mirror"",""Front Bucket Seats"",""Front Center Armrest"",""Front dual zone A/C"",""Front reading lights"",""Leather Seat Trim"",""Leather Shift Knob"",""Overhead console"",""Passenger door bin"",""Passenger vanity mirror"",""Power moonroof"",""Power windows"",""Split folding rear seat"",""Steering wheel mounted audio controls"",""Tachometer"",""Telescoping steering wheel"",""Tilt steering wheel"",""Trip computer"",""Variably intermittent wipers""],""mechanical"":[""ATF Cooler"",""Axle Ratio: 3.91"",""Engine Oil Cooler"",""Front wheel independent suspension"",""Power Steering Cooler"",""Power steering"",""Speed-sensing steering"",""Tow Package""],""other"":[""130 Amp Alternator"",""5\"" Chrome Oval Tube Steps"",""Bed Mat"",""Exhaust Tip"",""Front anti-roll bar"",""Illuminated entry"",""One Owner"",""Outside temperature display""],""safety"":[""ABS brakes"",""Brake assist"",""Dual front impact airbags"",""Dual front side impact airbags"",""Electronic Stability Control"",""Knee airbag"",""Low tire pressure warning"",""Overhead airbag"",""Panic alarm"",""Passenger Airbag Sensor"",""Security system"",""Traction control""],""technology"":[""7 Speakers"",""AM/FM radio: SiriusXM"",""Automatic temperature control"",""CD player"",""Compass"",""Exterior Parking Camera Rear"",""Garage door transmitter: HomeLink"",""Navigation System"",""Radio: Entune Premium JBL AM/FM/CD w/Nav & App Ste"",""Rear Parking Sensors"",""Remote keyless entry"",""Speed control""]}",72,"COME SEE US AT PAT LOBB TOYOTA!!!!<br><br>This 2017 Toyota Tacoma Limited in white delivers the capability and comfort you need for work and weekend adventures. With a V6 engine paired with a 6-speed automatic transmission, this truck provides the power to handle demanding tasks while maintaining reasonable fuel economy at 19 city and 24 highway MPG. As a one-owner vehicle, you can trust its history and condition.<br><br>- Tow Package with Class IV Hitch Receiver, 4- and 7-pin connector, and Trailer Sway Control<br>- Hard Tri-Fold Tonneau Cover with lock and water resistance<br>- 5 Chrome Oval Tube Steps<br>- All Weather Floor Liners &amp; Door Sill Protectors<br>- Entune Premium JBL AM/FM/CD with Navigation and App Suite<br>- SiriusXM satellite radio<br>- Power moonroof<br>- Leather seat trim with front bucket seats<br>- 18 polished alloy wheels<br>- Rear parking sensors and backup camera<br>- Electronic Stability Control and Traction Control<br>- Dual front and side airbags with knee airbags<br>- Remote keyless entry with HomeLink garage door transmitter<br><br>The Limited trim elevates this Tacoma with premium features designed for comfort and convenience. Leather seat trim, automatic temperature control with dual front zone air conditioning, and a power moonroof create an inviting cabin. The Entune Premium system with navigation keeps you informed and connected on every journey.<br><br>Built for serious work, this truck comes equipped with a comprehensive tow package featuring an engine oil cooler, transmission fluid cooler, power steering cooler, and 130-amp alternator to handle sustained towing demands. The bed mat and tonneau cover protect your cargo, while the chrome steps and body-color bumpers add functionality and style.<br><br>Safety features include electronic stability control, traction control, brake assist, and a comprehensive airbag system with dual front and side protection plus knee airbags. Anti-whiplash front head restraints and front wheel independent suspension work together to protect occupants. Rear parking sensors and an exterior backup camera make maneuvering easier and safer.<br><br>This Tacoma Limited offers the reliability and versatility you expect from Toyota, backed by proven engineering and thoughtful design. Whether you're towing a trailer, carrying materials, or simply enjoying the open road, this truck is ready to serve your needs.","[PREMIUM]",24,"3350 S CENTRAL EXPY","Mckinney","TX","75070","[PREMIUM]"
"786797206","2026-07-30 01:27:05.676","2026-07-30 01:27:05.676","786797206","[PREMIUM]","260699B",2017,"GMC","GMC","15SIPU4WD","Sierra 1500","SLT","TRUCKS","Used","Used 2017 GMC Sierra 1500 SLT",63444,"[PREMIUM]",,,"[PREMIUM]",0,0,"Onyx Black","BLACK","Jet Black/Spice Red","RED","8CLDR","8-Cylinder","4 wheel drive","AUT","8-Speed Automatic","Automatic","G","Gasoline","Gas",,,5.3,true,1,false,true,false,,false,,,"30",71804509,"[PREMIUM]","[PREMIUM]","[PREMIUM]",784,"[PREMIUM]",false,"PARTNER",0,,,0,"[""NO_SALVAGE_TITLE"",""ACCIDENTS_REPORTED"",""NO_ONE_OWNER""]","{""exterior"":[""Alloy Wheels"",""Aluminum/Alloy Wheels"",""Fog Lights"",""HID Headlamps"",""Spray-On Pickup Box Bed Liner"",""Wheel Locks (set of 4)""],""interior"":[""Air Conditioning"",""All-Weather Floor Liner"",""Automatic Climate Control"",""Cruise control with steering wheel mounted controls"",""Dual Power Seats"",""Front Full Feature Power Reclining Bucket Seats"",""Heated Front Seats"",""Heated Seats"",""Heated driver and front passenger seats"",""Heated steering wheel"",""Leather"",""Leather front seat upholstery"",""Power Door Locks"",""Power Driver''s Seat"",""Power Passenger Seat"",""Power Sunroof"",""Power Windows"",""Univ Garage Door Opener"",""Ventilated Seats"",""lumbar support""],""mechanical"":[""Auto; 6-Spd HD Overdrive"",""Power Steering"",""Towing Pkg"",""V8; EcoTec3; 5.3 Liter"",""variable valve control""],""other"":[""20\"" X 9\"" Bright Machined Aluminum Wheels"",""200 Lbs) GVWR; Electric Rear Window Defogger; Theft Deterrent System (unauthorized Entry); Auxiliary External Transmission Oil Cooler; 4.2\"" Diagonal Colour Display Driver Info Centre; Trailering Equipment; 110-Volt AC Power Outlet; Thin Profile LED Fog La"",""266 Kgs (7"",""4\"" Round Black Tubular Assist Steps"",""AM/FM Stereo with 8\"" Diagonal Colour Touch Navigation"",""All Terrain SLT Premium Package: Leather Wrapped Heated Steering Wheel; Power Sliding Rear Window with Defogger; Ultrasonic Front and Rear Park Assist; 20\"" X 9\"" Bright Machined Aluminum Wheels; High-Performance LED Headlamps; 4\"" Round Black Tubular Assist"",""All-Terrain Package: Body Colour Bodyside Mouldings; Body Colour Door Handles; Bose Speaker System; Off-Road Suspension Package; Front Full Feature Power Reclining Bucket Seats; Body Colour Rear Bumper with Cornersteps; Body-Colour Lower Front Bumper; Uni"",""AutoTrac part and full-time 4WD"",""CS1061"",""Driver seat power reclining"",""EcoTec3 5.3L V-8"",""EcoTec3 5.3L V-8 gasoline direct injection"",""First-row sliding and tilting glass sunroof with express open activation"",""Front and Rear Moulded Black Splash Guards"",""Front wireless smart device charging"",""Keyfob remote start"",""Locking/Limited Slip Differential"",""Off-Road Suspension Package"",""OnStar 4G LTE mobile hotspot internet access"",""P275/55R20 AT BW Tires"",""Power Tailgate Release"",""Preferred Equipment Group 4SA: LED Cargo Box Lighting; EZ Lift and Lower Tailgate; Chrome Door Handles; Rear Vision Camera; Rear 60/40 Folding Bench Seat (folds Up); Leather Appointed Seat Trim; Remote Vehicle Starter System; 5.3L EcoTec3 V8 Engine; 3"",""Premium Sound"",""Primary monitor touchscreen"",""Rear mounted camera"",""Smart device remot>"",""Teen Driver restricted driving mode/alerts"",""Tilt & Telescoping Wheel"",""cushion tilt"",""engine with cylinder deactivation and 355HP"",""fore/aft control and height adjustable control"",""regular unleaded""],""safety"":[""ABS (4-Wheel)"",""Alarm System"",""Brake assist system"",""Daytime Running Lights"",""Dual Air Bags"",""F&R Head Curtain Air Bags"",""F&R Side Air Bags"",""StabiliTrak"",""Traction Control""],""technology"":[""AM/FM/HD Radio"",""Back Up Camera"",""Backup Camera"",""Bluetooth Connection"",""Bluetooth Wireless"",""Bose Speaker System"",""CD/MP3 (Single Disc)"",""Cruise Control"",""Hill Start Assist Control"",""Integrated Trailer Brake Controller"",""Integrated navigation system"",""Keyless Entry"",""Keyless Start"",""Navigation System"",""Onstar"",""Remote Engine Starter"",""SiriusXM Satellite""]}",89,"*Equipment*<br>Heated seats for those cold winter days are included in this model. The leather seats in this 2017 GMC Sierra 1500 are a must for buyers looking for comfort, durability, and style. It is pure luxury with a heated steering wheel. The HID headlamps on this 2017 GMC Sierra 1500 light your way like never before. This model is equipped with the latest generation of XM/Sirius Radio. This model features a hands-free Bluetooth phone system. Engulf yourself with the crystal clear sound of a BOSE sound system in this 2017 GMC Sierra 1500. See what's behind you with the back up camera on this unit. The steering wheel audio controls on it keep the volume and station within easy reach. The satellite radio system in this GMC Sierra gives you access to hundreds of nation-wide radio stations with a clear digital signal. You'll never again be lost in a crowded city or a country region with the navigation system on the vehicle.<br><br>*Packages*<br>All-Terrain Package: Body Colour Bodyside Mouldings; Body Colour Door Handles; Bose Speaker System; Off-Road Suspension Package; Front Full Feature Power Reclining Bucket Seats; Body Colour Rear Bumper with Cornersteps; Body-Colour Lower Front Bumper; Unique Body Colour Grille Surround with Chrome Accents; Spray-On Pickup Box Bed Liner; Black Mirror Caps; All-Weather Floor Liner. All Terrain SLT Premium Package: Leather Wrapped Heated Steering Wheel; Power Sliding Rear Window with Defogger; Ultrasonic Front and Rear Park Assist; 20&quot; X 9&quot; Bright Machined Aluminum Wheels; High-Performance LED Headlamps; 4&quot; Round Black Tubular Assist Steps. Preferred Equipment Group 4SA: LED Cargo Box Lighting; EZ Lift and Lower Tailgate; Chrome Door Handles; Rear Vision Camera; Rear 60/40 Folding Bench Seat (folds Up); Leather Appointed Seat Trim; Remote Vehicle Starter System; 5.3L EcoTec3 V8 Engine; 3. 266 Kgs (7. 200 Lbs) GVWR; Electric Rear Window Defogger; Theft Deterrent System (unauthorized Entry); Auxiliary External Transmission Oil Cooler; 4.2&quot; Diagonal Colour Display Driver Info Centre; Trailering Equipment; 110-Volt AC Power Outlet; Thin Profile LED Fog Lamps; 150 Amp Alternator; Steering Wheel Audio Controls; Universal Home Remote; Colour-Keyed Carpeting; Power Windows with Driver Express Up and Down; OnStar 6 Month Guidance Plan; Remote Keyless Entry; P265/70R17 AS BW Spare Tire; Single Slot CD/MP3 Player; 2-Speed Active Electronic Autotrac Transfer Case; Deep-Tinted Glass; Dual-Zone Automatic Climate Control; Power Folding and Adjustable Heated Outside Mirrors; Chrome Mirror Caps; Leather Wrapped Steering Wheel with Cruise Controls; Manual Tilt/telescoping Steering Column; Driver and Front Passenger Illuminated Vanity Mirrors; Front Frame-Mounted Black Recovery Hooks; OnStar with 4G LTE; LED Tailamps with Signature; Auto-Dimming Inside Rearview Mirror; Power Adjustable Pedals; Rear Wheelhouse Liners; Heavy-Duty Rear Locking Differential; Chrome Bodyside Mouldings. Power Sunroof. 20&quot; X 9&quot; Bright Machined Aluminum Wheels. Front Full Feature Power Reclining Bucket Seats. AM/FM Stereo with 8&quot; Diagonal Colour Touch Navigation. 4&quot; Round Black Tubular Assist Steps. Bose Speaker System. Spray-On Pickup Box Bed Liner. Off-Road Suspension Package. Integrated Trailer Brake Controller. Front and Rear Moulded Black Splash Guards. P275/55R20 AT BW Tires. All-Weather Floor Liner. Wheel Locks (set of 4). **Equipment listed is based on original vehicle build and subject to change. Please confirm the accuracy of the included equipment by calling the dealer prior to purchase.**<br><br>*Additional Information*<br>Lynch Buick GMC of West Bend is a family-owned and operated dealership since 1957. Our dealerships are located throughout Wisconsin, including Lynch GM Superstore in Burlington, Lynch Chevrolet of Mukwonago, Lynch Chrysler Dodge Jeep RAM in Mukwonago, Lynch Ford of Mukwonago, Lynch Buick GMC of West Bend, and Lynch Chevrolet of Kenosha.<br><br>We strive to provide excellent customer&gt;","[PREMIUM]",29,"2275 S MAIN ST","West Bend","WI","53095","[PREMIUM]"
"786009880","2026-07-30 01:27:05.673","2026-07-30 01:27:05.673","786009880","[PREMIUM]","D26087A",2017,"RAM","RAM","RM2500","2500","Tradesman","TRUCKS","Used","Used 2017 RAM 2500 Tradesman w/ Chrome Appearance Group",52119,"[PREMIUM]",,"Good","[PREMIUM]",32696,34996,"Brilliant Black Crystal Pearlc","BLACK","Black","BLACK","8CLDR","8-Cylinder","4 wheel drive","AUT","6-Speed Automatic","Automatic","G","Gasoline","Gas",,,6.4,false,11,false,false,false,,false,,,"30",72375919,"[PREMIUM]","[PREMIUM]","[PREMIUM]",1100,"[PREMIUM]",false,"PARTNER",424787,4.3,138,1,"[""NO_SALVAGE_TITLE"",""NO_ACCIDENTS_REPORTED"",""ONE_OWNER""]","{""exterior"":[""Bright Front Bumper"",""Bright Rear Bumper"",""Chrome Appearance Group"",""Delay-off headlights"",""Exterior Mirrors w/Heating Element"",""Fully automatic headlights"",""Heated door mirrors"",""Hemi Badge"",""Locking Tailgate"",""Power door mirrors"",""Rear step bumper"",""Spray In Bedliner"",""Transfer Case Skid Plate Shield""],""interior"":[""40/20/40 Split Bench Seat"",""Air Conditioning"",""Driver door bin"",""Front & Rear Rubber Floor Mats"",""Front Armrest w/Cupholders"",""Front Center Armrest"",""Front beverage holders"",""Passenger door bin"",""Power windows"",""Rear Folding Seat"",""Tachometer"",""Tilt steering wheel"",""Variably intermittent wipers"",""Vendor Painted Cargo Box Tracking"",""Voltmeter""],""mechanical"":[""3.73 Axle Ratio"",""4-Wheel Disc Brakes"",""Anti-Spin Differential Rear Axle"",""Electric Shift-On-The-Fly Transfer Case"",""Next Generation Engine Controller"",""Power steering""],""other"":[""17\"" x 7.5\"" Steel Styled Wheels"",""180 Amp Alternator"",""5th Wheel/Gooseneck Towing Prep Group"",""AUX)"",""Black Exterior Mirrors"",""Center Hub"",""Clearance Lamps"",""Electronically Controlled Throttle"",""Front anti-roll bar"",""Heavy Duty Vinyl 40/20/40 Split Bench Seat"",""LED Bed Lighting"",""Manual Adjust Seats"",""Manufacturer's Statement of Origin"",""Off Road Package"",""Popular Equipment Group"",""Power Black Trailer Tow Mirrors"",""Quick Order Package 22A Tradesman"",""Tip Start"",""Tow Hooks"",""Wheels: 18\"" x 8.0\"" Steel Chrome Clad""],""safety"":[""ABS brakes"",""Brake assist"",""Dual front impact airbags"",""Dual front side impact airbags"",""Electronic Stability Control"",""Low tire pressure warning"",""Occupant sensing airbag"",""Overhead airbag"",""Traction control""],""technology"":[""6 Speakers"",""AM/FM radio"",""Charge Only Remote USB Port"",""Media Hub (USB"",""ParkSense Rear Park Assist System"",""ParkView Rear Back-Up Camera"",""Radio data system"",""Radio: 3.0"",""Radio: Uconnect 3 w/5\"" Display"",""Remote Keyless Entry"",""SiriusXM Satellite Radio"",""Speed control"",""Trailer Brake Control""]}",76,"Recent Arrival! 2017 Ram 2500 Tradesman 6-Speed Automatic 6.4L Heavy Duty V8 HEMI w/MDS 4WD Brilliant Black Crystal Pearlcoat<br><br>Odometer is 80319 miles below market average!<br>Welcome to Toliver Chrysler Dodge Jeep RAM in Mineola, TX. We are your premier destination for quality used cars, trucks, and SUVs for sale in East Texas. Conveniently located in Mineola, our dealership proudly serves drivers from Tyler, Longview, Lufkin, Greenville, Mt. Pleasant, Sulphur Springs, and Rockwall. Our pre-owned inventory is carefully selected to offer reliability, value, and peace of mind across a wide range of makes and models. Backed by transparent pricing, a straightforward buying process, and our signature small-town hospitality, we make it easy to find a vehicle you can trust at a price you'll love. At Toliver Chrysler Dodge Jeep RAM in Mineola, every qualifying pre-owned vehicle is backed by the protection and peace of mind you deserve. Select used vehicles include our exclusive Toliver Promise for Pre-Owned featuring a 3-Month / 4,000-Mile Limited Powertrain Warranty plus a 7-Day Money-Back Guarantee (see sales consultant for details and exclusions). Our commitment to quality, transparent pricing, and customer-first service is why drivers from Tyler, Longview, and across East Texas trust us for their next used car, truck, or SUV. Explore our local inventory  or shop our entire regional  to experience the difference a locally owned dealership can make.","[PREMIUM]",35,"1309 S PACIFIC ST","Mineola","TX","75773","[PREMIUM]"
"786738216","2026-07-30 01:27:05.670","2026-07-30 01:27:05.670","786738216","[PREMIUM]","127174C",2017,"TOYOTA","Toyota","TACOMA","Tacoma","SR5","TRUCKS","Used","Used 2017 Toyota Tacoma SR5",65908,"[PREMIUM]",,,"[PREMIUM]",22880,25880,"Red","RED",,,"6CLDR","6-Cylinder","4 wheel drive","AUT","6-Speed Automatic","Automatic","G","Gasoline","Gas",18,23,3.5,false,1,false,true,false,,false,,,"30",67968,"[PREMIUM]","[PREMIUM]","[PREMIUM]",15495,"[PREMIUM]",false,"PARTNER",422144,4.1,253,0,"[""NO_SALVAGE_TITLE"",""NO_ACCIDENTS_REPORTED"",""ONE_OWNER""]","{""exterior"":[""16\"" Silver Alloy Wheels"",""Alloy wheels"",""Bumpers: body-color"",""Chrome Rear Bumper"",""Color-Keyed Overfenders"",""Front Fog Lamps"",""Front fog lights"",""Power door mirrors"",""Rear step bumper""],""interior"":[""Air Conditioning"",""Anti-whiplash front head restraints"",""Auto-Dimming Inside Rear-View Mirror w/Compass"",""Auto-dimming Rear-View mirror"",""Driver door bin"",""Fabric Seat Trim (FC)"",""Front Bucket Seats"",""Front Center Armrest"",""Front reading lights"",""Overhead console"",""Passenger door bin"",""Power windows"",""Split folding rear seat"",""Steering wheel mounted audio controls"",""Tachometer"",""Telescoping steering wheel"",""Tilt steering wheel"",""Trip computer"",""Variable Intermittent Wipers"",""Variably intermittent wipers""],""mechanical"":[""Axle Ratio: 3.91"",""Front wheel independent suspension"",""Power steering"",""Speed-sensing steering""],""other"":[""Front anti-roll bar"",""Illuminated entry"",""Outside temperature display""],""safety"":[""ABS brakes"",""Brake assist"",""Daytime Running Lamps"",""Dual front impact airbags"",""Dual front side impact airbags"",""Electronic Stability Control"",""Knee airbag"",""Low tire pressure warning"",""Occupant sensing airbag"",""Overhead airbag"",""Panic alarm"",""Traction control""],""technology"":[""6 Speakers"",""AM/FM radio: SiriusXM"",""CD player"",""Compass"",""Cruise Control"",""Exterior Parking Camera Rear"",""Radio: Entune Plus AM/FM/CD w/Connected Navigation"",""Radio: Entune Premium w/AM/FM/CD/Nav/App Suite"",""Rear Parking Assist Sonar"",""Remote Keyless Entry System"",""Remote keyless entry"",""Speed control""]}",60,"**THIS VEHICLE HAS BEEN INSPECTED by our ASE technicians who performed a lube and oil change, mounted and balanced 4 new tires, replaced engine air filter, replaced wiper blades, and visually inspected the brakes.**","[PREMIUM]",12,"1020 Martin Luther King Jr Blvd","Paris","KY","40361","[PREMIUM]"
"786745457","2026-07-30 01:25:55.475","2026-07-30 01:25:55.475","786745457","[PREMIUM]","WDDUG8CB4HA286567",2017,"MB","Mercedes-Benz","S550","S 550","Sedan","SEDAN","Used","Used 2017 Mercedes-Benz S 550 Sedan",43000,"[PREMIUM]",,,"[PREMIUM]",30139,33839,"Silver","SILVER","Gray","GRAY","8CLDR","8-Cylinder Turbo","2 wheel drive - rear","AUT","9-Speed Automatic","Automatic","G","Gasoline","Gas",18,26,4.7,true,1,false,true,false,,false,,,"30",75874827,"[PREMIUM]","[PREMIUM]","[PREMIUM]",,"[PREMIUM]",true,,421658,4.5,44,,"[""NO_SALVAGE_TITLE"",""ACCIDENTS_REPORTED"",""NO_ONE_OWNER""]","{""exterior"":[""LED Headlamps"",""Premium Wheels 19\""+""],""interior"":[""Air Conditioning"",""Dual Power Seats"",""Heated Seats"",""Leather"",""MAGIC SKY Panorama Roof"",""Panorama Roof"",""Power Door Locks"",""Power Windows"",""Ventilated Seats"",""designo Nappa Leather""],""other"":[""COMAND System"",""Driver Assistance Pkg"",""Premium Pkg"",""Rear"",""Surround View Camera"",""Tilt & Telescoping Wheel"",""Warmth & Comfort Pkg"",""mbrace""],""safety"":[""ABS (4-Wheel)"",""Alarm System"",""Blind-Spot Alert"",""Daytime Running Lights"",""Dual Air Bags"",""Electronic Stability Control"",""F&R Head Curtain Air Bags"",""Knee Air Bags"",""Lane Keeping Assist"",""Side Air Bags"",""Traction Control""],""technology"":[""AM/FM/HD Radio"",""Backup Camera"",""Bluetooth Wireless"",""Burmester High End 3D Surround Sound"",""Burmester Surround Sound"",""CD/MP3 (Multi Disc)"",""Cruise Control"",""DISTRONIC PLUS System"",""Hill Start Assist"",""Keyless Entry"",""Keyless Start"",""Navigation System"",""Parktronic w/Active Parking Assist"",""SiriusXM Satellite""]}",45,"2017 Mercedes-Benz S550 4MATIC  43,018 Original Miles<br><br>Exceptionally clean, garage-kept 2017 Mercedes-Benz S550 4MATIC finished in Iridium Silver Metallic over Silk Beige Nappa leather. Powered by the 4.7L twin-turbo V8 with 449 horsepower and paired with Mercedes' 4MATIC all-wheel-drive system. This S-Class has just 43,018 original miles, a clean Florida title, complete luxury equipment, AMG Sport package, panoramic roof, premium wood trim, soft-close doors, LED Intelligent Light System, and factory 19-inch AMG wheels. The car has been meticulously maintained, is smoke-free, and presents beautifully inside and out. One minor accident is reflected on the history report involving a wheel replacement only, with no structural or frame damage. Runs and drives exactly as an S-Class should.","[PREMIUM]",15,,"Fort Lauderdale","FL","33301","[PREMIUM]"
"786603462","2026-07-30 01:25:55.472","2026-07-30 01:25:55.472","786603462","[PREMIUM]","078809A",2017,"FORD","Ford","MUST","Mustang","GT","COUPE","Used","Used 2017 Ford Mustang GT w/ Enhanced Security Package",45278,"[PREMIUM]",,,"[PREMIUM]",27030,30130,"Race Red","RED","Ebony","BLACK","8CLDR","8-Cylinder","2 wheel drive - rear","MAN","6-Speed Manual","Manual","G","Gasoline","Gas",15,25,5,false,4,false,true,false,,false,,,"30",58192986,"[PREMIUM]","[PREMIUM]","[PREMIUM]",10963,"[PREMIUM]",false,"PARTNER",419966,4.6,229,1,"[""NO_SALVAGE_TITLE"",""ACCIDENTS_REPORTED"",""NO_ONE_OWNER""]","{""exterior"":[""Alloy Wheels"",""Alloy wheels"",""Bumpers: body-color"",""Delay-off headlights"",""Front fog lights"",""Fully automatic headlights"",""High-Intensity Discharge Headlights"",""Power door mirrors"",""Premium Wheels"",""Spoiler"",""Wheel Locking Kit""],""interior"":[""Air Conditioning"",""Auto-dimming Rear-View mirror"",""Cloth Sport Bucket Seats"",""Driver door bin"",""Driver vanity mirror"",""Front Bucket Seats"",""Front Center Armrest"",""Front reading lights"",""Overhead console"",""Passenger door bin"",""Passenger vanity mirror"",""Power driver seat"",""Power passenger seat"",""Power windows"",""Rear window defroster"",""Speed-Sensitive Wipers"",""Split folding rear seat"",""Steering wheel mounted audio controls"",""Tachometer"",""Telescoping steering wheel"",""Tilt steering wheel"",""Trip computer"",""Variably intermittent wipers"",""Voltmeter""],""mechanical"":[""4-Wheel Disc Brakes"",""Block heater"",""Four wheel independent suspension"",""Power steering"",""Speed-sensing steering""],""other"":[""CarPlay"",""Equipment Group 300A"",""Front anti-roll bar"",""Illuminated entry"",""One Owner"",""Outside temperature display"",""Rear anti-roll bar"",""Wheels: 18\"" x 8\"" Magnetic Painted/Machined""],""safety"":[""ABS brakes"",""Active Anti-Theft System"",""Brake assist"",""Dual front impact airbags"",""Dual front side impact airbags"",""Electronic Stability Control"",""Emergency communication system: 911 Assist"",""Enhanced Security Package"",""Knee airbag"",""Low tire pressure warning"",""Overhead airbag"",""Panic alarm"",""Passenger Airbag Sensor"",""Security system"",""Traction control""],""technology"":[""6 Speakers"",""AM/FM Stereo w/Single CD Player"",""AM/FM radio"",""Adaptive Cruise Control"",""Backup Camera"",""Bluetooth"",""CD player"",""Compass"",""Exterior Parking Camera Rear"",""Parking Sensors"",""Radio data system"",""Remote keyless entry"",""SYNC Communications & Entertainment System"",""Speed control""]}",77,"COME SEE US AT PAT LOBB TOYOTA!!!!<br><br>This 2017 Ford Mustang GT delivers classic American performance in striking red. With a 5.0L V8 Ti-VCT engine paired to a 6-speed manual transmission, this rear-wheel-drive coupe offers the driving dynamics enthusiasts seek. The 45,278 miles show this vehicle has been properly maintained and offers years of enjoyment ahead.<br><br>- 5.0L V8 Ti-VCT engine with 6-speed manual transmission<br>- Adaptive Cruise Control<br>- Backup Camera with Parking Sensors<br>- Apple CarPlay and Bluetooth connectivity<br>- Premium Alloy Wheels with Wheel Locking Kit<br>- SYNC Communications &amp; Entertainment System<br>- Enhanced Security Package with electronic-locking center console and active anti-theft system<br>- 18 x 8 Magnetic Painted/Machined Wheels<br>- High-Intensity Discharge Headlights with Front Fog Lights<br>- Power driver and passenger seats with cloth sport bucket seating<br>- Electronic Stability Control and Traction Control<br>- Four-wheel independent suspension with front and rear anti-roll bars<br>- Dual front impact airbags with side impact and knee airbags<br>- One Owner vehicle<br><br>The red exterior commands attention on any road, complemented by the aggressive stance and factory spoiler. The interior combines comfort with purposeful design, featuring cloth sport bucket seats and a tilt-and-telescoping steering wheel. The SYNC system keeps you connected with AM/FM stereo, CD player, and modern smartphone integration through Apple CarPlay and Bluetooth.<br><br>Performance meets practicality with modern conveniences including automatic headlights, rear window defroster, and remote keyless entry. The backup camera and parking sensors provide confidence during everyday driving, while speed-sensing steering and speed control enhance the overall driving experience.<br><br>Safety is prioritized with a comprehensive airbag system, electronic stability control, and a security system featuring an active anti-theft system and panic alarm. The 911 Assist emergency communication system ensures help is available when needed.<br><br>This Mustang GT represents a solid investment in driving satisfaction and reliability. The combination of V8 performance, manual transmission engagement, and practical modern features creates a vehicle that balances thrills with daily usability. Visit our showroom to experience this striking red coupe firsthand.","[PREMIUM]",11,"3350 S CENTRAL EXPY","Mckinney","TX","75070","[PREMIUM]"
"786805482","2026-07-30 01:25:55.462","2026-07-30 01:25:55.462","786805482","[PREMIUM]","H5180260",2017,"LEXUS","Lexus","GX460","GX 460","Premium","SUV","Used","Used 2017 Lexus GX 460 Premium w/ Premium Package",77780,"[PREMIUM]",,"Good","[PREMIUM]",28450,31350,"Black Onyx","BLACK","Black","BLACK","8CLDR","8-Cylinder","4 wheel drive","AUT","6-Speed Automatic","Automatic","G","Gasoline","Gas",15,18,4.6,false,0,false,true,false,,false,,,"30",577055,"[PREMIUM]","[PREMIUM]","[PREMIUM]",3462,"[PREMIUM]",false,"PARTNER",421660,4.4,98,0,"[""NO_SALVAGE_TITLE"",""ACCIDENTS_REPORTED"",""NO_ONE_OWNER""]","{""exterior"":[""Cargo-Area Tonneau Cover"",""Headlamp Washers"",""Rear Spoiler"",""Tow Hitch Receiver & Ball Mount (Ppo)""],""interior"":[""3rd Row Seat"",""Nuluxe Seat Trim"",""Sun/Moonroof""],""other"":[""Black"",""Black Onyx"",""Blind Spot Monitor W/Rear Cross Traffic Alert -inc: -Auto-Dimming & Power-Folding Exterior Mirrors"",""Including Mirror Indicator""],""technology"":[""Keyless Start""]}",12,"The following items have been reconditioned on this vehicle: new suspension parts!<br><br><br><br>* Blind Spot Monitor W/Rear Cross Traffic Alert<br>* Tow Hitch Receiver &amp; Ball Mount<br>* Sun/Moonroof<br>* 3rd Row Seat<br>* Cargo-Area Tonneau Cover<br>* Headlamp Washers<br>* Keyless Start<br>* Rear Spoiler<br>* Black Onyx<br>* Black; Nuluxe Seat Trim<br><br><br><br>This vehicle includes a Money-Back Guarantee* and passed our precise inspection process. Best of all the price you see is the price you pay. No haggling. No back and forth. No pressure. And this price is so good it is guaranteed. *Money-Back Guarantee is valid for 5 days or 250 miles, whichever comes first. Subject to certain terms and conditions. See store for details. Some restrictions apply.<br><br>AutoNation Acura Stevens Creek is excited to offer this 2017 Lexus GX GX 460. Perfect for the on-the-go family, this Lexus GX GX 460 is an SUV everyone will love. With exceptional mileage, options and power, you'll insist on driving it on all your outings. Excellence, luxury and stature are just a few of the pillars this car is built upon. This 4WD-equipped vehicle will handle beautifully on any terrain and in any weather condition your may find yourself in. The benefits of driving a 4 wheel drive vehicle, such as this Lexus GX GX 460, include superior traction and stability. This 2017 Lexus GX has such low mileage it has been parked more than driven.<br><br>","[PREMIUM]",25,"4747 Stevens Creek Boulevard","Santa Clara","CA","95051","[PREMIUM]"
"786639862","2026-07-30 01:25:55.456","2026-07-30 01:25:55.456","786639862","[PREMIUM]","YV1A22ML3H1012156",2017,"VOLVO","Volvo","S90","S90","T6 Inscription","SEDAN","Used","Used 2017 Volvo S90 T6 Inscription w/ Vision Package",74800,"[PREMIUM]",,,"[PREMIUM]",15790,17990,"White","WHITE","Gold","GOLD","4CLDR","4-Cylinder Turbo","All wheel drive","AUT","8-Speed Automatic","Automatic","G","Gasoline","Gas",22,31,2,true,3,false,true,false,,false,,,"30",75872545,"[PREMIUM]","[PREMIUM]","[PREMIUM]",,"[PREMIUM]",true,,418770,4.6,16,,"[""NO_SALVAGE_TITLE"",""NO_ACCIDENTS_REPORTED"",""ONE_OWNER""]","{""exterior"":[""Alloy Wheels"",""Fog Lights"",""LED Headlamps"",""Premium Wheels 19\""+""],""interior"":[""Air Conditioning"",""Dual Power Seats"",""Heated Seats"",""Leather"",""Moon Roof"",""Power Door Locks"",""Power Windows"",""Ventilated Seats""],""other"":[""BLIS"",""Rear"",""Surround View Camera"",""Tilt & Telescoping Wheel"",""Volvo On-Call"",""Volvo Sensus""],""safety"":[""ABS (4-Wheel)"",""Alarm System"",""Daytime Running Lights"",""Dual Air Bags"",""Dynamic Stability Control"",""Head Curtain Air Bags"",""Lane Departure Warning"",""Side Air Bags"",""Traction Control""],""technology"":[""AM/FM/HD Radio"",""Adaptive Cruise Control"",""Backup Camera"",""Bluetooth Wireless"",""CD/MP3 (Single Disc)"",""Head-Up Display"",""High Performance Radio"",""Hill Start Assist Control"",""Keyless Entry"",""Navigation System"",""Park Assist"",""SiriusXM Satellite""]}",39,"Selling a meticulously maintained, custom-ordered 2017 Volvo S90. Unlike standard base models on the market, this vehicle was factory-built with premium packages and standalone high options that elevate the entire driving experience.<br>Key Premium Options &amp; Factory Upgrades:<br>Inscription Trim: Top-of-the-line luxury tier featuring premium Nappa leather upholstery (amber), ventilated front seats, walnut wood inlays, and exclusive exterior chrome accents.<br>Performance: Powered by the impressive T6 AWD 316-hp supercharged and turbocharged engine, offering a perfect blend of power, safety, and all-weather traction.<br>Audio System:  High Performance 330W system w/ 10 speakers<br>Cameras: 360 Surround View Camera<br>Convenience Package: Park assist pilot (semi-autonomous, self-steering parallel and perpendicular parking) Power operated trunk lid (opening and closing with hands-free foot activation) Digital compass (embedded directly into the auto dimming rearview mirror) 12V Power outlet (inside trunk)<br>Rear Air Suspension: Four-C active chassis is a standalone, premium upgrade that replaces standard rear springs with electronically controlled air bellows.<br>Graphical Head Up Display (HUD): projects critical driving data directly onto the windshield in front of driver<br>Condition &amp; Maintenance:<br>Ownership: 1 Owner (Custom ordered directly from Volvo in 2017).<br>Mileage: 74,800 miles.<br>History: Clean title in hand, no accidents, non-smoker, and always garage-kept. Fully serviced at authorized Volvo intervals.<br><br>This S90 looks, feels, and drives like a true luxury flagship. Serious inquiries only. No trades or sight-unseen lowball offers.<br>","[PREMIUM]",15,,"Healdsburg","CA","95448","[PREMIUM]"
"786685393","2026-07-30 01:25:55.426","2026-07-30 01:25:55.426","786685393","[PREMIUM]","3TMDZ5BN6HM014426",2017,"TOYOTA","Toyota","TACOMA","Tacoma","TRD Off-Road","TRUCKS","Used","Used 2017 Toyota Tacoma TRD Off-Road",72514,"[PREMIUM]",,,"[PREMIUM]",25810,29210,"Tan","TAN","Black","BLACK","6CLDR","6-Cylinder","4 wheel drive","AUT","6-Speed Automatic","Automatic","G","Gasoline","Gas",18,23,3.5,false,2,false,true,false,,false,,,"30",75874057,"[PREMIUM]","[PREMIUM]","[PREMIUM]",,"[PREMIUM]",true,,422147,4.1,253,,"[""NO_SALVAGE_TITLE"",""NO_ACCIDENTS_REPORTED"",""NO_ONE_OWNER""]","{""exterior"":[""Alloy Wheels"",""Bed Liner"",""Fog Lights"",""Hard Tonneau Cover"",""Rear Spoiler"",""Roof Rack""],""interior"":[""Air Conditioning"",""Power Door Locks"",""Power Windows"",""Sliding Rear Window""],""mechanical"":[""Power Steering"",""Towing Pkg""],""other"":[""Tilt & Telescoping Wheel""],""safety"":[""ABS (4-Wheel)"",""Daytime Running Lights"",""Dual Air Bags"",""F&R Head Curtain Air Bags"",""Knee Air Bags"",""Security System"",""Side Air Bags"",""Stability Control"",""Traction Control""],""technology"":[""AM/FM/HD Entune Premium Radio"",""Backup Camera"",""Bluetooth Wireless"",""CD/MP3 (Single Disc)"",""Cruise Control"",""Entune JBL Premium Sound"",""Hill Start Assist Control"",""Keyless Entry"",""Keyless Start"",""Navigation System"",""SiriusXM Satellite""]}",33,"2017 Toyota Tacoma Hard to find 6' Bed  Quicksand    Never Off-Road<br>Up for sale is a clean, well maintained, well-cared-for 2017 Toyota Tacoma in the popular Quicksand color which gets more compliments than any vehicle I've ever owned. This truck features the desirable 6-foot long bed, offering plenty of extra utility without sacrificing drivability.<br>Highlights &amp; Equipment:<br> 6-Foot Long Bed: Extra cargo space for gear, hauling, or camping setups.<br> Hard Tonneau Cover and Yakima rack: Keeps your cargo secure and weather-protected.<br>Bed Liner Installed: Protects the bed from scratches and wear.<br> Pavement Only: Never driven off-road. Strictly highway/commuter miles.<br>Reliable, rugged, and ready for its next owner. Clean title in hand. Feel free to message me with any questions or to schedule a time to see it in person!","[PREMIUM]",12,,"Indianapolis","IN","46220","[PREMIUM]"
"786616362","2026-07-30 01:25:45.295","2026-07-30 01:25:45.295","786616362","[PREMIUM]","288141",2017,"FORD","Ford","MUST","Mustang","GT Premium","COUPE","Used","Used 2017 Ford Mustang GT Premium w/ Equipment Group 401A",20204,"[PREMIUM]",,"Good","[PREMIUM]",32050,35650,"Oxford White","WHITE","Black","BLACK","8CLDR","8-Cylinder","2 wheel drive - rear","AUT","6-Speed Automatic","Automatic","G","Gasoline","Gas",,,5,true,4,false,true,false,,false,,,"30",71463031,"[PREMIUM]","[PREMIUM]","[PREMIUM]",7870,"[PREMIUM]",false,"PARTNER",419987,4.6,229,0,"[""NO_SALVAGE_TITLE"",""NO_ACCIDENTS_REPORTED"",""ONE_OWNER""]","{""exterior"":[""Aluminum Wheels"",""Automatic Headlights"",""Fog Lamps"",""HID headlights"",""Heated Mirrors"",""Integrated Turn Signal Mirrors"",""Power Mirror(s)"",""Tires - Front Performance"",""Tires - Rear Performance""],""interior"":[""A/C"",""Adjustable Steering Wheel"",""Auto-Dimming Rearview Mirror"",""Bucket Seats"",""Climate Control"",""Cooled Front Seat(s)"",""Driver Adjustable Lumbar"",""Driver Illuminated Vanity Mirror"",""Driver Vanity Mirror"",""Floor Mats"",""Heated Front Seat(s)"",""Intermittent Wipers"",""Leather Seats"",""Leather Steering Wheel"",""Multi-Zone A/C"",""Pass-Through Rear Seat"",""Passenger Illuminated Visor Mirror"",""Passenger Vanity Mirror"",""Power Door Locks"",""Power Driver Seat"",""Power Passenger Seat"",""Power Windows"",""Rear Bench Seat"",""Rear Defrost"",""Steering Wheel Audio Controls"",""Trip Computer"",""Universal Garage Door Opener"",""Variable Speed Intermittent Wipers""],""mechanical"":[""4-Wheel Disc Brakes"",""ENGINE: 5.0L TI-VCT V8  (STD)"",""Power Steering"",""Rear Wheel Drive""],""other"":[""Driver Restriction Features"",""Locking/Limited Slip Differential"",""Requires Subscription"",""Smart Device Integration""],""safety"":[""ABS"",""Brake Assist"",""Driver Air Bag"",""Front Head Air Bag"",""Front Side Air Bag"",""Knee Air Bag"",""Passenger Air Bag"",""Passenger Air Bag Sensor"",""Rear Head Air Bag"",""Security System"",""Stability Control"",""Tire Pressure Monitor"",""Traction Control""],""technology"":[""AM/FM Stereo"",""Auxiliary Audio Input"",""Back-Up Camera"",""Bluetooth Connection"",""CD Player"",""Cruise Control"",""Immobilizer"",""Keyless Entry"",""Keyless Start"",""MP3 Capability"",""Premium Sound System"",""Satellite Radio"",""Telematics""]}",71,"VEHICLE OVERVIEW<br><br>The 2017 Ford Mustang GT Premium RWD is an iconic American performance coupe that combines powerful V8 performance, aggressive styling, and modern comfort. Its legendary 5.0L Ti-VCT V8 engine delivers exhilarating acceleration, a thrilling exhaust note, and rear-wheel-drive dynamics for an engaging sports car experience.<br><br>Inside, the GT Premium features a refined driver-focused cabin with leather-trimmed sport seats, premium audio, advanced infotainment with smartphone integration, and convenient comfort features. With its muscular design, responsive handling, and heritage-inspired performance, the Mustang GT Premium RWD delivers the perfect balance of everyday usability and classic muscle-car excitement.<br><br>FEATURES<br><br>RWD<br>Power 4 wheel disc brakes<br>Driver passenger airbags<br>Front side airbags<br>Side curtain airbags<br>Driver knee airbag<br>SOS Post Crash Alert System<br>Securilock anti theft system<br>Perimeter alarm<br>Tire Pressure Monitoring System<br>LATCH child restraint system<br>Reverse camera system<br>Reverse sensing system<br>Black leather interior<br>Heated cooled front seats<br>Power driver seat w/ lumbar<br>Power passenger seat<br>Leather wrapped steering wheel w/ controls<br>Leather wrapped shift knob<br>Dual zone electronic climae control<br>Illuminated entry<br>Illuminated cup holders<br><br>Based on CarFax as of 7/24/2026. Remaining warranty may be different at the time of sale based on additional age and mileage since publication, warranty and usage history or inaccuracies on CarFax. Additionally, some warranties are limited to first owners only and are non-transferable. Please verify warranty coverage with the vehicle manufacturer prior to purchase.","[PREMIUM]",41,"2626 W MAIN ST","Norristown","PA","19403","[PREMIUM]"
"786362837","2026-07-30 01:25:45.294","2026-07-30 01:25:45.294","786362837","[PREMIUM]","T06134A",2017,"TOYOTA","Toyota","TACOMA","Tacoma","TRD Sport","TRUCKS","Used","Used 2017 Toyota Tacoma TRD Sport w/ Tow Package (A/T)",72836,"[PREMIUM]",,"Good","[PREMIUM]",27230,31030,"Silver Sky Metallic","SILVER","Graphite","GRAY","6CLDR","6-Cylinder","4 wheel drive","AUT","6-Speed Automatic","Automatic","G","Gasoline","Gas",18,23,3.5,false,6,false,true,false,,false,,,"30",72906287,"[PREMIUM]","[PREMIUM]","[PREMIUM]",1744,"[PREMIUM]",false,"PARTNER",422148,4.1,253,0,"[""NO_SALVAGE_TITLE"",""ACCIDENTS_REPORTED"",""NO_ONE_OWNER""]","{""exterior"":[""Alloy wheels"",""Bumpers: body-color"",""Color-Keyed Overfenders"",""Front fog lights"",""Power door mirrors"",""Rear step bumper"",""Turn signal indicator mirrors"",""Wheels: 17\"" x 7.5\"" Machined Alloy"",""Wide Angle Front Fog Lamps""],""interior"":[""Air Conditioning"",""Anti-whiplash front head restraints"",""Auto-Dimming Inside Rear-View Mirror w/Compass"",""Auto-dimming Rear-View mirror"",""Driver door bin"",""Fabric Seat Trim (FD)"",""Front Bucket Seats"",""Front Center Armrest"",""Front reading lights"",""Leather Shift Knob"",""Overhead console"",""Passenger door bin"",""Power Sliding Rear Window w/Privacy Glass"",""Power windows"",""Split folding rear seat"",""Steering wheel mounted audio controls"",""Tachometer"",""Telescoping steering wheel"",""Tilt steering wheel"",""Trip computer"",""Variable Intermittent Wipers"",""Variably intermittent wipers""],""mechanical"":[""Front wheel independent suspension"",""Power steering"",""Speed-sensing steering""],""other"":[""120V/400W Deck Mounted AC Power"",""Front anti-roll bar"",""Illuminated entry"",""Outside temperature display"",""Smart Key w/Push Button Start""],""safety"":[""ABS brakes"",""Brake assist"",""Dual front impact airbags"",""Dual front side impact airbags"",""Electronic Stability Control"",""Knee airbag"",""LED Daytime Running Lights"",""Low tire pressure warning"",""Occupant sensing airbag"",""Overhead airbag"",""Panic alarm"",""Security system"",""Traction control""],""technology"":[""6 Speakers"",""AM/FM radio: SiriusXM"",""CD player"",""Compass"",""Cruise Control"",""Engine Immobilizer"",""Exterior Parking Camera Rear"",""Radio: Entune Premium w/AM/FM/CD/Nav/App Suite"",""Remote Keyless Entry System"",""Remote keyless entry"",""Speed control""]}",63,"4-wheel drive. Smart key system with push button start. Composite bed. Power windows, door locks, and mirrors. Back up camera. Recent Arrival! 4WD.<br><br>Awards:<br>* 2017 KBB.com 10 Most Awarded Brands * 2017 KBB.com Best Resale Value Awards","[PREMIUM]",16,"5615 PEACH ST","Erie","PA","16509","[PREMIUM]"
"785862340","2026-07-30 01:24:35.143","2026-07-30 01:24:35.143","785862340","[PREMIUM]","31-2271AP",2017,"TOYOTA","Toyota","TACOMA","Tacoma","TRD Sport","TRUCKS","Used","Used 2017 Toyota Tacoma TRD Sport",53686,"[PREMIUM]",,"Great","[PREMIUM]",28690,32490,"Black","BLACK","Cement Gray","GRAY","6CLDR","6-Cylinder","4 wheel drive","AUT","6-Speed Automatic","Automatic","G","Gasoline","Gas",18,23,3.5,false,12,false,false,true,,false,,,"30",75294945,"[PREMIUM]","[PREMIUM]","[PREMIUM]",0,"[PREMIUM]",false,"PARTNER",422149,4.1,253,0,"[""NO_SALVAGE_TITLE"",""NO_ACCIDENTS_REPORTED"",""ONE_OWNER""]","{""exterior"":[""Alloy wheels"",""Bumpers: body-color"",""Front fog lights"",""Power door mirrors"",""Rear step bumper"",""Turn signal indicator mirrors"",""Wheels: 17\"" x 7.5\"" Machined Alloy"",""Wide Angle Front Fog Lamps""],""interior"":[""Air Conditioning"",""Anti-whiplash front head restraints"",""Auto-dimming Rear-View mirror"",""Driver door bin"",""Fabric Seat Trim (FD)"",""Front Bucket Seats"",""Front Center Armrest"",""Front reading lights"",""Leather Shift Knob"",""Overhead console"",""Passenger door bin"",""Power windows"",""Split folding rear seat"",""Steering wheel mounted audio controls"",""Tachometer"",""Telescoping steering wheel"",""Tilt steering wheel"",""Trip computer"",""Variably intermittent wipers""],""mechanical"":[""Axle Ratio: 3.91"",""Front wheel independent suspension"",""Power steering"",""Speed-sensing steering""],""other"":[""120V/400W Deck Mounted AC Power"",""Entune App Suite"",""Front anti-roll bar"",""Illuminated entry"",""Outside temperature display"",""Smart Key w/Push Button Start""],""safety"":[""ABS brakes"",""Brake assist"",""Dual front impact airbags"",""Dual front side impact airbags"",""Electronic Stability Control"",""Knee airbag"",""LED Daytime Running Lamps"",""Low tire pressure warning"",""Occupant sensing airbag"",""Overhead airbag"",""Panic alarm"",""Security system"",""Traction control""],""technology"":[""6 Speakers"",""AM/FM radio: SiriusXM"",""CD player"",""Compass"",""Engine Immobilizer"",""Exterior Parking Camera Rear"",""Navigation System"",""Radio: Entune Premium w/AM/FM/CD/Nav/App Suite"",""Remote keyless entry"",""Speed control"",""backup camera"",""bluetooth""]}",62,"Meet the 2017 Toyota Tacoma TRD Sport V6, a capable truck built to handle both work and adventure with confidence and reliability.<br><br>- AM/FM radio with SiriusXM<br>- Entune Premium audio with AM/FM/CD/Navigation and App Suite<br>- Backup camera with navigation system<br>- Bluetooth connectivity<br>- Steering wheel mounted audio controls<br>- Smart Key with Push Button Start<br>- 120V/400W deck mounted AC power<br>- 17 machined alloy wheels<br>- LED daytime running lamps<br>- Front fog lights with wide angle coverage<br>- Electronic Stability Control and traction control<br>- Dual front impact airbags with side impact and knee airbags<br>- Remote keyless entry<br>- Auto-dimming rear-view mirror<br><br>This Tacoma arrives finished in black, presenting a commanding appearance ready for any task. The V6 engine paired with a 6-speed automatic transmission and 4WD capability delivers the performance truck owners demand. With an estimated 18 mpg in city driving and 23 mpg on the highway, you'll find a balanced approach to efficiency and power.<br><br>The TRD Sport trim emphasizes both functionality and comfort. Front bucket seats with fabric trim provide support during long drives, while the split folding rear seat adapts to your hauling needs. The front center armrest adds convenience to daily driving, and an overhead console keeps essentials within reach. Inside, you'll appreciate the leather shift knob and available storage with driver and passenger door bins.<br><br>Technology integrates seamlessly into your driving experience. The Entune Premium system provides navigation, satellite radio through SiriusXM, and app connectivity. Steering wheel mounted audio controls keep your attention on the road, and the backup camera simplifies parking in tight spaces. Speed-sensing steering and a telescoping, tilt steering wheel adjust to your preferences.<br><br>Safety features are comprehensive throughout. Dual front impact airbags work with side impact airbags and knee airbags to protect occupants. Electronic Stability Control manages traction in challenging conditions, while brake assist and an anti-roll bar support confident handling. The engine immobilizer and security system provide protection when parked, and low tire pressure warnings help maintain optimal performance.<br><br>This 2017 Tacoma TRD Sport V6 represents genuine truck capability with the dependability Toyota owners trust. Its combination of V6 power, 4WD capability, and practical features makes it equally at home on the job site or weekend getaway. Visit us today to experience how this truck can work for your lifestyle.","[PREMIUM]",42,"239 MELTON RD","Burns Harbor","IN","46304","[PREMIUM]"
"786592082","2026-07-30 01:24:35.140","2026-07-30 01:24:35.140","786592082","[PREMIUM]","KD28924",2017,"FORD","Ford","F150PICKUP","F150","Lariat","TRUCKS","Used","Used 2017 Ford F150 Lariat w/ Equipment Group 502A Luxury",53336,"[PREMIUM]",,"Good","[PREMIUM]",30090,32590,"Blue","BLUE","Black","BLACK","6CLDR","6-Cylinder Turbo","4 wheel drive","AUT","10-Speed Automatic","Automatic","G","Gasoline","Gas",18,23,3.5,true,4,false,true,false,,false,,,"30",73198247,"[PREMIUM]","[PREMIUM]","[PREMIUM]",1418,"[PREMIUM]",false,"PARTNER",421434,4.4,316,1,"[""NO_SALVAGE_TITLE"",""NO_ACCIDENTS_REPORTED"",""ONE_OWNER""]","{""exterior"":[""18\"" Machined-Aluminum Wheels"",""Alloy wheels"",""Auto-dimming door mirrors"",""Bumpers: chrome"",""Chrome 3-Bar Style Grille w/Chrome Surround"",""Chrome Door & Tailgate Handles w/Body-Color Bezel"",""Chrome Skull Caps on Exterior Mirrors"",""Class IV Trailer Hitch Receiver"",""Delay-off headlights"",""Front fog lights"",""Fully automatic headlights"",""Heated door mirrors"",""Power door mirrors"",""Rear step bumper"",""Single-Tip Chrome Exhaust"",""Spray-In Bedliner (Pre-Installed)"",""Tailgate Step w/Tailgate Lift Assist"",""Turn signal indicator mirrors"",""Wheels: 20\"" Chrome-Like PVD""],""interior"":[""Adjustable pedals"",""Air Conditioning"",""Auto-dimming Rear-View mirror"",""Driver door bin"",""Driver vanity mirror"",""Front Center Armrest w/Storage"",""Front dual zone A/C"",""Front reading lights"",""HEATED SEATS"",""Heated front seats"",""LEATHER"",""Leather-Trimmed 40/20/40 Front Seat"",""Memory seat"",""Overhead console"",""POWER SUNROOF"",""Passenger door bin"",""Passenger vanity mirror"",""Pedal memory"",""Power driver seat"",""Power passenger seat"",""Power windows"",""Rear reading lights"",""Rear seat center armrest"",""Rear window defroster"",""Split folding rear seat"",""Steering wheel mounted audio controls"",""Tachometer"",""Telescoping steering wheel"",""Tilt steering wheel"",""Trip computer"",""Twin Panel Moonroof"",""Variably intermittent wipers"",""Ventilated front seats"",""Voltmeter""],""mechanical"":[""4 WHEEL DRIVE"",""4-Wheel Disc Brakes"",""Auxiliary Transmission Oil Cooler"",""Engine Oil Cooler"",""Front wheel independent suspension"",""Max Trailer Tow Package"",""Off-Road Tuned Front Shock Absorbers"",""Power steering"",""Speed-sensing steering"",""Upgraded Front Stabilizer Bar""],""other"":[""4x4 FX4 Off-Road Bodyside Decal"",""CARFAX ONE OWNER"",""Chrome Angular Step Bars"",""Equipment Group 502A Luxury"",""Extended Range 36 Gallon Fuel Tank"",""FX4 Off-Road Package"",""Front License Plate Bracket"",""Front anti-roll bar"",""HIGH DEF BACKUP CAMERA"",""Illuminated entry"",""Lariat Chrome Appearance Package"",""Outside temperature display"",""Pro Trailer Backup Assist"",""SYNC 3"",""Technology Package"",""Wheels: 18\"" Chrome-Like PVD""],""safety"":[""ABS brakes"",""Brake assist"",""Dual front impact airbags"",""Dual front side impact airbags"",""Electronic Stability Control"",""Lane-Keeping System"",""Low tire pressure warning"",""Occupant sensing airbag"",""Overhead airbag"",""Panic alarm"",""Security system"",""Traction control""],""technology"":[""7 Speakers"",""AM/FM radio: SiriusXM"",""Automatic temperature control"",""BLUETOOTH"",""CD player"",""Compass"",""Exterior Parking Camera Rear"",""Hill Descent Control"",""Integrated Trailer Brake Controller"",""NAVIGATION/NAVI/GPS"",""Radio data system"",""Radio: Single-CD w/SiriusXM Satellite"",""Remote keyless entry"",""Speed control""]}",105,"Shop with confidence at Coast Mazda. We're a local, family-owned dealership offering honest pricing with all dealer fees included simple, transparent, and hassle-free.<br><br>- 4 Wheel Drive<br>- Bluetooth<br>- Carfax One Owner<br>- Heated Seats<br>- High Definition Backup Camera<br>- Leather-Trimmed Bucket Seats<br>- Navigation/GPS<br>- Power Sunroof<br>- Twin Panel Moonroof<br>- FX4 Off-Road Package<br>- Lariat Chrome Appearance Package<br>- Max Trailer Tow Package<br>- Technology Package with Lane-Keeping System and 360 Camera<br>- Spray-In Bedliner<br>- 20 Chrome Wheels<br><br>This 2017 Ford F-150 Lariat in Blue represents a well-maintained truck with genuine, documented history as a one-owner vehicle. With 53,336 miles on the odometer, this pickup has been carefully used and serviced. The 3.5L V6 EcoBoost engine paired with the 10-speed automatic transmission delivers a practical balance of capability and efficiency, achieving 16 city and 22 highway MPG.<br><br>The Lariat trim level emphasizes comfort and refinement without sacrificing the truck's inherent utility. The interior features leather-trimmed 40/20/40 front seats with heated capability, a heated steering wheel, and dual-zone automatic climate control. The power tilt and telescoping steering column with memory settings personalizes your driving experience, while the SYNC 3 infotainment system keeps you connected through Bluetooth integration and voice controls.<br><br>Off-road capability comes standard through the FX4 Off-Road Package, which includes hill descent control, off-road tuned front shock absorbers, and protective skid plates for the fuel tank, transfer case, and front differential. The 4x4 system ensures confidence on varied terrain, whether navigating job sites or exploring beyond paved roads.<br><br>This truck is equipped for towing with the Max Trailer Tow Package, offering capability up to 12,200 lbs and including an integrated trailer brake controller and pro trailer backup assist. The extended range 36-gallon fuel tank provides extended driving range between refueling stops, while upgraded cooling systems ensure consistent performance under demanding conditions.<br><br>Technology enhancements include a 360-degree camera system with split-view display and dynamic hitch assist, high-definition backup camera, and SiriusXM satellite radio with a six-month prepaid subscription. The Sony audio system with HD quality, 10 speakers, and a subwoofer delivers quality sound for your daily commute or long drives.<br><br>The Lariat Chrome Appearance Package adds visual distinction with chrome accents throughout the three-bar grille, angular step bars, door and tailgate handles, and skull caps on the mirrors. The 20 chrome-like wheels complete the polished exterior presentation alongside the single-tip chrome exhaust.<br><br>Contact our team to schedule a time to experience this capable F-150 Lariat in person.","[PREMIUM]",15,"9921 US HWY 19","Port Richey","FL","34668","[PREMIUM]"
"786248089","2026-07-30 01:24:35.135","2026-07-30 01:24:35.135","786248089","[PREMIUM]","V62567A",2017,"GMC","GMC","15SIPU4WD","Sierra 1500","Denali","TRUCKS","Used","Used 2017 GMC Sierra 1500 Denali w/ Denali Ultimate Package",72959,"[PREMIUM]",,"Great","[PREMIUM]",30740,33840,"Crimson Red Tintcoat","RED","Cocoa/Dark Sand","BROWN","8CLDR","8-Cylinder","4 wheel drive","AUT","8-Speed Automatic","Automatic","G","Gasoline","Gas",15,20,6.2,true,7,false,false,true,,false,,,"30",343123,"[PREMIUM]","[PREMIUM]","[PREMIUM]",645,"[PREMIUM]",false,"PARTNER",422544,4.2,129,0,"[""NO_SALVAGE_TITLE"",""NO_ACCIDENTS_REPORTED"",""ONE_OWNER""]","{""exterior"":[""Alloy wheels"",""Auto High-beam Headlights"",""Auto-dimming door mirrors"",""Bedliner"",""Body Color Lower Front Bumper"",""Body Color Rear Bumper w/Cornersteps"",""Bodyside moldings"",""Bumpers: body-color"",""Chrome Bodyside Moldings"",""Chrome Mirror Caps"",""Delay-off headlights"",""EZ Lift & Lower Tailgate"",""Front fog lights"",""Fully automatic headlights"",""Heated door mirrors"",""IntelliBeam Automatic High Beam On/Off Headlight"",""Power Folding & Adjustable Heated Outside Mirrors"",""Power door mirrors"",""Rear step bumper"",""Remote Locking Tailgate"",""Thin Profile LED Fog Lamps"",""Turn signal indicator mirrors"",""Wheels: 20\"" x 9\"" Ultra Bright Machined Aluminum"",""Wheels: 22\"" Aluminum w/Premium Paint""],""interior"":[""110-Volt AC Power Outlet"",""1st & 2nd Row Color-Keyed Carpeted Floor Mats"",""Active Noise Cancellation"",""Adjustable pedals"",""Air Conditioning"",""Auto-Dimming Inside Rear-View Mirror"",""Auto-dimming Rear-View mirror"",""Chrome Door Handles"",""Color-Keyed Carpeting"",""Deep-Tinted Glass"",""Driver & Front Passenger Illuminated Vanity Mirrors"",""Driver door bin"",""Driver vanity mirror"",""Dual-Zone Automatic Climate Control"",""Electric Rear-Window Defogger"",""Floor Mounted Console"",""Front Center Armrest w/Storage"",""Front Full Feature Power Reclining Bucket Seats"",""Front dual zone A/C"",""Front reading lights"",""Heated & Ventilated Front Bucket Seats"",""Heated front seats"",""Heated steering wheel"",""Leather Wrapped Heated Steering Wheel"",""Manual Tilt/Telescoping Steering Column"",""Memory seat"",""Overhead console"",""Passenger door bin"",""Passenger vanity mirror"",""Perforated Leather Appointed Seat Trim"",""Power Adjustable Pedals"",""Power Sliding Rear Window w/Defogger"",""Power Sunroof"",""Power Windows w/Driver Express Up & Down"",""Power driver seat"",""Power passenger seat"",""Power windows"",""Rear 60/40 Folding Bench Seat (Folds Up)"",""Rear reading lights"",""Rear seat center armrest"",""Rear window defroster"",""Split folding rear seat"",""Steering Wheel Audio Controls"",""Steering wheel mounted audio controls"",""Tachometer"",""Telescoping steering wheel"",""Tilt steering wheel"",""Trip computer"",""Universal Home Remote"",""Variably intermittent wipers"",""Ventilated front seats"",""Voltmeter""],""mechanical"":[""2-Speed Active Electronic AutoTrac Transfer Case"",""4-Wheel Disc Brakes"",""Adaptive suspension"",""Front wheel independent suspension"",""MagneRide Magnetic Ride Control Suspension"",""Power steering"",""Speed-sensing steering""],""other"":[""150 Amp Alternator"",""6\"" Rectangular Chromed Tubular Assist Steps"",""8\"" Multi-Color Customizable Driver Display"",""Chrome Recovery Hooks"",""Denali Ultimate Package"",""Emergency communication system: OnStar Guidance"",""Enhanced Driver Alert Package"",""Forward Collision Alert"",""Front Frame-Mounted Black Recovery Hooks"",""Front anti-roll bar"",""Illuminated entry"",""Low Speed Forward Automatic Braking"",""Outside temperature display"",""Polished Exhaust Tip"",""Preferred Equipment Group 5SA"",""Rear Wheelhouse Liners"",""Trailering Equipment"",""Tri-Mode Power Steps"",""Wireless Charging""],""safety"":[""ABS brakes"",""Brake assist"",""Dual front impact airbags"",""Dual front side impact airbags"",""Electronic Stability Control"",""Lane Keep Assist"",""Low tire pressure warning"",""Occupant sensing airbag"",""Overhead airbag"",""Panic alarm"",""Security system"",""Theft Deterrent System (Unauthorized Entry)"",""Traction control""],""technology"":[""7 Speakers"",""AM/FM radio"",""Automatic temperature control"",""Bose Speaker System"",""CD player"",""Compass"",""Exterior Parking Camera Rear"",""Garage door transmitter: HomeLink"",""HD Radio"",""Integrated Trailer Brake Controller"",""Navigation System"",""OnStar 3 Month Guidance Plan"",""OnStar w/4G LTE"",""Radio data system"",""Radio: AM/FM Stereo w/8\"" Diagonal Color Touch Nav."",""Rear Vision Camera"",""Remote Keyless Entry"",""Remote Vehicle Starter System"",""Remote keyless entry"",""Single Slot CD/MP3 Player"",""SiriusXM Satellite Radio"",""Speed control"",""Ultrasonic Front & Rear Park Assist""]}",138,"2017 Crimson Red Tintcoat GMC Sierra 1500 4D Crew Cab Denali 4WD EcoTec3 6.2L V8 This GMC Sierra 1500 has many features and is well equipped including.<br><br>Priced below KBB Fair Purchase Price! Clean CARFAX. Odometer is 35202 miles below market average!<br><br><br>Thank you for taking the time to look at this beautiful-looking 2017 GMC Sierra 1500. Call now to setup an appointment to see this vehicle.   The Byers Auto Group is family owned and operated and has been in the automotive industry since 1897. Byers Volvo Cars has been at its current location for 20 years. Our Volvo dealership was renovated in 2013 with a brand-new state of the art facility. The Byers family has owned the Volvo franchise since 1963 and has been offering Columbus customers quality Volvo vehicles ever since. When you visit our greater Columbus area dealership, our Volvo dealer staff is ready to set you up with a vehicle to fit your lifestyle.","[PREMIUM]",34,"301 North Hamilton Road","Columbus","OH","43213","[PREMIUM]"
"786756489","2026-07-30 01:24:35.134","2026-07-30 01:24:35.134","786756489","[PREMIUM]","1FA6P8CF1H5246922",2017,"FORD","Ford","MUST","Mustang","GT","COUPE","Used","Used 2017 Ford Mustang GT w/ Black Accent Package",36750,"[PREMIUM]",,,"[PREMIUM]",26829,29629,"Black","BLACK","Black","BLACK","8CLDR","8-Cylinder","2 wheel drive - rear","AUT","6-Speed Automatic","Automatic","G","Gasoline","Gas",,,5,false,1,false,true,false,,false,,,"30",75875009,"[PREMIUM]","[PREMIUM]","[PREMIUM]",,"[PREMIUM]",true,,419966,4.6,229,,"[""NO_SALVAGE_TITLE"",""NO_ACCIDENTS_REPORTED"",""ONE_OWNER""]","{""exterior"":[""Alloy Wheels"",""Fog Lights"",""HID Headlamps"",""Premium Wheels 19\""+"",""Rear Spoiler""],""interior"":[""Air Conditioning"",""Dual Power Seats"",""Power Door Locks"",""Power Windows""],""mechanical"":[""Power Steering""],""other"":[""Performance Pkg"",""Tilt & Telescoping Wheel""],""safety"":[""ABS (4-Wheel)"",""AdvanceTrac"",""Dual Air Bags"",""F&R Head Curtain Air Bags"",""Knee Air Bags"",""Perimeter Alarm System"",""Side Air Bags"",""Traction Control""],""technology"":[""AM/FM Stereo"",""Backup Camera"",""CD/MP3 (Single Disc)"",""Cruise Control"",""Hill Start Assist"",""Keyless Entry"",""Keyless Start"",""Navigation System"",""SYNC""]}",29,"2017 MUSTANG GT  5.0L  <br>FLORIDA CAR IN N. TAMPA AREA.<br>One owner, I have no family just this car.. <br>This 5.0 L Stang gets all the love. Starting with a factory &quot;Black Out Version&quot;, He had a pro shop add the Full length competition headers ,no cats, strait H pipe and full brand name hi end exhaust behind- cant remember the brand. classy sound, not the loudest. Not obnoxious and ratty.  Then installed real Eibach Lowering springs, added a Rousch hood scoop, A Cervini  wing that extends and adds rear down force, a Shelby gt500 nose kt and matching air dam and full ground effects front, to side skirts, to rear diffuser - all as shown to increase down force, and a few other suspension mods, a mustang only drag shop did a package on the rear end to lock in and put all the pressure straight to the ground, no squirreling around , this a true street and track ready killer. I did a lot. Only used to go to work and back - super close to my house is why the milage is only 36,663.6 as of this writing. I covers it daily when at work, when not at work it sits inside the garage. That's why the car looks practically brand new, everyone always comments of how new it looks still. Absolutely no rust or corrosion of any type, anywhere on the car. Never tracked ,never raced, I'm an older gentleman with no tickets. No one has ever sat in the backseats, and hardly ever had someone in the passenger seat. It's all about the love of a vehicle. It has real SHELBY wheels and perfect tires. Caliper covers to keep the red on black theme going. Flat black hashtag stripes with Red effects brake up the black out.. <br>Stang is in Springhill Florida,   <br>Reason for selling is upgrading now.. <br>IT NEEDS NOTHING AT ALL! NOTHING! <br>no problem with you having a independent inspector check it out! And we welcome it, so you will know this is as described 100%.","[PREMIUM]",23,,"Boca Raton","FL","33432","[PREMIUM]"
"786384970","2026-07-30 01:24:35.133","2026-07-30 01:24:35.133","786384970","[PREMIUM]","20P16348B",2017,"TOYOTA","Toyota","TUNDRA","Tundra","Limited","TRUCKS","Used","Used 2017 Toyota Tundra Limited w/ Limited Premium Package",109765,"[PREMIUM]",,"Great","[PREMIUM]",31630,34330,"Cement","GRAY","Graphite","GRAY","8CLDR","8-Cylinder","4 wheel drive","AUT","6-Speed Automatic","Automatic","F","Flexible Fuel","Gas",,,5.7,true,6,false,true,false,,false,,,"30",75451179,"[PREMIUM]","[PREMIUM]","[PREMIUM]",0,"[PREMIUM]",false,"PARTNER",422427,4.6,1084,0,"[""NO_SALVAGE_TITLE"",""NO_FRAME_DAMAGE"",""NO_FLOOD_WATER_DAMAGE"",""NO_ACCIDENTS_REPORTED"",""NO_ONE_OWNER"",""FREE_REPORT""]","{""exterior"":[""Alloy wheels"",""Front fog lights"",""Fully automatic headlights"",""Heated door mirrors"",""Power door mirrors"",""Rear step bumper"",""Wheels: 20\"" x 8J Split 5-Spoke Machined Alloy""],""interior"":[""Air Conditioning"",""Auto-dimming Rear-View mirror"",""Driver door bin"",""Driver vanity mirror"",""Front Bucket Seats"",""Front Center Armrest"",""Front dual zone A/C"",""Front reading lights"",""Heated Front Bucket Seats"",""Heated front seats"",""Leather Seat Trim (LB)"",""Leather steering wheel"",""Overhead console"",""Passenger door bin"",""Passenger vanity mirror"",""Power driver seat"",""Power passenger seat"",""Power windows"",""Rear reading lights"",""Rear seat center armrest"",""Rear window defroster"",""Split folding rear seat"",""Steering wheel mounted audio controls"",""Tachometer"",""Telescoping steering wheel"",""Tilt steering wheel"",""Trip computer"",""Variably intermittent wipers"",""Voltmeter""],""mechanical"":[""4-Wheel Disc Brakes"",""4.30 Axle Ratio"",""Front wheel independent suspension"",""Power steering"",""Speed-sensing steering""],""other"":[""Front anti-roll bar"",""Illuminated entry"",""Outside temperature display""],""safety"":[""ABS brakes"",""Brake assist"",""Dual front impact airbags"",""Dual front side impact airbags"",""Electronic Stability Control"",""Knee airbag"",""Low tire pressure warning"",""Occupant sensing airbag"",""Overhead airbag"",""Panic alarm"",""Security system"",""Traction control""],""technology"":[""9 Speakers"",""AM/FM radio: SiriusXM"",""Automatic temperature control"",""CD player"",""Compass"",""Exterior Parking Camera Rear"",""Garage door transmitter: HomeLink"",""Navigation System"",""Radio data system"",""Radio: Entune AM/FM/HD w/CD Player"",""Radio: Entune Premium w/JBL Audio & Navigation"",""Remote keyless entry"",""Speed control""]}",69,"COMPLIMENTARY 3 MONTH 3 THOUSAND MILE COMPREHENSIVE WARRANTY ON QUALIFYING VEHICLES!!!<br>This 2017 Toyota Tundra Limited CrewMax in gray represents a capable full-size truck built for those who demand both functionality and refinement. With its i-Force 5.7L V8 engine paired with a 6-speed automatic transmission and 4WD capability, this truck is engineered to handle demanding work and varied terrain.<br><br>- Blind Spot Monitor with Rear Cross Traffic Alert<br>- Front &amp; Rear Parking Assist Sonar<br>- Power Tilt &amp; Slide Moonroof with Sliding Sunshade<br>- Heated Front Bucket Seats with Leather Trim<br>- Entune Premium Audio System with JBL Speakers and Navigation<br>- Automatic Dual Zone Climate Control<br>- Power Driver Seat with Telescoping Steering Wheel<br>- Rear Backup Camera<br>- Auto-Dimming Rear-View Mirror with Compass<br>- Electronic Stability Control with Traction Control<br>- Dual Front and Side Impact Airbags with Knee Airbag<br>- 20-Inch Split 5-Spoke Machined Alloy Wheels<br>- Remote Keyless Entry with HomeLink Garage Door Transmitter<br>- Front Fog Lights with Fully Automatic Headlights<br>- SiriusXM Radio with AM/FM and CD Player<br><br>The CrewMax configuration provides excellent cabin comfort with its spacious four-door layout, making this truck practical for families and work crews alike. The heated leather front bucket seats offer comfort during long drives, while the split folding rear seat adds flexibility for passengers or cargo. Climate control with front dual zone air conditioning ensures all occupants stay comfortable regardless of conditions.<br><br>Safety features are comprehensive and designed to provide peace of mind on the road. This truck includes a full suite of airbags, including dual front impact, front side impact, knee, and overhead airbags. Electronic Stability Control, traction control, and brake assist work together to enhance vehicle control, while the rear backup camera makes parking and maneuvering easier and safer.<br><br>The premium audio and navigation system keeps you connected and informed during every journey. The Entune Premium system with JBL audio delivers quality sound through nine speakers, while SiriusXM radio expands your entertainment options. The navigation system helps guide you to your destination with confidence.<br><br>Convenience features throughout the cabin reflect the thoughtful design of the Limited trim. Power windows with front auto up and down, power door mirrors, and heated mirrors enhance daily usability. The illuminated entry system, including cab illumination and driver footwell lighting, provides safety and convenience when entering the vehicle in low light conditions. The HomeLink garage door transmitter integrates your home automation with your truck for seamless daily operation.<br><br>This 2017 Toyota Tundra Limited CrewMax offers the reliability Toyota owners trust combined with the comfort and features you expect from a premium truck. The combination of capable performance, comprehensive safety systems, and thoughtful amenities makes this an excellent choice for anyone seeking a full-size truck ready for both work and everyday driving.","[PREMIUM]",25,"29788 FREDERICK BLVD","Daphne","AL","36526","[PREMIUM]"
"786721656","2026-07-30 01:24:35.129","2026-07-30 01:24:35.129","786721656","[PREMIUM]","25P3641A",2017,"FORD","Ford","F150PICKUP","F150","Raptor","TRUCKS","Used","Used 2017 Ford F150 Raptor w/ Equipment Group 802A Luxury",114409,"[PREMIUM]",,"Great","[PREMIUM]",32159,34359,"Ruby Red Metallic","RED","Black","BLACK","6CLDR","6-Cylinder Turbo","4 wheel drive","AUT","10-Speed Automatic","Automatic","G","Gasoline","Gas",15,18,3.5,true,1,false,true,false,,false,,,"30",72828957,"[PREMIUM]","[PREMIUM]","[PREMIUM]",3030,"[PREMIUM]",false,"PARTNER",421440,4.4,316,0,"[""NO_SALVAGE_TITLE"",""NO_ACCIDENTS_REPORTED"",""NO_ONE_OWNER""]","{""exterior"":[""17\"" Cast Aluminum Wheels"",""Alloy wheels"",""Auto High Beam"",""Delay-off headlights"",""Exterior Mirror)"",""Front fog lights"",""Fully automatic headlights"",""LED Side-Mirror Spotlights"",""Power Glass Heated Sideview Mirrors"",""Power door mirrors"",""Rear step bumper"",""Spray-In Bedliner (Pre-Installed)"",""Tailgate Step w/Tailgate Lift Assist""],""interior"":[""10-Way Power Driver & Passenger Seats"",""8-Way Power Driver's Seat w/Power Lumbar"",""Air Conditioning"",""Auto-dimming Rear-View mirror"",""Driver door bin"",""Driver vanity mirror"",""Dual-Zone Electronic Automatic Temperature Control"",""Front Bucket Seats"",""Front Center Armrest"",""Front reading lights"",""Heated Leather 40/Console/40 Front Seats"",""Heated Steering Wheel"",""Intelligent Access w/Push-Button Start"",""Leather steering wheel"",""Overhead console"",""Passenger door bin"",""Passenger vanity mirror"",""Power Tilt/Telescoping Steering Column w/Memory"",""Power driver seat"",""Power windows"",""Power-Adjustable Pedals"",""Power-Sliding Rear Window"",""Rear reading lights"",""Rear window defroster"",""Second-Row Heated Seats"",""Split folding rear seat"",""Steering wheel mounted audio controls"",""Tachometer"",""Telescoping steering wheel"",""Tilt steering wheel"",""Trip computer"",""Twin Panel Moonroof"",""Unique Cloth/Leather Trim Seats"",""Universal Garage Door Opener"",""Variably intermittent wipers""],""mechanical"":[""4-Wheel Disc Brakes"",""Electronic Locking w/4.10 Axle Ratio"",""Front wheel independent suspension"",""Power steering"",""Speed-sensing steering""],""other"":[""4.10 Front Axle w/Torsen Differential"",""Ambient Lighting"",""Equipment Group 802A Luxury"",""Front License Plate Bracket"",""Front anti-roll bar"",""Illuminated entry"",""LED Box Lighting"",""Memory System (Seat"",""Outside temperature display"",""Pedal"",""Pro Trailer Backup Assist"",""Raptor Technology Package"",""Remote Start System w/Remote Tailgate Release"",""SYNC 3"",""SYNC Connect""],""safety"":[""ABS brakes"",""Advanced Security Pack"",""BLIS Blind Spot Information System"",""Brake assist"",""Dual front impact airbags"",""Dual front side impact airbags"",""Electronic Stability Control"",""Inflatable Rear Safety Belts"",""Lane-Keeping System"",""Low tire pressure warning"",""Occupant sensing airbag"",""Overhead airbag"",""Panic alarm"",""Security system"",""Traction control""],""technology"":[""** Back-up Camera"",""360 Degree Camera"",""7 Speakers"",""AM/FM radio: SiriusXM"",""Active Cruise Control"",""Adaptive Cruise Control w/Collision Mitigation"",""CD player"",""Compass"",""Exterior Parking Camera Rear"",""Integrated Trailer Brake Controller"",""Navigation System"",""Radio data system"",""Radio: Sony Single CD w/HD & SiriusXM Satellite"",""Rear Parking Sensors"",""Remote Start System"",""Remote keyless entry"",""SYNC"",""Speed control"",""Voice-Activated Navigation""]}",102,"Recent Arrival! Priced below KBB Fair Purchase Price!<br>2017 Ford F-150 Raptor 4WD ** Back-up Camera.<br><br><br>Awards:<br>* JD Power Automotive Performance, Execution and Layout (APEAL) Study * JD Power Automotive Performance, Execution and Layout (APEAL) Study, Vehicle Dependability Study (VDS) * 2017 KBB.com Brand Image Awards * 2017 KBB.com 10 Most Awarded Brands Reviews:<br>* Diverse four-engine lineup; class-leading payload and tow ratings; highly focused Raptor off-road model; lots of available comfort, convenience and safety tech; excellent crash-test scores. Source: Edmunds<br>Kunes Auto Group is dedicated to building people s lives in the communities we serve. We re family-owned and operated. Gregg Kunes started with Kunes Ford Lincoln in Delavan, Wisconsin in 1996, and over the years we have grown to 40 automobile and RV dealerships throughout the Midwest. Our mission is to not only deliver exceptional customer service, but to serve our communities well in the form of projects, promotions, support, donations, and whatever else is needed. We know a vehicle is more than just a mode of transportation. A vehicle gets you to work so you can support yourself and your family. It also gets you to all of life's great adventures. Whether you are on your morning commute, visiting family, or the road trip of a lifetime, we intend to provide the vehicle to get you there. We have a huge selection of new and used vehicles and we are sure that we have the perfect one for your needs! While we make every effort to ensure the data listed here is correct, there may be instances where some of the options or vehicle features may be listed incorrectly as we get data from multiple data sources. PLEASE MAKE SURE to confirm the details of this vehicle with the dealer to ensure its accuracy. Dealer cannot be held liable for data that is listed incorrectly. All vehicle prices shown on this website are for informational purposes only and do not include applicable taxes, title fees, or license fees, which will be due at the time of signing. The advertised price does include our document service fee (referred to in Wisconsin as a Dealer Service Fee) and a mandatory eFiling fee. Document service fees are $377.63 in Illinois, $350.00 in Minnesota, $180.00 in Iowa, and $599.00 in Wisconsin. The eFiling fee displayed assumes the buyer resides in the same state as the dealership location, and are as follows: Illinois residents - $35, Iowa residents - $15, Minnesota residents - $60, Wisconsin residents - $38. If you are an out-of-state resident, your actual eFiling fee may differ and will be confirmed by a Kunes associate prior to finalizing your purchase.","[PREMIUM]",53,"1615 N STATE ST","Belvidere","IL","61008","[PREMIUM]"
"786678040","2026-07-30 01:24:35.127","2026-07-30 01:24:35.127","786678040","[PREMIUM]","P5171A",2017,"FORD","Ford","F150PICKUP","F150","King Ranch","TRUCKS","Used","Used 2017 Ford F150 King Ranch w/ Equipment Group 601A Luxury",90812,"[PREMIUM]",,"Great","[PREMIUM]",29830,32830,,,"Java Int W/Mesa Antique Lthr","BROWN","8CLDR","8-Cylinder","4 wheel drive","AUT","6-Speed Automatic","Automatic","F","Flexible Fuel","Gas",15,21,5,true,2,false,true,false,,false,,,"30",54777698,"[PREMIUM]","[PREMIUM]","[PREMIUM]",1108,"[PREMIUM]",false,"PARTNER",421437,4.4,316,1,"[""NO_SALVAGE_TITLE"",""NO_ACCIDENTS_REPORTED"",""NO_ONE_OWNER""]","{""exterior"":[""Auto high-beam headlights"",""Spray-In Bedliner"",""Tailgate Step with Tailgate Lift Assist"",""Trailer sway control""],""interior"":[""Cruise control with steering wheel mounted controls"",""Dual-zone front climate control"",""Heated driver and front passenger seats"",""Heated rear seats"",""Heated steering wheel"",""Leather front seat upholstery"",""Massaging driver seat"",""Twin Panel Moonroof"",""Ventilated driver and front passenger seats"",""lumbar support""],""other"":[""000 lbs Payload Package GVWR; King Ranch Leather Bucket Seats; ELEC 6-SPEED AUTO W/TOW MODE; Tailgate Step with Tailgate Lift Assist; P275/55R20 OWL A/T Tires; Inflatable Rear Safety Belts; Blind Spot Information System (BLIS); Multi-Contour Driver and Pa"",""360 Camera front mounted camera"",""360 Camera left side camera"",""360 Camera right side camera"",""5L V-8 DOHC"",""Active Park Assist automatic vehicle parking"",""Adaptive Cruise Control and Collision Warning"",""Aerial view camera"",""AppLink/Apple CarPlay/Android Auto smart device mirroring"",""Auto tilt-away steering wheel"",""Automatic full-time 4WD"",""BLIS blind spot warning"",""Bluetooth handsfree wireless device connectivity"",""Cross Traffic Alert collision warning"",""Driver seat power reclining"",""Electronic Locking with 3.55 Axle Ratio"",""Electronic stability control system with anti-roll"",""Equipment Group 601A Luxury: Sony Single CD Radio with HD and SiriusXM Satellite; 5.0L V8 FFV ENGINE; Auto High Beam with Rain-Sensing Windshield Wipers; Power-Deployable Running Boards; 7"",""Extended Range 36 Gallon Fuel Tank"",""First and second-row sliding and tilting glass sunroof with express open/close activation  sunshade"",""Intelligent Access with hands-free access and push button start"",""KING RANCH CHROME APPEARANCE: Chrome Door Handles with Body-Color Strap; Bright Belt Moldings; P275/55R20 OWL A/T Tires; Chrome 3-Bar Style Grille with Chrome Surround; 20\"" Chrome-Like PVD Wheels; Chrome Skull Caps on Exterior Mirrors"",""Keyfob remote start"",""Leather rear seat upholstery"",""Massaging front passenger seat"",""MyKey restricted driving mode/alerts"",""Primary monitor touchscreen"",""Pro Trailer Backup Assist vehicle and trailer reverse assist"",""Push-button"",""Rear mounted camera"",""SYNC 3 external memory control"",""SecuriCode external keypad door lock control"",""SiriusXM Traffic real-time traffic"",""TECHNOLOGY PACKAGE: Lane-Keeping System"",""TRAILER TOW PACKAGE: Auxiliary Transmission Oil Cooler; Pro Trailer Backup Assist; Class IV Trailer Hitch Receiver; Engine Oil Cooler; Upgraded Front Stabilizer Bar"",""Ti-VCT variable valve control"",""Vehicle to trailer hitching assist"",""Voice-activated climate control"",""cushion tilt"",""engine with 385HP"",""fore/aft control and height adjustable control"",""regular unleaded""],""safety"":[""Brake assist system"",""Forward collision warning"",""Lane Keeping System""],""technology"":[""Active Park Assist"",""Adaptive cruise control"",""Bluetooth wireless audio streaming"",""Hill start assist"",""Integrated navigation system with voice activation"",""SecuriLock immobilizer"",""Sony speakers"",""Trailer brake controller""]}",67,"*Vehicle Details*<br>Experience rugged refinement with this 2017 Ford F-150 King Ranch 4WD, now available in Battle Creek, MI - the best price on the market for a premium half-ton truck. Powered by a robust V8 5.0L Gasoline/E85 engine, this King Ranch pairs strong towing capability and smooth highway manners with confident off-road traction thanks to four-wheel drive. The iconic King Ranch leather interior surrounds you in comfort, while heated steering wheel and heated leather seats keep every drive warm and luxurious through Michigan winters. Stay connected and entertained with Android Auto integration and XM Radio for hands-free navigation, music, and calls. A back-up camera enhances safety and makes parking or hitching a trailer effortless. This Ford F-150 includes creature comforts and tech features that elevate daily driving and worksite performance alike. Meticulously maintained and priced to sell, this King Ranch offers exceptional value for buyers seeking a dependable V8 truck with premium appointments. Whether you're hauling gear, towing a trailer, or cruising the highway, the Ford F-150's blend of capability, comfort, and technology delivers. Located in Battle Creek, MI, this truck is ready for immediate test drives and inspection - and it's competitively priced as the best deal in the area. Contact us today to schedule a viewing and see why this 2017 Ford F-150 King Ranch 4WD is the smart choice for discerning truck buyers.<br><br>*Equipment*<br>This unit is equipped with the latest generation of XM/Sirius Radio. The leather seats in this unit are a must for buyers looking for comfort, durability, and style. Never get into a cold vehicle again with the remote start feature on this Ford F-150. Keep your hands warm all winter with a heated steering wheel in this Ford F-150 . This Ford F-150 offers Android Auto for seamless smartphone integration. Protect it from unwanted accidents with a cutting edge backup camera system. The installed navigation system will keep you on the right path. Apple CarPlay: Seamless smartphone integration for this unit - stay connected and entertained on the go! The satellite radio system in this 1/2 ton pickup gives you access to hundreds of nation-wide radio stations with a clear digital signal. The vehicle has automated speed control that adjusts to maintain a safe following distance, enhancing highway driving convenience.<br><br>*Packages*<br>KING RANCH CHROME APPEARANCE: Chrome Door Handles with Body-Color Strap; Bright Belt Moldings; P275/55R20 OWL A/T Tires; Chrome 3-Bar Style Grille with Chrome Surround; 20&quot; Chrome-Like PVD Wheels; Chrome Skull Caps on Exterior Mirrors. Equipment Group 601A Luxury: Sony Single CD Radio with HD and SiriusXM Satellite; 5.0L V8 FFV ENGINE; Auto High Beam with Rain-Sensing Windshield Wipers; Power-Deployable Running Boards; 7. 000 lbs Payload Package GVWR; King Ranch Leather Bucket Seats; ELEC 6-SPEED AUTO W/TOW MODE; Tailgate Step with Tailgate Lift Assist; P275/55R20 OWL A/T Tires; Inflatable Rear Safety Belts; Blind Spot Information System (BLIS); Multi-Contour Driver and Passenger Seats. TECHNOLOGY PACKAGE: Lane-Keeping System. TRAILER TOW PACKAGE: Auxiliary Transmission Oil Cooler; Pro Trailer Backup Assist; Class IV Trailer Hitch Receiver; Engine Oil Cooler; Upgraded Front Stabilizer Bar. Twin Panel Moonroof. Adaptive Cruise Control and Collision Warning. Spray-In Bedliner. Electronic Locking with 3.55 Axle Ratio. Extended Range 36 Gallon Fuel Tank. Active Park Assist. Tailgate Step with Tailgate Lift Assist. **Equipment listed is based on original vehicle build and subject to change. Please confirm the accuracy of the included equipment by calling the dealer prior to purchase.**","[PREMIUM]",26,"295 W. Dickman Rd","Battle Creek","MI","49037","[PREMIUM]"
"786579596","2026-07-30 01:22:24.887","2026-07-30 01:22:24.887","786579596","[PREMIUM]","HS759712",2017,"RAM","RAM","RM1500","1500","Laramie Longhorn","TRUCKS","Used","Used 2017 RAM 1500 Laramie Longhorn w/ Protection Group",29514,"[PREMIUM]",,"Good","[PREMIUM]",31360,34060,"Luxury Brown Pearlcoat","BROWN","Brown/Lt Frost Beige","BEIGE","8CLDR","8-Cylinder","4 wheel drive","AUT","8-Speed Automatic","Automatic","G","Gasoline","Gas",15,21,5.7,true,4,false,true,false,,false,,,"30",1360494,"[PREMIUM]","[PREMIUM]","[PREMIUM]",8645,"[PREMIUM]",false,"PARTNER",424521,4.6,534,0,"[""NO_SALVAGE_TITLE"",""NO_FRAME_DAMAGE"",""NO_FLOOD_WATER_DAMAGE"",""ACCIDENTS_REPORTED"",""ONE_OWNER"",""FREE_REPORT""]","{""exterior"":[""Aluminum Wheels"",""Automatic Headlights"",""Bed Liner"",""Fog Lamps"",""Heated Mirrors"",""Integrated Turn Signal Mirrors"",""Mirror Memory"",""Power Mirror(s)"",""Tow Hitch""],""interior"":[""AC"",""Adjustable Pedals"",""Adjustable Steering Wheel"",""Auto-Dimming Rearview Mirror"",""Bucket Seats"",""Climate Control"",""Driver Adjustable Lumbar"",""Driver Illuminated Vanity Mirror"",""Driver Vanity Mirror"",""Floor Mats"",""Heated Seats"",""Heated Steering Wheel"",""Intermittent Wipers"",""Leather Seats"",""Leather Steering Wheel"",""Multi-Zone A/C"",""Pass-Through Rear Seat"",""Passenger Adjustable Lumbar"",""Passenger Illuminated Visor Mirror"",""Passenger Vanity Mirror"",""Power Door Locks"",""Power Driver Seat"",""Power Passenger Seat"",""Power Windows"",""Privacy Glass"",""Seat Memory"",""Steering Wheel Audio Controls"",""Sunroof / Moonroof"",""Trip Computer"",""Universal Garage Door Opener"",""Variable Speed Intermittent Wipers"",""Woodgrain Interior Trim""],""mechanical"":[""4-Wheel Disc Brakes"",""8 Cylinder Engine"",""8-Speed A/T"",""A/T"",""Air Suspension"",""Four Wheel Drive"",""Gasoline Fuel"",""Power Steering""],""other"":[""Locking/Limited Slip Differential"",""Premium Sound"",""Running Boards/Side Steps"",""Smart Device Integration"",""Tow Hooks""],""safety"":[""ABS"",""Brake Assist"",""Child Safety Locks"",""Conventional Spare Tire"",""Driver Air Bag"",""Front Head Air Bag"",""Front Side Air Bag"",""Passenger Air Bag"",""Rear Head Air Bag"",""Security System"",""Stability Control"",""Tire Pressure Monitor"",""Traction Control""],""technology"":[""AM/FM Stereo"",""Auxiliary Audio Input"",""Back-Up Camera"",""Bluetooth"",""Cruise Control"",""Engine Immobilizer"",""Keyless Entry"",""Keyless Start"",""MP3 Player"",""Navigation System"",""Rain Sensing Wipers"",""Rear Parking Aid"",""Remote Start"",""Satellite Radio"",""Telematics"",""WiFi Hotspot""]}",83,"Longhorn trim. GREAT MILES 29,514! EPA 21 MPG Hwy/15 MPG City! Heated/Cooled Leather Seats, NAV, Sunroof, Heated Rear Seat, 4x4, Alloy Wheels, Bed Liner, Tow Hitch, 4-CORNER AIR SUSPENSION, CHROME TUBULAR SIDE STEPS, POWER SUNROOF.<br><br>KEY FEATURES INCLUDE<br>Leather Seats, Navigation, 4x4, Heated Driver Seat, Heated Rear Seat, Cooled Driver Seat MP3 Player, Privacy Glass, Keyless Entry, Child Safety Locks.<br><br>OPTION PACKAGES<br>4-CORNER AIR SUSPENSION, POWER SUNROOF, CHROME TUBULAR SIDE STEPS, ANTI-SPIN DIFFERENTIAL REAR AXLE, TRANSMISSION: 8-SPEED AUTOMATIC (8HP70) (STD), ENGINE: 5.7L V8 HEMI MDS VVT (STD).<br><br>WHY BUY FROM US<br>Buy with confidence at Group 1 where every pre-owned vehicle, up to 175,000 miles, comes with a one month 1,000-mile limited warranty along with a 3-day 250-mile exchange policy. Some exclusions may apply, see Buyers Guide for specifics. Every vehicle is priced to market and includes a Carfax History Report.<br><br>NO HAGGLE, NO HASSLE PRICING<br>When buying a pre-owned vehicle, Group 1 Automotive keeps things simple. You get competitive, up-front pricing based on live data pulled from more than 20,000 websites, updated hourly. No pricing games. No inflated numbers. No back-and-forth negotiation. Just market-based pricing you can trust.<br><br>MARKET-BASED PRICING<br>You expect fair &amp; competitive pricing. Thats why the price is based on current market data and is regularly compared to similar pre-owned vehicles in the region.<br><br>QUALITY INSPECTIONS<br>Every vehicle is thoroughly inspected and comes with a complimentary vehicle history report.<br><br>QUICK &amp; TRANSPARENT FINANCING<br>Need Financing? Apply in minutes with all terms and conditions clearly disclosed upfront.<br><br>VEHICLE SERVICE CONTRACTS<br>Avoid bumps in the road! Adding a service contract can help prevent future unexpected expenses from arising. Available for most purchases.<br><br>EXPERTS RAVE<br>Regardless of trim level, the Ram 1500s interior is one of our favorites in the segment. Seat comfort is excellent, especially for long road trips, with soft padding and adequate support in the right places. -Edmunds.com.<br><br>SHOP WITH CONFIDENCE<br>CARFAX 1-Owner AutoCheck One Owner<br><br>VISIT US TODAY<br>From new Toyota models to used cars From routine maintenance to repairsGroup 1 Toyota Fort Bend of Richmond, TX, also serving Houston, Baytown and Sugar Land, has you covered. And, if you want to repair your vehicle yourself, we can get you any of the manufacturer-certified Toyota parts you might need along the way.<br><br>Fuel economy calculations based on original manufacturer data for trim engine configuration. Please confirm the accuracy of the included equipment by calling us prior to purchase.<br>","[PREMIUM]",35,"20465 Southwest Freeway","Richmond","TX","77469","[PREMIUM]"
"786468935","2026-07-30 01:22:24.882","2026-07-30 01:22:24.882","786468935","[PREMIUM]","B2297A",2017,"FORD","Ford","F150PICKUP","F150","Raptor","TRUCKS","Used","Used 2017 Ford F150 Raptor w/ Equipment Group 802A Luxury",109924,"[PREMIUM]",,"Great","[PREMIUM]",32159,34359,"Magnetic","UNKNOWN","Black","BLACK","6CLDR","6-Cylinder Turbo","4 wheel drive","AUT","10-Speed Automatic","Automatic","G","Gasoline","Gas",15,18,3.5,true,5,false,true,false,,false,,,"30",67997887,"[PREMIUM]","[PREMIUM]","[PREMIUM]",1139,"[PREMIUM]",false,"PARTNER",421440,4.4,316,0,"[""NO_SALVAGE_TITLE"",""ACCIDENTS_REPORTED"",""NO_ONE_OWNER""]","{""exterior"":[""17\"" Cast Aluminum Wheels"",""Alloy wheels"",""Delay-off headlights"",""Exterior Mirror)"",""Front fog lights"",""Fully automatic headlights"",""LED Side-Mirror Spotlights"",""Power Glass Heated Sideview Mirrors"",""Power door mirrors"",""Rear step bumper"",""Tailgate Step w/Tailgate Lift Assist""],""interior"":[""10-Way Power Driver & Passenger Seats"",""8-Way Power Driver's Seat w/Power Lumbar"",""Adjustable head restraints: driver and passenger w/tilt"",""Air Conditioning"",""Auto-dimming Rear-View mirror"",""Driver door bin"",""Driver vanity mirror"",""Dual-Zone Electronic Automatic Temperature Control"",""Front Bucket Seats"",""Front Center Armrest"",""Front reading lights"",""Heated Leather 40/Console/40 Front Seats"",""Heated Steering Wheel"",""Intelligent Access w/Push-Button Start"",""Leather steering wheel"",""Overhead console"",""Passenger door bin"",""Passenger vanity mirror"",""Power Tilt/Telescoping Steering Column w/Memory"",""Power driver seat"",""Power windows"",""Power-Adjustable Pedals"",""Power-Sliding Rear Window"",""Rear reading lights"",""Rear window defroster"",""Split folding rear seat"",""Steering wheel mounted audio controls"",""Tachometer"",""Telescoping steering wheel"",""Tilt steering wheel"",""Trip computer"",""Twin Panel Moonroof"",""Unique Cloth/Leather Trim Seats"",""Universal Garage Door Opener"",""Variably intermittent wipers""],""mechanical"":[""4-Wheel Disc Brakes"",""Electronic Locking w/4.10 Axle Ratio"",""Front wheel independent suspension"",""Power steering"",""Speed-sensing steering""],""other"":[""4.10 Front Axle w/Torsen Differential"",""Ambient Lighting"",""Equipment Group 802A Luxury"",""Front License Plate Bracket"",""Front anti-roll bar"",""Illuminated entry"",""LED Box Lighting"",""Memory System (Seat"",""Outside temperature display"",""Pedal"",""Pro Trailer Backup Assist"",""Remote Start System w/Remote Tailgate Release"",""SYNC 3"",""SYNC Connect""],""safety"":[""ABS brakes"",""Advanced Security Pack"",""BLIS Blind Spot Information System"",""Brake assist"",""Dual front impact airbags"",""Dual front side impact airbags"",""Electronic Stability Control"",""Inflatable Rear Safety Belts"",""Low tire pressure warning"",""Occupant sensing airbag"",""Overhead airbag"",""Panic alarm"",""Security system"",""Traction control""],""technology"":[""360 Degree Camera"",""7 Speakers"",""AM/FM radio: SiriusXM"",""CD player"",""Compass"",""Exterior Parking Camera Rear"",""Integrated Trailer Brake Controller"",""Radio data system"",""Radio: Sony Single CD w/HD & SiriusXM Satellite"",""Rear Parking Sensors"",""Remote keyless entry"",""SYNC"",""Speed control"",""Voice-Activated Navigation""]}",93,"Magnetic 2017 Ford F-150 Raptor 4WD 10-Speed Automatic 3.5L V6 4WD.<br><br>Recent Arrival!<br><br>Awards:<br>* JD Power Automotive Performance, Execution and Layout (APEAL) Study, Vehicle Dependability Study (VDS) * JD Power Automotive Performance, Execution and Layout (APEAL) Study * 2017 KBB.com 10 Most Awarded Brands * 2017 KBB.com Brand Image Awards<br><br><br>Reviews:<br>* Diverse four-engine lineup; class-leading payload and tow ratings; highly focused Raptor off-road model; lots of available comfort, convenience and safety tech; excellent crash-test scores. Source: Edmunds","[PREMIUM]",16,"2100 Baney South","Ashland","OH","44805","[PREMIUM]"
"786688902","2026-07-30 01:22:24.880","2026-07-30 01:22:24.880","786688902","[PREMIUM]","SA136321",2017,"CHEV","Chevrolet","CAM","Camaro","SS Coupe w/ 2SS","COUPE","Used","Used 2017 Chevrolet Camaro SS Coupe w/ 2SS",69279,"[PREMIUM]",,"Great","[PREMIUM]",29031,32531,"White","WHITE","White","WHITE","8CLDR","8-Cylinder","2 wheel drive - rear","AUT","8-Speed Automatic","Automatic","G","Gasoline","Gas",,,6.2,true,2,false,true,false,,false,,,"30",65631239,"[PREMIUM]","[PREMIUM]","[PREMIUM]",622,"[PREMIUM]",false,"PARTNER",420154,4,136,0,"[""NO_SALVAGE_TITLE"",""ACCIDENTS_REPORTED"",""NO_ONE_OWNER""]","{""exterior"":[""Exhaust- dual-outlet stainless-steel with bright tips"",""Mirrors- outside heated power-adjustable and driver-side auto-dimming- body-color"",""Sill plates- illuminated""],""interior"":[""Cup holders- 2 front"",""Defogger- rear-window- electric"",""Glovebox- lockable"",""Lighting- front reading lamps"",""Lighting- interior spectrum 24 different color selections"",""Mirror- inside rearview auto-dimming- frameless"",""Power outlet- 1 located on center console"",""Seat adjuster- front passenger- 6-way power"",""Shift knob- leather-wrapped"",""Speedometer- miles/kilometers"",""Steering column- manual rake and telescopic"",""Steering wheel- heated"",""Steering wheel- leather-wrapped- flat-bottom"",""Trunk release- power"",""Universal Home Remote includes garage door opener- 3-channel programmable"",""Visors- driver and front passenger vanity mirrors- covered- illuminated"",""Windows- power with driver and passenger Express-Down/Up""],""mechanical"":[""Cooling system- extra capacity"",""Cooling- external engine oil cooler"",""Differential- limited slip"",""Engine- 6.2L (376 ci) V8 DI (455 hp 339.3 kW @ 6000 rpm- 455 lb-ft of torque 614.3 N-m @ 4400 rpm)"",""Rear axle- 3.73 ratio (Included with (MN6) 6-speed manual transmission.)"",""Rear wheel drive"",""Steering- power- variable ratio- electric""],""other"":[""Air bags- dual-stage frontal- thorax side-impact and knee- driver and front passenger- and head curtain side-impact includes Passenger Sensing System (Always use safety belts and child restraints. Children are safer when properly secured in a rear seat in"",""Battery rundown protection"",""Brakes- Brembo 4-piston front and rear- performance- 4-wheel antilock- 4-wheel disc"",""Cooler- engine coolant- auxiliary"",""Cooler- rear differential"",""Cooler- transmission oil"",""Cruise control- electronic with set and resume speed- steering wheel mounted"",""Dead pedal- driver"",""Driver Information Center- enhanced- 8\""\"" diagonal multi-color re-configurable display"",""Driver Selector Mode up to 4 modes available for various driving conditions - Snow/Ice- Tour- Sport and Track (SS and ZL1 models only)"",""Fueling system- capless"",""Head-Up Display with color digital readouts for vehicle speed- selected gear- G-Force- audio system information- high-beam indicator- compass- outside air temperature- turn signals- tachometer- vehicle messages- Turn-by-Turn information and phone informat"",""Headlamps- high intensity discharge with automatic exterior lamp control"",""Interior trim- aluminum accents on door trim and shifter cap"",""Safety belts- 3-point- all seating positions includes front seat driver and front passenge>"",""Seat- rear- folding"",""StabiliTrak- stability control system with brake assist includes traction control"",""Teen Driver mode a configurable feature that lets you activate customizable vehicle settings associated with a key fob- to encourage safe driving behavior. It can limit certain vehicle features- and it prevents certain safety systems from being turned off"",""Tires- 245/40ZR20 front and 275/35ZR20 rear- blackwall- summer-only- run-flat (Do not use summer only tires in winter conditions- as it would adversely affect vehicle safety- performance and durability. Use only GM-approved tire and wheel combinations. Un"",""Wipers- front variable-speed- intermittent with washers"",""Wireless Charging for devices""],""safety"":[""Daytime Running Lamps- LED"",""Rear Cross-Traffic Alert"",""Side Blind Zone Alert with Lane Change Alert""],""technology"":[""Air conditioning- dual-zone automatic climate control with individual climate settings for driver and dedicated passenger controls and outside temperature display"",""Antenna- OnStar and SiriusXM Satellite Radio- fin-type (Body-color.)"",""Antenna- integral rear window"",""Audio system feature- Bose premium 9-speaker system"",""Compass display"",""Rear Park Assist"",""Rear Vision Camera""]}",58,"2017 CAMARO 2SS w/SUNROOF **CALL US TODAY AT   TO GET THIS AMERICAN MUSCLE NOW** 2017 Chevrolet Camaro 2SS ? FLAGSHIP 2SS PACKAGE ? ? POWER SUNROOF 455 HP LT1 V8 ? Top-of-the-Line Muscle Car Luxury Meets Pure Track Performance! CALL US TODAY AT   TO GET THIS AMERICAN MUSCLE NOW! Unleash pure adrenaline with the top-tier crown jewel of Chevrolet performance! This stunning 2017 Chevrolet Camaro 2SS isn't just raw muscleit's a fully optioned luxury sports coupe built for drivers who refuse to compromise. Powered by the legendary 6.2L LT1 Small Block V8 delivering a blistering 455 Horsepower and 455 lb-ft of Torque, this 2SS edition couples brutal speed with first-class cabin luxury and a factory Power Glass Sunroof. Fully safety-inspected, detailed, and 100% turn-key ready to command the pavement today! Loaded 2SS Flagship Luxury &amp; Tech Package Skip the base 1SS modelsthe high-end **2SS trim** equips the Camaro with modern driver tech, premium leather, and advanced driver assistance safety: Heated &amp; Ventilated Leather Seats: Premium dual-zone climate-controlled front leather bucket seats designed for year-round comfort. Head-Up Display (HUD): Color windshield projector displaying speed, engine RPM, G-forces, and audio data right in your line of sight. Power Tilt/Slide Sunroof: One-touch power-operated glass sunroof with tilt function to let the sound of the V8 exhaust flood the cabin. Bose 9-Speaker Premium Audio: Studio-quality Bose sound architecture delivering crystal-clear acoustics over the rumble of the exhaust. Customizable Interior Spectrum Lighting: Integrated LED ambient lighting around the dash, doors, and cup holders featuring 24 selectable colors. Heated Performance Steering Wheel: Flat-bottom leather-wrapped heated steering wheel with integrated media and cruise commands. Advanced Safety Package: Includes Side Blind Zone Alert with Lane Change Alert, Rear Cross Traffic Alert, and Rear Park Assist. Performance Engineering &amp; Hardware ? 6.2L LT1 V8 Direct-Injection Engine (455 HP) ? Brembo Performance 4-Wheel Disc Brakes ? Chevrolet MyLink 8-Inch Touchscreen System ? Apple CarPlay &amp; Android Auto Integration ? Driver Selectable Drive Modes (Tour, Sport, Track, Weather) ? High-Definition Rear Vision Backup Camera Quick, Flexible &amp; Easy Performance Financing We Finance All Credit Profiles High-Performance Vehicle Specialists! Low Down Payments and Flexible Monthly Terms! First-Time Sports Car Buyer Packages Available! Tax ID (ITIN) Accepted! Extended Service Warranties Offered for Peace of Mind! Top Dollar Paid for All Trade-Ins! A fully loaded 2SS Camaro w/ Sunroof sells fast. Call   to secure it today! CALL US AT   TO DRIVE THIS VEHICLE HOME TODAY** FINANCING AVAILABLE WITH QUALIFIED CREDIT!!FIRST TIME BUYER PROGRAM AVAILABLE NOW!!TAX ID ACCEPTED! EXTENDED WARRANTY OFFERED FOR SALE FOR AN ADDITIONAL 5 YEARS OR 100,000 MILES. AS LOW AS $999 on SELECT MODELS. TRADES WELCOMED. MORE PICTURES AVAILABLE ON SOUTHERNAUTOIMPORTS.COM WE LOOK FORWARD TO DO BUSINESS WITH YOU. ADDRESS... 5124 STONE MOUNTAIN HWY, STONE MTN, GA 30087 WE ARE OPEN 7 DAYS OF THE WEEK. NO HAGGLE CAR PURCHASE! CAR BUYING WITH CONFIDENCE!ᅠVisit Southern Auto Imports  to see more pictures of this vehicle or call us at   today to schedule your test drive.ᅠ3RD PARTY INSPECTIONS ALLOWED AND ENCOURAGED AS WE NEVER CLAIM THAT OUR VEHICLES ARE PERFECT CONDITION.","[PREMIUM]",38,"5124 Stone Mountain Highway","Stone Mountain","GA","30087","[PREMIUM]"
"786831947","2026-07-30 01:22:24.880","2026-07-30 01:22:24.880","786831947","[PREMIUM]","WBA4T9C38H5A15394",2017,"BMW","BMW","BMW440I","440i","Convertible","CONVERT","Used","Used 2017 BMW 440i Convertible",15750,"[PREMIUM]",,,"[PREMIUM]",25893,28143,"White","WHITE","Black","BLACK","6CLDR","6-Cylinder Turbo","2 wheel drive - rear","AUT","8-Speed Automatic","Automatic","G","Gasoline","Gas",21,29,3,false,0,false,true,false,,false,,,"30",75875927,"[PREMIUM]","[PREMIUM]","[PREMIUM]",,"[PREMIUM]",true,,422444,4.7,74,,"[""NO_SALVAGE_TITLE"",""ACCIDENTS_REPORTED"",""NO_ONE_OWNER""]","{""exterior"":[""Alloy Wheels"",""Fog Lights"",""LED Headlamps"",""Premium Wheels 19\""+"",""Xenon Headlamps""],""interior"":[""Air Conditioning"",""Dual Power Seats"",""Heated Seats"",""Leather"",""Power Door Locks"",""Power Windows""],""mechanical"":[""Servotronic Steering""],""other"":[""Cold Weather Pkg"",""Driver Assistance Pkg"",""M Sport Pkg"",""Power Hard Top"",""Side & Top View Cameras"",""Technology Pkg"",""Tilt & Telescoping Wheel""],""safety"":[""ABS (4-Wheel)"",""Alarm System"",""Daytime Running Lights"",""Dual Air Bags"",""Dynamic Stability Control"",""Dynamic Traction Control"",""Knee Air Bags"",""Rollover Protection"",""Side Air Bags""],""technology"":[""AM/FM/HD Radio"",""BMW Assist"",""Backup Camera"",""Bluetooth Wireless"",""CD/MP3 (Single Disc)"",""Dynamic Cruise Control"",""Head-Up Display"",""Keyless Entry"",""Keyless Start"",""Navigation System"",""Parking Sensors"",""SiriusXM Satellite"",""harman/kardon Sound""]}",41,"This mint condition 440i is adult owned and Garage kept and has only been driven 5000 miles in the past 4 1/2 years. It is never taken out in the rain. Car runs and drives like new. Previous owner had bumper repainted from Parking lot incident but you would never be able to tell. There was very minor curb rash on the passenger side wheels which was unfortunately caused by me, but they are touched up and very discreet as you can see in the pictures. I have two sets of keys and clean title in hand and the car has no accidents. The car is bone stock and unmolested. I do not have the original wheels. Tires are in excellent condition and have tons of life left. This is the fourth vehicle in my home hence the low mileage put on. No games, no gimmicks.  Car is located in Myrtle Beach. Car will not be released unless money is in hand.  <br>Reach out to 5*1*6*5*0*9*3*3*0*4","[PREMIUM]",30,,"Myrtle Beach","SC","29579","[PREMIUM]"
"786757905","2026-07-30 01:22:24.878","2026-07-30 01:22:24.878","786757905","[PREMIUM]","L263806A",2017,"FORD","Ford","F150PICKUP","F150","Lariat","TRUCKS","Used","Used 2017 Ford F150 Lariat w/ Equipment Group 502A Luxury",69225,"[PREMIUM]",,"Great","[PREMIUM]",29660,32160,"Lightning Blue","BLUE","Black","BLACK","6CLDR","6-Cylinder Turbo","4 wheel drive","AUT","10-Speed Automatic","Automatic","G","Gasoline","Gas",,,3.5,true,1,false,true,false,,false,,,"30",570140,"[PREMIUM]","[PREMIUM]","[PREMIUM]",13728,"[PREMIUM]",false,"PARTNER",421434,4.4,316,1,"[""NO_SALVAGE_TITLE"",""NO_ACCIDENTS_REPORTED"",""NO_ONE_OWNER""]","{""exterior"":[""18\"" Machined-Aluminum Wheels"",""Accent-Color 3-Bar Style Grille"",""Alloy wheels"",""Auto-dimming door mirrors"",""Body-Color Front & Rear Bumpers"",""Bumpers: chrome"",""Chrome 3-Bar Style Grille w/Chrome Surround"",""Chrome Door & Tailgate Handles w/Body-Color Bezel"",""Chrome Skull Caps on Exterior Mirrors"",""Class IV Trailer Hitch Receiver"",""Delay-off headlights"",""Front fog lights"",""Fully automatic headlights"",""Hard Tonneau Pickup Box Cover (Dealer Installed)"",""Heated door mirrors"",""LED Side-Mirror Spotlights"",""Power Glass Sideview Mirr w/Chrome Skull Caps"",""Power door mirrors"",""Quad Beam LED Headlamps & Taillamps"",""Rear step bumper"",""Single-Tip Chrome Exhaust"",""Turn signal indicator mirrors"",""Wheels: 18\"" 6-Spoke Machined-Aluminum""],""interior"":[""110V/400W Outlet"",""2nd Row Heated Seats"",""Adjustable pedals"",""Air Conditioning"",""Auto-dimming Rear-View mirror"",""Box Side Decal"",""Driver door bin"",""Driver vanity mirror"",""Front Center Armrest w/Storage"",""Front dual zone A/C"",""Front reading lights"",""Heated Steering Wheel"",""Heated front seats"",""Leather-Trimmed 40/20/40 Front Seat"",""Leather-Trimmed Bucket Seats"",""Memory seat"",""Overhead console"",""Passenger door bin"",""Passenger vanity mirror"",""Pedal memory"",""Power Tilt/Telescoping Steering Column w/Memory"",""Power driver seat"",""Power passenger seat"",""Power windows"",""Rear reading lights"",""Rear seat center armrest"",""Rear window defroster"",""Split folding rear seat"",""Steering wheel mounted audio controls"",""Tachometer"",""Telescoping steering wheel"",""Tilt steering wheel"",""Trip computer"",""Universal Garage Door Opener"",""Variably intermittent wipers"",""Ventilated front seats"",""Voltmeter""],""mechanical"":[""4-Wheel Disc Brakes"",""Auxiliary Transmission Oil Cooler"",""Electronic Locking w/3.55 Axle Ratio"",""Engine Oil Cooler"",""Front wheel independent suspension"",""Off-Road Tuned Front Shock Absorbers"",""Power steering"",""Speed-sensing steering"",""Trailer Tow Package"",""Upgraded Front Stabilizer Bar""],""other"":[""000 lbs Payload Package"",""4x4 FX4 Off-Road Bodyside Decal"",""500 lbs Payload Package"",""Accent-Color Angular Step Bars"",""Auto High Beam w/Rain-Sensing Windshield Wipers"",""Chrome Angular Step Bars"",""Equipment Group 502A Luxury"",""FX4 Off-Road Package"",""Front anti-roll bar"",""GVWR: 6"",""GVWR: 7"",""Illuminated entry"",""Lariat Chrome Appearance Package"",""Lariat Sport Appearance Package"",""Outside temperature display"",""Pro Trailer Backup Assist"",""Remote Start System w/Remote Tailgate Release"",""SYNC 3"",""SYNC Connect"",""Wheels: 18\"" Chrome-Like PVD""],""safety"":[""ABS brakes"",""BLIS Blind Spot Information System"",""Brake assist"",""Dual front impact airbags"",""Dual front side impact airbags"",""Electronic Stability Control"",""Low tire pressure warning"",""Occupant sensing airbag"",""Overhead airbag"",""Panic alarm"",""Security system"",""Traction control""],""technology"":[""7 Speakers"",""AM/FM radio: SiriusXM"",""Automatic temperature control"",""CD player"",""Compass"",""Exterior Parking Camera Rear"",""Hill Descent Control"",""Navigation System"",""Radio data system"",""Radio: Single-CD w/SiriusXM Satellite"",""Radio: Sony Single CD w/HD & SiriusXM Satellite"",""Remote keyless entry"",""Reverse Sensing System"",""Speed control"",""Voice-Activated Navigation""]}",117,"Recent Trade! Lariat 3.5 V6 EcoBoost Crew Cab 4x4. FX4, Navigation System, Twin Panel Sunroof, Towing Package, Heavy Duty Trailering Package, 3.55 Rear Axle Ratio With Locking Rear Differential, 20 Wheels, Backup Camera, Backup Sensors, Heated Seats, Cooled Seats, Leather Seats, Memory Seat, SYNC, Leather Wrapped Steering Wheel, Steering Wheel Radio Controls, Automatic Dual Zone Air Conditioning, Heated Steering Wheel, Spray In Bedliner, Power Running Boards, Power Sliding Rear Window, Hard Tonneau Cover, Sony Premium Audio Brand, Rear Heated Seats, Remote Start, Remote Keyless Entry, Rear Window Defroster, Power Windows, Power Locks, Power Mirrors, Rear Tinted Windows. This vehicle has good tires! This F-150 has a clean vehicle history report! Call us today, this vehicle won't last long at this price!   Laura Buick GMC, Serving our community for over 40 years!! We are a family owned dealership committed to providing our customers the best deals backed by outstanding service!","[PREMIUM]",35,"903 North Bluff Road","Collinsville","IL","62234","[PREMIUM]"
"786718803","2026-07-30 01:22:24.875","2026-07-30 01:22:24.875","786718803","[PREMIUM]","ZHX052532",2017,"TOYOTA","Toyota","TACOMA","Tacoma","TRD Sport","TRUCKS","Used","Used 2017 Toyota Tacoma TRD Sport w/ Tow Package (A/T)",63477,"[PREMIUM]",,,"[PREMIUM]",28410,32210,"Magnetic Gray Metallic","GRAY","Graphite","GRAY","6CLDR","6-Cylinder","4 wheel drive","AUT","6-Speed Automatic","Automatic","G","Gasoline","Gas",18,23,3.5,false,1,false,true,false,,false,,,"30",74774453,"[PREMIUM]","[PREMIUM]","[PREMIUM]",12378,"[PREMIUM]",false,"PARTNER",422148,4.1,253,0,"[""NO_SALVAGE_TITLE"",""ACCIDENTS_REPORTED"",""NO_ONE_OWNER""]","{""exterior"":[""Alloy wheels"",""Bumpers: body-color"",""Class IV Hitch Receiver"",""Color-Keyed Overfenders"",""Front fog lights"",""Power door mirrors"",""Rear step bumper"",""Trailer Sway Control"",""Turn signal indicator mirrors"",""Wheels: 17\"" x 7.5\"" Machined Alloy"",""Wide Angle Front Fog Lamps""],""interior"":[""ALL-WEATHER FLOOR LINERS/DOOR SILL"",""Air Conditioning"",""All Weather Floor Liners & Door Sill Protectors"",""Anti-whiplash front head restraints"",""Auto-Dimming Inside Rear-View Mirror w/Compass"",""Auto-dimming Rear-View mirror"",""Driver door bin"",""Dual Zone Automatic Climate Control"",""Fabric Seat Trim (FD)"",""Front Bucket Seats"",""Front Center Armrest"",""Front reading lights"",""Leather Shift Knob"",""Overhead console"",""Passenger door bin"",""Power Sliding Rear Window w/Privacy Glass"",""Power windows"",""Split folding rear seat"",""Steering wheel mounted audio controls"",""Tachometer"",""Telescoping steering wheel"",""Tilt steering wheel"",""Trip computer"",""Variable Intermittent Wipers"",""Variably intermittent wipers""],""mechanical"":[""ATF Cooler"",""Axle Ratio: 3.91"",""Engine Oil Cooler"",""Front wheel independent suspension"",""Power Steering Cooler"",""Power steering"",""Speed-sensing steering"",""Tow Package (A/T)""],""other"":[""120V/400W Deck Mounted AC Power"",""130 Amp Alternator"",""EXHAUST TIP"",""Exhaust Tip"",""Front anti-roll bar"",""Illuminated entry"",""Outside temperature display"",""PREDATOR TUBE STEP"",""Predator Tube Steps"",""Smart Key w/Push Button Start"",""TRD Sport Package (PY)""],""safety"":[""ABS brakes"",""Blind Spot Monitor w/Rear Cross Traffic Alert"",""Brake assist"",""Dual front impact airbags"",""Dual front side impact airbags"",""Electronic Stability Control"",""Knee airbag"",""LED Daytime Running Lights"",""Low tire pressure warning"",""Occupant sensing airbag"",""Overhead airbag"",""Panic alarm"",""Security system"",""Traction control""],""technology"":[""6 Speakers"",""AM/FM radio: SiriusXM"",""CD player"",""Compass"",""Cruise Control"",""Engine Immobilizer"",""Exterior Parking Camera Rear"",""Navigation System"",""Radio: Entune Premium JBL AM/FM/CD w/Nav & App Ste"",""Radio: Entune Premium w/AM/FM/CD/Nav/App Suite"",""Rear Parking Assist Sonar"",""Remote Keyless Entry System"",""Remote keyless entry"",""Speed control""]}",83,"This 2017 Toyota Tacoma TRD Sport represents a capable truck built to handle both work and weekend adventures with dependable performance and practical design.<br><br>- All-Weather Floor Liners &amp; Door Sill Protectors<br>- Predator Tube Steps<br>- Exhaust Tip<br>- Tow Package with Class IV Hitch Receiver and Trailer Sway Control<br>- V6 Engine with 6-Speed Automatic and 4WD<br>- TRD Sport Package<br>- Entune Premium JBL Navigation System with SiriusXM<br>- Smart Key with Push Button Start<br>- Blind Spot Monitor with Rear Cross Traffic Assistant<br>- Power Sliding Rear Window with Privacy Glass<br>- Exterior Parking Camera<br>- LED Daytime Running Lights<br>- 17 Machined Alloy Wheels<br>- Dual Zone Automatic Climate Control<br>- Front Fog Lights<br><br>The gray exterior presents a clean, professional appearance that suits both job sites and daily driving. With 63,477 miles on the odometer, this truck remains well-maintained and ready for extended service. The V6 engine paired with a 6-speed automatic transmission delivers balanced performance, achieving 18 mpg in the city and 23 mpg on the highway respectable figures for a truck of this capability.<br><br>The TRD Sport package distinguishes this Tacoma with design elements and protective upgrades that enhance functionality. The Predator tube steps provide convenient entry and exit, while the all-weather floor liners and door sill protectors guard against daily wear and weather. The exhaust tip adds a finished appearance to the truck's rear end.<br><br>Connectivity and convenience features include the Entune Premium JBL navigation system with SiriusXM satellite radio and a CD player, ensuring you stay informed and entertained. The smart key with push button start simplifies vehicle operation, while the blind spot monitor and rear cross traffic alert contribute to driving awareness. The exterior parking camera offers additional assistance when maneuvering into tight spaces.<br><br>The tow package comes equipped with a Class IV hitch receiver, 4- and 7-pin connector with converter, trailer sway control, and coolers for transmission fluid, engine oil, and power steering components engineered to support towing demands reliably.<br><br>Inside, the truck accommodates occupants with front bucket seats and a split folding rear seat, providing flexibility for passengers and cargo. Dual zone automatic climate control, cruise control, and steering wheel-mounted audio controls create a comfortable driving environment. Additional features such as the auto-dimming rear-view mirror, overhead console, and multiple airbags support both convenience and occupant safety.<br><br>This Tacoma TRD Sport is equipped to serve as a dependable work truck or weekend companion. We invite you to visit our showroom to inspect this vehicle in person and discuss how it can meet your transportation needs.","[PREMIUM]",19,"13429 STATESVILLE RD","Huntersville","NC","28078","[PREMIUM]"
"786463108","2026-07-30 01:22:24.868","2026-07-30 01:22:24.868","786463108","[PREMIUM]","P2640",2017,"TOYOTA","Toyota","4RUN","4Runner","TRD Off-Road Premium","SUV","Used","Used 2017 Toyota 4Runner TRD Off-Road Premium",87058,"[PREMIUM]",,,"[PREMIUM]",30270,34170,"Magnetic Gray Metallic","GRAY","Black","BLACK","6CLDR","6-Cylinder","4 wheel drive","AUT","5-Speed Automatic","Automatic","G","Gasoline","Gas",17,20,4,false,5,false,true,false,,false,,,"30",71630701,"[PREMIUM]","[PREMIUM]","[PREMIUM]",3065,"[PREMIUM]",false,"PARTNER",428280,4.6,369,0,"[""NO_SALVAGE_TITLE"",""NO_FRAME_DAMAGE"",""NO_FLOOD_WATER_DAMAGE"",""ACCIDENTS_REPORTED"",""NO_ONE_OWNER"",""FREE_REPORT""]","{""exterior"":[""Alloy wheels"",""Black Roof Rails"",""Body Color Heated Mirrors"",""Bumpers: body-color"",""Front fog lights"",""Heated door mirrors"",""Power door mirrors"",""Rear window wiper"",""Roof Rack Cross Bars"",""Spoiler"",""Turn signal indicator mirrors""],""interior"":[""Air Conditioning"",""All-Weather Floor Liners & Cargo Tray"",""Anti-whiplash front head restraints"",""Auto-Dimming Rear-View Mirror"",""Auto-dimming Rear-View mirror"",""Driver door bin"",""Driver vanity mirror"",""Front Bucket Seats"",""Front Center Armrest"",""Front reading lights"",""Garage Door Opener"",""Heated Front Bucket Seats"",""Heated front seats"",""Leather Shift Knob"",""Moonroof w/Tilt Up & Slide"",""Overhead console"",""Passenger door bin"",""Passenger vanity mirror"",""Power driver seat"",""Power passenger seat"",""Power windows"",""Rear seat center armrest"",""Rear window defroster"",""Softex Synthetic Leather Seat Trim"",""Split folding rear seat"",""Steering wheel mounted audio controls"",""Tachometer"",""Telescoping steering wheel"",""Tilt steering wheel"",""Trip computer"",""Variably intermittent wipers""],""mechanical"":[""3.727 Axle Ratio"",""4-Wheel Disc Brakes"",""Front wheel independent suspension"",""Power steering"",""Speed-sensing steering""],""other"":[""Emergency communication system: Safety Connect"",""Exhaust Tip"",""Front anti-roll bar"",""Illuminated entry"",""Off Road Package"",""Off Road Premium Package w/Softex"",""Outside temperature display"",""Radio: Entune Premium Audio w/Navigation"",""Rear anti-roll bar"",""Roof rack: rails only"",""Wheels: 17\"" x 7.5\"" 7-Spoke Unique Off-Road Alloy""],""safety"":[""ABS brakes"",""Brake assist"",""Dual front impact airbags"",""Dual front side impact airbags"",""Electronic Stability Control"",""Knee airbag"",""Low tire pressure warning"",""Occupant sensing airbag"",""Overhead airbag"",""Panic alarm"",""Security system"",""Traction control""],""technology"":[""8 Speakers"",""AM/FM radio: SiriusXM"",""CD player"",""Compass"",""Exterior Parking Camera Rear"",""Garage door transmitter: HomeLink"",""Navigation System"",""Remote Engine Starter"",""Remote keyless entry"",""Speed control""]}",80,"This 2017 Toyota 4Runner TRD Off-Road Premium is built to handle the demands of both daily driving and genuine off-road adventure with substantial capability and comfort.<br><br>- Radio: Entune Premium Audio with Navigation<br>- Heated Front Bucket Seats with Softex Synthetic Leather<br>- Moonroof with Tilt Up &amp; Slide<br>- Auto-Dimming Rear-View Mirror<br>- Garage Door Opener<br>- Body Color Heated Mirrors<br>- Black Roof Rails<br>- Roof Rack Cross Bars<br>- All-Weather Floor Liners &amp; Cargo Tray<br>- Remote Engine Starter<br>- Off-Road Premium Package with Softex<br>- Navigation System<br>- Rear Parking Camera<br>- Emergency Communication System: Safety Connect<br>- Alloy Wheels: 17 x 7.5 7-Spoke Unique Off-Road Design<br><br>The TRD Off-Road Premium designation reflects this 4Runner's specialized engineering for terrain beyond standard pavement. The 4.0L V6 engine delivers a balanced combination of power and efficiency, returning 17 mpg in the city and 20 mpg on the highway. Four-wheel drive with the integrated off-road package provides the traction and control you need when conditions demand it. The suspension geometry and axle ratio have been tuned for off-road performance without sacrificing on-road composure.<br><br>Your ownership experience is enhanced by genuine comfort appointments. Heated front bucket seats finished in Softex synthetic leather provide warmth and durability, while the expansive moonroof connects you with your surroundings. The Entune Premium Audio system with integrated navigation becomes your reliable guide, whether you're navigating city streets or exploring remote locations. Dual-zone climate control and power seat adjustments ensure personalized comfort for both driver and passenger.<br><br>Practical features throughout the cabin demonstrate thoughtful design. The remote engine starter lets you warm or cool the cabin before departure. The HomeLink garage door opener integrates your driveway into the vehicle's functionality. All-weather floor liners and cargo tray protect against dirt, moisture, and spills. The rear parking camera provides visibility when reversing, while the exterior parking lights illuminate approach areas during nighttime arrivals.<br><br>Safety systems are comprehensive and designed to protect occupants across a range of scenarios. Dual front impact airbags, front side impact airbags, and overhead airbags work with emergency communication connectivity. Electronic stability control, traction control, and anti-lock brakes provide confidence during challenging driving conditions. Speed-sensing steering adapts to your driving style, while brake assist technology enhances stopping capability.<br><br>This gray exterior presents a finished, purposeful appearance that suits the vehicle's serious capability. At 87,058 miles, this 4Runner carries genuine road experience while remaining well-maintained and ready for continued service. The combination of TRD Off-Road engineering, practical appointments, and documented maintenance makes this model a legitimate choice for buyers seeking authentic capability matched with everyday livability. We invite you to inspect this 4Runner and experience how it balances genuine off-road engineering with the comfort appointments you deserve.","[PREMIUM]",20,"9000 WEST FWY","Fort Worth","TX","76108","[PREMIUM]"
