"_primaryKey","_firstSeenAt","_lastSeenAt","listingId","vin","stockNumber","year","makeCode","makeName","modelCode","modelName","trim","bodyStyle","listingType","listingTitle","mileage","salePrice","msrp","dealIndicator","kbbFairPurchasePrice","kbbFairPriceLow","kbbFairPriceHigh","exteriorColor","exteriorColorSimple","interiorColor","interiorColorSimple","engineCode","engine","drivetrain","transmissionCode","transmission","transmissionGroup","fuelTypeCode","fuelType","fuelTypeGroup","mpgCity","mpgHighway","displacementUOM","hasLeatherSeats","daysOnMarket","isHot","isNewlyListed","isReducedPrice","isNoHagglePrice","hasSpecialOffer","moneyBackGuarantee","mainImageIsStock","priority","sellerId","sellerName","sellerPhone","sellerRating","sellerReviewCount","sellerWebsite","isPrivateSeller","sellerContractLevel","kbbVehicleId","kbbConsumerRatings","kbbConsumerReviewCount","safetyRecallCount","vhrPreview","options","optionsCount","description","images","imagesCount","sellerAddress","sellerCity","sellerState","sellerZip","listingUrl"
"787354993","2026-08-05 21:46:53.840","2026-08-05 21:46:53.840","787354993","[PREMIUM]","P260731568T1",2012,"FORD","Ford","EDGE","Edge","Limited","SUV","Used","Used 2012 Ford Edge Limited",206400,"[PREMIUM]",,"Great","[PREMIUM]",3925,4925,"Ginger Ale Metallic","BEIGE","Charcoal Black","BLACK","6CLDR","6-Cylinder","2 wheel drive - front","AUT","6-Speed Automatic","Automatic","G","Gasoline","Gas",19,27,3.5,true,1,false,true,false,,false,,,"30",73965085,"[PREMIUM]","[PREMIUM]","[PREMIUM]",2872,"[PREMIUM]",false,"PARTNER",365577,4.5,776,0,"[""NO_SALVAGE_TITLE"",""ACCIDENTS_REPORTED"",""NO_ONE_OWNER""]","{""exterior"":[""18\"" Chrome-Clad Wheels"",""Alloy wheels"",""Bumpers: body-color"",""Delay-off headlights"",""Fully automatic headlights"",""Heated door mirrors"",""Power door mirrors"",""Rear window wiper"",""Spoiler""],""interior"":[""Air Conditioning"",""Auto-dimming Rear-View mirror"",""Driver door bin"",""Driver vanity mirror"",""Front Bucket Seats"",""Front Center Armrest w/Storage"",""Front dual zone A/C"",""Front reading lights"",""Heated front seats"",""Leather-Trimmed Heated Bucket Seats"",""Memory seat"",""Overhead console"",""Passenger door bin"",""Passenger vanity mirror"",""Power driver seat"",""Power passenger seat"",""Power windows"",""Rear reading lights"",""Rear seat center armrest"",""Rear window defroster"",""Speed-Sensitive Wipers"",""Split folding rear seat"",""Steering wheel mounted audio controls"",""Tachometer"",""Telescoping steering wheel"",""Tilt steering wheel"",""Trip computer"",""Variably intermittent wipers""],""mechanical"":[""3.16 Axle Ratio"",""4-Wheel Disc Brakes"",""Four wheel independent suspension"",""Power steering""],""other"":[""CLIENT RESPONSIBLE FOR ALL REPAIRS AFTER SALES"",""Front anti-roll bar"",""Illuminated entry"",""Outside temperature display"",""Rear anti-roll bar"",""VEHICLE IS SHOWN AS IS - SOLD AS IS"",""WHOLESALE TO PUBLIC""],""safety"":[""ABS brakes"",""Brake assist"",""Dual front impact airbags"",""Dual front side impact airbags"",""Electronic Stability Control"",""Low tire pressure warning"",""Occupant sensing airbag"",""Overhead airbag"",""Panic alarm"",""Traction control""],""technology"":[""12 Speakers"",""AM/FM radio: SIRIUS"",""Automatic temperature control"",""CD player"",""Compass"",""Exterior Parking Camera Rear"",""Garage door transmitter: HomeLink"",""Premium audio system: Sony"",""Radio data system"",""Radio: Sony AM/FM Stereo w/HD Radio/MyFord Touch"",""Rear Parking Sensors"",""Remote keyless entry"",""Speed control""]}",71,"This 2012 Ford Edge Limited offers a practical and versatile midsize crossover solution with proven capability and comfort features designed for everyday driving needs.<br><br>- Sony Premium Audio System with 12 Speakers and HD Radio<br>- Leather-Trimmed Heated Front Bucket Seats<br>- Automatic Temperature Control with Dual Front Zone A/C<br>- Power Driver Seat with Memory Function<br>- Rear Parking Sensors and Exterior Parking Camera<br>- Electronic Stability Control and Traction Control<br>- Four-Wheel Independent Suspension<br>- MyFord Touch with Steering Wheel Audio Controls<br>- 18 Chrome-Clad Alloy Wheels<br>- Heated Power Door Mirrors<br>- Rear Split-Folding Seat<br>- HomeLink Garage Door Transmitter<br>- Four-Wheel Disc Brakes with ABS<br>- Dual Front and Side Impact Airbags<br>- Speed-Sensitive Windshield Wipers<br><br>The Edge features a 3.5L V6 Ti-VCT engine paired with a 6-speed automatic transmission with Select-Shift capability, delivering 19 mpg in city driving and 27 mpg on the highway. Front-wheel drive and four-wheel independent suspension provide a balanced driving experience suitable for various road conditions and daily commuting.<br><br>Interior appointments include leather-trimmed heated front bucket seats with power adjustment and memory settings for the driver, creating a comfortable environment for extended drives. Automatic dual-zone climate control maintains separate temperature settings for driver and passenger, while the rear window defroster ensures visibility during adverse weather.<br><br>The technology package includes a Sony AM/FM stereo system with MyFord Touch, SIRIUS satellite radio capability, and CD player integration. Steering wheel-mounted audio controls allow convenient adjustment without taking your hands off the wheel, and HomeLink integration provides garage door opener functionality.<br><br>Safety features encompass a comprehensive airbag system including dual front and side impact protection, with electronic stability control and traction control working to maintain vehicle stability. Four-wheel disc brakes with ABS offer reliable stopping power, while rear parking sensors and an exterior parking camera assist with maneuvering in confined spaces.<br><br>Vehicle is shown as is - sold as is. Client responsible for all repairs after sales.","[PREMIUM]",14,"5359 S US HIGHWAY 1","Fort Pierce","FL","34982","[PREMIUM]"
"786606911","2026-08-05 21:45:23.516","2026-08-05 21:45:23.516","786606911","[PREMIUM]","3VWDP7AJ3CM421979",2012,"VOLKS","Volkswagen","JET","Jetta","SE","SEDAN","Used","Used 2012 Volkswagen Jetta SE",92000,"[PREMIUM]",,"Good","[PREMIUM]",4095,5170,"Black","BLACK","Black","BLACK","5CLDR","5-Cylinder","2 wheel drive - front","AUT","6-Speed Automatic","Automatic","G","Gasoline","Gas",24,32,2.5,false,11,false,false,false,,false,,,"30",75871795,"[PREMIUM]","[PREMIUM]","[PREMIUM]",,"[PREMIUM]",true,,365972,4.4,495,,"[""NO_SALVAGE_TITLE"",""NO_ACCIDENTS_REPORTED"",""NO_ONE_OWNER""]","{""interior"":[""Air Conditioning"",""Heated Seats"",""Power Door Locks"",""Power Windows""],""mechanical"":[""Power Steering""],""other"":[""Premium VIII AM/FM Stereo"",""Tilt & Telescoping Wheel""],""safety"":[""ABS (4-Wheel)"",""Anti-Theft System"",""Daytime Running Lights"",""Dual Air Bags"",""Electronic Stability Control"",""F&R Head Curtain Air Bags"",""Side Air Bags"",""Traction Control""],""technology"":[""CD/MP3 (Single Disc)"",""Cruise Control""]}",17,"Black 2012 VW Jetta, second owner, and have had it for two years. 92k miles on it, it's been thoroughly maintained, it's equipped with brand new engine fans. I bought it with many cosmetic imperfections, mostly small dents and scratches, as well as a loose part of the seat in the backseat as seen in picture(). The biggest damage to the body is on the front bumper, and part of it is held up by tape, which is likely fixable but I've just not gotten around to it. However it has been an incredibly reliable and safe first car of mine, I'm only selling it because I'm going to college and won't need it.","[PREMIUM]",11,,"Los Angeles","CA","90001","[PREMIUM]"
"787276126","2026-08-05 21:44:23.408","2026-08-05 21:44:23.408","787276126","[PREMIUM]","TDA51550A",2019,"CHEV","Chevrolet","CORV","Corvette","Grand Sport","COUPE","Used","Used 2019 Chevrolet Corvette Grand Sport",16092,"[PREMIUM]",,,"[PREMIUM]",57340,66040,"Ceramic Matrix Gray Metallic","GRAY","Black","BLACK","8CLDR","8-Cylinder","2 wheel drive - rear","AUT","8-Speed Automatic","Automatic","G","Gasoline","Gas",,,6.2,true,3,false,true,false,false,false,false,false,"PREMIUM",,"[PREMIUM]","[PREMIUM]","[PREMIUM]",,"[PREMIUM]",,,434978,4.5,173,0,"[""NO_SALVAGE_TITLE"",""NO_ACCIDENTS_REPORTED"",""ONE_OWNER""]","{""exterior"":[""Alloy wheels"",""Body-Color Outside Heated Power-Adjustable Mirrors"",""Bumpers: body-color"",""Delay-off headlights"",""Fully automatic headlights"",""Heated door mirrors"",""High-Intensity Discharge Headlights"",""Power door mirrors"",""Spoiler"",""Visible Carbon Fiber Rear Spoiler (LPO) (DISC)""],""interior"":[""8-Way Driver & Passenger Seat Adjusters"",""Air Conditioning"",""Auto-Dimming Inside Frameless Rearview Mirror"",""Cargo Net"",""Driver door bin"",""Driver vanity mirror"",""Front Bucket Seats"",""Front Center Armrest"",""Front dual zone A/C"",""Front reading lights"",""GT Bucket Seats"",""Heated & Vented Driver & Front Passenger Seats"",""Leather Shift Knob"",""Leather steering wheel"",""Luggage Shade"",""Passenger door bin"",""Passenger vanity mirror"",""Power Lumbar/Bolster Seat Adjusters"",""Power driver seat"",""Power passenger seat"",""Power windows"",""Rear window defroster"",""Sport steering wheel"",""Steering wheel mounted audio controls"",""Tachometer"",""Telescoping steering wheel"",""Tilt steering wheel"",""Trip computer"",""Universal Home Remote"",""Variably intermittent wipers"",""Voltmeter""],""mechanical"":[""4-Wheel Disc Brakes"",""Adaptive suspension"",""Four wheel independent suspension"",""Power steering"",""Speed-sensing steering""],""other"":[""2.73 Limited Slip Performance Rear Axle Ratio"",""Apple CarPlay/Android Auto"",""Battery Protection Package"",""CLEAN CARFAX!!!"",""Carbon-Flash Painted Ground Effects Package"",""Cargo Shade w/Crossed Flag Logo (LPO)"",""Front Curb View Cameras"",""Front anti-roll bar"",""Illuminated entry"",""Memory Package"",""ONE-OWNER!!!"",""Outside temperature display"",""Painted Body-Color Carbon Fiber Removable Roof Panel"",""Performance Data & Video Recorder"",""Preferred Equipment Group 2LT"",""Premium Carpet Floor Mats w/Grand Sport Logo (LPO)"",""Rear anti-roll bar"",""Wheels: 19\"" x 10\"" Fr & 20\"" x 12\"" Rr Grand Sport Chrome""],""safety"":[""ABS brakes"",""Dual front impact airbags"",""Dual front side impact airbags"",""Electronic Stability Control"",""Emergency communication system"",""Low tire pressure warning"",""Occupant sensing airbag"",""Panic alarm"",""Red-Painted Calipers"",""Theft Deterrent System"",""Traction control""],""technology"":[""9 Speakers"",""AM/FM radio: SiriusXM"",""Automatic temperature control"",""Bose Advanced 10-Speaker Audio System Feature"",""Bose Premium 9-Speaker Audio System Feature"",""Compass"",""Exterior Parking Camera Rear"",""Head-Up Display"",""Heads-Up Display"",""Radio data system"",""Radio: Chevrolet Infotainment System w/Navigation"",""Remote Vehicle Starter System"",""Remote keyless entry"",""SiriusXM Radio"",""Speed control""]}",90,"This 2019 Chevrolet Corvette Grand Sport 2LT represents an exceptional opportunity to own a performance-focused sports car that delivers genuine driving engagement and distinctive styling.<br><br>- 6.2L V8 engine with 8-speed paddle shift automatic transmission<br>- Grand Sport Chrome aluminum wheels (19 x 10 front, 20 x 12 rear)<br>- Red-painted performance calipers<br>- Head-Up Display<br>- Bose Advanced 10-Speaker Audio System with SiriusXM Radio<br>- Performance Data and Video Recorder<br>- Heated and vented GT bucket seats with power adjusters<br>- Visible carbon fiber rear spoiler<br>- Front curb view cameras<br>- Auto-dimming frameless rearview mirror<br>- Body-color heated power-adjustable mirrors<br>- Apple CarPlay and Android Auto integration<br>- Carbon-Flash painted ground effects package<br>- Memory seat package<br>- Universal home remote<br><br>This Grand Sport carries a clean Carfax report and is a one-owner vehicle, providing confidence in its maintenance history and overall care. With approximately 16,000 miles on the odometer, it remains virtually new while offering the benefit of that crucial first-owner provenance.<br><br>The vehicle is finished in gray, which complements the aggressive styling cues of the Grand Sport package. Inside, you'll find a well-appointed cabin with heated and vented GT bucket seats, a leather steering wheel, and a sport-oriented layout that prioritizes driver engagement.<br><br>Performance is accessible through the 6.2L V8 paired with an 8-speed automatic transmission offering paddle shift control for those moments when you want direct command. The performance data and video recorder allow you to capture and analyze your driving experiences. The adaptive suspension and four-wheel independent design work together to deliver responsive handling on any road surface.<br><br>Practical amenities round out the package. Dual automatic climate zones, the Chevrolet Infotainment System with navigation, and remote vehicle starter functions ensure comfort and convenience. Safety features include electronic stability control, traction control, and a comprehensive airbag system.<br><br>This Corvette Grand Sport 2LT combines authentic performance with daily usability. We encourage you to visit the showroom to experience this compelling sports car firsthand.","[PREMIUM]",27,,,,,"[PREMIUM]"
"787153430","2026-08-05 21:42:22.781","2026-08-05 21:42:22.781","787153430","[PREMIUM]","G625432",2019,"RAM","RAM","RM3500","3500","Big Horn","TRUCKS","Used","Used 2019 RAM 3500 Big Horn",34838,"[PREMIUM]",,,"[PREMIUM]",50638,53838,"Billet Silver Metallic Clearco","SILVER","Diesel Gray/Black","GRAY","6CLDR","6-Cylinder Turbo","4 wheel drive","AUT","6-Speed Automatic","Automatic","D","Diesel","Gas",,,6.7,false,4,false,true,false,,false,,,"30",100036714,"[PREMIUM]","[PREMIUM]","[PREMIUM]",241,"[PREMIUM]",false,"PARTNER",443946,3.5,24,1,"[""NO_SALVAGE_TITLE"",""ACCIDENTS_REPORTED"",""NO_ONE_OWNER""]","{""exterior"":[""Black Grille w/Chrome Surround"",""Black Side Windows Trim and Black Front Windshield Trim"",""Chrome Rear Step Bumper"",""Front bumper sight shields"",""Single Stainless Steel Exhaust"",""Tailgate Rear Cargo Access"",""Tires: LT275/70R18E BSW AS""],""interior"":[""2 12V DC Power Outlets"",""2 Way Rear Headrest Seat"",""4 way front headrests"",""4-Way Driver Seat -inc: Manual Recline and Fore/Aft Movement"",""Armrests w/Storage and Rear Center Armrest"",""Auto Locking Hubs"",""Cargo Lamp w/High Mount Stop Light"",""Center Stack Storage Drawer"",""Chrome door handles"",""Cruise Control w/Steering Wheel Controls"",""Day-Night Rearview Mirror"",""Deep Tinted Glass"",""Fixed Rear Window"",""Front Armrest w/Cupholders"",""Front Map Lights"",""Full Carpet Floor Covering -inc: Carpet Front And Rear Floor Mats"",""Full Cloth Headliner"",""Glove Box"",""HVAC -inc: Underseat Ducts and Console Ducts"",""Illuminated Front Cupholder"",""Instrument Panel Covered Bin Dashboard Storage Driver / Passenger And Rear Door Bins"",""Interior Trim -inc: Metal-Look Instrument Panel Insert Metal-Look Door Panel Insert and Chrome/Metal-Look Interior Accents"",""Manual Adjust 4-Way Front Passenger Seat"",""Manual tilt steering column"",""Mini Overhead Console and 2 12V DC Power Outlets"",""Passenger Seat"",""Rear Cupholder"",""Redundant Digital Speedometer"",""Seats w/Cloth Back Material"",""Valet Function"",""Vinyl Door Trim Insert""],""mechanical"":[""3.73 Axle Ratio"",""50 State Emissions"",""Electronic Transfer Case"",""Hydraulic Power-Assist Steering"",""Mechanical Limited Slip Differential"",""Multi-Link Front Suspension w/Coil Springs"",""Part-Time Four-Wheel Drive"",""Solid Axle Rear Suspension w/Leaf Springs"",""Transmission w/Driver Selectable Mode""],""other"":[""1-Year SiriusXM Radio Service"",""180 Amp Alternator"",""31 Gal. Fuel Tank"",""4-Wheel Disc Brakes w/4-Wheel ABS Front And Rear Vented Discs Brake Assist and Hill Hold Control"",""4420# Maximum Payload"",""730CCA Maintenance-Free Battery w/Run Down Protection"",""Analog Appearance"",""Auto On/Off Reflector Halogen Daytime Running Headlamps w/Delay-Off"",""Cab Mounted Cargo Lights"",""Center Hub"",""Chrome Front Bumper w/2 Tow Hooks"",""Delayed Accessory Power"",""Electronically controlled throttle"",""Fade-To-Off Interior Lighting"",""Front Anti-Roll Bar"",""Front license plate bracket"",""GPS Antenna Input"",""GVWR: 11400 lbs"",""Galvanized Steel/Aluminum Panels"",""HD gas-pressurized shock absorbers"",""Laminated Glass"",""Manual Extendable Trailer Style Mirrors"",""Outside Temp Gauge"",""Perimeter/Approach Lights"",""Proximity Key For Push Button Start Only"",""Regular Box Style"",""Streaming Audio"",""Tip start"",""USB Host Flip"",""Urethane Gear Shifter Material""],""safety"":[""Airbag Occupancy Sensor"",""Curtain 1st And 2nd Row Airbags"",""Dual Stage Driver And Passenger Front Airbags"",""Dual Stage Driver And Passenger Seat-Mounted Side Airbags"",""Full-Size Spare Tire Stored Underbody w/Crankdown"",""Outboard Front Lap And Shoulder Safety Belts -inc: Rear Center 3 Point Height Adjusters and Pretensioners"",""Rear child safety locks"",""Side Impact Beams"",""Steel Spare Wheel""],""technology"":[""1 LCD Monitor In The Front"",""6 Speakers"",""Active Noise Control System"",""Compass"",""Driver Information Center"",""Immobilizer"",""Integrated Roof Antenna"",""Trailer Wiring Harness""]}",94,"Why BUY from Duncan Suzuki? When you choose this Billet Silver Metallic Clearcoat 2019 Ram 3500 Big Horn with 34,838 miles, you are not just buying a used vehicle - you are investing in quality, reliability and peace of mind. Our clientele depend on us for Transparent Pricing, Convenience and, most importantly, Customer FIRST Service! Dual Rear WheelBig Horn Level 1 Equipment Group ($1,995 value)Foam Bottle Insert (door Trim Panel)Sun Visors with Illuminated Vanity MirrorsRear View Auto Dim MirrorPower Adjustable Folding Heated Black Tow MirrorsLocking Lower Glove BoxDual Glove BoxesFootwell Courtesy LampGlove Box LampPower-Folding MirrorsRear Dome with On/off Switch LampSteering Wheel Mounted Audio ControlsGoogle Android Auto8.4'' Touchscreen DisplayApple CarPlayIntegrated Center Stack RadioLeather Wrapped Steering WheelUconnect 4 Radio with 8.4'' Display18'' X 8.0'' Polished Aluminum Wheels1-Year SiriusXM Radio ServiceFor More Info, Call  Power Adjustable PedalsUniversal Garage Door OpenerHeavy Duty Snow Plow Prep Group ($195 value)220 Amp AlternatorTransfer Case Skid Plate ShieldFog Lamps ($195 value)Remote Start System ($295 value)4.10 Axle Ratio ($145 value)Rear Window Defroster ($195 value)220 Amp Alternator ($100 value)Spray In Bedliner ($565 value)5th Wheel/Gooseneck Towing Prep ($445 value)LED Bed Lighting ($165 value)ParkSense Front and Rear Park Assist System ($395 value)Billet Silver Metallic Clear Coat Paint ($200 value)Cummins HO 6.7L Turbo Diesel I6 400hp 1000ft. lbs. ($11,795 value)Includes Cummins HO 6.7L I6 turbo diesel engine rated at 400 hp @ 2800 rpm and 1000 ft. lbs. of torque at 1800 rpm.Cloth 40/20/40 Premium Split Bench Seat ($945 value)Includes cloth 40/20/40 premium split bench seat, 8-way power adjustable driver seat with power lumbar adjustment, 4-way manual adjust passenger seat, front seatback map pockets, front armrest with cupholders, front center seat cushion storage, rear 60/40 split folding seat, and folding flat load floor storage.Premium Cloth Bucket Seats ($1,195 value)Includes premium cloth bucket seats, 8-way power adjustable driver seat with power lumbar adjustment, 4-way manual adjust passenger seat, front seatback map pockets, rear 60/40 split folding seat, full length floor console, and folding flat load storage.UConnect 4 with 8.4 In. Display ($795 value)Includes 8.4 inch touch screen display, Apple Carplay, Android Auto, AM/FM radio, HD radio, integrated voice command with Bluetooth, media hub with USB and auxiliary audio inputs, and SiriusXM satellite radio. Comfort Heated steering wheel - A warm touch. Trying to drive with bulky winter gloves on isn't always easy. Keep your hands warm in cold temperatures so you can ditch the mitts and get a firm grip with this heated steering wheel. Heated driver and front passenger seat cushions - That s hot. Heated driver and front passenger seat cushions provide more targeted warmth so you can get comfortable quicker in cold weather. If you have lower body pain, you might also be soothed by the heat while you drive. No matter the weather, find comfort in heated driver and front passenger seat cushions.Convenience Keyfob engine start control - Get an early start. Remotely start your vehicle's engine from the key fob, ensuring your ride is ready to go when you get in. Now you can stay comfortable inside while your vehicle gets comfortable outside, thanks to Keyfob engine start control.Technology and Telematics Smart device mirroring - Smartphone, meet smart car. You can control your device through your vehicle's infotainment system. Smart device mirroring brings together safety and convenience by making it easier to find what you're looking for while keeping your eyes on the road. Wireless connectivity - Strike the cord. Wireless technology makes it easy to place calls without having to fumble with your phone. It integrates your device with the system inside your vehicle for hands-free access. Keep connected and keep your h","[PREMIUM]",64,"1001 E Main St","Pulaski","VA","24301","[PREMIUM]"
"785727591","2026-08-05 21:42:22.758","2026-08-05 21:42:22.758","785727591","[PREMIUM]","1C4NJPBB7CD589684",2012,"JEEP","Jeep","PATRIOT","Patriot","Sport","SUV","Used","Used 2012 Jeep Patriot Sport",147761,"[PREMIUM]",,"Great","[PREMIUM]",3120,3970,"Gray","GRAY","Tan","TAN","4CLDR","4-Cylinder","2 wheel drive - front","AUT","Continuously Variable Automatic","Automatic","G","Gasoline","Gas",,,2.4,false,21,false,false,false,,false,,,"30",75861277,"[PREMIUM]","[PREMIUM]","[PREMIUM]",,"[PREMIUM]",true,,373338,4.2,554,,"[""NO_SALVAGE_TITLE"",""NO_ACCIDENTS_REPORTED"",""NO_ONE_OWNER""]","{""exterior"":[""Fog Lights"",""Steel Wheels""],""interior"":[""Air Conditioning"",""Power Door Locks"",""Power Windows"",""Tilt Wheel""],""mechanical"":[""Power Steering"",""Touring Suspension""],""safety"":[""ABS (4-Wheel)"",""Dual Air Bags"",""F&R Head Curtain Air Bags"",""Rollover Protection"",""Side Air Bags"",""Stability Control""],""technology"":[""AM/FM Stereo"",""CD/MP3 (Single Disc)"",""Cruise Control"",""Hill Start Assist Control""]}",18,"This car has been sitting for two years. P0777 code came up  when I checked the codes. I bought a battery recently; the lights turn on, but it doesn't crank. Before I stopped driving it, it needed a little suspension work, alignment, and the Transmission Pressure Solenoid to be changed. Selling as is. Will need to be towed. I will add pictures of the interior soon. This car has a lien, any profits made from the sale will be paid directly to the lienholder.","[PREMIUM]",4,,"Los Angeles","CA","90001","[PREMIUM]"
"787338539","2026-08-05 21:42:22.755","2026-08-05 21:42:22.755","787338539","[PREMIUM]","2HGFB2F53CH314651",2012,"HONDA","Honda","CIVIC","Civic","LX","SEDAN","Used","Used 2012 Honda Civic LX",210194,"[PREMIUM]",,"Great","[PREMIUM]",4905,5830,"Silver","SILVER","Gray","GRAY","4CLDR","4-Cylinder","2 wheel drive - front","AUT","5-Speed Automatic","Automatic","G","Gasoline","Gas",28,39,1.8,false,2,false,true,false,,false,,,"30",75882401,"[PREMIUM]","[PREMIUM]","[PREMIUM]",,"[PREMIUM]",true,,371047,4.5,405,,"[""NO_SALVAGE_TITLE"",""ACCIDENTS_REPORTED"",""NO_ONE_OWNER""]","{""exterior"":[""Alloy Wheels""],""interior"":[""Power Door Locks"",""Power Windows""],""mechanical"":[""Power Steering""],""other"":[""Tilt & Telescoping Wheel""],""safety"":[""ABS (4-Wheel)"",""Anti-Theft System"",""Daytime Running Lights"",""F&R Head Curtain Air Bags"",""Stability Control"",""Traction Control""],""technology"":[""AM/FM Stereo"",""CD/MP3 (Single Disc)"",""Cruise Control"",""Keyless Entry""]}",15,"Honda Civic Sport LX 2012 (Located in Bedford, MA, 01730)<br><br>-Odometer: 210,194 mi.<br>-$2.7 k Negotiable. (Cash is king)<br>-Runs great. Everything works well (doors, windows, trunk, engine, suspension, exterior/interior lights, sensors, heating and air system). <br>-Clean title available in hand. <br>-Working radio with CD player. <br>-Reliable over the years.  No engine problems. <br>-Well preserved car interior. <br>-Carfax Report available. Good maintenance service on schedule (Ask for the track record).  <br>-Good all-season tires. Extra 4 winter tires included for free!<br>-No Lien or any debt on this car. <br>-Minor scratches on the door and front bumper. Minor dent on the rear (you can barely see it). I put pictures of the paint defects. <br>-Great deal, retail cost around $6.5 k (Carfax/Kelly blue book). <br><br>Only serious inquiries. Se habla espaniol.","[PREMIUM]",25,,"Bedford","MA","01730","[PREMIUM]"
"787410052","2026-08-05 21:42:22.747","2026-08-05 21:42:22.747","787410052","[PREMIUM]","JTDKN3DU9C1605657",2012,"TOYOTA","Toyota","PRIUS","Prius","Two","HATCH","Used","Used 2012 Toyota Prius Two",166800,"[PREMIUM]",,,"[PREMIUM]",6895,7820,"Blue","BLUE","Gray","GRAY","HYBRD","Hybrid","2 wheel drive - front","AUT","Continuously Variable Automatic","Automatic","B","Hybrid Gas/Electric","Hybrid: Gas/Electric",51,48,1.8,false,1,false,true,false,,false,,,"30",75883495,"[PREMIUM]","[PREMIUM]","[PREMIUM]",,"[PREMIUM]",true,,373443,4.6,505,,"[""NO_SALVAGE_TITLE"",""NO_ACCIDENTS_REPORTED"",""NO_ONE_OWNER""]","{""exterior"":[""Alloy Wheels"",""Rear Spoiler""],""interior"":[""Air Conditioning"",""Power Door Locks"",""Power Windows""],""mechanical"":[""Power Steering""],""other"":[""Tilt & Telescoping Wheel""],""safety"":[""ABS (4-Wheel)"",""Anti-Theft System"",""Daytime Running Lights"",""Dual Air Bags"",""F&R Head Curtain Air Bags"",""Side Air Bags"",""Stability Control"",""Traction Control""],""technology"":[""AM/FM Stereo"",""Bluetooth Wireless"",""CD/MP3 (Single Disc)"",""Cruise Control"",""Keyless Entry"",""Keyless Start""]}",21,"2012 Toyota Prius. Lots of life left. Priced aggressively for quick sale due to minor issues such as chipping paint, electronics, and key FOB should be replaced. Otherwise, car is in good shape. Great deal for a mechanic or auto savvy person to make easy repairs.","[PREMIUM]",11,,"Menifee","CA","92584","[PREMIUM]"
"786214265","2026-08-05 21:41:12.613","2026-08-05 21:41:12.613","786214265","[PREMIUM]","UN5480",2019,"POR","Porsche","POR718BOX","718 Boxster","S","CONVERT","Used","Used 2019 Porsche 718 Boxster S",13146,"[PREMIUM]",,,"[PREMIUM]",61120,66320,"Racing Yellow","YELLOW","Black","BLACK","4CLDR","4-Cylinder Turbo","2 wheel drive - rear",,,,"G","Gasoline","Gas",,,2.5,true,15,false,false,false,false,false,false,false,"PREMIUM",,"[PREMIUM]","[PREMIUM]","[PREMIUM]",,"[PREMIUM]",,,438865,5,45,1,"[""NO_SALVAGE_TITLE"",""NO_FRAME_DAMAGE"",""NO_FLOOD_WATER_DAMAGE"",""NO_ACCIDENTS_REPORTED"",""NO_ONE_OWNER"",""FREE_REPORT""]","{""exterior"":[""Alloy wheels"",""Bumpers: body-color"",""Delay-off headlights"",""Fully automatic headlights"",""Headlight cleaning"",""Heated door mirrors"",""High intensity discharge headlights: Bi-Xenon"",""Power door mirrors"",""Spoiler""],""interior"":[""2-Way Sport Seats"",""Air Conditioning"",""Driver door bin"",""Driver vanity mirror"",""Front Bucket Seats"",""Front Center Armrest"",""Front reading lights"",""Leather Shift Knob"",""Partial Leather Seat Trim"",""Passenger door bin"",""Passenger vanity mirror"",""Power driver seat"",""Power passenger seat"",""Power windows"",""Rear window defroster"",""Sport steering wheel"",""Tachometer"",""Telescoping steering wheel"",""Tilt steering wheel"",""Trip computer"",""Variably intermittent wipers""],""mechanical"":[""4-Wheel Disc Brakes"",""Four wheel independent suspension"",""Power steering""],""other"":[""Convertible roof lining"",""Convertible roof wind blocker"",""Front anti-roll bar"",""Glass rear window"",""Illuminated entry"",""Outside temperature display"",""Power convertible roof"",""Rear anti-roll bar"",""Wheels: 19\"" Boxster S""],""safety"":[""ABS brakes"",""Brake assist"",""Dual front impact airbags"",""Dual front side impact airbags"",""Electronic Stability Control"",""Integrated roll-over protection"",""Knee airbag"",""Low tire pressure warning"",""Occupant sensing airbag"",""Overhead airbag"",""Security system"",""Traction control""],""technology"":[""6 Speakers"",""AM/FM radio: SiriusXM"",""CD player"",""DVD-Audio"",""Exterior Parking Camera Rear"",""Garage door transmitter: HomeLink"",""Porsche Communication Management"",""Radio data system"",""Remote keyless entry"",""Speed control""]}",64,"At Ultimo Motors we believe car buying should be simple, honest, and stress-free. That's why we proudly DO NOT charge dealer fees. No hidden dealer fees. No surprises. Just straightforward pricing and a better car-buying experience.<br><br><br>Original MSRP $87,810.00<br><br><br>Florida Convertible<br><br><br>2.5L Turbo 4-Cylinder engine<br><br>350 HP, 309 lb Torque<br><br>7 Speed PDK Automatic ($3,730)<br><br>Rear Wheel Drive<br><br><br>Racing Yellow<br><br>Black Leather Interior<br><br>Brushed Aluminum Interior Trim<br><br><br>2 Way Sport Seats Plus ($810)<br><br>Auto Dimming Mirrors W/Integrated Rain Sensor ($700)<br><br>Rear Spoiler Painted In High Gloss Black $410)<br><br>Sport Tailpipes In Black ($310)<br><br>Apple Carplay ($360)<br><br>Bose Surround Sound System ($990)<br><br>GT Sport Steering Wheel ($330)<br><br>Heated Multifunction Steering Wheel ($470)<br><br>Porsche Entry &amp; Drive ($800)<br><br>Light Design Package ($350)<br><br>Porsche Crest On Headrests ($290)<br><br>Seat Belts In Racing Yellow ($360)<br><br>Instrument Dials In Racing Yellow ($700)<br><br>Seat Heating ($530)<br><br>Seat Ventilation ($740)<br><br>2 Zone Automatic Climate Control ($770)<br><br>Model Designation Painted ($350)<br><br>Wheels Painted In Black Satin ($1,090)<br><br>20 Carrera S Wheels ($1,590)<br><br>*Tinted Windows*<br><br><br>718 Boxster S<br><br>-Rear View Camera<br><br>-Front and Rear Park Assist<br><br>-Hands Free Bluetooth w/ Streaming Audio<br><br>-Dual Zone Climate Control<br><br>-LED Fog Lights<br><br>-Power Rear Spoiler<br><br>-One Key Fob<br><br><br>We Can Arrange Shipping to Your Door! ! !<br><br>Please note: State and local government fees such as documentation, title, license, and applicable taxes are not included in the advertised price. All pricing and details are believed to be accurate, but we do not warrant or guarantee such accuracy. The prices shown above, may vary from region to region, as will incentives, and are subject to change. Vehicle information is based off standard equipment and may vary from vehicle to vehicle. Call or email for complete vehicle specific information.","[PREMIUM]",36,,,,,"[PREMIUM]"
"787481163","2026-08-05 21:40:32.355","2026-08-05 21:40:32.355","787481163","[PREMIUM]","JN1AZ0CPXCT024668",2012,"NISSAN","Nissan","LEAF","Leaf","SL","HATCH","Used","Used 2012 Nissan Leaf SL",52336,"[PREMIUM]",,,"[PREMIUM]",,,"Red","RED","Beige","BEIGE","EL","Electric","2 wheel drive - front","AUT","Single-Speed","Automatic","E","Electric","Electric",,,,false,0,false,true,false,,false,,,"30",75883973,"[PREMIUM]","[PREMIUM]","[PREMIUM]",,"[PREMIUM]",true,,,,,,"[""NO_SALVAGE_TITLE"",""ACCIDENTS_REPORTED"",""NO_ONE_OWNER""]","{""exterior"":[""Alloy Wheels"",""Fog Lights"",""LED Headlamps"",""Rear Spoiler""],""interior"":[""Air Conditioning"",""Heated Seats"",""Power Door Locks"",""Power Windows"",""Tilt Wheel""],""mechanical"":[""Power Steering""],""other"":[""Quick Charge Port""],""safety"":[""ABS (4-Wheel)"",""Anti-Theft System"",""Dual Air Bags"",""F&R Head Curtain Air Bags"",""Side Air Bags"",""Traction Control"",""Vehicle Dynamic Control""],""technology"":[""AM/FM Stereo"",""Backup Camera"",""Bluetooth Wireless"",""CD/MP3 (Single Disc)"",""Cruise Control"",""Keyless Entry"",""Keyless Start"",""Navigation System"",""XM Satellite""]}",27,"Low miles, 2 power cords (one is 110 power and one is 220), super clean interior.  2 minor flaws on exterior: back bumper drivers side dent and passenger door paint scrape.  Great commuter.  I retired and no longer need a second car.","[PREMIUM]",20,,"Seattle","WA","98121","[PREMIUM]"
"787315983","2026-08-05 21:40:32.354","2026-08-05 21:40:32.354","787315983","[PREMIUM]","4S3BMCG69C3005760",2012,"SUB","Subaru","LEGACY","Legacy","2.5i Premium","SEDAN","Used","Used 2012 Subaru Legacy 2.5i Premium w/ All-Weather Pkg + Moonroof",107000,"[PREMIUM]",,"Great","[PREMIUM]",5855,6580,"Silver","SILVER","Black","BLACK","4CLDR","4-Cylinder","All wheel drive","AUT","Continuously Variable Automatic","Automatic","G","Gasoline","Gas",23,31,2.5,false,2,false,true,false,,false,,,"30",75881687,"[PREMIUM]","[PREMIUM]","[PREMIUM]",,"[PREMIUM]",true,,373689,4.5,292,,"[""NO_SALVAGE_TITLE"",""ACCIDENTS_REPORTED"",""NO_ONE_OWNER""]","{""exterior"":[""Alloy Wheels""],""interior"":[""Air Conditioning"",""Heated Seats"",""Hill Holder"",""Moon Roof"",""Power Door Locks"",""Power Seat"",""Power Windows""],""mechanical"":[""Power Steering""],""other"":[""Satellite Feature"",""Tilt & Telescoping Wheel""],""safety"":[""ABS (4-Wheel)"",""Anti-Theft System"",""Daytime Running Lights"",""Dual Air Bags"",""F&R Head Curtain Air Bags"",""Side Air Bags"",""Traction Control"",""Vehicle Dynamic Control""],""technology"":[""AM/FM Stereo"",""Backup Camera"",""Bluetooth Wireless"",""CD/MP3 (Single Disc)"",""Cruise Control"",""Keyless Entry""]}",25,"2012 Subaru legacy AWD. Located in Shelby, OH. Selling it for pay off. I do not have the title in hand, we owe $3700 on it still and once it's paid off the title will be released.","[PREMIUM]",5,,"Shelby","OH","44875","[PREMIUM]"
"786524564","2026-08-05 21:40:32.353","2026-08-05 21:40:32.353","786524564","[PREMIUM]","1N4AA5AP0CC828021",2012,"NISSAN","Nissan","MAX","Maxima","3.5 S","SEDAN","Used","Used 2012 Nissan Maxima 3.5 S w/ Limited Edition Pkg",146400,"[PREMIUM]",,"Good","[PREMIUM]",3470,4620,"White","WHITE","Black","BLACK","6CLDR","6-Cylinder","2 wheel drive - front","AUT","Continuously Variable Automatic","Automatic","G","Gasoline","Gas",19,26,3.5,false,12,false,false,true,,false,,,"30",75871157,"[PREMIUM]","[PREMIUM]","[PREMIUM]",,"[PREMIUM]",true,,370585,4.5,344,,"[""NO_SALVAGE_TITLE"",""ACCIDENTS_REPORTED"",""NO_ONE_OWNER""]","{""exterior"":[""Alloy Wheels""],""interior"":[""Air Conditioning"",""Dual Power Seats"",""Moon Roof"",""Power Door Locks"",""Power Windows""],""mechanical"":[""Power Steering""],""other"":[""Tilt & Telescoping Wheel""],""safety"":[""ABS (4-Wheel)"",""Anti-Theft System"",""Dual Air Bags"",""F&R Head Curtain Air Bags"",""Side Air Bags"",""Traction Control"",""Vehicle Dynamic Control""],""technology"":[""AM/FM Stereo"",""Bluetooth Wireless"",""CD/MP3 (Multi Disc)"",""Cruise Control"",""Keyless Entry"",""Keyless Start""]}",21,"Selling my 2012 Nissan Maxima S  white exterior with a clean black interior.<br><br>It's powered by a 3.5L V6 with a CVT automatic transmission, which makes highway driving smooth and effortless.<br><br>A few highlights worth noting:<br><br>- **Moonroof**<br>- **Dual power seats**<br>- **Keyless entry &amp; keyless start**<br>-  **Cruise control**<br>- **Full airbag coverage**  front, side, and curtain<br><br>Mileage is at **146,400 miles**. Alloy wheels are included as well.<br><br>If you have any questions, feel free to chat me.","[PREMIUM]",6,,"Dana Point","CA","92629","[PREMIUM]"
"787253653","2026-08-05 21:40:32.353","2026-08-05 21:40:32.353","787253653","[PREMIUM]","1G4PR5SKXC4174845",2012,"BUICK","Buick","BUVERANO","Verano","Convenience","SEDAN","Used","Used 2012 Buick Verano Convenience",109478,"[PREMIUM]",,"Great","[PREMIUM]",4320,4945,"Black","BLACK","Black","BLACK","4CLDR","4-Cylinder","2 wheel drive - front","AUT","6-Speed Automatic","Automatic","F","Flexible Fuel","Gas",21,32,2.4,false,4,false,true,false,,false,,,"30",75879907,"[PREMIUM]","[PREMIUM]","[PREMIUM]",,"[PREMIUM]",true,,372253,4.5,136,,"[""NO_SALVAGE_TITLE"",""ACCIDENTS_REPORTED"",""ONE_OWNER""]","{""exterior"":[""Alloy Wheels"",""Fog Lights""],""interior"":[""Air Conditioning"",""Power Door Locks"",""Power Seat"",""Power Windows""],""mechanical"":[""Power Steering""],""other"":[""Premium Sound"",""Tilt & Telescoping Wheel""],""safety"":[""ABS (4-Wheel)"",""Anti-Theft System"",""Daytime Running Lights"",""Dual Air Bags"",""F&R Head Curtain Air Bags"",""Knee Air Bags"",""Side Air Bags"",""StabiliTrak"",""Traction Control""],""technology"":[""AM/FM Stereo"",""Bluetooth Wireless"",""CD/MP3 (Single Disc)"",""Cruise Control"",""Keyless Entry"",""Keyless Start"",""OnStar"",""Parking Sensors"",""XM Satellite""]}",27,"Selling my 2012 Buick Verano Convenience Sedan  a solid, straightforward car with some genuinely useful features.<br><br>**First owner, no accident, very clean**<br><br>**Powertrain:**<br>- 2.4L 4-cylinder flex fuel engine<br>- 6-speed automatic with shift control<br>- Front-wheel drive<br><br>**Highlights worth noting:**<br>- Keyless entry and keyless start<br>- Power driver's seat<br>- Bluetooth and XM Satellite radio<br>- Premium sound system<br>- OnStar connectivity<br>- Parking sensors  surprisingly handy<br>- Full airbag package including knee and curtain airbags<br>- StabiliTrak and 4-wheel ABS<br>- Tilt and telescoping steering wheel<br>- Fog lights and alloy wheels<br><br>Chat me if you have any questions.","[PREMIUM]",12,,"Dublin","CA","94568","[PREMIUM]"
"787396100","2026-08-05 21:40:32.348","2026-08-05 21:40:32.348","787396100","[PREMIUM]","1C4NJPFB3CD639913",2012,"JEEP","Jeep","PATRIOT","Patriot","Latitude","SUV","Used","Used 2012 Jeep Patriot Latitude",194900,"[PREMIUM]",,"Good","[PREMIUM]",2025,3050,"White","WHITE","Black","BLACK","4CLDR","4-Cylinder","2 wheel drive - front","AUT","Continuously Variable Automatic","Automatic","G","Gasoline","Gas",,,2.4,false,1,false,true,false,,false,,,"30",75883257,"[PREMIUM]","[PREMIUM]","[PREMIUM]",,"[PREMIUM]",true,,373337,4.2,554,,"[""NO_SALVAGE_TITLE"",""ACCIDENTS_REPORTED"",""NO_ONE_OWNER""]","{""exterior"":[""Alloy Wheels"",""Fog Lights""],""interior"":[""Air Conditioning"",""Heated Seats"",""Power Door Locks"",""Power Windows"",""Tilt Wheel""],""mechanical"":[""Power Steering"",""Touring Suspension""],""safety"":[""ABS (4-Wheel)"",""Anti-Theft System"",""Dual Air Bags"",""F&R Head Curtain Air Bags"",""Rollover Protection"",""Side Air Bags"",""Stability Control""],""technology"":[""AM/FM Stereo"",""CD/MP3 (Single Disc)"",""Cruise Control"",""Hill Start Assist Control"",""Keyless Entry""]}",21,"Really nice 2012 Jeep patriot latitude. It has almost 195,000 miles on it. I have owned this for 10 years and have maintained it meticulously. Obviously with age and miles comes flaws but it is a driving vehicle and has never let me down. I do not smoke or have animals in the car. There is a small oil leak that I have not had fixed due to getting another vehicle and not wanting to put more money into it. It is not a major leak. I get oil changes done on time and I've never been low or out of oil. <br>It has just had an oil change and tire rotation. I replaced both front control arms and axles this year as well as a set of brakes I believe it was the front. I've replaced the motor mounts recently as well as having the battery tested a couple months ago and it was good. It comes with two sets of keyless entry keys. Any other questions reach out! <br>Clean title in hand!","[PREMIUM]",18,,"Cary","NC","27511","[PREMIUM]"
"787306161","2026-08-05 21:40:22.212","2026-08-05 21:40:22.212","787306161","[PREMIUM]","PL1364A",2012,"GMC","GMC","TERRAIN","Terrain","SLT","SUV","Used","Used 2012 GMC Terrain SLT w/ Chrome and Technology Package",201095,"[PREMIUM]",,"Great","[PREMIUM]",4560,5510,"Quicksilver Metallic","SILVER","Light Titanium","GRAY","6CLDR","6-Cylinder","All wheel drive","AUT","6-Speed Automatic","Automatic","G","Gasoline","Gas",20,29,3,true,2,false,true,false,,false,,,"30",620448,"[PREMIUM]","[PREMIUM]","[PREMIUM]",4249,"[PREMIUM]",false,"PARTNER",371249,3.9,420,0,"[""NO_SALVAGE_TITLE"",""NO_ACCIDENTS_REPORTED"",""NO_ONE_OWNER""]","{""exterior"":[""18\"" x 7.5\"" Chrome-Clad Aluminum Wheels"",""19\"" x 7.5\"" Chrome-Clad Aluminum Wheels"",""Alloy wheels"",""Body-Color Bumpers"",""Bumpers: body-color"",""Charcoal Grille w/Chrome Surround & Accents"",""Chrome Exterior Appearance Package"",""Chrome Luggage Rails"",""Chrome Power-Adjustable Heated Outside Mirrors"",""Delay-off headlights"",""Front fog lights"",""Fully automatic headlights"",""Heated door mirrors"",""Power Programmable Rear Liftgate"",""Power door mirrors"",""Rear window wiper"",""Spoiler""],""interior"":[""Air Conditioning"",""Auto-dimming Rear-View mirror"",""Chrome Door Handles"",""Driver door bin"",""Driver vanity mirror"",""Front Bucket Seats"",""Front Center Armrest"",""Front reading lights"",""Heated Driver & Front Passenger Seats"",""Heated front seats"",""Memory seat"",""Overhead console"",""Passenger door bin"",""Passenger vanity mirror"",""Perforated Leather-Appointed Seat Trim"",""Power Liftgate"",""Power Tilt-Sliding Sunroof w/Express Open"",""Power driver seat"",""Power moonroof"",""Power windows"",""Rear seat center armrest"",""Rear window defroster"",""Single-Zone Automatic Climate Control"",""Split folding rear seat"",""Steering wheel mounted audio controls"",""Tachometer"",""Telescoping steering wheel"",""Tilt steering wheel"",""Trip computer"",""Variably intermittent wipers""],""mechanical"":[""4-Wheel Disc Brakes"",""E85 Flexfuel Capable"",""Four wheel independent suspension"",""Power steering"",""Speed-sensing steering""],""other"":[""150 Amp Alternator"",""Chrome & Technology Package"",""Dual Exhaust w/Premium Tips"",""Emergency communication system: OnStar Directions & Connections"",""Front anti-roll bar"",""Illuminated entry"",""Outside temperature display"",""Preferred Equipment Group 4SB"",""Rear anti-roll bar"",""Roof rack: rails only""],""safety"":[""ABS brakes"",""Brake assist"",""Dual front impact airbags"",""Dual front side impact airbags"",""Electronic Stability Control"",""Forward Collision Alert & Lane Departure Warning"",""Low tire pressure warning"",""Occupant sensing airbag"",""Overhead airbag"",""Panic alarm"",""Security system"",""Traction control""],""technology"":[""8 Speakers"",""AM/FM Stereo w/CD Player"",""AM/FM radio: SiriusXM"",""Automatic temperature control"",""CD player"",""Compass"",""Exterior Parking Camera Rear"",""Radio data system"",""Radio: AM/FM Stereo w/CD/GPS Navigation System"",""Rear Park Assist"",""Rear Parking Sensors"",""Remote Vehicle Start"",""Remote keyless entry"",""SIRIUSXM Satellite Radio"",""Speed control""]}",89,"Andy Mohr Buick GMC Wholesale to the Public offers the consumer the ability to buy a vehicle at pre auction pricing. This vehicle is likely to have multiple mechanical and or auto body defects. All vehicles displayed Wholesale to the Public are sold AS IS. The term AS IS means that there is absolutely NO expressed or implied warranty of condition or fitness for a particular purpose. This applies to both the mechanical and cosmetic condition of the AS IS vehicles. The purchaser of an AS IS vehicle will pay all cost for any repairs. Andy Mohr Buick GMC assumes no responsibility for any repairs regardless of any verbal statements made about any vehicle in the Wholesale to the Public section.<br>Priced below KBB Fair Purchase Price! Clean CARFAX.<br>Quicksilver Metallic 2012 GMC Terrain SLT-2 3.0L V6 SIDI VVT<br><br>Reviews:<br>* Quiet and attractive cabin; sophisticated ride; strong crash test scores; roomy backseat; plenty of standard and optional features; good fuel economy. Source: Edmunds<br>* If you re thinking you d like a reasonably sized crossover SUV that gets great gas mileage, has room for five but also has a bit of an attitude, the 2012 GMC Terrain compact SUV deserves a spot on your shopping list. Source: KBB.com<br>Awards:<br>* JD Power Dependability Study * 2012 IIHS Top Safety Pick<br><br>Andy Mohr Buick GMC is one of the LARGEST Buick GMC dealerships in the Midwest. We have an ever changing, wide array of some of the nicest pre-owned cars you can find. Conveniently located off State Road 37 between Fishers and Noblesville. Call us at   or visit our . Andy Mohr Buick GMC -- WHERE YOU ALWAYS SAVE MOHR MONEY!!! You consent to receive autodialed, pre-recorded and artificial voice telemarketing and sales calls, text messages and/or emails from or on behalf of Andy Mohr at the phone number and/or email provided in this application, including cell phone numbers. You understand that this consent is not a condition of purchase of a vehicle or any services from Andy Mohr.","[PREMIUM]",10,"9295 E 131st St","Fishers","IN","46038","[PREMIUM]"
"787220767","2026-08-05 21:40:22.175","2026-08-05 21:40:22.175","787220767","[PREMIUM]","1FT8W3BT1KED54643",2019,"FORD","Ford","F350","F350","XL","TRUCKS","Used","Used 2019 Ford F350 XL w/ STX Appearance Package",56802,"[PREMIUM]",,,"[PREMIUM]",38375,40975,"White","WHITE","Gray","GRAY","8CLDR","8-Cylinder Turbo","4 wheel drive","AUT","6-Speed Automatic","Automatic","D","Diesel","Gas",,,6.7,false,4,false,true,false,,false,,,"30",75879255,"[PREMIUM]","[PREMIUM]","[PREMIUM]",,"[PREMIUM]",true,,441407,4.4,29,,"[""NO_SALVAGE_TITLE"",""NO_ACCIDENTS_REPORTED"",""NO_ONE_OWNER""]","{""exterior"":[""Oversize Off-Road Tires"",""Oversized Premium Wheels 20\""+"",""Running Boards"",""STX Appearance Pkg"",""Steel Wheels""],""interior"":[""Air Conditioning"",""Power Door Locks"",""Power Windows"",""Tool Box""],""mechanical"":[""Power Steering"",""Towing Pkg""],""other"":[""FX4 Off-Road Pkg"",""Tilt & Telescoping Wheel""],""safety"":[""ABS (4-Wheel)"",""AdvanceTrac"",""Alarm System"",""Daytime Running Lights"",""Dual Air Bags"",""Head Curtain Air Bags"",""Side Air Bags"",""Traction Control""],""technology"":[""AM/FM Stereo"",""Backup Camera"",""CD/MP3 (Single Disc)"",""Cruise Control"",""Hill Descent Control"",""Hill Start Assist Control"",""Keyless Entry"",""Keyless Start"",""Navigation System"",""SiriusXM Satellite""]}",31,"THIS WAS MY PERSONAL TRUCK! IT HAS BEEN KEPT IN THE SHOP EVERY NIGHT SINCE IT WAS NEW! RHINO UTILITY BED WITH LED LIGHTING. FULL OVERHEAD RACK WITH PIPE BOX. VICE. AIR BAGS. &quot;TESLA&quot; STYLE GIANT SCREEN SIRUS RADIO. LIFTED. EXCELLENT CONDITION INSIDE AND OUT.  WHEELS AND TIRES. PRIDE OF OWNERSHIP AND REALIABILITY!  I'VE AGED OUT AND CAN'T WORK ANYMORE. LOCATED IN PRESCOTT VALLEY, AZ.","[PREMIUM]",8,,"Phoenix","AZ","85001","[PREMIUM]"
"787378237","2026-08-05 21:38:41.998","2026-08-05 21:38:41.998","787378237","[PREMIUM]","18314A",2012,"VOLKS","Volkswagen","JET","Jetta","SE","SEDAN","Used","Used 2012 Volkswagen Jetta SE",99133,"[PREMIUM]",,"Great","[PREMIUM]",4655,5830,"Reflex Silver Metallic","SILVER","Titan Black","BLACK","5CLDR","5-Cylinder","2 wheel drive - front","AUT","6-Speed Automatic","Automatic","G","Gasoline","Gas",,,2.5,false,1,false,true,false,,false,,,"30",72532053,"[PREMIUM]","[PREMIUM]","[PREMIUM]",4318,"[PREMIUM]",false,"PARTNER",365972,4.4,495,1,"[""NO_SALVAGE_TITLE"",""NO_ACCIDENTS_REPORTED"",""NO_ONE_OWNER""]","{""exterior"":[""Bumpers: body-color"",""Heated door mirrors"",""Power door mirrors"",""Turn signal indicator mirrors""],""interior"":[""Air Conditioning"",""Driver door bin"",""Driver vanity mirror"",""Front Bucket Seats"",""Front Center Armrest"",""Front reading lights"",""Overhead console"",""Passenger door bin"",""Passenger vanity mirror"",""Power windows"",""Rear reading lights"",""Rear seat center armrest"",""Rear window defroster"",""Split folding rear seat"",""Tachometer"",""Telescoping steering wheel"",""Tilt steering wheel"",""Variably intermittent wipers""],""mechanical"":[""4-Wheel Disc Brakes"",""Front wheel independent suspension"",""Power steering""],""other"":[""Front anti-roll bar"",""Illuminated entry"",""Outside temperature display"",""Rear anti-roll bar""],""safety"":[""ABS brakes"",""Brake assist"",""Dual front impact airbags"",""Dual front side impact airbags"",""Electronic Stability Control"",""Low tire pressure warning"",""Occupant sensing airbag"",""Overhead airbag"",""Panic alarm"",""Security system"",""Traction control""],""technology"":[""CD player"",""Radio data system"",""Radio: RCD 310 AM/FM/Single CD Player"",""Remote keyless entry"",""Speed control""]}",45,"This Volkswagen Jetta is being offered to you as an alternative to us taking to the auction. It's being offered COMPLETELY AS IS in the condition it was traded. It comes with no guarantees. Below are some details on this vehicle and additional info from our appraisal team.<br><br>2012 Volkswagen Jetta 2.5L SE FWD 2.5L 5-Cylinder DOHC 6-Speed Automatic 4D Sedan 24/31 City/Highway MPG CD player, Power windows, Speed control.<br><br>Here are the following things noticed on the appraisal:<br>*Carfax report is clean<br>*runs, drives, shifts okay<br>*brakes and tires need replaced<br>*valve cover leak<br>*oil pan leak<br>*rear main leak<br>*interior headliner falling down<br>*paint fade on the rear bumper<br>*scratches/scuffs/dings throughout the vehicle<br><br>AS-TRADED $3900 OUT THE DOOR!!!","[PREMIUM]",21,"1470 CHERRY BLOSSOM WAY","Georgetown","KY","40324","[PREMIUM]"
"786687108","2026-08-05 21:38:41.969","2026-08-05 21:38:41.969","786687108","[PREMIUM]","1FT8W4DT2KED37661",2019,"FORD","Ford","F450","F450","Limited","TRUCKS","Used","Used 2019 Ford F450 Limited w/ FX4 Off-Road Package",83000,"[PREMIUM]",,,"[PREMIUM]",56080,62280,"White","WHITE","Brown","BROWN","8CLDR","8-Cylinder Turbo","4 wheel drive","AUT","6-Speed Automatic","Automatic","D","Diesel","Gas",,,6.7,true,9,false,false,false,,false,,,"30",75874175,"[PREMIUM]","[PREMIUM]","[PREMIUM]",,"[PREMIUM]",true,,444274,5,7,,"[""NO_SALVAGE_TITLE"",""ACCIDENTS_REPORTED"",""ONE_OWNER""]","{""exterior"":[""Alloy Wheels"",""Bed Liner"",""Fog Lights"",""Hard Tonneau Cover"",""LED Headlamps"",""Running Boards""],""interior"":[""Air Conditioning"",""Cooled Seats"",""Dual Power Seats"",""Heated Seats"",""Leather"",""Power Door Locks"",""Power Sliding Rear Window"",""Power Twin Panel Moon Roof"",""Power Windows""],""mechanical"":[""Power Steering"",""Towing Pkg""],""other"":[""Dual Rear Wheels"",""FX4 Off-Road"",""FordPass Connect"",""SYNC 3"",""Tilt & Telescoping Wheel""],""safety"":[""ABS (4-Wheel)"",""AdvanceTrac"",""Alarm System"",""Blind-Spot Info System"",""Daytime Running Lights"",""Dual Air Bags"",""F&R Head Curtain Air Bags"",""Lane Keeping Alert"",""Side Air Bags"",""Traction Control""],""technology"":[""360-Degree Camera"",""AM/FM/HD Radio"",""Adaptive Cruise Control"",""Backup Camera"",""Bang & Olufsen Premium Sound"",""CD/MP3 (Single Disc)"",""Hill Start Assist"",""Keyless Entry"",""Navigation System"",""Remote Engine Start"",""Reverse Sensing System"",""SiriusXM Satellite""]}",44,"2019 Ford F-450 Limited 6.7L Diesel  One Owner  Gooseneck/Fifth Wheel  Fully Serviced  Ceramic Coated  Clean CA Truck <br> Extremely clean, original-owner F-450 Limited diesel. No rust, no leaks, no issues, and fully maintained. Ready to tow anywhere in the country.<br><br>2019 F-450 Limited 4x4<br>6.7L Power Stroke Diesel<br>83,000 miles<br> One owner since new<br> Clean title in hand<br> California truck (no rust, no salt exposure)<br> Ceramic coated exterior (paint protection + easy maintenance)<br> No major scratches or dents  very clean exterior condition<br> Fully serviced and maintained on schedule<br><br> Mechanical Condition<br>This truck has been proactively maintained and is mechanically tight.<br><br>Recent service and updates:<br>New shocks<br>Front end alignment completed<br>New front tires<br>Updated oil pans installed  no leaks whatsoever<br>All fluids and service intervals kept current<br>No check engine lights, no overheating, no mechanical issues<br><br> Drives straight, tight, and smooth-no wander, no shakes.","[PREMIUM]",7,,"Vista","CA","92081","[PREMIUM]"
"787338516","2026-08-05 21:38:41.967","2026-08-05 21:38:41.967","787338516","[PREMIUM]","2HGFB2F59CH565562",2012,"HONDA","Honda","CIVIC","Civic","LX","SEDAN","Used","Used 2012 Honda Civic LX",246000,"[PREMIUM]",,"Great","[PREMIUM]",4575,5500,"Silver","SILVER","Tan","TAN","4CLDR","4-Cylinder","2 wheel drive - front","AUT","5-Speed Automatic","Automatic","G","Gasoline","Gas",28,39,1.8,false,2,false,true,false,,false,,,"30",75882369,"[PREMIUM]","[PREMIUM]","[PREMIUM]",,"[PREMIUM]",true,,371047,4.5,405,,"[""NO_SALVAGE_TITLE"",""NO_ACCIDENTS_REPORTED"",""NO_ONE_OWNER""]","{""exterior"":[""Alloy Wheels""],""interior"":[""Air Conditioning"",""Power Door Locks"",""Power Windows""],""mechanical"":[""Power Steering""],""other"":[""Tilt & Telescoping Wheel""],""safety"":[""ABS (4-Wheel)"",""Anti-Theft System"",""Daytime Running Lights"",""Dual Air Bags"",""F&R Head Curtain Air Bags"",""Side Air Bags"",""Stability Control"",""Traction Control""],""technology"":[""AM/FM Stereo"",""CD/MP3 (Single Disc)"",""Cruise Control""]}",17,"Selling my 2012 Honda Civic LX Sedan in silver with a tan interior. It has roughly 246,000 miles and is in very good condition.<br><br>- 1.8L 4-cylinder VTEC engine with a 5-speed automatic<br>- Front-wheel drive<br>- Cruise control, back up camera, power windows, power locks, and A/C<br>- second owner, no accidents.  <br>- clean title <br><br>The Civic is known for being reliable at higher mileage, and this one still runs well. Message me if you have any questions!","[PREMIUM]",13,,"Tempe","AZ","85282","[PREMIUM]"
"787151542","2026-08-05 21:38:31.719","2026-08-05 21:38:31.719","787151542","[PREMIUM]","M7185",2019,"MB","Mercedes-Benz","MBS560","S 560","Cabriolet","CONVERT","Used","Used 2019 Mercedes-Benz S 560 Cabriolet",26214,"[PREMIUM]",,,"[PREMIUM]",64120,68520,"Designo Diamond White","OFFWHITE","Silk Beige/Espresso Brown","BEIGE","8CLDR","8-Cylinder Turbo","2 wheel drive - rear","AUT","9-Speed Automatic","Automatic","G","Gasoline","Gas",17,26,4,true,2,false,true,false,,false,,,"30",74539459,"[PREMIUM]","[PREMIUM]","[PREMIUM]",2456,"[PREMIUM]",false,"PARTNER",439948,4.5,44,0,"[""NO_SALVAGE_TITLE"",""ACCIDENTS_REPORTED"",""NO_ONE_OWNER""]","{""exterior"":[""Alloy wheels"",""Auto High-beam Headlights"",""Auto-dimming door mirrors"",""Bumpers: body-color"",""Delay-off headlights"",""Heated door mirrors"",""Power door mirrors"",""Turn signal indicator mirrors""],""interior"":[""Air Conditioning"",""Auto-dimming Rear-View mirror"",""Burl Walnut Wood Trim"",""Driver door bin"",""Driver vanity mirror"",""Front Bucket Seats"",""Front Center Armrest"",""Front dual zone A/C"",""Front reading lights"",""Garage door transmitter"",""Genuine wood console insert"",""Genuine wood door panel insert"",""HVAC memory"",""Head restraints memory"",""Heated and Ventilated Power Front Seats w/Memory"",""Heated front seats"",""Leather steering wheel"",""Memory seat"",""Overhead console"",""Passenger door bin"",""Passenger vanity mirror"",""Power adjustable front head restraints"",""Power adjustable rear head restraints"",""Power driver seat"",""Power passenger seat"",""Power windows"",""Rear seat center armrest"",""Rear window defroster"",""Speed-Sensitive Wipers"",""Steering wheel memory"",""Steering wheel mounted audio controls"",""Tachometer"",""Telescoping steering wheel"",""Tilt steering wheel"",""Trip computer"",""Variably intermittent wipers"",""Ventilated front seats""],""mechanical"":[""4-Wheel Disc Brakes"",""Four wheel independent suspension"",""Power steering"",""Speed-sensing steering""],""other"":[""19\"" Multi-Spoke Wheels"",""Android Autoᆴ"",""Apple CarPlayᆴ"",""Apple CarPlayᆴ/Android Autoᆴ"",""Auto tilt-away steering wheel"",""Burmesterᆴ  Surround Sound System"",""Convertible roof lining"",""Convertible roof wind blocker"",""Door auto-latch"",""Front anti-roll bar"",""Glass rear window"",""Illuminated entry"",""Navigation system: COMANDᆴ"",""Outside temperature display"",""Perforated Nappa Leather Upholstery"",""Power convertible roof"",""Pre-Wiring for CD Player"",""Premium audio system: COMANDᆴ"",""Radio: COMANDᆴ w/Navigation"",""Rear anti-roll bar""],""safety"":[""ABS brakes"",""Brake assist"",""Child-Seat-Sensing Airbag"",""Dual front impact airbags"",""Dual front side impact airbags"",""Electronic Stability Control"",""Emergency communication system: eCall Emergency System"",""Integrated roll-over protection"",""Knee airbag"",""Low tire pressure warning"",""Occupant sensing airbag"",""Overhead airbag"",""Panic alarm"",""Rear side impact airbag"",""Security system"",""Traction control""],""technology"":[""13 Speakers"",""AM/FM radio: SIRIUS"",""Automatic temperature control"",""Compass"",""Radio data system"",""Rain sensing wipers"",""Remote keyless entry"",""SiriusXM Satellite Radio"",""Smartphone Integration"",""Speed control"",""Weather band radio""]}",96,,"[PREMIUM]",25,"8225 W BROAD ST","Henrico","VA","23294","[PREMIUM]"
"786854559","2026-08-05 21:38:31.434","2026-08-05 21:38:31.434","786854559","[PREMIUM]","17677",2019,"POR","Porsche","POR718CAY","718 Cayman","S","COUPE","Used","Used 2019 Porsche 718 Cayman S",32592,"[PREMIUM]",,,"[PREMIUM]",60140,68240,"White","WHITE","Black","BLACK","4CLDR","4-Cylinder Turbo","2 wheel drive - rear",,,,"G","Gasoline","Gas",,,2.5,true,7,false,false,false,,false,,,"30",65982243,"[PREMIUM]","[PREMIUM]","[PREMIUM]",510,"[PREMIUM]",false,"PARTNER",438590,4.8,37,1,"[""NO_SALVAGE_TITLE"",""NO_ACCIDENTS_REPORTED"",""NO_ONE_OWNER""]","{""exterior"":[""20\"" Carrera S Wheels"",""Alloy wheels"",""Bumpers: body-color"",""Delay-off headlights"",""Fully automatic headlights"",""Headlight cleaning"",""Heated door mirrors"",""High intensity discharge headlights: Bi-Xenon"",""Power door mirrors"",""Spoiler""],""interior"":[""2-Way Sport Seats Plus"",""Air Conditioning"",""Driver door bin"",""Driver vanity mirror"",""Front Bucket Seats"",""Front Center Armrest"",""Front beverage holders"",""Front reading lights"",""Passenger door bin"",""Passenger vanity mirror"",""Power driver seat"",""Power passenger seat"",""Power windows"",""Rear window defroster"",""Sport steering wheel"",""Tachometer"",""Telescoping steering wheel"",""Tilt steering wheel"",""Trip computer"",""Variably intermittent wipers""],""mechanical"":[""4-Wheel Disc Brakes"",""Four wheel independent suspension"",""Power steering""],""other"":[""Front anti-roll bar"",""Illuminated entry"",""Outside temperature display"",""Rear anti-roll bar""],""safety"":[""ABS brakes"",""Brake assist"",""Dual front impact airbags"",""Dual front side impact airbags"",""Electronic Stability Control"",""Knee airbag"",""Low tire pressure warning"",""Occupant sensing airbag"",""Overhead airbag"",""Security system"",""Traction control""],""technology"":[""8 Speakers"",""AM/FM radio: SiriusXM"",""CD player"",""DVD-Audio"",""Exterior Parking Camera Rear"",""Garage door transmitter: HomeLink"",""Porsche Communication Management"",""Radio data system"",""Remote keyless entry"",""Speed control""]}",58,"We are Minneapolis based dealership located in Eden Prairie 7 miles west of the Minneapolis/Saint Paul airport with limo services provided! We also offer shipping and delivery of your new car to any place in the continental USA and can provide shipping quotes. . We are very proud of our car store and the automobiles we purchase and sell...so we are happy to furnish Carfax reports to you for free!<br>Welcome to U Car Connect! We are an independent pre-owned automobile dealer having operated family owned stores in Minnesota since 1973.We specialize primarily in German Import Cars and premium trade ins of all makes. Clean CARFAX. White 2019 Porsche 718 Cayman S RWD 7-Speed Porsche Doppelkupplung (PDK) 2.5L 4-Cylinder Turbocharged DOHC<br><br>Awards:<br>* 2019 KBB.com Best Resale Value Awards * 2019 KBB.com Brand Image Awards","[PREMIUM]",50,"7202 Washington Avenue South","Eden Prairie","MN","55344","[PREMIUM]"
"786731326","2026-08-05 21:38:31.428","2026-08-05 21:38:31.428","786731326","[PREMIUM]","6P0014",2019,"CHEV","Chevrolet","CORV","Corvette","Grand Sport","COUPE","Used","Used 2019 Chevrolet Corvette Grand Sport",7487,"[PREMIUM]",,"Good","[PREMIUM]",61340,70040,"Blue Metallic","BLUE","Black","BLACK","8CLDR","8-Cylinder","2 wheel drive - rear","AUT","8-Speed Automatic","Automatic","G","Gasoline","Gas",,,6.2,true,8,false,false,false,,false,,,"30",70566035,"[PREMIUM]","[PREMIUM]","[PREMIUM]",2394,"[PREMIUM]",false,"PARTNER",434978,4.5,173,0,"[""NO_SALVAGE_TITLE"",""NO_ACCIDENTS_REPORTED"",""NO_ONE_OWNER""]","{""exterior"":[""Alloy wheels"",""Body-Color Outside Heated Power-Adjustable Mirrors"",""Bumpers: body-color"",""Carbon Flash Badge Package"",""Carbon Flash Metallic Fender Hash Marks"",""Carbon Flash-Painted Outside Mirrors"",""Delay-off headlights"",""Fully automatic headlights"",""Heated door mirrors"",""High-Intensity Discharge Headlights"",""Power door mirrors"",""Spoiler"",""Wheel Locks""],""interior"":[""8-Way Driver & Passenger Seat Adjusters"",""Air Conditioning"",""Auto-Dimming Inside Frameless Rearview Mirror"",""Cargo Net"",""Driver door bin"",""Driver vanity mirror"",""Front Bucket Seats"",""Front Center Armrest"",""Front dual zone A/C"",""Front reading lights"",""GT Bucket Seats"",""Heated & Vented Driver & Front Passenger Seats"",""Leather Shift Knob"",""Leather steering wheel"",""Luggage Shade"",""Passenger door bin"",""Passenger vanity mirror"",""Power Lumbar/Bolster Seat Adjusters"",""Power driver seat"",""Power passenger seat"",""Power windows"",""Rear window defroster"",""Sport steering wheel"",""Steering wheel mounted audio controls"",""Tachometer"",""Telescoping steering wheel"",""Tilt steering wheel"",""Trip computer"",""Universal Home Remote"",""Variably intermittent wipers"",""Voltmeter""],""mechanical"":[""4-Wheel Disc Brakes"",""Adaptive suspension"",""Four wheel independent suspension"",""Power steering"",""Speed-sensing steering""],""other"":[""2.73 Limited Slip Performance Rear Axle Ratio"",""Apple CarPlay/Android Auto"",""Battery Protection Package"",""Front Curb View Cameras"",""Front anti-roll bar"",""Grand Sport Carbon Flash Center Stripe Package"",""Grand Sport Heritage Package"",""Illuminated entry"",""Memory Package"",""Outside temperature display"",""Painted Body-Color Carbon Fiber Removable Roof Panel"",""Performance Data & Video Recorder"",""Preferred Equipment Group 2LT"",""Premium Carpet Floor Mats w/Grand Sport Logo (LPO)"",""Rear anti-roll bar"",""Wheels: 19\"" x 10\"" Fr & 20\"" x 12\"" Rr Grand Sport"",""Wheels: 19\"" x 10\"" Fr & 20\"" x 12\"" Rr Grand Sport Pearl""],""safety"":[""ABS brakes"",""Dual front impact airbags"",""Dual front side impact airbags"",""Electronic Stability Control"",""Emergency communication system"",""Low tire pressure warning"",""Occupant sensing airbag"",""Panic alarm"",""Red-Painted Calipers"",""Theft Deterrent System"",""Traction control""],""technology"":[""9 Speakers"",""AM/FM radio: SiriusXM"",""Automatic temperature control"",""Bose Advanced 10-Speaker Audio System Feature"",""Bose Premium 9-Speaker Audio System Feature"",""Compass"",""Exterior Parking Camera Rear"",""Head-Up Display"",""Heads-Up Display"",""Radio data system"",""Radio: Chevrolet Infotainment System w/Navigation"",""Remote Vehicle Starter System"",""Remote keyless entry"",""SiriusXM Radio"",""Speed control""]}",92,"EXHILARATING PERFORMANCE -- 2LT LUXURY PACKAGE -- BODY-COLOR CARBON FIBER ROOF -- HEAD-UP DISPLAY -- BOSE 10-SPEAKER SYSTEM -- RED-PAINTED CALIPERS -- CHEVROLET INFOTAINMENT W/NAVIGATION -- APPLE CARPLAY &amp; ANDROID AUTO -- HEATED &amp; VENTED SEATS<br><br>Step into the realm of unmatched driving pleasure with the 2019 Chevrolet Corvette Grand Sport 2LT. This beauty, designed to instill confidence and turn heads, offers a stunning aesthetic with the Painted Body-Color Carbon Fiber Removable Roof Panel and iconic Carbon Flash-Painted Outside Mirrors. Equipped with an adaptive suspension and speed-sensing steering, this Grand Sport delivers razor-sharp performance, making your journey as thrilling as your destination.<br><br>Inside, comfort meets high performance with features like leather-wrapped GT Bucket Seats, both heated and vented to respond to all weather conditions at the touch of a button. Premium Carpet Floor Mats adorned with the Grand Sport Logo add a bespoke touch to an already refined cabin. The Integrated Power Lumbar/Bolster Seat Adjusters ensure ultimate comfort, allowing you to fine-tune your seating position for long drives or spirited sprints.<br><br>Tech lovers rejoice with the Chevrolet Infotainment System that includes Navigation, Apple CarPlay, and Android Auto, letting you stay connected while focusing on the road. The 10-speaker Bose Advanced Audio System surrounds you with concert-quality sound whether you're cruising or pushing limits. A Head-Up Display projects essential information onto the windshield, helping maintain focus on the thrills ahead.<br><br>Safety is as prioritized as performance in this Grand Sport. The security of full-speed traction, 4-wheel ABS brakes, and dual airbags reassures with every mile. Front Curb View Cameras add convenience when parking, while the exterior parking camera ensures you see every angle with clarity. With features like the Remote Vehicle Starter System, quick getaways are always within reach.<br><br>Red-painted calipers and striking Carbon Flash Metallic Fender Hash Marks ensure this Corvette is as visually compelling as it is powerful. The luxurious 2LT package adds sophistication, making it more than just a sports car it's a statement of style and confidence ready for weekend getaways or the daily commute.<br><br>At Newton Chevrolet GMC, we are committed to providing an exhilarating buying experience with integrity and ease. Don't let this chance to own a piece of American automotive elegance pass you by visit us today and experience the Corvette Grand Sport 2LT firsthand. Your dream drive is just a test drive away!","[PREMIUM]",38,"2006 N MAIN ST","Shelbyville","TN","37160","[PREMIUM]"
"786578633","2026-08-05 21:23:00.679","2026-08-05 21:23:00.679","786578633","[PREMIUM]","4S3BMBA61C3002029",2012,"SUB","Subaru","LEGACY","Legacy","2.5i","SEDAN","Used","Used 2012 Subaru Legacy 2.5i w/ Alloy Wheel Pkg",154150,"[PREMIUM]",,"Great","[PREMIUM]",4070,4720,"Silver","SILVER","Black","BLACK","4CLDR","4-Cylinder","All wheel drive","AUT","Continuously Variable Automatic","Automatic","G","Gasoline","Gas",23,31,2.5,false,11,false,false,false,,false,,,"30",75871413,"[PREMIUM]","[PREMIUM]","[PREMIUM]",,"[PREMIUM]",true,,373679,4.5,292,,"[""NO_SALVAGE_TITLE"",""NO_ACCIDENTS_REPORTED"",""NO_ONE_OWNER""]","{""exterior"":[""Steel Wheels""],""interior"":[""Air Conditioning"",""Hill Holder"",""Power Door Locks"",""Power Windows""],""mechanical"":[""Power Steering""],""other"":[""Satellite Feature"",""Tilt & Telescoping Wheel""],""safety"":[""ABS (4-Wheel)"",""Anti-Theft System"",""Daytime Running Lights"",""Dual Air Bags"",""F&R Head Curtain Air Bags"",""Side Air Bags"",""Traction Control"",""Vehicle Dynamic Control""],""technology"":[""AM/FM Stereo"",""CD/MP3 (Single Disc)"",""Cruise Control"",""Keyless Entry""]}",20,"Clean and reliable Subaru Legacy with 153,000 miles. AWD, great for year-round driving and Pacific Northwest weather.<br>The car has been thoroughly inspected by a mechanic including an oil change and all fluids are changed and filled. It runs and drives well. Clean, comfortable interior with plenty of passenger and trunk space.<br>There are some minor dings and normal wear and tear consistent with the age and mileage. The front bumper has cosmetic paint peeling, which is shown clearly in the photos. Priced accordingly.<br>Highlights:<br>154k miles<br>All-Wheel Drive (AWD)<br>Automatic transmission<br>Mechanic inspected<br>Runs and drives well<br>Clean interior<br>Comfortable and practical 4-door sedan<br>$4500 <br>Message me if interested or if you'd like to come see it and take it for a test drive.","[PREMIUM]",10,,"Seattle","WA","98101","[PREMIUM]"
"786404225","2026-08-05 20:47:42.666","2026-08-05 20:47:42.666","786404225","[PREMIUM]","PC1792",2019,"CHEV","Chevrolet","CORV","Corvette","Grand Sport","COUPE","Used","Used 2019 Chevrolet Corvette Grand Sport",23778,"[PREMIUM]",,,"[PREMIUM]",54820,63520,"Gray Metallic","GRAY","Gray","GRAY","8CLDR","8-Cylinder","2 wheel drive - rear","AUT","8-Speed Automatic","Automatic","G","Gasoline","Gas",,,6.2,true,13,false,false,false,,false,,,"30",74583813,"[PREMIUM]","[PREMIUM]","[PREMIUM]",2012,"[PREMIUM]",false,"PARTNER",434978,4.5,173,0,"[""NO_SALVAGE_TITLE"",""NO_ACCIDENTS_REPORTED"",""NO_ONE_OWNER""]","{""exterior"":[""Alloy wheels"",""Body-Color Outside Heated Power-Adjustable Mirrors"",""Bumpers: body-color"",""Carbon Flash Badge Package"",""Delay-off headlights"",""Fully automatic headlights"",""Heated door mirrors"",""High-Intensity Discharge Headlights"",""Power door mirrors"",""Spoiler""],""interior"":[""8-Way Driver & Passenger Seat Adjusters"",""Air Conditioning"",""Auto-Dimming Inside Frameless Rearview Mirror"",""Cargo Net"",""Driver door bin"",""Driver vanity mirror"",""Front Bucket Seats"",""Front Center Armrest"",""Front dual zone A/C"",""Front reading lights"",""GT Bucket Seats"",""Heated & Vented Driver & Front Passenger Seats"",""Leather Shift Knob"",""Leather steering wheel"",""Luggage Shade"",""Passenger door bin"",""Passenger vanity mirror"",""Power Lumbar/Bolster Seat Adjusters"",""Power driver seat"",""Power passenger seat"",""Power windows"",""Rear window defroster"",""Sport steering wheel"",""Steering wheel mounted audio controls"",""Tachometer"",""Telescoping steering wheel"",""Tilt steering wheel"",""Trip computer"",""Universal Home Remote"",""Variably intermittent wipers"",""Voltmeter""],""mechanical"":[""4-Wheel Disc Brakes"",""Adaptive suspension"",""Four wheel independent suspension"",""Power steering"",""Speed-sensing steering""],""other"":[""2.73 Limited Slip Performance Rear Axle Ratio"",""Apple CarPlay/Android Auto"",""Clean Carfax"",""Front Curb View Cameras"",""Front License Plate Bracket"",""Front anti-roll bar"",""Illuminated entry"",""Memory Package"",""Outside temperature display"",""Painted Body-Color Carbon Fiber Removable Roof Panel"",""Preferred Equipment Group 2LT"",""Rear anti-roll bar"",""Wheels: 19\"" x 10\"" Fr & 20\"" x 12\"" Rr Grand Sport Pearl""],""safety"":[""ABS brakes"",""Dual front impact airbags"",""Dual front side impact airbags"",""Electronic Stability Control"",""Emergency communication system"",""Low tire pressure warning"",""Occupant sensing airbag"",""Panic alarm"",""Theft Deterrent System"",""Traction control""],""technology"":[""9 Speakers"",""AM/FM radio: SiriusXM"",""Automatic temperature control"",""Bose Advanced 10-Speaker Audio System Feature"",""Bose Premium 9-Speaker Audio System Feature"",""Compass"",""Exterior Parking Camera Rear"",""Head-Up Display"",""Heads-Up Display"",""Radio data system"",""Radio: Chevrolet Infotainment System"",""Remote Vehicle Starter System"",""Remote keyless entry"",""SiriusXM Radio"",""Speed control""]}",84,"This 2019 Chevrolet Corvette Grand Sport 2LT delivers authentic sports car performance with a timeless design that commands attention on every road.<br><br>- 6.2L V8 engine with 8-Speed Paddle Shift and Automatic Modes<br>- Bose Premium Audio System with SiriusXM Radio<br>- Head-Up Display for enhanced visibility<br>- Heated and Vented Driver and Front Passenger Seats<br>- Power Driver Seat with Memory Package<br>- Adaptive Suspension for responsive handling<br>- Front Curb View Cameras with Rear Exterior Parking Camera<br>- Auto-Dimming Rearview Mirror<br>- 19 x 10 Front and 20 x 12 Rear Grand Sport Pearl Alloy Wheels<br>- Leather Steering Wheel and Shift Knob<br>- Remote Vehicle Starter System<br>- Electronic Stability Control and Traction Control<br>- 4-Wheel Disc Brakes with ABS<br>- Carbon Flash Badge Package<br><br>Finished in striking Gray, this Corvette presents a purposeful stance that reflects its performance heritage. The Grand Sport 2LT trim combines luxury appointments with track-ready capability, offering a comprehensive driving experience whether you're enjoying a spirited drive or cruising with premium comfort.<br><br>Inside, the cabin showcases grand touring elements designed for the discerning driver. GT bucket seats with heating and ventilation options keep you comfortable during extended drives. The leather-wrapped steering wheel and shift knob provide tactile quality, while the Bose audio system ensures your entertainment rivals the engine's output. Apple CarPlay and Android Auto integration keep your digital life accessible without distraction.<br><br>The chassis delivers responsive handling through its four-wheel independent suspension and speed-sensing steering, complemented by the 2.73 Limited Slip Performance Rear Axle Ratio. Electronic stability control and traction management systems work seamlessly to maintain confidence through demanding driving conditions. With 15 city and 25 highway MPG, you'll find the fuel efficiency reasonable for a high-performance machine of this caliber.<br><br>This Grand Sport has been meticulously maintained and shows 23,778 miles on its odometer. The combination of powerful V8 performance, advanced suspension technology, and refined interior appointments make this Corvette an exceptional opportunity for buyers seeking authentic American sports car character.<br><br>Beach Chevrolet and Beach Automotive are proud to be the Grand Strand's trusted destination for quality pre-owned vehicles. Serving Myrtle Beach, North Myrtle Beach, Little River, Conway, Surfside Beach, Murrells Inlet, and surrounding areas, we offer a large selection of used cars, trucks, SUVs, and vans at competitive prices to fit nearly every budget.<br><br>Whether you're buying your first vehicle, upgrading your current ride, or searching for a dependable truck, our team is here to help. We also offer flexible financing options through a network of trusted lenders, helping customers with a variety of credit situations.<br><br>For exceptional customer service, competitive pricing, and a hassle-free car-buying experience, choose Beach Chevrolet and Beach Automotive your destination for quality pre-owned vehicles across Myrtle Beach and the Grand Strand.","[PREMIUM]",16,"3740 HIGHWAY 9 E","Little River","SC","29566","[PREMIUM]"
"787060986","2026-08-05 19:57:11.465","2026-08-05 19:57:11.465","787060986","[PREMIUM]","TS228307A",2019,"MB","Mercedes-Benz","MBAMGGT","AMG GT","63","HATCH","Used","Used 2019 Mercedes-Benz AMG GT 63",47856,"[PREMIUM]",,"Great","[PREMIUM]",66597,70997,"Polar White","WHITE","Savanna Beige Exclusive Leathe","BEIGE","8CLDR","8-Cylinder Turbo","All wheel drive","AUT","9-Speed Automatic","Automatic","G","Gasoline","Gas",15,20,4,true,5,false,true,false,,false,,,"30",68055417,"[PREMIUM]","[PREMIUM]","[PREMIUM]",873,"[PREMIUM]",false,"PARTNER",443263,4.3,6,0,"[""NO_SALVAGE_TITLE"",""NO_ACCIDENTS_REPORTED"",""NO_ONE_OWNER""]","{""exterior"":[""Alloy wheels"",""Auto High-beam Headlights"",""Auto-dimming door mirrors"",""Bumpers: body-color"",""Delay-off headlights"",""Fully automatic headlights"",""Heated door mirrors"",""Power door mirrors"",""Side Sill Inserts"",""Spoiler"",""Turn signal indicator mirrors"",""Window Trim""],""interior"":[""Air Conditioning"",""Auto-dimming Rear-View mirror"",""Driver door bin"",""Driver vanity mirror"",""Front Bucket Seats"",""Front Center Armrest"",""Front dual zone A/C"",""Front reading lights"",""Garage door transmitter"",""Head restraints memory"",""Heated Front Door Panels & Armrests"",""Heated Front Seats"",""Heated Steering Wheel"",""Heated front and rear seats"",""Leather Shift Knob"",""Memory seat"",""Overhead console"",""Passenger door bin"",""Passenger vanity mirror"",""Power Liftgate"",""Power adjustable front head restraints"",""Power driver seat"",""Power moonroof"",""Power passenger seat"",""Power windows"",""Rapid Heating Front Seats"",""Rear Window Blind"",""Rear reading lights"",""Rear window defroster"",""Speed-Sensitive Wipers"",""Sport steering wheel"",""Steering wheel memory"",""Steering wheel mounted audio controls"",""Tachometer"",""Telescoping steering wheel"",""Tilt steering wheel"",""Trip computer"",""Variably intermittent wipers"",""Ventilated Front Bucket Seats"",""Ventilated front seats""],""mechanical"":[""4-Wheel Disc Brakes"",""Active Engine Mounts"",""Adaptive suspension"",""Auto-leveling suspension"",""Four wheel independent suspension"",""Power steering Plus"",""Speed-sensing steering""],""other"":[""AMGᆴ Dynamic Plus Package"",""AMGᆴ Night Package"",""AMGᆴ Night Package (P60)"",""AMGᆴ Performance Full DINAMICA Steering Wheel"",""Active Distance Assist  DISTRONICᆴ"",""Active Emergency Stop Assist"",""Active Speed Limit Assist"",""Air Balance Package"",""Apple CarPlay"",""Auto tilt-away steering wheel"",""Black Front Splitter"",""Burmesterᆴ  Surround Sound System"",""CLEAN CAR FAX... NO ACCIDENTS"",""Drift Mode"",""Driver Assistance Package"",""Driver Assistance Package (23P)"",""ENERGIZING Comfort Package"",""ENERGIZING Comfort Package Code"",""Evasive Steering Assist"",""Exhaust Tips"",""Front anti-roll bar"",""Global Components Code"",""HOFFMAN NEW CAR TRADE"",""Illuminated entry"",""Local Component Code"",""Mirror Covers"",""Navigation system: COMANDᆴ"",""Outside temperature display"",""PRE-SAFEᆴ  PLUS Rear-End Collision Protection"",""Park Assist (Front & Rear) Incl. Surround View"",""Perforated Nappa Leather Upholstery"",""Porsche Ceramic Composite Brake (PCCB) with Calipers in Yellow"",""Premium audio system: COMANDᆴ"",""RACE Mode"",""Radio: AM/FM w/COMANDᆴ Navigation"",""Rear Diffuser Insert"",""Rear anti-roll bar"",""Route-Based Speed Adaptation"",""Surround View Camera"",""Traffic Sign Assist"",""Warmth & Comfort Package"",""Wheels: 19\"" AMGᆴ 10-Spoke"",""Yellow Brake Calipers w/Black AMGᆴ Lettering""],""safety"":[""Active Blind Spot Assist"",""Active Brake Assist w/Cross-Traffic Function"",""Active Lane Change Assist"",""Active Lane Keeping Assist"",""Brake assist"",""Child-Seat-Sensing Airbag"",""Dual front impact airbags"",""Dual front side impact airbags"",""Electronic Stability Control"",""Emergency communication system: eCall Emergency System"",""Knee airbag"",""Low tire pressure warning"",""Occupant sensing airbag"",""Overhead airbag"",""Panic alarm"",""Security system"",""Traction control""],""technology"":[""14 Speakers"",""AM/FM radio: SiriusXM"",""Active Steering Assist"",""Automatic temperature control"",""Compass"",""Parking Assistance Package"",""Radio data system"",""Rain sensing wipers"",""Remote keyless entry"",""Speed control""]}",129,"This 2019 Mercedes-Benz AMG&reg; GT 63 Base 4MATIC&reg; represents an exceptional opportunity to own a performance-engineered sports car with distinctive presence and commanding capability.<br><br>- CLEAN CAR FAX... NO ACCIDENTS<br>- HOFFMAN NEW CAR TRADE<br>- Air Balance Package<br>- AMG&reg; Dynamic Plus Package<br>- AMG&reg; Night Package<br>- Driver Assistance Package<br>- ENERGIZING Comfort Package<br>- Parking Assistance Package<br>- Warmth &amp; Comfort Package<br>- Active Distance Assist DISTRONIC&reg;<br>- Active Steering Assist<br>- Active Blind Spot Assist<br>- Active Lane Keeping Assist<br>- AMG&reg; Performance Full DINAMICA Steering Wheel<br>- RACE Mode<br><br>Finished in crisp White, this 4MATIC&reg; model combines visual sophistication with all-weather capability. The V8 engine delivers substantial performance, while the 9-Speed Automatic transmission provides smooth power delivery. With 47,856 miles on the odometer, this vehicle shows careful stewardship and offers years of ownership potential ahead.<br><br>The interior showcases Perforated Nappa Leather Upholstery across ventilated and heated front bucket seats, creating an environment designed for both comfort and engagement. The AMG&reg; Performance Full DINAMICA Steering Wheel places control directly in your hands, while heated door panels and armrests add warmth during colder months. The cabin integrates premium technology, including COMAND&reg; Navigation with AM/FM SiriusXM radio, Burmester&reg; Surround Sound System with 14 speakers, and Apple CarPlay compatibility for seamless smartphone integration.<br><br>Safety systems throughout this vehicle reflect Mercedes-Benz engineering excellence. Active Distance Assist DISTRONIC&reg;, Active Lane Keeping Assist, Active Blind Spot Assist, and Active Steering Assist work together to support confident driving. Additional features include PRE-SAFE&reg; PLUS Rear-End Collision Protection, Active Brake Assist with Cross-Traffic Function, and Surround View Camera with Park Assist for precise maneuvering.<br><br>Performance-focused elements distinguish this AMG&reg; GT 63. RACE Mode and Drift Mode deliver driver engagement, while Yellow Brake Calipers with Black AMG&reg; Lettering and the Porsche Ceramic Composite Brake system provide stopping power matched to the vehicle's capabilities. The 19 AMG&reg; 10-Spoke wheels and rear diffuser insert underscore the purposeful design, enhanced by the Black Front Splitter and Side Sill Inserts.<br><br>Convenience features abound, including power moonroof, power liftgate, memory seats with heated and power adjustment, and auto-dimming mirrors and rear-view mirror. Route-Based Speed Adaptation and Traffic Sign Assist integrate navigation with driving awareness, while the auto-leveling suspension and speed-sensing steering adapt to road conditions and driving demands.<br><br>Built on Trust<br><br>For over 100 years, Hoffman Auto Group has been exceeding clients expectations and building our reputation as the most trusted dealer group in Connecticut. We believe in giving you an experience that is memorable and convenient. Shop with us, where we use the latest data and software to give you the best offer possible. Spend less time negotiating and more time finding the perfect vehicle for you and your family. Hoffman, Driven By Trust!","[PREMIUM]",48,"630 Connecticut Blvd","East Hartford","CT","06108","[PREMIUM]"
"787258675","2026-08-05 19:45:20.792","2026-08-05 19:45:20.792","787258675","[PREMIUM]","MKA001563",2019,"MB","Mercedes-Benz","MBAMGGT","AMG GT","63","HATCH","Used","Used 2019 Mercedes-Benz AMG GT 63",63393,"[PREMIUM]",,"Good","[PREMIUM]",62160,66560,"Black","BLACK","Black","BLACK","8CLDR","8-Cylinder Turbo","All wheel drive","AUT","9-Speed Automatic","Automatic","G","Gasoline","Gas",15,20,4,true,3,false,true,false,,false,,,"30",342884,"[PREMIUM]","[PREMIUM]","[PREMIUM]",1302,"[PREMIUM]",false,"PARTNER",443263,4.3,6,0,"[""NO_SALVAGE_TITLE"",""NO_ACCIDENTS_REPORTED"",""NO_ONE_OWNER""]","{""exterior"":[""Aluminum Wheels"",""Automatic Headlights"",""Automatic Highbeams"",""Hands-Free Liftgate"",""Headlights-Auto-Leveling"",""Heated Mirrors"",""Integrated Turn Signal Mirrors"",""LED Headlights"",""Mirror Memory"",""Power Folding Mirrors"",""Power Mirror(s)"",""Rear Spoiler"",""Tires - Front Performance"",""Tires - Rear Performance""],""interior"":[""A/C"",""Adjustable Steering Wheel"",""Auto-Dimming Rearview Mirror"",""Bucket Seats"",""Cargo Shade"",""Climate Control"",""Cooled Front Seat(s)"",""Driver Adjustable Lumbar"",""Driver Illuminated Vanity Mirror"",""Driver Vanity Mirror"",""Floor Mats"",""Generic Sun/Moonroof"",""Heated Front Seat(s)"",""Intermittent Wipers"",""Leather Seats"",""Leather Steering Wheel"",""Multi-Zone A/C"",""Passenger Adjustable Lumbar"",""Passenger Illuminated Visor Mirror"",""Passenger Vanity Mirror"",""Power Door Locks"",""Power Driver Seat"",""Power Liftgate"",""Power Passenger Seat"",""Power Windows"",""Premium Synthetic Seats"",""Rear Bucket Seats"",""Rear Defrost"",""Remote Trunk Release"",""Seat Memory"",""Steering Wheel Audio Controls"",""Sun/Moonroof"",""Trip Computer"",""Universal Garage Door Opener"",""Variable Speed Intermittent Wipers""],""mechanical"":[""4-Wheel Disc Brakes"",""Active Suspension"",""Air Suspension"",""All Wheel Drive"",""Brake Actuated Limited Slip Differential"",""Power Steering"",""Turbocharged""],""other"":[""Driver Monitoring"",""Driver Restriction Features"",""Front Collision Mitigation"",""Locking/Limited Slip Differential"",""Rear Collision Mitigation"",""Requires Subscription"",""Smart Device Integration""],""safety"":[""ABS"",""Blind Spot Monitor"",""Brake Assist"",""Child Safety Locks"",""Cross-Traffic Alert"",""Daytime Running Lights"",""Driver Air Bag"",""Front Head Air Bag"",""Front Side Air Bag"",""Knee Air Bag"",""Passenger Air Bag"",""Passenger Air Bag Sensor"",""Rear Head Air Bag"",""Security System"",""Stability Control"",""Tire Pressure Monitor"",""Traction Control""],""technology"":[""AM/FM Stereo"",""Automatic Parking"",""Auxiliary Audio Input"",""Back-Up Camera"",""Bluetooth Connection"",""Cruise Control"",""HD Radio"",""Immobilizer"",""Keyless Entry"",""Keyless Start"",""MP3 Capability"",""Navigation System"",""Premium Sound System"",""Rain Sensing Wipers"",""Rear Parking Aid"",""Satellite Radio"",""Telematics"",""WiFi Hotspot""]}",98,"Price excludes required taxes, tag, title and includes a $225.00 documentary fee.We have taken reasonable efforts to ensure display of accurate data; however, the information shown may contain errors and omissions, may not reflect all vehicle items and accessories, and errors with regard to pricing may occur. ᅠAll displayed inventory is subject to prior sale and all prices expire at midnight on the date displayed. ᅠPrice shown is for the state in which Dealer is physically located and if transferred to another state, the price may change. ᅠDealer is not responsible for any errors but should be consulted in person to confirm the information on this page.PRE-OWNED VEHICLES MAY BE SUBJECT TO UNREPAIRED MANUFACTURER RECALLS. PLEASE CONTACT THE MANUFACTURER OR A DEALER FOR THAT LINE MAKE FOR RECALL ASSISTANCE/QUESTIONS OR CHECK THE NATIONAL HIGHWAY TRAFFIC SAFETY ADMINISTRATION WEBSITE FOR CURRENT RECALL INFORMATION BEFORE PURCHASING.","[PREMIUM]",29,"10002 SOUTHWEST FWY","Houston","TX","77074","[PREMIUM]"
"787168910","2026-08-05 17:46:42.724","2026-08-05 17:46:42.724","787168910","[PREMIUM]","K5552889",2019,"FORD","Ford","MUST","Mustang","Shelby GT350","COUPE","Used","Used 2019 Ford Mustang Shelby GT350 w/ Technology Package",11477,"[PREMIUM]",,,"[PREMIUM]",64160,68460,"Shadow Black","BLACK","Ebony W/Dark Slate Accent","UNAVAIL","8CLDR","8-Cylinder","2 wheel drive - rear","MAN","6-Speed Manual","Manual","G","Gasoline","Gas",14,21,5.2,true,4,false,true,false,,false,,,"30",73961341,"[PREMIUM]","[PREMIUM]","[PREMIUM]",4822,"[PREMIUM]",false,"PARTNER",439302,4.6,229,0,"[""NO_SALVAGE_TITLE"",""ACCIDENTS_REPORTED"",""NO_ONE_OWNER""]","{""exterior"":[""Alloy wheels"",""Bumpers: body-color"",""Delay-off headlights"",""Fully automatic headlights"",""Heated Mirrors"",""High-Intensity Discharge Headlights"",""Power door mirrors"",""Spoiler"",""Vinyl Over-the-Top Racing Stripe""],""interior"":[""Air Conditioning"",""Auto-dimming Rear-View mirror"",""Driver door bin"",""Driver vanity mirror"",""Exposed Carbon Fiber Instrument Panel"",""Front Bucket Seats"",""Front Center Armrest"",""Front dual zone A/C"",""Front reading lights"",""Garage door transmitter"",""Overhead console"",""Passenger door bin"",""Passenger vanity mirror"",""Power windows"",""RECARO Cloth/Miko Suede Sport Seats"",""Rear window defroster"",""Speed-Sensitive Wipers"",""Split folding rear seat"",""Sport steering wheel"",""Steering wheel mounted audio controls"",""Tachometer"",""Telescoping steering wheel"",""Tilt steering wheel"",""Trip computer"",""Variably intermittent wipers"",""Voltmeter""],""mechanical"":[""4-Wheel Disc Brakes"",""Adaptive suspension"",""Block heater"",""Four wheel independent suspension"",""Power steering"",""Speed-sensing steering""],""other"":[""Front anti-roll bar"",""GT350 Equipment Group 900A"",""Handling Package (Dealer Installed)"",""Illuminated entry"",""Outside temperature display"",""Rear anti-roll bar"",""SYNC 3/Apple CarPlay/Android Auto"",""Technology Package"",""Weathershield Full Vehicle Cover (Dealer Installed)"",""Wheels: 19' x 10.5' Fr/19' x 11' Rr Ebony Black""],""safety"":[""ABS brakes"",""BLIS Blind Spot Information System"",""Brake assist"",""Dual front impact airbags"",""Dual front side impact airbags"",""Electronic Stability Control"",""Emergency communication system: 911 Assist"",""Knee airbag"",""Low tire pressure warning"",""Occupant sensing airbag"",""Overhead airbag"",""Panic alarm"",""Security system"",""Traction control""],""technology"":[""9 Speakers"",""AM/FM Stereo"",""AM/FM radio: SiriusXM"",""Automatic temperature control"",""Compass"",""Exterior Parking Camera Rear"",""Radio data system"",""Radio: B&O Sound System by Bang & Olufsen"",""Remote keyless entry"",""SYNC 3 Communications & Entertainment System"",""SiriusXM Radio"",""Speed control"",""Voice-Activated Touch-Screen Navigation System""]}",78,"This 2019 Ford Mustang Shelby GT350 represents a distinctive opportunity for the discerning driver who values precision engineering and purposeful performance. - 5.2L Ti-VCT V8 engine with Tremec 6-Speed Manual transmission - Shelby logo hood detail and Cobra logo badging - Vinyl over-the-top racing stripe - Exposed carbon fiber instrument panel - Technology Package with Voice-Activated Touch-Screen Navigation and pinch-to-zoom capability - BLIS Blind Spot Information System with cross-traffic alert - B O Sound System by Bang Olofsen with 12 speakers and HD Radio - SiriusXM Traffic and Travel Link - Climate-controlled leather and Miko suede sport seats with 6-way power adjustment - Heated mirrors with memory and turn signal indicators - Handling Package with adjustable strut top mounts and gurney flap - Cobra puddle lamps - High-Intensity Discharge headlights with automatic control - Weathershield full vehicle cover - 19-inch Ebony Black forged aluminum wheels (19' x 10.5' front / 19' x 11' rear) With just 11,476 miles on the odometer, this Shelby GT350 remains virtually untouched, representing the kind of low-mileage opportunity that rarely presents itself. The Black exterior paired with the iconic racing stripe and carbon fiber accents establishes an assertive presence that communicates the vehicle's serious intent. Every detail reflects Ford's commitment to this model's heritage. The 5.2-liter naturally aspirated V8 engine delivers responsive power through a Tremec 6-Speed Manual transmission, offering the direct engagement that distinguasts this platform. Fuel economy registers at 14 city and 21 highway, appropriate for this performance tier. The rear-wheel-drive configuration provides the driver connection this machine was designed to deliver. The interior combines luxury with athleticism through climate-controlled leather and Miko suede seating with 6-way power adjustment and driver-side lumbar support. The exposed carbon fiber instrument panel reinforces the GT350's engineering-focused identity. The B O Sound System delivers 12-speaker audio quality enhanced by a trunk-mounted subwoofer, while the Voice-Activated Navigation system with pinch-to-zoom functionality integrates seamlessly through SYNC 3 with Apple CarPlay and Android Auto compatibility. Safety and convenience features include the BLIS Blind Spot Information System with cross-traffic alert, heated mirrors with memory positioning, and high-intensity discharge headlights with automatic operation. The rear parking camera supports confident maneuvering, while the electronic stability control and adaptive suspension work to maintain control across varied driving conditions. This Shelby GT350 combines low mileage, comprehensive factory-installed accessories, and purposeful design into a package ready for immediate enjoyment. We invite you to examine this vehicle in detail and experience the command it offers.","[PREMIUM]",32,"2200 W UNIVERSITY DR","Prosper","TX","75078","[PREMIUM]"
"786865498","2026-08-05 17:12:21.527","2026-08-05 17:12:21.527","786865498","[PREMIUM]","1FT7W2BT1KED35063",2019,"FORD","Ford","F250","F250","Platinum","TRUCKS","Used","Used 2019 Ford F250 Platinum w/ Platinum Ultimate Package",105000,"[PREMIUM]",,,"[PREMIUM]",48252,52252,"Black","BLACK","Black","BLACK","8CLDR","8-Cylinder Turbo","4 wheel drive","AUT","6-Speed Automatic","Automatic","D","Diesel","Gas",,,6.7,true,7,false,false,false,,false,,,"30",75876261,"[PREMIUM]","[PREMIUM]","[PREMIUM]",,"[PREMIUM]",true,,441010,4.5,45,,"[""NO_SALVAGE_TITLE"",""NO_ACCIDENTS_REPORTED"",""ONE_OWNER""]","{""exterior"":[""Bed Liner"",""Fog Lights"",""Hard Tonneau Cover"",""LED Headlamps"",""Oversized Premium Wheels 20\""+"",""Running Boards""],""interior"":[""Air Conditioning"",""Dual Power Seats"",""Heated & Cooled Seats"",""Leather"",""Power Door Locks"",""Power Sliding Rear Window"",""Power Windows"",""Twin Panel Moon Roof""],""mechanical"":[""Power Steering"",""Towing Pkg""],""other"":[""FX4 Off-Road Pkg"",""FordPass Connect"",""Power Tailgate Release"",""Tilt & Telescoping Wheel"",""Ultimate Pkg""],""safety"":[""ABS (4-Wheel)"",""AdvanceTrac"",""Alarm System"",""Blind-Spot Information System"",""Dual Air Bags"",""Head Curtain Air Bags"",""Lane Keeping Alert"",""Side Air Bags""],""technology"":[""AM/FM/HD Radio"",""Adaptive Cruise Control"",""Backup Camera"",""Bang & Olufsen Premium Sound"",""CD/MP3 (Single Disc)"",""Cruise Control"",""Hill Descent Control"",""Hill Start Assist Control"",""Keyless Entry"",""Keyless Start"",""Navigation System"",""Reverse Sensing System"",""SYNC"",""SiriusXM Satellite""]}",43,"2019 Ford F-250 Platinum - Fully Loaded<br>Clean, accident-free 2019 F-250 Platinum featuring a full BDS suspension with 8&quot; lift, custom Fuel wheels on 38&quot; tires, Fox shocks, Line-X bed liner, RollNLock bed cover, leather interior, tinted windows, and radar jammer. Fully loaded with Platinum luxury features and in excellent condition.<br>Serious inquiries only.","[PREMIUM]",21,,"Pompano Beach","FL","33064","[PREMIUM]"
"787029157","2026-08-05 17:07:41.243","2026-08-05 17:07:41.243","787029157","[PREMIUM]","KEF65675T",2019,"FORD","Ford","F450","F450","Lariat","TRUCKS","Certified","Certified 2019 Ford F450 Lariat w/ Lariat Ultimate Package",65462,"[PREMIUM]",,"Good","[PREMIUM]",62077,69977,"White Platinum Metallic Tri-co","WHITE","Black","BLACK","8CLDR","8-Cylinder Turbo","4 wheel drive","AUT","6-Speed Automatic","Automatic","D","Diesel","Gas",,,6.7,true,6,false,true,false,,false,,,"30",73344763,"[PREMIUM]","[PREMIUM]","[PREMIUM]",1674,"[PREMIUM]",false,"PARTNER",444272,5,7,0,"[""NO_SALVAGE_TITLE"",""ACCIDENTS_REPORTED"",""ONE_OWNER""]","{""exterior"":[""Aluminum Wheels"",""Automatic Headlights"",""Fog Lamps"",""Heated Mirrors"",""Integrated Turn Signal Mirrors"",""Power Folding Mirrors"",""Power Mirror(s)"",""Tires - Front All-Terrain"",""Tires - Rear All-Terrain"",""Tow Hitch""],""interior"":[""A/C"",""Adjustable Pedals"",""Adjustable Steering Wheel"",""Auto-Dimming Rearview Mirror"",""Bucket Seats"",""Climate Control"",""Driver Adjustable Lumbar"",""Driver Illuminated Vanity Mirror"",""Driver Vanity Mirror"",""Floor Mats"",""Intermittent Wipers"",""Leather Seats"",""Leather Steering Wheel"",""Multi-Zone A/C"",""Pass-Through Rear Seat"",""Passenger Adjustable Lumbar"",""Passenger Illuminated Visor Mirror"",""Passenger Vanity Mirror"",""Power Door Locks"",""Power Driver Seat"",""Power Passenger Seat"",""Power Windows"",""Privacy Glass"",""Rear Bench Seat"",""Rear Defrost"",""Steering Wheel Audio Controls"",""Trip Computer"",""Variable Speed Intermittent Wipers"",""Woodgrain Interior Trim""],""mechanical"":[""4-Wheel Disc Brakes"",""Four Wheel Drive"",""Power Steering"",""Turbocharged""],""other"":[""Driver Restriction Features"",""Dual Rear Wheels"",""ENGINE: 6.7L 4V OHV POWER STROKE V8 TURBO DIESEL B20  -inc: manual push-button engine-exhaust braking and intelligent oil-life monitor (STD)"",""Locking/Limited Slip Differential"",""Requires Subscription"",""Running Boards/Side Steps"",""Smart Device Integration"",""Tow Hooks""],""safety"":[""ABS"",""Brake Assist"",""Child Safety Locks"",""Conventional Spare Tire"",""Daytime Running Lights"",""Driver Air Bag"",""Front Head Air Bag"",""Front Side Air Bag"",""Passenger Air Bag"",""Rear Head Air Bag"",""Security System"",""Stability Control"",""Traction Control""],""technology"":[""AM/FM Stereo"",""Auxiliary Audio Input"",""Back-Up Camera"",""Bluetooth Connection"",""Cruise Control"",""Immobilizer"",""Keyless Entry"",""MP3 Capability"",""Premium Sound System"",""Rear Parking Aid"",""Satellite Radio"",""Telematics"",""WiFi Hotspot""]}",77,"This 2019 Ford F-450SD Lariat DRW in crisp white delivers serious capability backed by proven engineering and commercial-grade construction. With its Power Stroke 6.7L V8 turbodiesel engine paired with a TorqShift 6-speed automatic transmission and 4WD, this truck is built to handle demanding work and challenging terrain with confidence.- All-Weather Floor Mats- Chrome Package with 2 front chrome tow hooks, body-color door handles with chrome insert, unique chrome mirror caps, 6 angular chrome step bars, and chrome exhaust tip- FX4 Off-Road Package with hill descent control, off-road-tuned shock absorbers, transfer case and fuel tank skid plates- 6 Angular Chrome Extended Running Boards- Dual Extra Heavy-Duty Alternators (377 amps total)- Engine Block Heater and Rapid-Heat Supplemental Cab Heater- Twin Panel Power Moonroof with map lights and moonroof switches- Lariat Ultimate Package featuring power heated/cooled driver and passenger seats with memory, PowerScope trailer tow mirrors with memory, pushbutton start, voice-activated navigation with HD and SiriusXM Traffic and Travel Link- 5th Wheel/Gooseneck Hitch Prep Package with 5 pickup bed attachment points and 7-pin connector- Adaptive Cruise Control with Collision Warning and brake support- Quad Beam LED Headlamps, LED Taillamps, LED fog lamps, and LED Center High-Mounted Stop Lamp- Blind Spot Information System with cross-traffic alert and trailer tow- Tow Technology Bundle including 360-degree camera system with trailer reverse guidance and adaptive steering- 6 Upfitter Switches in overhead console- Heated Rear Seats- 19.5 Forged Polished Aluminum WheelsThis truck arrives with comprehensive comfort and convenience features designed for both the road and the job site. The Lariat Ultimate Package includes power heated and cooled seats with memory adjustment, PowerScope trailer tow mirrors with integrated memory, automatic high beam headlights, rain-sensing windshield wipers, and an easy entry/exit memory driver's seat. SYNC 3 communication and entertainment system integration puts navigation, SiriusXM satellite radio, and hands-free controls at your fingertips. Connectivity reaches further with a 110V/400W outlet for job site power needs.Off-road and work-ready capability earmarks this F-450SD as a serious tool. The FX4 Off-Road Package delivers hill descent control, specially tuned front and rear shock absorbers, and protective skid plates for the transfer case and fuel tank. The 5th Wheel/Gooseneck Hitch Prep Package comes factory-ready for heavy-duty towing applications with five pickup bed attachment points and an integrated 7-pin connector. Chrome accents throughout including 6 angular running boards, chrome tow hooks, and polished mirror caps enhance both appearance and functionality.Safety and visibility receive thorough attention on this model. Quad beam LED headlamps and LED taillamps combined with fog lamps and a Center High-Mounted Stop Lamp ensure you remain visible in all conditions. The Blind Spot Information System with cross-traffic alert and the Tow Technology Bundle featuring a 360-degree camera system with trailer reverse guidance provide confidence during complex maneuvers. Adaptive Cruise Control with Collision Warning and brake support rounds out the safety technology package.This 2019 Ford F-450SD Lariat DRW is certified pre-owned, meaning it has passed a comprehensive inspection and reconditioning process to verify its mechanical soundness and operational integrity. You can drive with assurance knowing that this truck meets rigorous quality standards before delivery.The combination of proven diesel power, premium appointments, substantial payload capacity, and factory-installed towing infrastructure positions this F-450SD as an investment in reliable heavy-duty service. Whether your demands center on construction, hauling, or daily work, this truck stands ready to perform.","[PREMIUM]",18,"2200 Westland Road","Cheyenne","WY","82001","[PREMIUM]"
"786522612","2026-08-05 16:58:40.777","2026-08-05 16:58:40.777","786522612","[PREMIUM]","0617971",2019,"CHEV","Chevrolet","CORV","Corvette","Grand Sport","COUPE","Used","Used 2019 Chevrolet Corvette Grand Sport",19942,"[PREMIUM]",,,"[PREMIUM]",56150,64850,"Watkins Glen Gray Metallic","GRAY","Gray","GRAY","8CLDR","8-Cylinder","2 wheel drive - rear","AUT","8-Speed Automatic","Automatic","G","Gasoline","Gas",,,6.2,true,12,false,false,false,,false,,,"30",66914019,"[PREMIUM]","[PREMIUM]","[PREMIUM]",1715,"[PREMIUM]",false,"PARTNER",434978,4.5,173,0,"[""NO_SALVAGE_TITLE"",""NO_FRAME_DAMAGE"",""NO_FLOOD_WATER_DAMAGE"",""NO_ACCIDENTS_REPORTED"",""NO_ONE_OWNER"",""FREE_REPORT""]","{""exterior"":[""Aluminum Wheels"",""CARBON FLASH BADGE PACKAGE"",""HID headlights"",""Heated Mirrors"",""Mirror Memory"",""Power Mirror(s)"",""Rear Spoiler"",""Tires - Front Performance"",""Tires - Rear Performance"",""WATKINS GLEN GRAY METALLIC""],""interior"":[""A/C"",""Adjustable Steering Wheel"",""Auto-Dimming Rearview Mirror"",""Bucket Seats"",""Cargo Shade"",""Climate Control"",""Cooled Front Seat(s)"",""Driver Adjustable Lumbar"",""Driver Illuminated Vanity Mirror"",""Driver Vanity Mirror"",""Floor Mats"",""GRAY  PERFORATED MULAN LEATHER SEATING SURFACES"",""Heated Front Seat(s)"",""Intermittent Wipers"",""Leather Seats"",""Leather Steering Wheel"",""Multi-Zone A/C"",""Passenger Adjustable Lumbar"",""Passenger Illuminated Visor Mirror"",""Passenger Vanity Mirror"",""Power Door Locks"",""Power Driver Seat"",""Power Passenger Seat"",""Power Windows"",""Rear Defrost"",""Remote Trunk Release"",""Steering Wheel Audio Controls"",""Universal Garage Door Opener""],""mechanical"":[""4-Wheel Disc Brakes"",""Active Suspension"",""ENGINE  6.2L (376 CI) V8 DI  (460 hp 343 kW @ 6000 rpm  465 lb-ft of torque 627.8 N-m @ 4600 rpm) (STD)"",""Power Steering"",""Rear Wheel Drive"",""TRANSMISSION  8-SPEED PADDLE SHIFT WITH AUTOMATIC MODES""],""other"":[""AUDIO SYSTEM  CHEVROLET INFOTAINMENT SYSTEM  with 8\"" diagonal color touch-screen  AM/FM/HD stereo with seek-and-scan and digital clock  includes Bluetooth streaming audio for music and select phones; voice-activated technology for radio and phone; featuri"",""GS 2LT PREFERRED EQUIPMENT GROUP  includes Standard Equipment"",""LICENSE PLATE BRACKET  FRONT"",""Locking/Limited Slip Differential"",""REAR AXLE  2.73 RATIO  ELECTRONIC LIMITED-SLIP  PERFORMANCE"",""Requires Subscription"",""SEATS  GT BUCKET  (STD)"",""Smart Device Integration"",""TIRES  FRONT P285/30ZR19 AND REAR P335/25ZR20 MICHELIN PILOT SUPER SPORT SUMMER-ONLY  RUN-FLAT  (STD) (Do not use summer only tires in winter conditions  as it would adversely affect vehicle safety  performance and durability. Use only GM-approved tire an"",""WHEELS  GRAND SPORT PEARL NICKEL-PAINTED ALUMINUM  19\"" x 10\"" (48.3 cm x 25.4 cm) front and 20\"" x 12\"" (50.8 cm x 30.48 cm) rear (STD)""],""safety"":[""ABS"",""Daytime Running Lights"",""Driver Air Bag"",""Front Side Air Bag"",""Passenger Air Bag"",""Passenger Air Bag Sensor"",""Security System"",""Stability Control"",""Traction Control""],""technology"":[""AM/FM Stereo"",""Auxiliary Audio Input"",""Back-Up Camera"",""Bluetooth Connection"",""Cruise Control"",""HD Radio"",""Heads-Up Display"",""Immobilizer"",""Keyless Entry"",""Keyless Start"",""MP3 Capability"",""Premium Sound System"",""REMOTE VEHICLE STARTER SYSTEM"",""Rear Parking Aid"",""Satellite Radio"",""Telematics"",""WiFi Hotspot""]}",80,"Priced below KBB Fair Purchase Price!<br><br><br>Odometer is 3619 miles below market average!<br><br><br>Clean CARFAX.<br><br>To see more quality vehicles like this one right here just click on https://www.stephenwadechevrolet.com or dial  .<br><br>This Chevrolet Corvette is equipped with the following features: Carbon Flash Badge Package, Memory Package, Preferred Equipment Group 2LT (Auto-Dimming Inside Frameless Rearview Mirror, Body-Color Outside Heated Power-Adjustable Mirrors, Bose Advanced 10-Speaker Audio System Feature, Cargo Net, Front Curb View Cameras, Head-Up Display, Heated &amp; Vented Driver &amp; Front Passenger Seats, Luggage Shade, Power Lumbar/Bolster Seat Adjusters, SiriusXM Radio, Theft Deterrent System, and Universal Home Remote), 2.73 Limited Slip Performance Rear Axle Ratio, 4-Wheel Disc Brakes, 8-Way Driver &amp; Passenger Seat Adjusters, 9 Speakers, ABS brakes, Adaptive suspension, Air Conditioning, Alloy wheels, AM/FM radio: SiriusXM, Apple CarPlay/Android Auto, Automatic temperature control, Bose Premium 9-Speaker Audio System Feature, Bumpers: body-color, Compass, Delay-off headlights, Driver door bin, Driver vanity mirror, Dual front impact airbags, Dual front side impact airbags, Electronic Stability Control, Emergency communication system, Exterior Parking Camera Rear, Four wheel independent suspension, Front anti-roll bar, Front Bucket Seats, Front Center Armrest, Front dual zone A/C, Front License Plate Bracket, Front reading lights, Fully automatic headlights, GT Bucket Seats, Heads-Up Display, Heated door mirrors, High-Intensity Discharge Headlights, Illuminated entry, Leather Shift Knob, Leather steering wheel, Low tire pressure warning, Occupant sensing airbag, Outside temperature display, Painted Body-Color Carbon Fiber Removable Roof Panel, Panic alarm, Passenger door bin, Passenger vanity mirror, Power door mirrors, Power driver seat, Power passenger seat, Power steering, Power windows, Radio data system, Radio: Chevrolet Infotainment System, Rear anti-roll bar, Rear window defroster, Remote keyless entry, Remote Vehicle Starter System, Speed control, Speed-sensing steering, Spoiler, Sport steering wheel, Steering wheel mounted audio controls, Tachometer, Telescoping steering wheel, Tilt steering wheel, Traction control, Trip computer, Variably intermittent wipers, Voltmeter, and Wheels: 19&quot; x 10&quot; Fr &amp; 20&quot; x 12&quot; Rr Grand Sport Pearl.<br><br>Awards:<br>* Car and Driver 10 Best Cars * 2019 KBB.com 10 Best Road Trip Cars<br>Car and Driver, January 2017.","[PREMIUM]",18,"1670 Auto Mall Drive","St. George","UT","84770","[PREMIUM]"
"787135824","2026-08-05 15:53:10.687","2026-08-05 15:53:10.687","787135824","[PREMIUM]","19-106507",2019,"CHEV","Chevrolet","CORV","Corvette","Grand Sport","COUPE","Used","Used 2019 Chevrolet Corvette Grand Sport",31755,"[PREMIUM]",,,"[PREMIUM]",49448,57448,"Admiral Blue","BLUE","Black","BLACK","8CLDR","8-Cylinder","2 wheel drive - rear","MAN","7-Speed Manual","Manual","G","Gasoline","Gas",16,25,6.2,true,5,false,true,false,,false,,,"30",66371,"[PREMIUM]","[PREMIUM]","[PREMIUM]",371,"[PREMIUM]",false,"PARTNER",434978,4.5,173,0,"[""NO_SALVAGE_TITLE"",""NO_ACCIDENTS_REPORTED"",""NO_ONE_OWNER""]","{""exterior"":[""20 X 12.0 Wheel Size - Rear"",""285/30ZR19 Tire Size - Front"",""Aluminized stainless steel Exhaust"",""Heated Mirrors"",""High Intensity Discharge (HID) Headlights"",""Michelin Pilot Sport Tires"",""Polished Exhaust"",""Power Mirrors"",""Rear Spoiler"",""Run-flat Tires"",""Summer Tires"",""Unique Grille"",""Xenon Headlights""],""interior"":[""12-volt Power Outlet(s)"",""2 Cupholders"",""Air filter Air Conditioning"",""Automatically unlocks doors Crash Sensors"",""Buckets Seats"",""Cargo Lights"",""Carpet Floor Mats"",""Center Consoles"",""Color-keyed Instrument Panels"",""Courtesy Lights"",""Covered Storage"",""Digital Clock"",""Door Power Locks"",""Dual zone Air Conditioning"",""Floor Consoles"",""Glovebox"",""Glovebox Lights"",""IntelliLink Instrument Panels"",""Leather Upholstery"",""Leather-wrapped Steering Wheel"",""Light tint Glass"",""Multi-spoke Steering Wheel"",""Pollen sensor Air Conditioning"",""Power Windows"",""Programmable Power Locks"",""Push-button start Ignition"",""Rear Defoggers"",""Rear Storage"",""Rearview Mirrors"",""Shift knob"",""Solar control Glass"",""Storage Consoles"",""Tilt/telescoping Steering Column"",""cruise Steering Wheel"",""front Air Conditioning"",""illuminated Visors"",""lockable Storage"",""power Seats""],""mechanical"":[""Power Steering Column"",""Power rack & pinion Steering"",""Power-assisted Brakes"",""Rear Wheel Drive System"",""Speed-sensitive Steering"",""disc Brakes""],""other"":[""000-mile Maintenance"",""10 years Subscriptions"",""19 X 10.0 Wheel Size - Front"",""2-year/24"",""335/25ZR20 Tire Size - Rear"",""4-channel Brakes - ABS"",""4-wheel"",""5 years Subscriptions"",""8-way adjuster"",""Adjustable Mirrors"",""Aluminum"",""Aluminum subframe Frame"",""Automatic Air Conditioning"",""Body-color Mirrors"",""Camera"",""Connected Access"",""Controls"",""Hatch Remote Releases"",""Hydroformed Frame"",""Individual settings"",""Intermittent"",""LCD"",""Manual dimming Mirrors"",""Mirror"",""Outside temperature Displays"",""Panel"",""Performance Brakes"",""Performance Exhaust"",""Performance Traction Management Traction Control"",""Rear"",""Removable Roof"",""Seek/scan Audio"",""Variable-assist Steering"",""audio Steering Wheel"",""body-color Roof"",""front Wipers"",""hands-free phone Communication"",""leather-wrapped Trim"",""object Object 3-Point Seat Belts in All Positions"",""object Object Airbag - Driver"",""object Object Airbag - Front Driver Side"",""object Object Airbag - Front Passenger"",""object Object Airbag - Front Passenger Side"",""object Object Badging"",""object Object Remote Keyless Entry"",""opening Hood"",""painted Wheel Material"",""rearview Parking Features""],""safety"":[""4-piston Brake Calipers - Rear"",""6-piston Brake Calipers - Front"",""Active Stability Control (ASC) Traction Control"",""Alarm Security Systems"",""All-Speed Traction Control"",""Aluminum Brake Calipers"",""Audible Theft Deterrent Systems"",""Brembo Brake Calipers"",""Color-keyed Brake Calipers"",""Daytime running lights Lights"",""Electronic Stability Control (ESC) Traction Control"",""Fixed Brake Calipers"",""Passenger Airbag - Occupant Sensor"",""Pretensioners Safety Belt Systems"",""Tire pressure Monitors"",""Vehicle Stability Control (VSC) Traction Control""],""technology"":[""9 Audio - Speakers"",""AM/FM Audio - Radio"",""Bluetooth"",""Bose Audio - Brand"",""Digital media auxiliary jack Audio"",""Driver Information Center Instrument Panels"",""Electronic Cruise Control"",""Engine Immobilizing System"",""HD Digital Audio - Radio"",""Integrated Antenna"",""Keyless Ignition"",""OnStar"",""Premium Audio - Speakers"",""Touch Screen Displays"",""USB port Capabilities/Wiring"",""WiFi Capabilities/Wiring"",""color Displays"",""voice-activated Audio""]}",139,"BUYAVETTE CERTIFIED!! SEE THE FREE CARFAX AND MORE PHOTOS OF THIS CORVETTE, PLUS MANY MORE AT WWW.BUYAVETTE.NET! OUR CERTIFIED VEHICLES ARE PROFESSIONALLY INSPECTED, CAREFULLY SERVICED, AND BACKED BY A LIMITED WARRANTY AT NO EXTRA COST. Admiral Blue exterior, Jet Black interior. 460hp LT1 engine, 7 speed manual transmission, posi rear-end. Factory features include the $9,745 3LT Preferred Equipment Group (Napa leather seating, color-keyed instrument panel, leather-wrapped instrument panel, center console, and door panels, Performance Data Recorder with Navigation, Heads Up Display, Bose 10 speaker AM/FM/XM/MP3 stereo with steering wheel controls and MyLink, auto-dimming mirrors, heated and vented seats, dual power seat bolster and lumbar, advanced theft deterrent, universal garage door transmitter, memory package, front view camera, Suede Microfiber Wrapped Upper Trim package), Grand Sport package (Black brake calipers, electronic limited slip differential w/cooler, Multi Mode Exhaust, Magnetic Selective Ride Control, dry-sump oil system, Z06 sized wheels, tires, and brakes, Z06 style rocker panels, wider quarter panels and fenders, specific gear ratios, wickerbill rear spoiler, specific front splitter), $7,995 Z07 Performance Package (Stage 3 front and rear aero components, Brembo carbon-ceramic matrix brake rotors), $2,995 Carbon Flash Ground Effects, Competition Sport Seats, Black Wheels, Carbon Fiber Steering Wheel, GS Armrest Logo, Interior Enhancement Package, Suede Seats/Center Console/Door Panels/Dash Panel/Shift Knob/Shift Boot/Steering Wheel, Carbon Flash Painted Spoiler and Outside Mirrors, Carbon Flash Badge Package, Arctic White Full Length Stripe, Grand Sport Heritage Package, Apple CarPlay/Android Auto capability, Bluetooth Package, keyless entry and start, dual zone electronic climate control, HID headlights, OnStar, tilt-n-tele, side airbags, rear view camera, power windows, power locks, power steering, power brakes, power mirrors, cruise control, ABS, traction control, Active Handling. Coming with a clean Carfax and LOADED with options including Z07, 3LT top level trim, Competition Sport Seats, and MUCH more, this 2019 Corvette Grand Sport shows 31,755 miles, and is in nice condition. This car's paint is good-vg, with a great shine. Factory Black wheels are in place, and Michelin Pilot Sport A/S 3+ ZP runflat tires show an average of 5/32nds (50%) tread depth remaining in the front, and an average of 6/32nds (60%) remaining in the rear. The interior of this 2019 Corvette Grand Sport Z07 shows vg seats, and vg-exc steering wheel and door panels. The only addition to this car appears to be window tint with tinted windshield banner. This vehicle features a corrosion-free subframe. BUYAVETTE CERTIFIED! Unlike most dealers or private sellers who offer cars with little more than a wash, our Certified Corvettes are hand-picked, fully inspected, serviced, and brought up to our standards before sale. Every Certified Corvette also includes a 2 Year/50K Mile Limited Warranty at no extra cost drive away with ! Call us today to bring home this hard loaded 7 speed C7 GS Z07 Coupe! 32K Miles. FREE 2 YEAR/50K ADDITIONAL MILE LIMITED WARRANTY, GOOD AT ANY REPAIR FACILITY NATIONWIDE!! Our Price: $69,999 or 20% down with payments as low as $928/month W.A.C.","[PREMIUM]",27,"3762B Dekalb Technology Pkwy","Atlanta","GA","30340","[PREMIUM]"
"786872068","2026-08-05 15:29:40.185","2026-08-05 15:29:40.185","786872068","[PREMIUM]","K5121511",2019,"CHEV","Chevrolet","CORV","Corvette","Grand Sport","COUPE","Used","Used 2019 Chevrolet Corvette Grand Sport",32659,"[PREMIUM]",,,"[PREMIUM]",50350,59050,"Elkhart Lake Blue Metallic","BLUE","Adrenaline Red","RED","8CLDR","8-Cylinder","2 wheel drive - rear","AUT","8-Speed Automatic","Automatic","G","Gasoline","Gas",,,6.2,true,7,false,false,false,,false,,,"30",73014629,"[PREMIUM]","[PREMIUM]","[PREMIUM]",2687,"[PREMIUM]",false,"PARTNER",434978,4.5,173,0,"[""NO_SALVAGE_TITLE"",""NO_FRAME_DAMAGE"",""NO_FLOOD_WATER_DAMAGE"",""NO_ACCIDENTS_REPORTED"",""NO_ONE_OWNER"",""FREE_REPORT""]","{""exterior"":[""HID headlights"",""Heated Mirrors"",""Mirror Memory"",""Power Mirror(s)"",""Rear Spoiler"",""Tires - Front Performance"",""Tires - Rear Performance""],""interior"":[""AC"",""Adjustable Steering Wheel"",""Auto-Dimming Rearview Mirror"",""Bucket Seats"",""Climate Control"",""Driver Adjustable Lumbar"",""Driver Illuminated Vanity Mirror"",""Driver Vanity Mirror"",""Floor Mats"",""Heated Seats"",""Intermittent Wipers"",""Leather Seats"",""Leather Steering Wheel"",""Multi-Zone A/C"",""Passenger Adjustable Lumbar"",""Passenger Illuminated Visor Mirror"",""Passenger Vanity Mirror"",""Power Door Locks"",""Power Driver Seat"",""Power Passenger Seat"",""Power Windows"",""Rear Defrost"",""Remote Trunk Release"",""Steering Wheel Audio Controls"",""Transmission w/Dual Shift Mode"",""Universal Garage Door Opener""],""mechanical"":[""4-Wheel Disc Brakes"",""7-Speed M/T"",""8 Cylinder Engine"",""8-Speed A/T"",""A/T"",""Active Suspension"",""Gasoline Fuel"",""Power Steering"",""Rear Wheel Drive""],""other"":[""Apple CarPlay"",""Locking/Limited Slip Differential"",""Premium Sound"",""Smart Device Integration""],""safety"":[""ABS"",""Daytime Running Lights"",""Driver Air Bag"",""Front Side Air Bag"",""Passenger Air Bag"",""Security System"",""Stability Control"",""Traction Control""],""technology"":[""AM/FM Stereo"",""Auxiliary Audio Input"",""Back-Up Camera"",""Bluetooth"",""Cruise Control"",""Engine Immobilizer"",""HD Radio"",""Keyless Entry"",""Keyless Start"",""MP3 Player"",""Rear Parking Aid"",""Remote Start"",""Satellite Radio"",""Telematics"",""WiFi Hotspot""]}",69,"Clean CARFAX. Certified by Carfax - NO ACCIDENT, [FE9] Emissions, Federal Requirements, 50 State Certified $0 [M5U] Transmission, 8 Speed Paddle Shift With Automatic Modes $1,995 [GU2] Rear Axle, 2.73 Ratio, Electronic Limited Slip, Performance $0 [Q8X] Wheels, Grand Sport Black Painted Aluminum $495 [Z15] Grand Sport Heritage Package $795 [J6F] Calipers, Red Painted $595 [75A] Torch Red Fender Hash Marks $0 [TTV] Mirrors, Outside, Carbon Flash Painted $100 [EYT] Carbon Flash Badge Package $100 [VYW] Lpo, Floor Mats, Premium Carpeted included [BTV] Remote Vehicle Starter System $0 Paddle Shifters $0.<br><br>Awards:<br>* Car and Driver 10 Best Cars * 2019 KBB.com 10 Best Road Trip Cars<br>Car and Driver, January 2 Chevrolet Corvette Grand Sport 2LT<br><br>We offer the lowest rate financing available for approved credit and for challenged credit. Not all consumers will qualify; see dealer for details. Most vehicles will come with only one key and may not include floor mats. Price does not include tax, title, or license. Prices include $1,199 dealer doc fee, $439 Private Tag Agency Fee, and $1,295 LoJack 4-Year. Does not include optional accessories of $1,790 Tire &amp; Wheel Protection, $1,995 PermaPlate Warranty, $995 Window Tint, and $8,995 Full Body PPF. While every reasonable effort is made to ensure the accuracy of this information, we are not responsible for any pricing errors or omissions contained on these pages. All vehicles are subject to prior sale. Please call or email the dealer for complete details, to verify availability, and to confirm all online information. We do not hold vehicles or accept deposits; all vehicles are subject to prior sale before your arrival. All transactions are subject to final dealer acceptance.","[PREMIUM]",35,"199 South Lake Destiny Dr","Orlando","FL","32810","[PREMIUM]"
"786838902","2026-08-05 15:03:59.230","2026-08-05 15:03:59.230","786838902","[PREMIUM]","WD4FF1CD2KT007066",2019,"MB","Mercedes-Benz","MBSPRINTER","Sprinter","4x4 170""","VANS","Used","Used 2019 Mercedes-Benz Sprinter 4x4 170 w/ Driver Convenience Package",62780,"[PREMIUM]",,,"[PREMIUM]",37502,39802,"White","WHITE","Black","BLACK","6CLDR","6-Cylinder Turbo","4 wheel drive","AUT","7-Speed Automatic","Automatic","D","Diesel","Gas",,,3,false,7,false,false,false,,false,,,"30",75876041,"[PREMIUM]","[PREMIUM]","[PREMIUM]",,"[PREMIUM]",true,,447394,3.9,27,,"[""NO_SALVAGE_TITLE"",""ACCIDENTS_REPORTED"",""NO_ONE_OWNER""]","{""exterior"":[""Premium Wheels"",""Steel Wheels""],""interior"":[""Air Conditioning"",""Dual Power Seats"",""Heated Seats"",""Tilt Wheel""],""mechanical"":[""Towing Pkg""],""other"":[""Driver Convenience Pkg"",""Parking Pkg"",""Parking Pkg w/360-Degree Camera"",""Premium Pkg"",""Premium Plus Pkg"",""Second Sliding Door""],""safety"":[""ABS (4-Wheel)"",""Blind-Spot Assist"",""Dual Air Bags"",""Electronic Stability Control"",""Head Curtain Air Bags"",""Lane Keeping Assist"",""Side Air Bags""],""technology"":[""360-Degree Camera"",""AM/FM Stereo"",""Backup Camera"",""Cruise Control"",""Hill Start Assist"",""Keyless Entry"",""Navigation System""]}",27,"Experience luxury on the road with this professionally built 2019 Mercedes-Benz Sprinter 3500 AWD Executive Van. Whether you're looking for a VIP shuttle, executive transport, luxury family traveler, or business vehicle, this Sprinter delivers comfort, style, and capability.<br><br>The custom executive interior features four premium diamond-stitched reclining captain's chairs, a rear three-passenger bench, multi-color LED ambient lighting throughout, premium aircraft-style cabinetry and shelving, a built-in refrigerator with ice tray, touchscreen controls, front and rear digital climate control, a large entertainment screen, and a premium 25-speaker sound system.<br><br>Outside, the van stands out with Blue Rhino off-road wheels wrapped in all-terrain tires, limo tint, an automatic power side entry step, and the confidence of Mercedes-Benz All-Wheel Drive.<br><br>This is an exceptionally clean, professionally converted executive Sprinter that turns heads everywhere it goes. Ideal for executive transportation, luxury travel, family adventures, or starting your own chauffeur or shuttle business.<br><br>clean title. Serious inquiries only.","[PREMIUM]",19,,"Hillsboro","OR","97123","[PREMIUM]"
"786731602","2026-08-05 14:30:12.181","2026-08-05 14:30:12.181","786731602","[PREMIUM]","16584Z",2019,"CHEV","Chevrolet","CORV","Corvette","Grand Sport","COUPE","Certified","Certified 2019 Chevrolet Corvette Grand Sport",4589,"[PREMIUM]",,"Good","[PREMIUM]",61510,70210,"Arctic White","WHITE","Jet Black","BLACK","8CLDR","8-Cylinder","2 wheel drive - rear","AUT","8-Speed Automatic","Automatic","G","Gasoline","Gas",,,6.2,true,8,false,false,false,,false,,,"30",69848905,"[PREMIUM]","[PREMIUM]","[PREMIUM]",2150,"[PREMIUM]",false,"PARTNER",434978,4.5,173,0,"[""NO_SALVAGE_TITLE"",""NO_ACCIDENTS_REPORTED"",""ONE_OWNER""]","{""exterior"":[""Alloy wheels"",""Body-Color Outside Heated Power-Adjustable Mirrors"",""Bumpers: body-color"",""Carbon Flash Badge Package"",""Carbon Flash-Painted Outside Mirrors"",""Delay-off headlights"",""Fully automatic headlights"",""Heated door mirrors"",""High-Intensity Discharge Headlights"",""Power door mirrors"",""Spoiler""],""interior"":[""8-Way Driver & Passenger Seat Adjusters"",""Air Conditioning"",""Auto-Dimming Inside Frameless Rearview Mirror"",""Carbon Fiber Instrument Panel Interior Trim"",""Cargo Net"",""Driver door bin"",""Driver vanity mirror"",""Front Bucket Seats"",""Front Center Armrest"",""Front dual zone A/C"",""Front reading lights"",""GT Bucket Seats"",""Heated & Vented Driver & Front Passenger Seats"",""Leather Shift Knob"",""Leather steering wheel"",""Luggage Shade"",""Passenger door bin"",""Passenger vanity mirror"",""Power Lumbar/Bolster Seat Adjusters"",""Power driver seat"",""Power passenger seat"",""Power windows"",""Rear window defroster"",""Sport steering wheel"",""Steering wheel mounted audio controls"",""Tachometer"",""Telescoping steering wheel"",""Tilt steering wheel"",""Trip computer"",""Universal Home Remote"",""Variably intermittent wipers"",""Voltmeter""],""mechanical"":[""4-Wheel Disc Brakes"",""Adaptive suspension"",""Four wheel independent suspension"",""Power steering"",""Speed-sensing steering""],""other"":[""2.73 Limited Slip Performance Rear Axle Ratio"",""Apple CarPlay/Android Auto"",""Battery Protection Package"",""Carbon Fiber Wheel Center Caps (LPO)"",""Front Curb View Cameras"",""Front License Plate Bracket"",""Front anti-roll bar"",""Illuminated entry"",""Memory Package"",""Outside temperature display"",""Painted Body-Color Carbon Fiber Removable Roof Panel"",""Preferred Equipment Group 2LT"",""Rear anti-roll bar"",""Wheels: 19\"" x 10\"" Fr & 20\"" x 12\"" Rr Grand Sport"",""Wheels: 19\"" x 10\"" Fr & 20\"" x 12\"" Rr Grand Sport Pearl""],""safety"":[""ABS brakes"",""Dual front impact airbags"",""Dual front side impact airbags"",""Electronic Stability Control"",""Emergency communication system"",""Low tire pressure warning"",""Occupant sensing airbag"",""Panic alarm"",""Theft Deterrent System"",""Traction control""],""technology"":[""9 Speakers"",""AM/FM radio: SiriusXM"",""Automatic temperature control"",""Bose Advanced 10-Speaker Audio System Feature"",""Bose Premium 9-Speaker Audio System Feature"",""Compass"",""Exterior Parking Camera Rear"",""Head-Up Display"",""Heads-Up Display"",""Radio data system"",""Radio: Chevrolet Infotainment System"",""Remote Vehicle Starter System"",""Remote keyless entry"",""SiriusXM Radio"",""Speed control""]}",88,"This 2019 Chevrolet Corvette Grand Sport 2LT combines precision engineering with refined performance capabilities, offering a vehicle that demands attention both on the road and in any setting.<br><br>- 6.2L V8 engine with 8-speed paddle shift transmission<br>- Grand Sport black-painted aluminum wheels (19 x 10 front, 20 x 12 rear)<br>- Carbon fiber instrument panel interior trim<br>- Carbon flash-painted outside mirrors<br>- Bose premium audio system with SiriusXM<br>- Head-up display<br>- Heated and vented leather GT bucket seats with power adjustments<br>- Adaptive suspension with four-wheel independent design<br>- Speed-sensing steering<br>- Automatic temperature control with front dual zone A/C<br>- 2.73 limited slip performance rear axle ratio<br>- Remote vehicle starter system<br>- Apple CarPlay and Android Auto integration<br>- Exterior parking camera with front curb view cameras<br><br>With just 4,587 miles, this white Grand Sport presents as virtually new. The 6.2L V8 delivers responsive power while the 8-speed automatic with paddle shift provides versatility for both spirited driving and relaxed cruising. Highway efficiency reaches 25 mpg, while city driving averages 15 mpg. The carbon fiber accents throughout from the wheel center caps to the instrument panel trim reflect the performance-oriented design that defines the Grand Sport nameplate.<br><br>The interior showcases genuine attention to driver comfort and control. Heated and vented leather bucket seats adjust through multiple power functions, including lumbar support. The sport steering wheel places controls at your fingertips, while the head-up display keeps vital information in your line of sight. The Bose premium audio system elevates every journey, and connectivity features like Apple CarPlay ensure seamless smartphone integration.<br><br>This vehicle is certified, giving you the confidence that comes with thorough inspection and backing. You're investing in a Corvette that meets the highest standards of quality and reliability.<br><br>The sophisticated suspension system featuring adaptive damping and four-wheel independent design responds dynamically to varying road conditions. Speed-sensing steering adjusts responsiveness based on velocity, creating a connected driving experience. The 2.73 limited slip rear axle ratio enhances traction and cornering stability.<br><br>Safety and convenience converge through multiple integrated systems. Dual front impact airbags, electronic stability control, and traction management work together to protect occupants. The parking camera system and front curb view cameras assist with precision maneuvering in tight spaces.<br><br>We invite you to schedule a test drive and experience firsthand what this Grand Sport 2LT delivers. This is an opportunity to own a modern American performance vehicle that exemplifies engineering excellence and driver engagement.","[PREMIUM]",49,"12420 E 136TH AVE","Brighton","CO","80601","[PREMIUM]"
"786875338","2026-08-05 01:58:39.846","2026-08-05 01:58:39.846","786875338","[PREMIUM]","30462",2022,"KIA","Kia","FORTE","Forte","LXS","SEDAN","Used","Used 2022 Kia Forte LXS",145783,"[PREMIUM]",,,"[PREMIUM]",8590,10740,"Snow White Pearl","WHITE","Black","BLACK","4CLDR","4-Cylinder","2 wheel drive - front","AUT","Continuously Variable Automatic","Automatic","G","Gasoline","Gas",29,39,2,false,6,false,true,false,,false,,,"30",1366466,"[PREMIUM]","[PREMIUM]","[PREMIUM]",494,"[PREMIUM]",false,"PARTNER",457494,4,225,0,"[""NO_SALVAGE_TITLE"",""ACCIDENTS_REPORTED"",""NO_ONE_OWNER""]","{""interior"":[""Cloth Seat Trim""],""other"":[""Black"",""Safety Package"",""Snow White Pearl""]}",4,"Discover the perfect blend of modern style and everyday practicality with this stunning 2022 Kia Forte LXS IVT. Finished in the striking Snow White Pearl exterior paint, this compact sedan commands attention on the road with its sleek lines and contemporary design. Whether you are looking for a highly reliable daily commuter or a stylish vehicle for weekend getaways, this 2022 Kia Forte offers a sophisticated curb appeal that stands out in any setting.Under the hood, this 2022 Kia Forte is powered by an efficient 2.0L 4-cylinder engine paired with an Intelligent Variable Transmission (IVT). This engineered powertrain combination delivers a smooth, responsive driving experience while optimizing fuel economy, making it an ideal choice for both stop-and-go city driving and long highway cruising. The IVT ensures seamless power delivery, allowing you to enjoy a perfect balance of performance and efficiency every time you get behind the wheel.Inside the cabin, you are welcomed by a refined interior featuring comfortable black cloth seat trim that perfectly complements the premium exterior aesthetic. Designed with passenger comfort and utility in mind, the cabin offers a spacious layout that ensures a relaxing ride for everyone on board. With its combination of a beautiful Snow White Pearl exterior, a reliable 2.0L engine, and a driver-focused interior, this 2022 Kia Forte LXS IVT represents an exceptional value for savvy buyers seeking a dependable and modern sedan.<br><br>","[PREMIUM]",39,"2440 Elkhorn Boulevard","Rio Linda","CA","95673","[PREMIUM]"
"786599736","2026-08-05 01:33:55.685","2026-08-05 01:33:55.685","786599736","[PREMIUM]","T084721",2008,"LEXUS","Lexus","RX350","RX 350","AWD","SUV","Used","Used 2008 Lexus RX 350 AWD",43515,"[PREMIUM]",,,"[PREMIUM]",10885,12210,"Desert Sage Metallic","GREEN","Ivory","OFFWHITE","6CLDR","6-Cylinder","All wheel drive","AUT","5-Speed Automatic","Automatic","G","Gasoline","Gas",17,22,3.5,true,10,false,false,true,,false,,,"30",71432653,"[PREMIUM]","[PREMIUM]","[PREMIUM]",4289,"[PREMIUM]",false,"PARTNER",197415,4.7,625,0,"[""NO_SALVAGE_TITLE"",""ACCIDENTS_REPORTED"",""NO_ONE_OWNER""]","{""exterior"":[""17\"" x 6.5\"" Alloy Wheels"",""Alloy wheels"",""Auto-dimming door mirrors"",""Bodyside moldings"",""Bumpers: body-color"",""Delay-off headlights"",""Front fog lights"",""Fully automatic headlights"",""Heated door mirrors"",""High-Intensity Discharge Headlamps"",""Power door mirrors"",""Rear window wiper"",""Roof Rack w/Rails"",""Spoiler""],""interior"":[""Air Conditioning"",""Auto-dimming Rear-View mirror"",""Bucket Seats"",""Driver door bin"",""Driver vanity mirror"",""Driver's Seat Mounted Armrest"",""Fabric Seat Trim"",""Front Bucket Seats"",""Front dual zone A/C"",""Front reading lights"",""Genuine wood console insert"",""Genuine wood door panel insert"",""Leather Seat Trim"",""Leather Shift Knob"",""Leather steering wheel"",""One-Touch Open/Close Moonroof"",""Overhead console"",""Passenger door bin"",""Passenger seat mounted armrest"",""Passenger vanity mirror"",""Power Liftgate"",""Power Tilt/Telescoping Steering Wheel"",""Power driver seat"",""Power passenger seat"",""Power windows"",""Rear seat center armrest"",""Rear window defroster"",""Split folding rear seat"",""Steering wheel mounted audio controls"",""Tachometer"",""Tilt steering wheel"",""Trip computer"",""Variably intermittent wipers""],""mechanical"":[""3.29 Axle Ratio"",""4-Wheel Disc Brakes"",""Four wheel independent suspension"",""Power steering"",""Speed-sensing steering""],""other"":[""**ACCESS TO OUR CAR WASH**"",""**PLATINUM DETAIL**"",""Adaptive Front Lighting System"",""Front anti-roll bar"",""Illuminated entry"",""Lexus Memory System"",""Outside temperature display"",""Premium Package"",""Premium Plus Package"",""Rear anti-roll bar""],""safety"":[""ABS brakes"",""Brake assist"",""Dual front impact airbags"",""Dual front side impact airbags"",""Electronic Stability Control"",""Knee airbag"",""Low tire pressure warning"",""Occupant sensing airbag"",""Overhead airbag"",""Panic alarm"",""Security system"",""Traction control""],""technology"":[""8 Speakers"",""AM/FM radio"",""Automatic temperature control"",""CD player"",""Compass"",""Garage door transmitter: HomeLink(R)"",""Radio data system"",""Remote keyless entry"",""Speed control""]}",83,"Desert Sage Metallic 2008 Lexus RX 350 AWD 5-Speed Automatic with Overdrive 3.5L V6 SFI **PLATINUM DETAIL**, **ACCESS TO OUR CAR WASH**, AWD, Ivory w/Leather Seat Trim.<br><br>Recent Arrival!<br><br>Awards:<br>  * 2008 KBB.com Brand Image Awards<br>For the past 8 years, a portion of the proceeds of every vehicle sold has been donated to the Moffitt Cancer Center. We celebrate our partnership in the month of October with a check presentation ceremony and every associate wearing a pink Moffitt Cancer Center badge for the entire month. This donation has reached a total of $280,000 and we have pledged to donate $1,000,000 to Moffitt. Lexus of Wesley Chapel Stats: - Dealership Area: 8.8 acres - 498 parking spaces - Comprised of 3 buildings: - Lexus Dealership: 58,523 S.F. 2-story structure - Carwash: 3,848 S.F. Double tunnel facility - Pavilion: 1,904 S.F. Under roof outdoor structure - 12 vehicle showroom - 4 vehicle New Car Delivery - 12 Vehicle Service Drive - 30 Service Bays - 8 Detail Bays.<br><br>Reviews:<br>  * With its luxury-sedan sophistication, SUV versatility, first-class creature and safety features plus a premium Lexus pedigree, the RX 350 deserves serious consideration from anyone shopping for a single vehicle with a truly multifaceted personality. Source: KBB.com","[PREMIUM]",31,"5350 EAGLESTON BLVD","Wesley Chapel","FL","33544","[PREMIUM]"
"787278194","2026-08-05 01:31:05.435","2026-08-05 01:31:05.435","787278194","[PREMIUM]","K11325A",2008,"FORD","Ford","MUST","Mustang","GT Premium","CONVERT","Used","Used 2008 Ford Mustang GT Premium",113006,"[PREMIUM]",,,"[PREMIUM]",9550,11250,"Red","RED","Medium Parchment","TAN","8CLDR","8-Cylinder","2 wheel drive - rear",,,,"G","Gasoline","Gas",,,4.6,true,2,false,true,false,,false,,,"30",66417139,"[PREMIUM]","[PREMIUM]","[PREMIUM]",1281,"[PREMIUM]",false,"PARTNER",374468,4.7,1894,0,"[""NO_SALVAGE_TITLE"",""ACCIDENTS_REPORTED"",""NO_ONE_OWNER""]","{""exterior"":[""17\"" Premium Painted Cast Aluminum Wheels"",""Alloy wheels"",""Bumpers: body-color"",""Front fog lights"",""Power door mirrors"",""Spoiler""],""interior"":[""Air Conditioning"",""Driver door bin"",""Driver vanity mirror"",""Front Bucket Seats"",""Front Center Armrest"",""Front reading lights"",""Passenger door bin"",""Passenger vanity mirror"",""Power driver seat"",""Power windows"",""Rear window defroster"",""Tachometer"",""Tilt steering wheel"",""Variably intermittent wipers""],""mechanical"":[""4-Wheel Disc Brakes"",""Automatic"",""Front wheel independent suspension"",""Power steering"",""RWD""],""other"":[""Aberdeen Embossed Leather Sport Bucket Seats"",""Bad Credit Financing"",""Call for Availability"",""Convertible roof lining"",""Free State Inspections for the Duration of Ownership"",""Front anti-roll bar"",""Glass rear window"",""Illuminated entry"",""Just in"",""Low Payments"",""Power convertible roof"",""Rear anti-roll bar"",""Recent Trade in""],""safety"":[""ABS brakes"",""Dual front impact airbags"",""Dual front side impact airbags"",""Low tire pressure warning"",""Occupant sensing airbag"",""Panic alarm"",""Traction control""],""technology"":[""8 Speakers"",""AM/FM radio"",""CD player"",""Premium audio system: Shaker 500"",""Radio data system"",""Remote keyless entry"",""Shaker 500 AM/FM Stereo w/In-Dash CDx6/MP3"",""Speed control""]}",53,"This 2008 Ford Mustang GT Premium delivers classic American performance wrapped in a head-turning red exterior that commands attention wherever it goes.<br><br>- 4.6L V8 24V engine with 5-Speed Automatic transmission<br>- Rear-wheel drive for authentic driving dynamics<br>- Shaker 500 AM/FM Stereo with In-Dash CD and MP3 capability<br>- Power convertible roof for open-air enjoyment<br>- Aberdeen Embossed Leather Sport Bucket Seats<br>- Front fog lights and body-color bumpers<br>- Power driver seat with adjustable positioning<br>- Remote keyless entry system<br>- 17 Premium Painted Cast Aluminum Wheels<br>- Tilt steering wheel for personalized comfort<br>- Dual front impact and side impact airbags<br>- 4-Wheel Disc Brakes with ABS<br>- Front and rear anti-roll bars for handling stability<br>- Traction control for confident driving<br>- Variably intermittent wipers<br><br>This Mustang GT Premium combines style and substance in a way few vehicles can match. The convertible roof opens up possibilities for enjoying warm weather drives, while the leather bucket seats and Shaker 500 audio system create an interior environment that rewards every journey. Whether you're cruising at highway speeds or navigating local roads, the power steering, speed control, and tilt steering wheel work together to provide comfort and control.<br><br>Safety is built into this vehicle with dual front impact airbags, dual front side impact airbags, occupant sensing airbag technology, and a panic alarm system. The anti-lock braking system paired with front and rear anti-roll bars gives you confidence in various driving conditions.<br><br>The 4.6L V8 engine produces the kind of presence this classic platform deserves, delivering the performance character that defines the Mustang nameplate. With an automatic transmission handling gear changes efficiently, this GT Premium bridges the gap between raw power and everyday practicality.<br><br>The exterior treatment reflects the GT Premium's attitude from the front fog lights and spoiler to the body-color bumpers and alloy wheels, every detail contributes to its commanding presence. Interior conveniences like illuminated entry, reading lights, and vanity mirrors add practical touches that enhance daily use.<br><br>As a recent trade-in, this Mustang GT Premium represents an opportunity to own an icon with established character and presence. We stand behind every vehicle we offer, providing free state inspections for the duration of ownership. We welcome you to our showroom to see this classic performer in person and experience what this legendary nameplate represents.","[PREMIUM]",10,"2910 S Main St","Harrisonburg","VA","22801","[PREMIUM]"
"787141882","2026-08-05 01:29:14.961","2026-08-05 01:29:14.961","787141882","[PREMIUM]","261556A",2008,"DODGE","Dodge","RAM1504WD","Ram 1500 Truck","SLT","TRUCKS","Used","Used 2008 Dodge Ram 1500 Truck SLT w/ Sport Appearance Group",220589,"[PREMIUM]",,,"[PREMIUM]",3790,5415,"Brilliant Black Crystal Pearlc","BLACK","Medium Slate Gray","GRAY","8CLDR","8-Cylinder","4 wheel drive","AUT","5-Speed Automatic","Automatic","G","Gasoline","Gas",,,5.7,false,4,false,true,false,,false,,,"30",100018106,"[PREMIUM]","[PREMIUM]","[PREMIUM]",4153,"[PREMIUM]",false,"PARTNER",349087,4.5,2306,0,"[""NO_SALVAGE_TITLE"",""NO_FRAME_DAMAGE"",""NO_FLOOD_WATER_DAMAGE"",""NO_ACCIDENTS_REPORTED"",""ONE_OWNER"",""FREE_REPORT""]","{""exterior"":[""20\"" x 9\"" Aluminum Wheels"",""20\"" x 9\"" Chrome Clad Aluminum Wheels"",""Alloy wheels"",""Badge"",""Body Color Grille"",""Bumpers: chrome"",""Delay-off headlights"",""Front Body Color Fascia"",""Front fog lights"",""Heated door mirrors"",""Power door mirrors"",""Rear Body Color Bumper w/Step Pads"",""Rear step bumper"",""Sport Badge""],""interior"":[""6-Way Power Driver Seat"",""Air Conditioning"",""Cloth 40/20/40 Split Bench Seat"",""Cloth Low-Back Bucket Seats"",""Driver door bin"",""Folding Flat Load Floor Storage"",""Folding Rear Seat"",""Front Center Armrest"",""Front Center Seat Cushion Storage"",""Front reading lights"",""Leather Wrapped Steering Wheel"",""Mini Floor Console"",""Overhead console"",""Passenger door bin"",""Passenger vanity mirror"",""Power windows"",""Rear 60/40 Split Folding Seat"",""Speed-Sensitive Wipers"",""Sport Instrument Panel Bezel"",""Stain Repel Seat Fabric"",""Tachometer"",""Tilt steering wheel"",""Trip computer"",""Variably intermittent wipers"",""Voltmeter""],""mechanical"":[""3.92 Axle Ratio"",""4-Wheel Disc Brakes"",""Auxiliary Transmission Oil Cooler"",""Front wheel independent suspension"",""Next Generation Engine Controller"",""Power steering""],""other"":[""Electronically Controlled Throttle"",""Front anti-roll bar"",""Hood Insulation"",""Illuminated entry"",""Outside temperature display"",""Protection Group"",""Quick Order Package 26G SLT"",""Sport Appearance Group"",""Tip Start"",""Tow Hooks""],""safety"":[""ABS brakes"",""Dual front impact airbags"",""Low tire pressure warning"",""Panic alarm""],""technology"":[""4 Speakers"",""AM/FM Compact Disc w/SIRIUS Satellite"",""AM/FM radio: SIRIUS"",""CD player"",""Compass"",""Remote keyless entry"",""SIRIUS Satellite Radio"",""Speed control""]}",67,"2008 Dodge Ram 1500 SLT Sport 4WD | 5.7L HEMI&reg; V8 | Sport Appearance Group | One Owner<br><br>Classic HEMI&reg; power meets rugged capability in this CARFAX One-Owner, Clean CARFAX 2008 Dodge Ram 1500 SLT Sport 4WD. Finished in Brilliant Black Crystal Pearl, this full-size pickup is powered by the legendary 5.7L HEMI&reg; V8 with Multi-Displacement System (MDS) paired with a 5-speed automatic transmission, delivering the power you need for towing, hauling, and everyday driving.<br><br>Equipped with the Sport Appearance Group and Protection Group, this Ram combines bold styling, dependable 4WD capability, and a comfortable interior that's ready for work or weekend adventures.<br><br>Mechanical &amp; Capability<br>5.7L HEMI&reg; V8 Multi-Displacement Engine<br>5-Speed Automatic Transmission<br>Four-Wheel Drive (4WD)<br>3.92 Rear Axle Ratio<br>Protection Group<br>Tow Hooks<br>Electronic Throttle Control<br>Front Independent Suspension<br>Electronic Stability Features<br>4-Wheel Disc Brakes with ABS<br><br>Legendary HEMI&reg; performance and dependable 4WD capability make this Ram ready for tough jobs and weekend getaways alike.<br><br>Interior &amp; Technology<br>Sport Appearance Group<br>Cloth Low-Back Bucket Seats<br>6-Way Power Driver's Seat<br>Leather-Wrapped Steering Wheel<br>Folding Flat Load Floor Storage<br>Folding Rear Seat<br>SIRIUS&reg; Satellite Radio<br>AM/FM/CD Audio System<br>Power Windows &amp; Door Locks<br>Remote Keyless Entry<br>Air Conditioning<br>Mini Floor Console<br>Steering Wheel-Mounted Controls<br><br>The spacious cabin offers practical comfort, convenient storage, and the features you need for everyday driving.<br><br>Exterior Features<br>Brilliant Black Crystal Pearl Exterior<br>Sport Appearance Group<br>20-Inch Chrome Clad Aluminum Wheels<br>Body-Color Grille<br>Body-Color Front Fascia<br>Body-Color Rear Bumper with Step Pads<br>Fog Lamps<br>Heated Power Outside Mirrors<br>Rear Step Bumper<br>Tow Hooks<br><br>The Sport Appearance Group gives this Ram a bold, aggressive look while maintaining the durability expected from a full-size pickup.<br><br>Safety &amp; Driver Assistance<br>Four-Wheel ABS<br>Front Airbags<br>Tire Pressure Monitoring System<br>Remote Keyless Entry<br>Electronic Throttle Control<br>Brake Assist<br>Heated Power Mirrors<br><br>Built with essential safety features to help keep you confident whether you're on the highway or the trail.<br><br>Why Buy from Southwest Ford in Weatherford, TX?<br><br>At Southwest Ford, every pre-owned truck is carefully inspected, accurately represented, and competitively priced to today's market. Our knowledgeable team is committed to delivering a transparent, hassle-free buying experience from the moment you arrive.<br><br>We're proud to serve drivers throughout Weatherford, Fort Worth, Aledo, Hudson Oaks, Parker County, and the surrounding communities.<br><br>HEMI&reg; Power. Sport Styling. Ready to Work.<br><br>With its legendary 5.7L HEMI&reg; V8, dependable 4WD, Sport Appearance Group, and Clean CARFAX One-Owner history, this 2008 Dodge Ram 1500 SLT Sport is ready to deliver the performance, capability, and value you've been looking for.<br><br>Visit Southwest Ford in Weatherford, TX today to see this 2008 Dodge Ram 1500 SLT Sport 4WD in person and take it for a test drive.","[PREMIUM]",15,"3000 FORT WORTH HWY","Weatherford","TX","76087","[PREMIUM]"
"787201786","2026-08-05 01:25:54.787","2026-08-05 01:25:54.787","787201786","[PREMIUM]","T013927",2008,"TOYOTA","Toyota","SEQUOIA","Sequoia","Platinum","SUV","Used","Used 2008 Toyota Sequoia Platinum",172558,"[PREMIUM]",,"Great","[PREMIUM]",13150,15700,"Slate Metallic","GRAY","Graphite","GRAY","8CLDR","8-Cylinder","4 wheel drive","AUT","6-Speed Automatic","Automatic","G","Gasoline","Gas",13,18,5.7,true,3,false,true,false,,false,,,"30",1372459,"[PREMIUM]","[PREMIUM]","[PREMIUM]",1918,"[PREMIUM]",false,"PARTNER",227493,4.7,185,0,"[""NO_SALVAGE_TITLE"",""ACCIDENTS_REPORTED"",""NO_ONE_OWNER""]","{""exterior"":[""20\"" x 8\"" Silver Alloy Wheels"",""Alloy wheels"",""Auto-dimming door mirrors"",""Bumpers: body-color"",""Delay-off headlights"",""Front fog lights"",""Fully automatic headlights"",""Headlight cleaning"",""Heated door mirrors"",""Power door mirrors"",""Rear window wiper"",""Roof rack"",""Spoiler"",""Turn signal indicator mirrors""],""interior"":[""3rd row seats: split-bench"",""Air Conditioning"",""Auto-dimming Rear-View mirror"",""Driver door bin"",""Driver vanity mirror"",""Front Bucket Seats"",""Front Center Armrest"",""Front Heated Bucket Seats"",""Front dual zone A/C"",""Front reading lights"",""Heated front seats"",""Heated rear seats"",""Leather Shift Knob"",""Leather steering wheel"",""Luxury Leather Seat Trim"",""Memory seat"",""Overhead console"",""Passenger door bin"",""Passenger vanity mirror"",""Power Liftgate"",""Power driver seat"",""Power moonroof"",""Power passenger seat"",""Power windows"",""Rear air conditioning"",""Rear reading lights"",""Rear seat center armrest"",""Rear window defroster"",""Reclining 3rd row seat"",""Split folding rear seat"",""Steering wheel memory"",""Steering wheel mounted audio controls"",""Tachometer"",""Telescoping steering wheel"",""Tilt steering wheel"",""Trip computer"",""Variably intermittent wipers"",""Ventilated front seats"",""Voltmeter""],""mechanical"":[""4-Wheel Disc Brakes"",""4.30 Axle Ratio"",""Adaptive suspension"",""Auto-leveling suspension"",""Four wheel independent suspension"",""Power steering"",""Speed-sensing steering""],""other"":[""Auto tilt-away steering wheel"",""Front anti-roll bar"",""Illuminated entry"",""Outside temperature display"",""Rear anti-roll bar"",""Steering wheel mounted A/C controls""],""safety"":[""ABS brakes"",""Brake assist"",""Dual front impact airbags"",""Dual front side impact airbags"",""Electronic Stability Control"",""Low tire pressure warning"",""Occupant sensing airbag"",""Overhead airbag"",""Panic alarm"",""Security system"",""Traction control""],""technology"":[""14 Speakers"",""AM/FM radio"",""Automatic temperature control"",""CD player"",""Compass"",""Exterior Parking Camera Rear"",""Garage door transmitter: Homelink"",""JBL AM/FM 4-Disc In-Dash CD w/Navigation"",""Navigation System"",""Radio data system"",""Remote keyless entry"",""Speed control""]}",89,"This 2008 Toyota Sequoia Platinum combines capability and refinement for those seeking a full-size SUV built to handle both family duties and genuine off-road conditions.<br><br>- Front dual zone A/C<br>- JBL AM/FM 4-Disc In-Dash CD with Navigation<br>- Navigation System<br>- Exterior Parking Camera Rear<br>- Ventilated front seats<br>- Power moonroof<br>- 20 x 8 Silver Alloy Wheels<br>- Luxury Leather Seat Trim<br>- Front Heated Bucket Seats<br>- Heated rear seats<br>- Power driver seat with memory<br>- Electronic Stability Control<br>- Four wheel independent suspension<br>- 3rd row seats with split-bench configuration<br>- Rear air conditioning<br><br>The Platinum trim delivers genuine comfort for passengers across all three rows. Luxury leather upholstery, heated front and rear seating, and ventilated front seats work together to maintain comfort in varying conditions. The front dual zone A/C lets driver and front passenger control temperatures independently, while rear passengers benefit from dedicated climate control. Memory functions on the driver seat and steering wheel allow you to store and recall your preferred driving position with ease.<br><br>Technology and convenience features make daily driving more enjoyable. The JBL premium audio system with AM/FM radio and 4-disc CD player pairs with a navigation system to help you reach your destinations confidently. An exterior parking camera located at the rear simplifies maneuvering in tight spaces, while Homelink garage door transmitter integration lets you control your garage from the vehicle. Remote keyless entry and power windows throughout provide seamless access and operation.<br><br>The 5.7L V8 SMPI DOHC engine delivers substantial power paired with a 6-speed automatic transmission with overdrive. Four-wheel drive capability combines with an adaptive suspension system and four-wheel independent suspension to handle diverse road surfaces and driving conditions. The speed-sensing steering adjusts responsiveness based on vehicle speed, contributing to both highway efficiency and parking ease.<br><br>Safety and handling receive comprehensive attention. Electronic Stability Control, traction control, and brake assist work together to enhance stability during acceleration, cornering, and braking. Four-wheel disc ABS brakes with dual front and side impact airbags plus overhead airbags provide multiple layers of protection. The front anti-roll bar and rear anti-roll bar, combined with speed-sensing steering, contribute to controlled handling.<br><br>Practical features support daily functionality. The power liftgate opens hands-free for cargo access, while split folding rear and reclining third row seats provide flexible passenger and cargo configurations. Power door mirrors with heating, a power moonroof, and a roof rack add convenience and utility. Fully automatic headlights with delay-off capability and front fog lights enhance visibility in various lighting conditions.<br><br>Consider this Sequoia Platinum for capability that extends beyond daily driving while maintaining the comfort and refinement expected of a premium three-row SUV.<br><br>This vehicle is being sold as-is. Ingersoll Automotive will provide the vehicle inspection and reconditioning form, along with a vehicle Carfax History report. Ingersoll Automotive is not providing any implied or express coverage for repair or maintenance on this vehicle.<br><br>Do not hesitate, call us now at  to speak with our guest friendly product consultants to schedule your test drive.<br><br>Pre-Owned Vehicle Prices do not include government fees and taxes, any finance charges, $997 dealer documentation fees (Pawling Conveyance Fee capped at $175 per NY Law), any emissions testing fees or other fees. All prices, specifications and availability are subject to change without notice. The features and options listed are provided by a 3rd party organi&gt;","[PREMIUM]",33,"84 Federal Rd","Danbury","CT","06810","[PREMIUM]"
"786986698","2026-08-05 01:24:14.454","2026-08-05 01:24:14.454","786986698","[PREMIUM]","80160744",2008,"CAD","Cadillac","STS","STS","AWD","SEDAN","Used","Used 2008 Cadillac STS AWD w/ Preferred Equipment Group",58256,"[PREMIUM]",,,"[PREMIUM]",7305,8355,"Black Raven","BLACK","Ebony","BLACK","6CLDR","6-Cylinder","All wheel drive","AUT","6-Speed Automatic","Automatic","G","Gasoline","Gas",17,26,3.6,true,5,false,true,false,,false,,,"30",70186975,"[PREMIUM]","[PREMIUM]","[PREMIUM]",879,"[PREMIUM]",false,"PARTNER",348830,4.5,299,0,"[""NO_SALVAGE_TITLE"",""NO_ACCIDENTS_REPORTED"",""ONE_OWNER""]","{""exterior"":[""Aluminum Wheels"",""Fog Lamps"",""HEADLAMPS  INTELLIBEAM  AUTOMATIC LOW/HIGH BEAM CONTROL"",""HEADLAMPS  XENON  HIGH-INTENSITY DISCHARGE (HID)  WINDSHIELD WIPER-ACTIVATED WITH FLASH-TO-PASS FEATURE  includes (CE4) headlamp washer system"",""Heated Mirrors"",""Mirror Memory"",""Power Mirror(s)"",""TIRES  P235/50R17 MICHELIN  S-RATED  ALL-SEASON  BLACKWALL"",""Tires - Front Performance"",""Tires - Rear Performance""],""interior"":[""A/C"",""Adjustable Steering Wheel"",""Auto-Dimming Rearview Mirror"",""Bucket Seats"",""Climate Control"",""Cooled Front Seat(s)"",""Driver Adjustable Lumbar"",""Driver Illuminated Vanity Mirror"",""Driver Vanity Mirror"",""EBONY  NUANCE LEATHER SEATING SURFACES"",""Floor Mats"",""Heated Front Seat(s)"",""Heated Rear Seat(s)"",""Heated Steering Wheel"",""Intermittent Wipers"",""Multi-Zone A/C"",""Passenger Adjustable Lumbar"",""Passenger Illuminated Visor Mirror"",""Passenger Vanity Mirror"",""Power Door Locks"",""Power Driver Seat"",""Power Passenger Seat"",""Power Windows"",""Privacy Glass"",""Rear Defrost"",""Remote Trunk Release"",""SEATS  FRONT BUCKET WITH ARTICULATING HEAD RESTRAINTS  (STD)"",""SUNROOF  POWER  TILT-SLIDING  with express-open and sunshade"",""Seat Memory"",""Steering Wheel Audio Controls"",""Universal Garage Door Opener"",""Variable Speed Intermittent Wipers"",""Woodgrain Interior Trim""],""mechanical"":[""4-Wheel Disc Brakes"",""All Wheel Drive"",""ENGINE  3.6L VARIABLE VALVE TIMING V6 DI DIRECT INJECTION  (302 HP 225.2 kW @ 6300 rpm  272 lb-ft of torque 367.2 N-m @ 5200 rpm) (STD)"",""Power Steering"",""TRANSMISSION  6-SPEED AUTOMATIC FOR AWD  ELECTRONICALLY-CONTROLLED PTU OVERDRIVE  HYDRA-MATIC 6L40-E  TAP UP/TAP DOWN""],""other"":[""AUDIO SYSTEM WITH NAVIGATION  AM/FM STEREO WITH BOSE 5.1 STUDIO SURROUND SOUND SYSTEM  6-DISC IN-DASH CD/DVD CHANGER AND DVD-BASED ADVANCED NAVIGATION  Bluetooth phone interface  includes seek-and-scan  digital clock  Radio Data System (RDS)  TheftLock  A"",""BLACK RAVEN"",""BRAKES  PERFORMANCE 4-WHEEL ANTILOCK  4-WHEEL DISC"",""MIRROR  INSIDE REARVIEW AUTO-DIMMING  with OnStar controls"",""PREFERRED EQUIPMENT GROUP  includes Standard Equipment"",""Requires Subscription"",""V6 LUXURY COLLECTION  includes (CF5) power sunroof and (Y41) V6 Luxury Level Two Package"",""V6 LUXURY LEVEL TWO PACKAGE  includes (TQ5) IntelliBeam headlamps  (TT6) HID headlamps  (CE4) headlamp washer system and (YQ4) Audio system with navigation""],""safety"":[""ABS"",""Brake Assist"",""Child Safety Locks"",""Daytime Running Lights"",""Driver Air Bag"",""Front Head Air Bag"",""Front Side Air Bag"",""Passenger Air Bag"",""Passenger Air Bag Sensor"",""Rear Head Air Bag"",""Stability Control"",""Tire Pressure Monitor"",""Traction Control""],""technology"":[""AM/FM Stereo"",""CD Changer"",""CD Player"",""Cruise Control"",""Immobilizer"",""Keyless Entry"",""Keyless Start"",""Navigation from Telematics"",""Premium Sound System"",""Rain Sensing Wipers"",""Rear Parking Aid"",""Remote Engine Start"",""Satellite Radio"",""Telematics""]}",83,"This 2008 Cadillac STS V6 represents a refined choice for those seeking luxury, performance, and reliability in a sedan that has earned its place among automotive enthusiasts.<br><br>- Clean Carfax 1 Owner history<br>- Non-Smoker vehicle<br>- 3.6L V6 VVT Direct Injection engine with 6-Speed Automatic transmission<br>- All-Wheel Drive with electronically-controlled PTU overdrive<br>- XM Satellite Radio with AM/FM Stereo and DVD Navigation<br>- Xenon High-Intensity Discharge Headlamps with Headlamp Washer System<br>- Power Tilt-Sliding Sunroof with Express Open<br>- Heated and Ventilated Driver and Front Passenger Seats<br>- Heated Steering Wheel<br>- Auto-dimming Rear-View Mirror with OnStar Controls<br>- Nuance Leather Seating Surfaces with Memory Package<br>- Sapele Wood Trim Package<br>- Front Dual Zone Climate Control with Automatic Temperature Control<br>- Performance 4-Wheel Antilock Disc Brakes<br>- 17&quot; Polished Cast Aluminum Wheels<br><br>The engineering behind this STS demonstrates Cadillac's commitment to delivering a vehicle that balances sophistication with substance. The 3.6L V6 engine produces responsive power while the AWD system provides confidence through varied driving conditions. With 58,256 miles on the odometer, this single-owner vehicle has been maintained with care and presents well for the next chapter of ownership.<br><br>Interior appointments reflect the V6 Luxury Collection level of specification. Heated and ventilated front seating with memory functions ensures comfort during extended drives. The power sunroof floods the cabin with natural light, while Sapele wood trim accents contribute warmth to the cabin environment. Nuance leather surfaces provide the tactile quality expected from a luxury sedan of this caliber.<br><br>Technology integration prioritizes your convenience and connection. The DVD navigation system works in concert with XM Satellite Radio for entertainment and wayfinding. Steering wheel-mounted audio controls keep your focus on the road. The universal home remote adds practical functionality to daily life. OnStar Directions and Connections services provide an additional layer of support and communication.<br><br>The driving experience benefits from purposeful engineering choices. Electronic Stability Control, traction control, and four-wheel independent suspension work together to deliver a composed ride that responds to driver input. Rainsense wipers adapt to weather conditions automatically, while IntelliBeam headlamps adjust beam intensity based on oncoming traffic.<br><br>This STS comes ready for inspection and evaluation at your convenience. The combination of low mileage relative to its age, single-owner history, and clean Carfax report makes this a worthwhile consideration for buyers who value reliability and documented maintenance.<br><br>Faulkner Chevrolet is proudly serving Lancaster, Lebanon, York, Harrisburg, Reading, and our surrounding areas! We are proud to be an automotive leader in our community that still is family owned. Since opening our doors, Faulkner Chevrolet has maintained a solid commitment to you, our customers, offering the widest selection of Chevrolet and GM vehicles while maintaining a friendly and courteous staff to assist you. Even if you have bad credit or are a first time car buyer, you can trust that Faulkner Chevrolet will get you in the automobile of your choice. Please call and schedule a test drive with us today!","[PREMIUM]",25,"2000 BENNETT AVE","Lancaster","PA","17601","[PREMIUM]"
"786639923","2026-08-05 01:24:14.415","2026-08-05 01:24:14.415","786639923","[PREMIUM]","4USBU53518LX85781",2008,"BMW","BMW","Z4","Z4","3.0si","CONVERT","Used","Used 2008 BMW Z4 3.0si",46600,"[PREMIUM]",,"Great","[PREMIUM]",15890,18390,"Black","BLACK","Brown","BROWN","6CLDR","6-Cylinder","2 wheel drive - rear",,,,"G","Gasoline","Gas",,,3,true,9,false,false,false,,false,,,"30",75872613,"[PREMIUM]","[PREMIUM]","[PREMIUM]",,"[PREMIUM]",true,,196950,4.8,257,,"[""NO_SALVAGE_TITLE"",""NO_ACCIDENTS_REPORTED"",""NO_ONE_OWNER""]","{""exterior"":[""Alloy Wheels"",""Fog Lights"",""HID Headlamps"",""Power Soft Top"",""Premium Wheels""],""interior"":[""Air Conditioning"",""Dual Power Seats"",""Leather"",""Power Door Locks"",""Power Windows""],""mechanical"":[""Power Steering""],""other"":[""Premium Pkg"",""Premium Sound"",""Sport Pkg""],""safety"":[""ABS (4-Wheel)"",""Daytime Running Lights"",""Dual Air Bags"",""Knee Air Bags"",""Side Air Bags"",""Stability Control"",""Traction Control""],""technology"":[""AM/FM Stereo"",""Bluetooth Wireless"",""CD/MP3 (Single Disc)"",""Cruise Control"",""Hill Ascent Control"",""Keyless Entry""]}",27,"Only 46,600 Miles on it! Black Sapphire Metallic, Saddle brown extended leather, Steptronic Automatic transmission, Xenon headlights, premium package fully automatic soft-top/ power seats, sports package-18&quot; wheels (108) M sport suspension-sport driving mode, both Velour and rubber mats, Wind blocker between seats, black grills, Custom stainless-steel exhaust (mild not to loud) Continental  Extreme Contact DWS tires nearly new, Drilled and slotted rotors, Akebono Ceramic Pads (no brake dust), no door dings, stays in heated garage, Clear Title, Accident Free","[PREMIUM]",16,,"Fairfield","OH","45014","[PREMIUM]"
"787263433","2026-08-05 01:22:24.277","2026-08-05 01:22:24.277","787263433","[PREMIUM]","3005368",2008,"TOYOTA","Toyota","FJCRUIS","FJ Cruiser","4WD","SUV","Used","Used 2008 Toyota FJ Cruiser 4WD w/ Upgrade Pkg 2",201319,"[PREMIUM]",,,"[PREMIUM]",10890,12840,"Sun Fusion","GOLD","Dark Charcoal","BLACK","6CLDR","6-Cylinder","4 wheel drive","AUT","5-Speed Automatic","Automatic","G","Gasoline","Gas",16,20,4,false,2,false,true,false,,false,,,"30",69881141,"[PREMIUM]","[PREMIUM]","[PREMIUM]",3924,"[PREMIUM]",false,"PARTNER",197761,4.8,553,1,"[""NO_SALVAGE_TITLE"",""ACCIDENTS_REPORTED"",""NO_ONE_OWNER""]","{""exterior"":[""7.5 x 17\"" Steel Wheels"",""Power Aluminum Outside Rear-View Mirror"",""Rear Window Wiper"",""Running Boards"",""Towing Receiver Hitch w/Wire Harness""],""interior"":[""Air Conditioning"",""All Weather Floor & Cargo Mats (5-pc Set)"",""Driver door bin"",""Driver's Seat Mounted Armrest"",""Fabric Seat Trim"",""Front Bucket Seats"",""Passenger door bin"",""Passenger vanity mirror"",""Power windows"",""Rear Privacy Glass"",""Rear window defroster"",""Split folding rear seat"",""Steering Wheel Mounted Cruise Control"",""Tachometer"",""Tilt steering wheel"",""Variably intermittent wipers"",""Voltmeter""],""mechanical"":[""4-Wheel Disc Brakes"",""Front wheel independent suspension"",""Power steering"",""Speed-sensing steering""],""other"":[""Convenience Package"",""Front anti-roll bar"",""Illuminated entry"",""Rear Clearance Sonar"",""Rear Differential Locks"",""Rear anti-roll bar"",""Upgrade Package #2""],""safety"":[""ABS brakes"",""Brake assist"",""Daytime Running Lights"",""Dual front impact airbags"",""Dual front side impact airbags"",""Electronic Stability Control"",""First Aid Kit"",""Low tire pressure warning"",""Occupant sensing airbag"",""Overhead airbag"",""Traction control""],""technology"":[""6 Speakers"",""AM/FM radio"",""AM/FM/CD Audio System w/6-Speakers"",""CD player"",""Keyless Entry""]}",49,"This 2008 Toyota FJ Cruiser Base is a capable and distinctive SUV that stands ready for your next adventure.<br><br>- 4.0L V6 DOHC VVT-i 24V engine with 5-speed automatic transmission<br>- 4-Wheel Drive for confident traction and control<br>- Rear Differential Locks for enhanced off-road capability<br>- Electronic Stability Control with active traction<br>- Convenience Package including power mirrors with illuminated lamps, daytime running lights, rear clearance sonar, and keyless entry<br>- Steering Wheel Mounted Cruise Control<br>- Upgrade Package #2 with 17 aluminum wheels, AM/FM stereo with 6-disc CD changer and 9 speakers with subwoofer<br>- Leather-wrapped steering wheel with audio controls<br>- Multi-informational trip computer<br>- Towing Receiver Hitch with wire harness<br>- Running Boards for easier entry and exit<br>- Rear window wipers and rear privacy glass<br>- All-weather floor and cargo mat set<br>- First Aid Kit included<br>- Spare tire cover<br><br>The exterior white finish provides a clean, classic appearance that turns heads on any road. Inside, the cabin accommodates five passengers with front bucket seats and a split folding rear seat, giving you flexibility for both people and cargo. The combination of front and side airbags, ABS brakes, and brake assist work together to help keep you and your passengers protected.<br><br>With 16 city MPG and 20 highway MPG, this FJ Cruiser delivers reasonable efficiency for its class and capability level. The vehicle's independent front suspension and dual anti-roll bars provide a balanced ride, whether navigating city streets or rough terrain. Rear clearance sonar helps you park with confidence, while the variably intermittent wipers adapt to changing weather conditions.<br><br>The multi-informational trip computer keeps you informed about driving statistics and vehicle performance, while the tilt steering wheel allows you to find your ideal driving position. Storage options include driver and passenger door bins for convenient access to personal items during your travels.<br><br>This white FJ Cruiser combines rugged capability with practical comfort features that make it suitable for daily driving and weekend exploration alike. Contact us today to schedule your test drive and discover what this vehicle can offer your lifestyle.","[PREMIUM]",26,"7851 South 19th Circle","Bellevue","NE","68147","[PREMIUM]"
"786613339","2026-08-05 01:22:24.266","2026-08-05 01:22:24.266","786613339","[PREMIUM]","C261459B",2008,"CHEV","Chevrolet","COLORADO","Colorado","LT","TRUCKS","Used","Used 2008 Chevrolet Colorado LT w/ Power Convenience Package",71402,"[PREMIUM]",,,"[PREMIUM]",8380,9330,"Black","BLACK","Ebony","BLACK","5CLDR","5-Cylinder","4 wheel drive","AUT","4-Speed Automatic","Automatic","G","Gasoline","Gas",17,22,3.7,false,10,false,false,false,,false,,,"30",1359810,"[PREMIUM]","[PREMIUM]","[PREMIUM]",2683,"[PREMIUM]",false,"PARTNER",347426,4.1,1057,0,"[""NO_SALVAGE_TITLE"",""ACCIDENTS_REPORTED"",""NO_ONE_OWNER""]","{""exterior"":[""15\"" x 7\"" Cast Aluminum Wheels"",""Alloy wheels"",""Bedliner"",""Bodyside moldings"",""Bumpers: chrome"",""Chrome Bar Grille w/Color-Keyed Surround"",""Chrome Bar Grille w/Dark Smoke Gray Surround"",""Dark Smoke Gray Bodyside Moldings"",""Door Trim"",""Front fog lights"",""Fully automatic headlights"",""Halogen Front Fog Lamps"",""Outside Power-Adjustable Mirrors"",""Rear step bumper"",""Trailer Hitch & Wiring Harness""],""interior"":[""Air Conditioning"",""Cloth Padded Driver & Front Passenger Visors"",""Color-Keyed Carpeting Floor Covering"",""Deluxe Cloth Seat Trim"",""Driver door bin"",""Front 60/40 Split-Bench Seat"",""Front Center Armrest w/Storage"",""Leather steering wheel"",""Leather-Wrapped Steering Wheel"",""Passenger door bin"",""Passenger vanity mirror"",""Power Door Locks w/Lockout Protection"",""Power Windows"",""Rear Forward-Facing Driver & Passenger Side Seats"",""Rubberized-Vinyl Front Floor Mats"",""Solar-Ray Deep-Tinted Glass"",""Tachometer"",""Tilt steering wheel"",""Variably intermittent wipers""],""mechanical"":[""3.73 Rear Axle Ratio"",""Front wheel independent suspension"",""Power steering"",""Standard Suspension Package""],""other"":[""Emergency communication system: OnStar Safe & Sound"",""Front License Plate Bracket"",""Front Underbody Shield"",""Front anti-roll bar"",""LT Decor"",""Power Convenience Package"",""Preferred Equipment Group 1LT""],""safety"":[""ABS brakes"",""Dual front impact airbags"",""Low tire pressure warning"",""Occupant sensing airbag""],""technology"":[""6 Speakers"",""AM/FM Stereo w/CD/MP3 Player"",""AM/FM radio"",""CD player"",""OnStar 1-Year of Safe & Sound Plan"",""Radio data system"",""Remote Keyless Entry"",""Speed control""]}",57,"(Joseph Chevrolet) is proud to present you with another True Market Priced Pre-Owned Vehicle. This 2008 Chevrolet Colorado LT is loaded with the following Factory Options:Power Convenience Package (Outside Power-Adjustable Mirrors, Power Door Locks w/Lockout Protection, Power Windows, and Remote Keyless Entry), Preferred Equipment Group 1LT (Chrome Bar Grille w/Color-Keyed Surround, Cloth Padded Driver &amp; Front Passenger Visors, Color-Keyed Carpeting Floor Covering, Dark Smoke Gray Bodyside Moldings, Door Trim, Front Underbody Shield, Halogen Front Fog Lamps, Leather-Wrapped Steering Wheel, LT Decor, Rear Forward-Facing Driver &amp; Passenger Side Seats, Rubberized-Vinyl Front Floor Mats, and Solar-Ray Deep-Tinted Glass), Standard Suspension Package, 15 x 7 Cast Aluminum Wheels, 3.73 Rear Axle Ratio, 6 Speakers, ABS brakes, Air Conditioning, Alloy wheels, AM/FM radio, AM/FM Stereo w/CD/MP3 Player, Bodyside moldings, Bumpers: chrome, CD player, Chrome Bar Grille w/Dark Smoke Gray Surround, Deluxe Cloth Seat Trim, Driver door bin, Dual front impact airbags, Emergency communication system: OnStar Safe &amp; Sound, Front 60/40 Split-Bench Seat, Front anti-roll bar, Front Center Armrest w/Storage, Front fog lights, Front License Plate Bracket, Front wheel independent suspension, Fully automatic headlights, Leather steering wheel, Low tire pressure warning, Occupant sensing airbag, OnStar 1-Year of Safe &amp; Sound Plan, Passenger door bin, Passenger vanity mirror, Power steering, Radio data system, Rear step bumper, Speed control, Tachometer, Tilt steering wheel, Trailer Hitch &amp; Wiring Harness, and Variably intermittent wipers.<br>Black 2008 Chevrolet Colorado LT 4WD 3.7L 5-Cylinder MPI DOHC 4-Speed Automatic with Overdrive<br><br><br>Awards:<br>* 2008 KBB.com Brand Image Awards","[PREMIUM]",31,"8733 Colerain Avenue","Cincinnati","OH","45251","[PREMIUM]"
"786924456","2026-08-05 01:22:24.263","2026-08-05 01:22:24.263","786924456","[PREMIUM]","150945",2008,"MAZDA","MAZDA","MIATA","MX-5 Miata","Touring","CONVERT","Used","Used 2008 MAZDA MX-5 Miata Touring",51206,"[PREMIUM]",,,"[PREMIUM]",10310,11610,"Sunlight Silver Metallic","SILVER","Black","BLACK","4CLDR","4-Cylinder","2 wheel drive - rear","AUT","6-Speed Automatic","Automatic","G","Gasoline","Gas",20,27,2,false,5,false,true,false,,false,,,"30",100025040,"[PREMIUM]","[PREMIUM]","[PREMIUM]",4940,"[PREMIUM]",false,"PARTNER",347926,4.8,276,0,"[""NO_SALVAGE_TITLE"",""NO_FRAME_DAMAGE"",""NO_FLOOD_WATER_DAMAGE"",""NO_ACCIDENTS_REPORTED"",""NO_ONE_OWNER"",""FREE_REPORT""]","{""exterior"":[""17\"" Aluminum Alloy Wheels"",""Bumpers: body-color"",""Front fog lights"",""Power Mirror Package"",""Power door mirrors""],""interior"":[""Air Conditioning"",""Cloth Upholstery"",""Driver vanity mirror"",""Leather Shift Knob"",""Passenger vanity mirror"",""Power windows"",""Rear window defroster"",""Reclining Front Bucket Seats"",""Sport steering wheel"",""Steering wheel mounted audio controls"",""Tachometer"",""Tilt steering wheel""],""mechanical"":[""4-Wheel Disc Brakes"",""Four wheel independent suspension"",""Power steering"",""Speed-sensing steering""],""other"":[""Clean Car Fax"",""Convertible roof wind blocker"",""Front anti-roll bar"",""Glass rear window"",""Local Trade"",""Power Package"",""Rear anti-roll bar""],""safety"":[""ABS brakes"",""Dual front impact airbags"",""Dual front side impact airbags"",""Low tire pressure warning"",""Occupant sensing airbag"",""Panic alarm"",""Passenger cancellable airbag""],""technology"":[""6 Speakers"",""AM/FM Stereo w/In-Dash 6 Disc CD Changer"",""CD player"",""Remote keyless entry"",""Speed Control""]}",40,"This 2008 Mazda Miata Touring offers an exceptional driving experience with a perfect blend of performance and practicality for enthusiasts who appreciate responsive handling and open-air motoring.<br><br>- Clean Car Fax<br>- Local Trade<br>- Power Mirror Package<br>- Power Package<br>- Remote keyless entry<br>- Speed Control<br>- 17 Aluminum Alloy Wheels<br>- 6 Speakers with AM/FM Stereo and In-Dash 6 Disc CD Changer<br>- Air Conditioning<br>- Rear window defroster<br>- Power steering and power windows<br>- Steering wheel mounted audio controls<br><br>The 2.0L I4 DOHC VVT 16V engine paired with a 6-Speed Automatic Sport transmission delivers reliable performance, achieving 20 mpg city and 27 mpg highway. This rear-wheel drive configuration provides the agile, connected driving dynamics that Miata owners value, while the automatic transmission offers convenient everyday operation without sacrificing the fun factor this platform is known for.<br><br>With just over 51,000 miles, this Silver Touring model represents excellent value for a vehicle with many years of service ahead. The power mirror package and power package enhance daily convenience, while the remote keyless entry and speed control add modern amenities that make ownership more enjoyable.<br><br>The Touring trim brings comfort features including cloth upholstery with reclining front bucket seats, ensuring support during spirited drives or weekend getaways. The convertible roof wind blocker addresses a common concern for convertible owners, helping manage wind noise and providing flexibility in how you enjoy the open-air experience.<br><br>Safety has been engineered throughout, with dual front impact airbags, dual front side impact airbags, 4-wheel disc brakes with ABS, and an occupant sensing system. Speed-sensing steering and front fog lights contribute to confident operation in various conditions, while the low tire pressure warning system helps maintain optimal vehicle health.<br><br>The audio system includes an AM/FM stereo with an in-dash 6 disc CD changer and steering wheel mounted audio controls, allowing you to manage entertainment without taking your hands off the wheel. Air conditioning keeps cabin comfort consistent, and the glass rear window preserves the open feeling even when the convertible top is raised.<br><br>Mullinax Bronze vehicles give you the assurance of a 5 DAY/300-Mile RETURN POLICY, if you don't like it, BRING IT BACK! At Mullinax, there are NO DEALER FEES! That saves you over $1,000 vs. our largest competitors every day! Just add tax! Mullinax has 4,000 vehicles to choose from!","[PREMIUM]",24,"1210 Northlake Blvd","Lake Park","FL","33403","[PREMIUM]"
"787051492","2026-08-05 01:22:24.256","2026-08-05 01:22:24.256","787051492","[PREMIUM]","T8A015004",2008,"HONDA","Honda","ACCORD","Accord","EX-L","COUPE","Used","Used 2008 Honda Accord EX-L",155133,"[PREMIUM]",,,"[PREMIUM]",5200,5900,"Nighthawk Black Pearl","BLACK","Black","BLACK","4CLDR","4-Cylinder","2 wheel drive - front","AUT","5-Speed Automatic","Automatic","G","Gasoline","Gas",21,30,2.4,true,4,false,true,false,,false,,,"30",575313,"[PREMIUM]","[PREMIUM]","[PREMIUM]",8529,"[PREMIUM]",false,"PARTNER",223922,4.3,1229,0,"[""NO_SALVAGE_TITLE"",""NO_FRAME_DAMAGE"",""NO_FLOOD_WATER_DAMAGE"",""NO_ACCIDENTS_REPORTED"",""NO_ONE_OWNER"",""FREE_REPORT""]","{""exterior"":[""17' Alloy Wheels"",""Alloy wheels"",""Bumpers: body-color"",""Delay-off headlights"",""Fully automatic headlights"",""Heated door mirrors"",""Power door mirrors""],""interior"":[""Air Conditioning"",""Anti-whiplash front head restraints"",""Driver door bin"",""Driver vanity mirror"",""Front Bucket Seats"",""Front Center Armrest"",""Front dual zone A/C"",""Front reading lights"",""Heated Front Bucket Seats"",""Heated front seats"",""Leather Seats"",""Leather-Trimmed Seat Trim"",""Overhead console"",""Passenger door bin"",""Passenger vanity mirror"",""Power driver seat"",""Power moonroof"",""Power windows"",""Rear window defroster"",""Speed-Sensitive Wipers"",""Steering wheel mounted audio controls"",""Tachometer"",""Telescoping steering wheel"",""Tilt steering wheel"",""Variably intermittent wipers""],""mechanical"":[""4-Wheel Disc Brakes"",""Four wheel independent suspension"",""Power steering"",""Speed-sensing steering""],""other"":[""Best Seller"",""Dealer maintained with service documents"",""Front anti-roll bar"",""Illuminated entry"",""Outside temperature display"",""Passed dealer inspection"",""Rear anti-roll bar"",""Recent Arrival!"",""Recent Trade-In Vehicle!"",""Recent oil change"",""Unit currently going through reconditioning and preparation process please see dealer for details""],""safety"":[""ABS brakes"",""Brake assist"",""Dual front impact airbags"",""Dual front side impact airbags"",""Electronic Stability Control"",""Low tire pressure warning"",""Occupant sensing airbag"",""Overhead airbag"",""Panic alarm"",""Security system"",""Traction control""],""technology"":[""270-Watt AM/FM/6-Disc In-Dash/XM Satellite Radio"",""7 Speakers"",""AM/FM radio: XM"",""Automatic temperature control"",""Bluetooth"",""CD player"",""Compass"",""Radio data system"",""Remote keyless entry"",""Speed control"",""Vehicle detailed"",""XM Satellite Radio""]}",70,"2008 Honda Accord EX-L 2.4 Recent Arrival!, Recent Trade-In Vehicle!, Bluetooth, Leather Seats, Alloy wheels, Recent oil change, Passed dealer inspection, Vehicle detailed, Best Seller, Dealer maintained with service documents, Unit currently going through reconditioning and preparation process, please see dealer for details, Accord EX-L 2.4, 2D Coupe, 2.4L I4 DOHC i-VTEC 16V, 5-Speed Automatic with Overdrive, FWD, Nighthawk Black Pearl, Black w/Leather-Trimmed Seat Trim. You will find low cost and affordable gas saving used pre owned and certified pre owned along with luxury pre owned we have it all If you dont see what you are looking for we can get it We offer Luxury pre owned vehicles and certified pre owned vehicles. Our showroom amenities and service drive and Perks Cafe are open extended hours for your convenience.Stop by and see why were the BEST PLACE to buy your next new or used Honda EMPLOYEE PRICING FOR EVERYONE HURRY Come visit our REDESIGNED State-of-the-Art Dealership. Our showroom amenities and service drive are open extended hours for your convenience. Not to mention a HUGE selection of New Pre-Owned vehicles will make Vandergriff Honda your premiere choice for Honda dealerships in the DallasFort Worth area. Stop by and see why were where DFW SHOPS FOR USED CARS Customer Requested and Dealer Added Options are extra. Serving the DFW Metroplex for over 40 Years Vandergriff Honda located at 1104 W. I-20 in Arlington TX is your premier retailer of new and used Honda vehicles. Our dedicated sales staff and top-trained technicians are here to make your shopping and service experience fun easy and financially advantageous. Please utilize our various online resources and allow our excellent network of people to put you in your ideal car truck or SUV today. Serving Arlington Grand Prairie Forth Worth Mansfield Burleson Hurst Euless Bedford Plano McKinney Tyler Midlothian Weatherford Grapevine Frisco little elm Irving Grapevine Dallas The colony Waxahachie Austin Houston and many other outlining cities. The Vandergriff Protection Package adds great peace of mind knowing that the vehicle has been inspected and reconditioned. Clean CARFAX. We offer several online shopping tools that enable our customers to complete the purchase process without visiting the dealership. You can value your trade, apply for financing, get accurate payment estimates and more on our website. We even offer a vehicle delivery option for your convenience. Many of our customers have already taken advantage of these options, and they remain available during this time. Please reach out to dealer for purchase options as they might vary.","[PREMIUM]",26,"1104 W Interstate 20","Arlington","TX","76017","[PREMIUM]"
"787019288","2026-08-05 01:22:24.244","2026-08-05 01:22:24.244","787019288","[PREMIUM]","1FTSW21R98EC64803",2008,"FORD","Ford","F250","F250","Lariat","TRUCKS","Used","Used 2008 Ford F250 Lariat",209000,"[PREMIUM]",,,"[PREMIUM]",8555,10630,"Gray","GRAY","Tan","TAN","8CLDR","8-Cylinder Turbo","4 wheel drive",,,,"D","Diesel","Gas",,,6.4,true,5,false,true,false,,false,,,"30",75877787,"[PREMIUM]","[PREMIUM]","[PREMIUM]",,"[PREMIUM]",true,,347258,4.2,251,,"[""NO_SALVAGE_TITLE"",""ACCIDENTS_REPORTED"",""NO_ONE_OWNER""]","{""exterior"":[""Alloy Wheels"",""Fog Lights"",""Premium Wheels""],""interior"":[""Air Conditioning"",""Dual Power Seats"",""Heated Seats"",""Leather"",""Power Door Locks"",""Power Windows"",""Sliding Rear Window"",""Tilt Wheel""],""mechanical"":[""Power Steering"",""Towing Pkg""],""safety"":[""ABS (4-Wheel)"",""Dual Air Bags""],""technology"":[""AM/FM Stereo"",""CD/MP3 (Single Disc)"",""Cassette"",""Cruise Control"",""Keyless Entry""]}",20,"This truck has always been maintained and have all the service records.","[PREMIUM]",9,,"Broomfield","CO","80020","[PREMIUM]"
"787400550","2026-08-05 01:22:24.230","2026-08-05 01:22:24.230","787400550","[PREMIUM]","WBAWC73588E064106",2008,"BMW","BMW","335XI","335xi","Coupe","COUPE","Used","Used 2008 BMW 335xi Coupe",55162,"[PREMIUM]",,,"[PREMIUM]",,,"Burgundy","BURGUNDY","Beige","BEIGE","6CLDR","6-Cylinder Turbo","All wheel drive",,,,"G","Gasoline","Gas",,,3,false,0,false,true,false,,false,,,"30",75883313,"[PREMIUM]","[PREMIUM]","[PREMIUM]",,"[PREMIUM]",true,,,,,,"[""NO_SALVAGE_TITLE"",""NO_ACCIDENTS_REPORTED"",""NO_ONE_OWNER""]","{""exterior"":[""Alloy Wheels"",""Fog Lights"",""HID Adaptive Headlamps""],""interior"":[""Air Conditioning"",""Dual Power Seats"",""Heated Seats"",""Leather"",""Moon Roof"",""Power Door Locks"",""Power Windows"",""Tilt Wheel""],""mechanical"":[""Power Steering""],""safety"":[""ABS (4-Wheel)"",""Daytime Running Lights"",""Dual Air Bags"",""F&R Head Curtain Air Bags"",""Side Air Bags"",""Stability Control"",""Traction Control""],""technology"":[""AM/FM Stereo"",""Adaptive Cruise Control"",""CD/MP3 (Single Disc)"",""Cruise Control"",""DVD System"",""Hill Descent Control"",""Keyless Entry"",""Keyless Start"",""Navigation System"",""Sirius Satellite""]}",29,"Low mileage BMW 335xi for sale.  Excellent condition inside and out.","[PREMIUM]",12,,"Salem","OR","97306","[PREMIUM]"
"787241096","2026-08-05 01:22:14.053","2026-08-05 01:22:14.053","787241096","[PREMIUM]","1G2MB35B68Y120524",2008,"PONT","Pontiac","SOLSTICE","Solstice","Convertible","CONVERT","Used","Used 2008 Pontiac Solstice Convertible w/ Preferred Package",17300,"[PREMIUM]",,,"[PREMIUM]",8440,9290,"Silver","SILVER","Black","BLACK","4CLDR","4-Cylinder","2 wheel drive - rear","MAN","5-Speed Manual","Manual","G","Gasoline","Gas",19,25,2.4,false,3,false,true,false,,false,,,"30",75879611,"[PREMIUM]","[PREMIUM]","[PREMIUM]",,"[PREMIUM]",true,,197651,4.6,289,,"[""NO_SALVAGE_TITLE"",""NO_ACCIDENTS_REPORTED"",""NO_ONE_OWNER""]","{""exterior"":[""Alloy Wheels""],""interior"":[""Air Conditioning"",""Power Door Locks"",""Power Windows"",""Tilt Wheel""],""mechanical"":[""Power Steering""],""safety"":[""ABS (4-Wheel)"",""Dual Air Bags"",""StabiliTrak"",""Traction Control""],""technology"":[""AM/FM Stereo"",""CD/MP3 (Single Disc)"",""Cruise Control"",""OnStar""]}",14,"Exceptionally clean 2008 Pontiac Solstice with only 17,300 original miles. The car has never been in an accident and is in excellent overall condition. It has been well cared for and is a very attractive, low-mileage, sporty, two-seat convertible. The hood has one very small dent, which is shown in the photographs. The car is being sold by its owner. Clean title. All reasonable offers will be considered.<br><br>Located in Phoenix, Arizona area.","[PREMIUM]",18,,"Chandler","AZ","85224","[PREMIUM]"
"787049018","2026-08-05 01:19:43.947","2026-08-05 01:19:43.947","787049018","[PREMIUM]","W8K026188",2008,"TOYOTA","Toyota","4RUN","4Runner","Limited","SUV","Used","Used 2008 Toyota 4Runner Limited",204907,"[PREMIUM]",,"Good","[PREMIUM]",9520,11870,"White","WHITE",,,"6CLDR","6-Cylinder","4 wheel drive","AUT","5-Speed Automatic","Automatic","G","Gasoline","Gas",16,20,4,true,4,false,true,false,,false,,,"30",69986903,"[PREMIUM]","[PREMIUM]","[PREMIUM]",4019,"[PREMIUM]",false,"PARTNER",197760,4.8,992,0,"[""NO_SALVAGE_TITLE"",""NO_ACCIDENTS_REPORTED"",""NO_ONE_OWNER""]","{""exterior"":[""Alloy wheels"",""Bumpers: body-color"",""Front fog lights"",""Fully automatic headlights"",""Heated door mirrors"",""Illuminated running boards"",""Power door mirrors"",""Rear window wiper"",""Roof rack""],""interior"":[""Air Conditioning"",""Auto-dimming Rear-View mirror"",""Driver door bin"",""Driver vanity mirror"",""Front Bucket Seats"",""Front Center Armrest w/Storage"",""Front dual zone A/C"",""Front reading lights"",""Garage door transmitter"",""Heated Bucket Seats"",""Heated Seats"",""Leather Seat Trim"",""Leather Shift Knob"",""Leather Steering Wheel"",""Leather steering wheel"",""Memory seat"",""Overhead console"",""Passenger door bin"",""Passenger vanity mirror"",""Power driver seat"",""Power passenger seat"",""Power windows"",""Rear seat center armrest"",""Rear window defroster"",""Split folding rear seat"",""Steering wheel mounted audio controls"",""Tachometer"",""Telescoping steering wheel"",""Tilt steering wheel"",""Trip computer"",""Variably intermittent wipers""],""mechanical"":[""3.727 Axle Ratio"",""4-Wheel Disc Brakes"",""Front wheel independent suspension"",""Power steering"",""Speed-sensing steering""],""other"":[""18\"" x 7.5JJ Aluminum Disc Wheels"",""Front anti-roll bar"",""Illuminated entry"",""Outside temperature display"",""Rear anti-roll bar""],""safety"":[""ABS brakes"",""Brake assist"",""Dual front impact airbags"",""Dual front side impact airbags"",""Electronic Stability Control"",""Low tire pressure warning"",""Occupant sensing airbag"",""Overhead airbag"",""Panic alarm"",""Security system"",""Traction control""],""technology"":[""6 Speakers"",""AM/FM CD-Changer w/6 Speakers"",""AM/FM radio"",""Automatic temperature control"",""CD player"",""Compass"",""Remote keyless entry"",""Speed control""]}",69,"This 2008 Toyota 4Runner Limited offers the capability and reliability you need for years to come.<br><br>- AM/FM CD-Changer with 6 Speakers<br>- 4.0L V6 Engine with 5-Speed Automatic and 4WD<br>- Front Dual Zone Automatic Temperature Control<br>- Heated Bucket Seats with Leather Trim<br>- Power Driver and Passenger Seats with Memory Function<br>- Leather Steering Wheel with Steering Wheel-Mounted Audio Controls<br>- Electronic Stability Control and Traction Control<br>- Front Fog Lights with Fully Automatic Headlights<br>- Remote Keyless Entry with Security System<br>- Roof Rack and Illuminated Running Boards<br>- 18 Alloy Wheels<br>- Dual Front Impact and Side Impact Airbags<br>- Auto-Dimming Rear-View Mirror with Compass<br>- Front and Rear Anti-Roll Bars with Independent Suspension<br>- Split Folding Rear Seat<br><br>Built on Toyota's proven platform, this 4Runner Limited combines practical everyday features with genuine off-road capability. The 4.0L V6 engine paired with 5-speed automatic transmission and 4WD delivers strong performance across varied terrain and road conditions. You'll appreciate the responsive handling whether navigating city streets or venturing beyond them.<br><br>Comfort is paramount in this model. Heated leather bucket seats with power adjustment and memory settings ensure every drive feels refined. Dual automatic climate zones let driver and passengers set individual temperature preferences, while the telescoping leather steering wheel adjusts to your ideal driving position. The interior layout maximizes usability with front and rear armrests, multiple storage compartments, and a split folding rear seat for flexible cargo space.<br><br>Safety receives serious attention here. This 4Runner features dual front impact airbags, dual front side impact airbags, and overhead airbags positioned throughout the cabin. Electronic stability control works with traction control and ABS brakes to provide confident stopping and handling in challenging conditions. A security system with panic alarm adds peace of mind whether parked or driving.<br><br>Technology integrates seamlessly into your experience. The AM/FM CD-changer system with six speakers delivers quality sound, controlled conveniently through steering wheel-mounted audio buttons. Trip computer, outside temperature display, and compass keep you informed. Fully automatic headlights activate when needed, while variably intermittent wipers adapt to changing weather.<br><br>Practical touches enhance convenience daily. Illuminated running boards ease entry and exit, while the roof rack expands hauling capability. Power windows, mirrors, and door locks respond to your command. Remote keyless entry, garage door transmitter integration, and illuminated entry make arriving home seamless after your journey.<br><br>Cleveland Ford offers an exclusive Nationwide Lifetime Powertrain Warranty on select inventory. This warranty covers everything that the manufacturer considers part of the powertrain, and can be used with any ASE Certified Mechanic across the country and even in Canada. (See Dealer For Details)<br><br>Cleveland Ford proudly serves drivers throughout Tennessee including: Bradley County, Hamilton County, Ooltewah, Dayton, Sweetwater, Athens, Soddy-Daisy, Monteagle, Knoxville, Ducktown and Johnson City. Also Georgia and Alabama including: Huntsville, Marietta, Dalton, Scottsboro, Marietta, Blue Ridge and Murphy. From new Ford models to quality pre-owned vehicles, our team is here to provide a simple, transparent, and customer-focused experience every step of the way.<br><br>Please call with any and all questions @   ask for the Internet Department or email 24/7  Cleveland Ford using the form on this page","[PREMIUM]",50,"2496 S Lee Hwy","Cleveland","TN","37311","[PREMIUM]"
"787168783","2026-08-05 01:19:43.942","2026-08-05 01:19:43.942","787168783","[PREMIUM]","7577940",2008,"JEEP","Jeep","WRANGLER","Wrangler","Sahara","SUV","Used","Used 2008 Jeep Wrangler Sahara w/ Dual Top Group",106277,"[PREMIUM]",,,"[PREMIUM]",10490,11840,"Black Clearcoat/Black Hard Top","BLACK","Dark Slate Gray/Med Slate Gray","GRAY","6CLDR","6-Cylinder","4 wheel drive","AUT","4-Speed Automatic","Automatic","G","Gasoline","Gas",,,3.8,false,3,false,true,false,,false,,,"30",75135213,"[PREMIUM]","[PREMIUM]","[PREMIUM]",1602,"[PREMIUM]",false,"PARTNER",197369,4.5,935,0,"[""NO_SALVAGE_TITLE"",""NO_ACCIDENTS_REPORTED"",""NO_ONE_OWNER""]","{""exterior"":[""18\"" x 7.5\"" Machined Cast Aluminum Wheels"",""Alloy wheels"",""Bridgestone Brand Tires"",""Easy Folding SoftTop"",""Front fog lights""],""interior"":[""Air Conditioning"",""Driver door bin"",""Front Bucket Seats"",""Front Center Armrest"",""Leather steering wheel"",""Passenger door bin"",""Premium Cloth Low-Back Bucket Seats"",""Tachometer"",""Tilt steering wheel"",""Trip computer"",""Variably intermittent wipers""],""mechanical"":[""3.21 Axle Ratio"",""4-Wheel Disc Brakes"",""Heavy Duty Suspension w/Gas Shocks"",""Power steering""],""other"":[""Front anti-roll bar"",""Local Trade"",""Low Miles"",""Outside temperature display"",""Rear anti-roll bar"",""Super Clean""],""safety"":[""ABS brakes"",""Brake assist"",""Dual front impact airbags"",""Electronic Stability Control"",""Integrated roll-over protection"",""Low tire pressure warning"",""Occupant sensing airbag"",""Traction control""],""technology"":[""6 Speakers"",""AM/FM CD/MP3 w/SIRIUS Satellite"",""AM/FM radio: SIRIUS"",""Bluetooth Hands-Free"",""CD player"",""Compass"",""Radio data system"",""SIRIUS Satellite Radio"",""Speed control"",""Voice Recognition""]}",44,"This 2008 Jeep Wrangler Sahara in Black represents a capable and well-maintained vehicle ready for both daily driving and off-road adventure.<br><br>- Dual Top Group with easy-folding soft top and Sunrider feature plus Freedom top 3-piece hard top<br>- Trailer Tow Group including class II receiver hitch and 4-pin trailer connector wiring<br>- Power Convenience Group with power locks, windows, and remote keyless entry<br>- Bluetooth Hands-Free connectivity and Voice Recognition<br>- SIRIUS Satellite Radio with AM/FM CD/MP3<br>- 3.8L V6 engine with 4-Speed Automatic transmission<br>- 4-Wheel Drive capability<br>- Electronic Stability Control and Traction Control<br>- Heavy Duty Suspension with Gas Shocks<br>- Anti-Spin Rear Differential<br>- 18 Machined Cast Aluminum Wheels with Bridgestone tires<br>- ABS brakes with Brake Assist<br>- Front and rear anti-roll bars with integrated roll-over protection<br>- Premium Cloth Low-Back Bucket Seats<br>- Front fog lights<br><br>The Sahara model provides genuine utility backed by practical features designed for real-world ownership. The dual top system offers flexibility, allowing you to switch between the soft top for an open-air experience and the three-piece hard top for weather protection and security. The Trailer Tow Group equips this Wrangler to handle hauling tasks efficiently, making it suitable for both work and recreation.<br><br>Safety and control remain central to this vehicle's design. The Electronic Stability Control works with Traction Control and the Anti-Spin Rear Differential to maintain secure footing in challenging conditions. Four-wheel disc brakes with ABS provide responsive stopping power, while the integrated roll-over protection adds structural security for occupants.<br><br>The interior balances comfort with practicality. Premium Cloth Low-Back Bucket Seats provide supportive seating, while the leather steering wheel offers a refined touch to daily driving. Climate control, power steering with tilt adjustment, and cruise control combine for a more composed driving experience. The SIRIUS Satellite Radio system keeps you entertained during longer journeys.<br><br>This Wrangler has been serviced as a local trade and maintained to show well. The 3.8L V6 engine delivers dependable performance, returning 15 mpg in the city and 19 mpg on the highway. With genuine capability, a thoughtful feature set, and solid construction, this vehicle merits your consideration.<br><br>We invite you to visit and experience this Wrangler firsthand, where our team can answer your questions and discuss how this vehicle fits your needs.","[PREMIUM]",21,"2911 11TH ST S","Moorhead","MN","56560","[PREMIUM]"
"786693725","2026-08-05 01:19:43.941","2026-08-05 01:19:43.941","786693725","[PREMIUM]","P5297A",2008,"CHEV","Chevrolet","CHEVC25","Silverado 2500","LT","TRUCKS","Used","Used 2008 Chevrolet Silverado 2500 LT w/ 1LT Convenience Package",146100,"[PREMIUM]",,"Great","[PREMIUM]",15010,17360,"Graystone Metallic","GRAY","Ebony","BLACK","8CLDR","8-Cylinder","4 wheel drive","AUT","6-Speed Automatic","Automatic","G","Gasoline","Gas",,,6,false,8,false,false,false,,false,,,"30",89005,"[PREMIUM]","[PREMIUM]","[PREMIUM]",420,"[PREMIUM]",false,"PARTNER",348667,4.5,435,0,"[""NO_SALVAGE_TITLE"",""NO_FRAME_DAMAGE"",""NO_FLOOD_WATER_DAMAGE"",""ACCIDENTS_REPORTED"",""ONE_OWNER"",""FREE_REPORT""]","{""exterior"":[""Bumpers: chrome"",""Delay-off headlights"",""Fully automatic headlights"",""Rear step bumper"",""Skid Plate Package"",""Spare Tire Lock""],""interior"":[""Air Conditioning"",""Color-Keyed Carpeted Floor Covering"",""Driver door bin"",""Electric Rear-Window Defogger"",""Front reading lights"",""Overhead console"",""Passenger door bin"",""Passenger vanity mirror"",""Power Door Locks"",""Rear reading lights"",""Rear seat center armrest"",""Solar-Ray Deep-Tinted Glass"",""Split folding rear seat"",""Tachometer"",""Tilt steering wheel"",""Variably intermittent wipers"",""Voltmeter""],""mechanical"":[""3.73 Rear Axle Ratio"",""4-Wheel Disc Brakes"",""Front wheel independent suspension"",""Power steering""],""other"":[""Emergency communication system: OnStar Safe & Sound"",""Front anti-roll bar"",""Heavy-Duty Handling/Trailering Suspension Package"",""Heavy-Duty Rear Automatic Locking Differential"",""Heavy-Duty Trailering Equipment"",""Illuminated entry""],""safety"":[""ABS brakes"",""Dual front impact airbags"",""Low tire pressure warning"",""Panic alarm"",""Passenger cancellable airbag"",""Security system""],""technology"":[""AM/FM Stereo w/MP3 CD Player/XM Satellite"",""AM/FM radio: XM"",""CD player"",""Electronic Cruise Control w/Set & Resume Speed"",""Integrated Trailer Brake Controller"",""Radio data system"",""Remote keyless entry"",""XM Satellite Radio""]}",47,"Vortec 6.0L V8 SFI VVT, 6-Speed Automatic HD Electronic with Overdrive, 4WD, Ebony Cloth.<br><br><br>Odometer is 1363 miles below market average!<br><br>Free pick up, delivery, and loaner cars for all service appointments.<br><br>Awards:<br>* 2008 KBB.com Brand Image Awards","[PREMIUM]",37,"1200 S CONWELL AVE","Willard","OH","44890","[PREMIUM]"
"787027785","2026-08-05 01:19:43.929","2026-08-05 01:19:43.929","787027785","[PREMIUM]","T8L010329",2008,"HONDA","Honda","CRV","CR-V","EX-L","SUV","Used","Used 2008 Honda CR-V EX-L",125071,"[PREMIUM]",,,"[PREMIUM]",7845,8795,"Glacier Blue Metallic","BLUE","Gray","GRAY","4CLDR","4-Cylinder","2 wheel drive - front","AUT","5-Speed Automatic","Automatic","G","Gasoline","Gas",20,27,2.4,true,5,false,true,false,,false,,,"30",74646493,"[PREMIUM]","[PREMIUM]","[PREMIUM]",3803,"[PREMIUM]",false,"PARTNER",263660,4.5,797,0,"[""NO_SALVAGE_TITLE"",""NO_ACCIDENTS_REPORTED"",""ONE_OWNER""]","{""exterior"":[""Alloy wheels"",""Bumpers: body-color"",""Heated door mirrors"",""Power door mirrors"",""Rear window wiper""],""interior"":[""Air Conditioning"",""Anti-whiplash front head restraints"",""Driver door bin"",""Driver vanity mirror"",""Driver's Seat Mounted Armrest"",""Front Bucket Seats"",""Front dual zone A/C"",""Front reading lights"",""Heated Reclining Front Bucket Seats"",""Heated front seats"",""Leather Seat Trim"",""Leather Shift Knob"",""Overhead console"",""Passenger door bin"",""Passenger seat mounted armrest"",""Passenger vanity mirror"",""Power driver seat"",""Power moonroof"",""Power windows"",""Rear seat center armrest"",""Rear window defroster"",""Speed-Sensitive Wipers"",""Split folding rear seat"",""Steering wheel mounted audio controls"",""Tachometer"",""Telescoping steering wheel"",""Tilt steering wheel"",""Trip computer"",""Variably intermittent wipers""],""mechanical"":[""4-Wheel Disc Brakes"",""4.50 Axle Ratio"",""Four wheel independent suspension"",""Power steering"",""Speed-sensing steering""],""other"":[""Front anti-roll bar"",""Illuminated entry"",""Outside temperature display"",""Rear anti-roll bar""],""safety"":[""ABS brakes"",""Brake assist"",""Dual front impact airbags"",""Dual front side impact airbags"",""Electronic Stability Control"",""Low tire pressure warning"",""Occupant sensing airbag"",""Overhead airbag"",""Panic alarm"",""Security system"",""Traction control""],""technology"":[""7 Speakers"",""AM/FM radio: XM"",""Automatic temperature control"",""CD player"",""Remote keyless entry"",""Speed control"",""XM Satellite Radio""]}",61,"This 2008 Honda CR-V EX-L delivers the practicality and reliability you need in a versatile compact SUV, finished in an attractive blue exterior that turns heads on the road.<br><br>- 7 Speakers with AM/FM radio and XM Satellite Radio<br>- CD player<br>- Power moonroof<br>- Heated and reclining front bucket seats with leather trim<br>- Automatic temperature control with front dual zone A/C<br>- Power driver seat with driver's seat mounted armrest<br>- Telescoping and tilt steering wheel with steering wheel mounted audio controls<br>- Remote keyless entry with panic alarm<br>- Electronic Stability Control and traction control<br>- Four-wheel independent suspension with front and rear anti-roll bars<br>- Alloy wheels<br>- Speed-sensing steering<br>- Split folding rear seat for cargo flexibility<br>- Dual front impact and side impact airbags with anti-whiplash head restraints<br>- Four-wheel disc brakes with ABS<br><br>This CR-V EX-L comes equipped with a 2.4L I4 DOHC 16V i-VTEC engine paired with a 5-speed automatic transmission and front-wheel drive, offering dependable performance whether navigating city streets or highway drives. The vehicle achieves 20 miles per gallon in the city and 27 on the highway, making it a sensible choice for those seeking balanced fuel efficiency.<br><br>The interior reflects the EX-L trim's premium character with leather seat trim throughout the heated front bucket seats, complemented by an overhead console, outside temperature display, and trip computer that keep you informed. Climate control features dual-zone automatic temperature management, rear window defroster, and heated door mirrors for year-round comfort. The power moonroof adds an open-air element to your driving experience.<br><br>Safety technology includes electronic stability control, traction control, and brake assist working together to help maintain control in challenging conditions. The anti-lock braking system with four-wheel disc brakes provides responsive stopping power, while the comprehensive airbag system including dual front impact, dual front side impact, and overhead airbags offers multi-directional protection.<br><br>Practical features abound with the split folding rear seat allowing you to configure cargo space to suit your needs, rear window wiper and speed-sensitive wipers for optimal visibility, and a security system for peace of mind. Navigation is intuitive with the tilt and telescoping steering wheel, speed-sensing steering, and illuminated entry making every journey comfortable.<br><br>Spartanburg Honda proudly serves drivers throughout Spartanburg and the surrounding Upstate communities, including Greenville, Greer, Duncan, Boiling Springs, Gaffney, Simpsonville, Anderson, Easley, Rock Hill, and Union. We also proudly assist drivers from major surrounding counties including Spartanburg County, Greenville County, Cherokee County, Union County, Laurens County, Anderson County, York County, and Pickens County. From new Honda models to quality pre-owned vehicles, our team is here to provide a simple, transparent, and customer-focused experience every step of the way.<br><br>We also offer an exclusive Nationwide Lifetime Powertrain Warranty on select inventory. This warranty covers everything the manufacturer considers part of the powertrain and can be used with any ASE Certified Mechanic across the country and even in Canada. Ask your salesperson if your vehicle qualifies.","[PREMIUM]",25,"320 UPPER VALLEY FALLS ROAD","Spartanburg","SC","29303","[PREMIUM]"
"787021519","2026-08-05 01:19:43.925","2026-08-05 01:19:43.925","787021519","[PREMIUM]","06T4267A",2008,"JEEP","Jeep","WRANGLER","Wrangler","Unlimited Sahara","SUV","Used","Used 2008 Jeep Wrangler Unlimited Sahara w/ Dual Top Group",106271,"[PREMIUM]",,"Good","[PREMIUM]",11620,13620,"Jeep Green Metallic Clearcoat","GREEN","Dark/Medium Slate Gray","GRAY","6CLDR","6-Cylinder","4 wheel drive","AUT","4-Speed Automatic","Automatic","G","Gasoline","Gas",,,3.8,false,5,false,true,false,,false,,,"30",68115701,"[PREMIUM]","[PREMIUM]","[PREMIUM]",1694,"[PREMIUM]",false,"PARTNER",197370,4.5,935,0,"[""NO_SALVAGE_TITLE"",""ACCIDENTS_REPORTED"",""NO_ONE_OWNER""]","{""exterior"":[""18\"" x 7.5\"" Machined Cast Aluminum Wheels"",""Alloy wheels"",""Bridgestone Brand Tires"",""Front fog lights"",""Rear Window Wiper/Washer""],""interior"":[""Air Conditioning"",""Driver door bin"",""Front Bucket Seats"",""Front Center Armrest"",""Leather steering wheel"",""Passenger door bin"",""Power windows"",""Premium Cloth Low-Back Bucket Seats"",""Rear Window Defroster"",""Split folding rear seat"",""Tachometer"",""Tilt steering wheel"",""Trip computer"",""Variably intermittent wipers""],""mechanical"":[""3.21 Axle Ratio"",""4-Wheel Disc Brakes"",""Heavy Duty Suspension w/Gas Shocks"",""Power steering""],""other"":[""Dual Top Group"",""Front anti-roll bar"",""Outside temperature display"",""Quick Order Package 24G"",""Rear anti-roll bar""],""safety"":[""ABS brakes"",""Brake assist"",""Dual front impact airbags"",""Electronic Stability Control"",""Integrated roll-over protection"",""Low tire pressure warning"",""Occupant sensing airbag"",""Panic alarm"",""Security system"",""Traction control""],""technology"":[""** BLUETOOTH"",""** SIRIUSXM RADIO"",""6 Speakers"",""AM/FM CD/MP3 w/SIRIUS Satellite"",""AM/FM radio: SIRIUS"",""CD player"",""Compass"",""Radio data system"",""Remote keyless entry"",""SIRIUS Satellite Radio"",""Speed control""]}",49,"2008 Jeep Wrangler Unlimited Sahara Jeep Green Metallic Clearcoat 4WD 3.8L V6 SMPI<br>Recent Arrival!<br><br>Premium Infinity sound system with amplifier, subwoofer, and 6 speakers.<br>Folding soft top with Sunrider feature.<br>Tubular running boards.<br>Part-time 4WD with Command-Trac and a 2-speed transfer case.<br>3.8L V6 engine with a 6-speed manual transmission.<br>Cruise control with steering wheel-mounted controls.<br>Air conditioning.<br>Power windows, power door locks, and remote keyless entry.<br>AM/FM radio, CD/MP3 playback, and auxiliary audio input.<br>Leather-wrapped steering wheel with tilt adjustment.<br>Cloth bucket front seats and a folding rear bench seat.<br>18-inch painted aluminum wheels with on/off-road tires.<br>Full-size spare tire.<br>Fog lights and halogen headlights.<br>Skid plates, recovery hooks, and fuel tank protection.<br>Half-metal doors and body-color overfenders.<br>ABS brakes with electronic stability control and all-speed traction control.<br>Tire pressure monitoring system and LATCH child seat anchors.<br>Cargo tie-down hooks and underfloor storage.","[PREMIUM]",30,"1350 HIGHWAY 67 SOUTH","Elkhorn","WI","53121","[PREMIUM]"
"787306613","2026-08-05 01:19:43.923","2026-08-05 01:19:43.923","787306613","[PREMIUM]","JTEEW44A182025418",2008,"TOYOTA","Toyota","HIGHLANDER","Highlander","Limited","SUV","Used","Used 2008 Toyota Highlander Limited",179215,"[PREMIUM]",,,"[PREMIUM]",6860,7885,"Silver","SILVER","Gray","GRAY","HYBRD","Hybrid","4 wheel drive","AUT","Continuously Variable Automatic","Automatic","B","Hybrid Gas/Electric","Hybrid: Gas/Electric",,,3.3,true,1,false,true,false,,false,,,"30",75881241,"[PREMIUM]","[PREMIUM]","[PREMIUM]",,"[PREMIUM]",true,,223939,4.6,472,,"[""NO_SALVAGE_TITLE"",""ACCIDENTS_REPORTED"",""NO_ONE_OWNER""]","{""exterior"":[""Alloy Wheels"",""Fog Lights"",""Roof Rack""],""interior"":[""Air Conditioning"",""Heated Seats"",""Leather"",""Moon Roof"",""Power Door Locks"",""Power Seat"",""Power Windows"",""Third Row Seat""],""mechanical"":[""Power Steering"",""Towing Pkg""],""other"":[""Quad Seating (4 Buckets)"",""Rear"",""Satellite Feature"",""Tilt & Telescoping Wheel""],""safety"":[""ABS (4-Wheel)"",""Anti-Theft System"",""Daytime Running Lights"",""Dual Air Bags"",""F&R Side Air Bags"",""Head Curtain Air Bags"",""Knee Air Bags"",""Stability Control"",""Traction Control""],""technology"":[""AM/FM Stereo"",""Backup Camera"",""Bluetooth Wireless"",""CD/MP3 (Multi Disc)"",""Cruise Control"",""Hill Start Assist Control"",""JBL Premium Sound"",""Keyless Entry"",""Keyless Start"",""Navigation System""]}",36,"This 2008 Toyota Highlander Hybrid Limited is finished in Classic Silver Metallic over Ash Gray leather and is powered by a 3.3-liter DOHC VVT-i V6 paired with Toyota's Hybrid Synergy Drive, producing 270 horsepower through an electronically controlled CVT and all-wheel drive. The hybrid powertrain routinely returns 25+ mpg in everyday driving while delivering smooth, confident performance. The odometer shows 179,000 miles, and the vehicle has been consistently maintained with regular oil changes and scheduled service. It is offered with service records, a clean title, and one key fob. It has been freshly detailed, was non-smoker driven, and predominantly garage kept.<br><br>Factory equipment includes 19-inch alloy wheels, heated front seats, an 8-way power driver's seat with lumbar support, a 4-way power passenger seat, dual-zone climate control with automatic rear climate control, a power moonroof, factory navigation, JBL premium audio with a rear hatch subwoofer, third-row seating, and Toyota's innovative second-row system with an interchangeable center seat or center console with storage and cupholders. The unused center section stows beneath the front center console. WeatherTech FloorLiners are installed for the front seats, second row, and rear cargo area.<br><br>Recent updates include a new 12-volt battery, recently serviced ice-cold A/C, super-bright LED headlight and fog light bulbs, and a new set of Auto Ventshade in-channel window visors (not yet installed). Michelin Defender tires have significant tread life remaining. The Highlander starts easily and drives smoothly.<br><br>The vehicle was rear-ended at low speed during our ownership, resulting in replacement of the rear bumper only. There was no structural or frame damage. The power rear liftgate does not operate electronically but functions normally by hand. The TPMS light is on due to aging sensors. Minor remnants of a previously repaired dent remain near the Toyota emblem on the left side of the rear liftgate.","[PREMIUM]",30,,"Atlanta","GA","30301","[PREMIUM]"
"786590533","2026-08-05 01:19:43.919","2026-08-05 01:19:43.919","786590533","[PREMIUM]","8G183638",2008,"CHEV","Chevrolet","AVALNCH","Avalanche","LTZ","TRUCKS","Used","Used 2008 Chevrolet Avalanche LTZ w/ LTZ Preferred Equipment Group",107209,"[PREMIUM]",,,"[PREMIUM]",8220,9145,"Black","BLACK","Ebony","BLACK","8CLDR","8-Cylinder","4 wheel drive","AUT","4-Speed Automatic","Automatic","F","Flexible Fuel","Gas",14,19,5.3,true,10,false,false,true,,false,,,"30",74269731,"[PREMIUM]","[PREMIUM]","[PREMIUM]",1036,"[PREMIUM]",false,"PARTNER",348730,4.7,420,0,"[""NO_SALVAGE_TITLE"",""NO_FRAME_DAMAGE"",""NO_FLOOD_WATER_DAMAGE"",""NO_ACCIDENTS_REPORTED"",""NO_ONE_OWNER"",""FREE_REPORT""]","{""exterior"":[""Alloy wheels"",""Bodyside moldings"",""Bumpers: body-color"",""Delay-off headlights"",""Fully automatic headlights"",""Heated door mirrors"",""Power door mirrors"",""Rear step bumper""],""interior"":[""Air Conditioning"",""Auto-dimming Rear-View mirror"",""Driver door bin"",""Driver vanity mirror"",""Front beverage holders"",""Front dual zone A/C"",""Front reading lights"",""Leather steering wheel"",""Overhead console"",""Passenger door bin"",""Passenger vanity mirror"",""Power driver seat"",""Power windows"",""Rear reading lights"",""Rear seat center armrest"",""Rear window defroster"",""Split folding rear seat"",""Steering wheel mounted audio controls"",""Tachometer"",""Tilt steering wheel"",""Trip computer"",""Variably intermittent wipers"",""Voltmeter""],""mechanical"":[""3.73 Rear Axle Ratio"",""4-Wheel Disc Brakes"",""Front wheel independent suspension"",""Power steering""],""other"":[""Emergency communication system: OnStar Safe & Sound"",""Front anti-roll bar"",""Illuminated entry"",""Outside temperature display"",""Rear anti-roll bar""],""safety"":[""ABS brakes"",""Dual front impact airbags"",""Electronic Stability Control"",""Low tire pressure warning"",""Occupant sensing airbag"",""Overhead airbag"",""Panic alarm"",""Security system"",""Traction control""],""technology"":[""6 Speakers"",""AM/FM radio: XM"",""CD player"",""Compass"",""Radio data system"",""Remote keyless entry"",""Speed control"",""XM Satellite Radio""]}",57,"Grubbs Acura of Tulsa is pleased to present you with another Market Priced Pre-Owned Vehicle that has gone through our comprehensive 167-point safety inspection. All Eligible New and PreOwned vehicles come with our exclusive Grubbs Lifetime Powertrain Warranty and This 2008 Chevrolet Avalanche 1500 LTZ in Black with a Premium Ebony interior and is loaded with the following exceptional features and options including 4-Speed Automatic with Overdrive, 4WD, 3.73 Rear Axle Ratio, 4-Wheel Disc Brakes, 6 Speakers, ABS brakes, Air Conditioning, Alloy wheels, AM/FM radio: XM, Auto-dimming Rear-View mirror, Bodyside moldings, Bumpers: body-color, CD player, Compass, Delay-off headlights, Driver door bin, Driver vanity mirror, Dual front impact airbags, Electronic Stability Control, Emergency communication system: OnStar Safe &amp; Sound, Front anti-roll bar, Front dual zone A/C, Front reading lights, Front wheel independent suspension, Fully automatic headlights, Heated door mirrors, Illuminated entry, Leather steering wheel, Low tire pressure warning, Occupant sensing airbag, Outside temperature display, Overhead airbag, Overhead console, Panic alarm, Passenger door bin, Passenger vanity mirror, Power door mirrors, Power driver seat, Power steering, Power windows, Radio data system, Rear anti-roll bar, Rear reading lights, Rear seat center armrest, Rear step bumper, Rear window defroster, Remote keyless entry, Security system, Speed control, Split folding rear seat, Steering wheel mounted audio controls, Tachometer, Tilt steering wheel, Traction control, Trip computer, Variably intermittent wipers, Voltmeter, and XM Satellite Radio. Black 2008 Chevrolet Avalanche 1500 LTZ LTZ Vortec 5.3L V8 SFI Flex Fuel 4WD 4-Speed Automatic with Overdrive<br>4-Speed Automatic with Overdrive, 4WD.<br><br>Contact us now to find out why so many customers from across the US rely on Grubbs Acura Of Tulsa, a family owned business since 1948, to meet their automotive needs! Outside of Tulsa area, no problem, we offer: Reliable, affordable and fast shipping options Nationwide- Our shipping partners are licensed, bonded, fully insured &amp; experienced with high-end vehicles. Hassle free and competitive financing options - Let us leverage our relationships with leading Banks &amp; Credit Unions to get you the lowest rates and best terms for all credit types. Whether you're shopping for a new ACURA or a quality used pre-owned vehicle you'll receive the same first-class experience from our certified staff of factory trained specialists. Call us today at   or visit .","[PREMIUM]",41,"4905 S MEMORIAL DR","Tulsa","OK","74145","[PREMIUM]"
"787362608","2026-08-05 00:48:12.906","2026-08-05 00:48:12.906","787362608","[PREMIUM]","M5509M",2022,"MIT","Mitsubishi","MIRAGE","Mirage","ES","HATCH","Used","Used 2022 Mitsubishi Mirage ES",62080,"[PREMIUM]",,,"[PREMIUM]",0,0,"Red","RED","Red","RED","3CLDR","3-Cylinder","2 wheel drive - front","AUT","Continuously Variable Automatic","Automatic","G","Gasoline","Gas",36,43,1.2,false,0,false,true,false,,false,,,"20",78704,"[PREMIUM]","[PREMIUM]","[PREMIUM]",730,"[PREMIUM]",false,"FEATURED PLUS",0,,,0,"[""NO_SALVAGE_TITLE"",""NO_ACCIDENTS_REPORTED"",""NO_ONE_OWNER""]","{""exterior"":[""Bumpers: body-color"",""Delay-off headlights"",""Power door mirrors"",""Rear window wiper"",""Spoiler""],""interior"":[""Air Conditioning"",""Driver door bin"",""Driver vanity mirror"",""Front Bucket Seats"",""Front reading lights"",""Passenger door bin"",""Passenger vanity mirror"",""Power windows"",""Rear window defroster"",""Split folding rear seat"",""Steering wheel mounted audio controls"",""Tachometer"",""Tilt steering wheel"",""Trip computer"",""Variably intermittent wipers""],""mechanical"":[""Front wheel independent suspension"",""Power steering""],""other"":[""Android Auto & Apple CarPlay"",""Front anti-roll bar"",""Illuminated entry"",""Radio: 7.0\"" Smartphone-Link Display Audio (SDA)""],""safety"":[""ABS brakes"",""Brake assist"",""Dual front impact airbags"",""Dual front side impact airbags"",""Electronic Stability Control"",""Knee airbag"",""Low tire pressure warning"",""Occupant sensing airbag"",""Overhead airbag"",""Panic alarm"",""Traction control""],""technology"":[""4 Speakers"",""AM/FM radio"",""Automatic temperature control"",""Exterior Parking Camera Rear"",""Remote keyless entry"",""Speed control""]}",43,"Recent Arrival! Priced below KBB Fair Purchase Price!<br><br>2022 Mitsubishi Mirage ES Red CVT FWD<br><br>SELL OR TRADE - Get up to $2,000 over KBB value! Keep it simple with Autobasics! Finding your ideal car should be easy, straightforward and fast. That's exactly why we are going back to the basics when it comes to the car shopping process. Want proof of how easy it is to buy from us? Check out our 4.9 STAR Google rating! We are a locally owned and operated independent dealer providing quality vehicles that have been through a rigorous multi-point inspection process. Autobasics utilizes the most up to date value pricing technology to ensure our customers receive the best deal possible! Come visit our store located just 3 miles south of the Avenues mall in Jacksonville, Florida. Get back to the basics and see how easy and pressure free it really can be to shop for a new vehicle! ***DISCLAIMER: Photo may not be an exact representation of vehicle listed and is used for illustration purposes.","[PREMIUM]",,"3207 N Main St","Jacksonville","FL","32206","[PREMIUM]"
"787103951","2026-08-05 00:47:02.637","2026-08-05 00:47:02.637","787103951","[PREMIUM]","NE170946",2022,"HYUND","Hyundai","ACCENT","Accent","SE","SEDAN","Used","Used 2022 Hyundai Accent SE",148771,"[PREMIUM]",,,"[PREMIUM]",5960,7710,"Pomegranate Red","RED","Beige","BEIGE","4CLDR","4-Cylinder","2 wheel drive - front","AUT","Continuously Variable Automatic","Automatic","G","Gasoline","Gas",33,41,1.6,false,4,false,true,false,,false,,,"10",73439105,"[PREMIUM]","[PREMIUM]","[PREMIUM]",1953,"[PREMIUM]",false,"PARTNER",456330,3.9,18,0,"[""NO_SALVAGE_TITLE"",""NO_ACCIDENTS_REPORTED"",""ONE_OWNER""]","{""exterior"":[""Automatic Headlights"",""Power Mirror(s)"",""Steel Wheels"",""Tires - Front All-Season"",""Tires - Rear All-Season"",""Wheel Covers""],""interior"":[""A/C"",""Adjustable Steering Wheel"",""BEIGE  CLOTH SEAT TRIM"",""Bucket Seats"",""CARGO NET"",""CARGO TRAY"",""CARPETED FLOOR MATS"",""Cloth Seats"",""Driver Vanity Mirror"",""Intermittent Wipers"",""Pass-Through Rear Seat"",""Passenger Vanity Mirror"",""Power Door Locks"",""Power Windows"",""Rear Bench Seat"",""Rear Defrost"",""Remote Trunk Release"",""Steering Wheel Audio Controls"",""Trip Computer""],""mechanical"":[""Front Disc/Rear Drum Brakes"",""Front Wheel Drive"",""Power Steering""],""other"":[""OPTION GROUP 01  -inc: standard equipment"",""POMEGRANATE RED""],""safety"":[""ABS"",""Brake Assist"",""Child Safety Locks"",""Driver Air Bag"",""Front Head Air Bag"",""Front Side Air Bag"",""Passenger Air Bag"",""Passenger Air Bag Sensor"",""Rear Head Air Bag"",""Security System"",""Stability Control"",""Temporary Spare Tire"",""Tire Pressure Monitor"",""Traction Control""],""technology"":[""AM/FM Stereo"",""Auxiliary Audio Input"",""Back-Up Camera"",""Bluetooth Connection"",""Cruise Control"",""Immobilizer"",""Keyless Entry"",""MP3 Capability""]}",52,"* Carpeted Floor Mats<br>* Cargo Tray<br>* Cargo Net<br>* Beige; Cloth Seat Trim<br>* Option Group 01<br>* Pomegranate Red<br><br><br><br>Check out this pre-owned 2022 Hyundai Accent we recently got in. The 2022 Hyundai offers compelling fuel-efficiency along with great value. You will no longer feel the need to repeatedly fill up this Hyundai Accent SE's gas tank, in part because of it's superb EPA rating. Beautiful color combination with Pomegranate Red exterior over Black interior making this the one to own! You've found the one you've been looking for. Your dream car. The look is unmistakably Hyundai, the smooth contours and cutting-edge technology of this Hyundai Accent SE will definitely turn heads.<br><br>","[PREMIUM]",5,"10400 YORK RD","Cockeysville","MD","21030","[PREMIUM]"
"787271978","2026-08-05 00:44:42.344","2026-08-05 00:44:42.344","787271978","[PREMIUM]","78829A",2022,"MIT","Mitsubishi","MITMIRG4","Mirage G4","Black Edition","SEDAN","Used","Used 2022 Mitsubishi Mirage G4 Black Edition",104930,"[PREMIUM]",,,"[PREMIUM]",6890,8090,"Starlight Silver Metallic","SILVER","Black","BLACK","3CLDR","3-Cylinder","2 wheel drive - front","AUT","Continuously Variable Automatic","Automatic","G","Gasoline","Gas",35,41,1.2,false,2,false,true,false,,false,,,"20",613838,"[PREMIUM]","[PREMIUM]","[PREMIUM]",6557,"[PREMIUM]",false,"PARTNER",457454,4,45,0,"[""NO_SALVAGE_TITLE"",""NO_FRAME_DAMAGE"",""NO_FLOOD_WATER_DAMAGE"",""NO_ACCIDENTS_REPORTED"",""ONE_OWNER"",""FREE_REPORT""]","{""exterior"":[""Alloy wheels"",""Bumpers: body-color"",""Delay-off headlights"",""Front fog lights"",""Fully automatic headlights"",""Power door mirrors"",""Spoiler"",""Wheels: 15\"" Black Alloy""],""interior"":[""Air Conditioning"",""Driver door bin"",""Driver vanity mirror"",""Front Bucket Seats"",""Front reading lights"",""Leather Shift Knob"",""Passenger door bin"",""Passenger vanity mirror"",""Power windows"",""Rear seat center armrest"",""Rear window defroster"",""Steering wheel mounted audio controls"",""Tachometer"",""Tilt steering wheel"",""Trip computer"",""Variably intermittent wipers""],""mechanical"":[""Front wheel independent suspension"",""Power steering""],""other"":[""Android Auto & Apple CarPlay"",""Fabric Seat Trim w/Red Stitching"",""Front anti-roll bar"",""Illuminated entry""],""safety"":[""ABS brakes"",""Brake assist"",""Dual front impact airbags"",""Dual front side impact airbags"",""Electronic Stability Control"",""Knee airbag"",""Low tire pressure warning"",""Occupant sensing airbag"",""Overhead airbag"",""Panic alarm"",""Traction control""],""technology"":[""4 Speakers"",""AM/FM radio"",""Automatic temperature control"",""Exterior Parking Camera Rear"",""Rain sensing wipers"",""Remote keyless entry"",""Speed control""]}",48,"#1 Ford Dealer in Nevada. CARFAX One-Owner. 2022 Mitsubishi Mirage G4 Black Edition Mirage G4 Black Edition, 4D Sedan, 1.2L 3-Cylinder DOHC MIVEC, CVT, FWD, Starlight Silver Metallic, 4 Speakers, ABS brakes, Air Conditioning, Alloy wheels, AM/FM radio, Brake assist, Dual front impact airbags, Dual front side impact airbags, Electronic Stability Control, Exterior Parking Camera Rear, Front anti-roll bar, Front wheel independent suspension, Fully automatic headlights, Illuminated entry, Knee airbag, Low tire pressure warning, Occupant sensing airbag, Power steering, Power windows, Rain sensing wipers, Speed control, Traction control.<br>1.2L 3-Cylinder DOHC MIVEC FWD<br>Clean CARFAX.","[PREMIUM]",1,"280 N GIBSON RD","Henderson","NV","89014","[PREMIUM]"
"787207307","2026-08-05 00:43:22.196","2026-08-05 00:43:22.196","787207307","[PREMIUM]","F02368-68",2022,"MIT","Mitsubishi","MITMIRG4","Mirage G4","LE","SEDAN","Used","Used 2022 Mitsubishi Mirage G4 LE",75175,"[PREMIUM]",,,"[PREMIUM]",7500,8600,"Blue","BLUE","Black","BLACK","3CLDR","3-Cylinder","2 wheel drive - front","AUT","Continuously Variable Automatic","Automatic","G","Gasoline","Gas",35,41,1.2,false,3,false,true,false,,false,,,"10",73410341,"[PREMIUM]","[PREMIUM]","[PREMIUM]",5701,"[PREMIUM]",false,"PARTNER",457506,4,45,0,"[""NO_SALVAGE_TITLE"",""ACCIDENTS_REPORTED"",""ONE_OWNER""]","{""exterior"":[""Alloy Wheels"",""Rear Spoiler""],""interior"":[""Air Conditioning"",""Power Door Locks"",""Power Windows""],""mechanical"":[""3-Cyl 1.2 Liter"",""Automatic CVT"",""FWD"",""Power Steering""],""other"":[""Collision Mitigation""],""safety"":[""ABS (4-Wheel)"",""Active Stability Control"",""Dual Air Bags"",""F&R Head Curtain Air Bags"",""Knee Air Bags"",""Side Air Bags"",""Traction Control""],""technology"":[""AM/FM Stereo"",""Backup Camera"",""Bluetooth Wireless"",""Cruise Control"",""Hill Start Assist"",""Keyless Entry""]}",23,"===== Discover the 2022 Mitsubishi Mirage G4 LE Sedan =====<br><br>Presenting the 2022 Mitsubishi Mirage G4 LE Sedan, a distinguished option for those seeking a refined and practical vehicle. With its elegant blue exterior and sophisticated black interior, this sedan is designed to offer both comfort and style. The Mirage G4 LE provides a smooth driving experience, complemented by its modern design and reliable reputation.<br><br>This vehicle represents a compelling choice for discerning buyers who value quality and understated elegance. Experience the assurance of Mitsubishi engineering in a sedan that meets high standards of comfort and functionality.<br><br>Price includes all costs to be paid by consumer, except for licensing costs, registration fees, theft protection, title and taxes. Any monetary discount coupon cannot be combined with any advertised discount or offer; not redeemable for cash, cannot be applied towards prior purchases. Price includes all costs to be paid by consumer, except for licensing costs, registration fees, theft protection, and title and taxes. Any monetary discount coupon cannot be combined with any advertised discount or offer; not redeemable for cash, cannot be applied towards prior purchases. Every effort is made in order to display accurate and current vehicle information, including Pricing. All vehicles are subjected to prior sale, removal and transport elsewhere, awaiting Title and Ownership Confirmation. Inventory is updated daily and subject to change. Not responsible for typographical errors or omissions.","[PREMIUM]",5,"22 S MAIN ST","South Hackensack","NJ","07606","[PREMIUM]"
"776651940","2026-08-05 00:43:01.951","2026-08-05 00:43:01.951","776651940","[PREMIUM]","C467908",2022,"FORD","Ford","FORDECOSPT","EcoSport","SE","SUV","Used","Used 2022 Ford EcoSport SE w/ SE Convenience Package",143119,"[PREMIUM]",,,"[PREMIUM]",9240,10690,"Blue","BLUE","Black","BLACK","4CLDR","4-Cylinder","4 wheel drive","AUT","6-Speed Automatic","Automatic","G","Gasoline","Gas",23,29,2,false,123,false,false,false,,false,,,"10",75432611,"[PREMIUM]","[PREMIUM]","[PREMIUM]",16,"[PREMIUM]",false,"PARTNER",458142,3.9,95,0,"[""NO_SALVAGE_TITLE"",""ACCIDENTS_REPORTED"",""ONE_OWNER""]","{""exterior"":[""Alloy Wheels"",""Fog Lights""],""interior"":[""Air Conditioning"",""Heated Seats"",""Moon Roof"",""Power Door Locks"",""Power Windows"",""Push Button Start""],""mechanical"":[""4-Cyl 2.0 Liter"",""Automatic 6-Spd w/SelectShift"",""Power Steering""],""other"":[""CS1061"",""Tilt & Telescoping Wheel""],""safety"":[""ABS (4-Wheel)"",""AdvanceTrac"",""Daytime Running Lights"",""Dual Air Bags"",""F&R Head Curtain Air Bags"",""F&R Side Air Bags"",""Knee Air Bags"",""Traction Control""],""technology"":[""AM/FM Stereo"",""Backup Camera"",""CD/MP3 (Single Disc)"",""Cruise Control"",""Hill Start Assist Control"",""Keyless Entry"",""Navigation System"",""Parking Sensors"",""SYNC"",""SiriusXM Satellite""]}",31,"===== Refined 2022 Ford EcoSport SE Sport Utility 4D with Exceptional Features =====<br><br>Presenting a sophisticated 2022 Ford EcoSport SE Sport Utility 4D, finished in an elegant blue exterior with a tasteful black interior. This vehicle seamlessly combines advanced technology, comfort, and safety, offering a compelling option for those seeking a refined driving experience. Designed with modern amenities and superior functionality, it provides both practicality and style for discerning drivers.<br><br>*Key Features:*<br><br>  * *Navigation System* Enhance your journeys with precise and intuitive route guidance.<br>  * *Heated Seats* Enjoy comfort in colder climates with front heated seating.<br>  * *Backup Camera* Increase parking safety and awareness with a clear rear view.<br>  * *SYNC* Stay connected and control media seamlessly through Ford s integrated system.<br>  * *Parking Sensors* Effortlessly maneuver with the assistance of advanced parking sensors.<br><br>This 2022 Ford EcoSport SE is offered at $9,995 with 143,119 miles, presenting an outstanding value for a vehicle of this caliber. Experience the distinction and functionality that this model provides.","[PREMIUM]",5,"14340 CICERO AVE","Midlothian","IL","60445","[PREMIUM]"
"787287612","2026-08-05 00:43:01.803","2026-08-05 00:43:01.803","787287612","[PREMIUM]","AH10778A",2022,"HYUND","Hyundai","HYUNDVENUE","Venue","SE","SUV","Used","Used 2022 Hyundai Venue SE",130488,"[PREMIUM]",,"Great","[PREMIUM]",9580,11580,"Green","GREEN","Black","BLACK","4CLDR","4-Cylinder","2 wheel drive - front","AUT","Continuously Variable Automatic","Automatic","G","Gasoline","Gas",29,33,1.6,false,2,false,true,false,,false,,,"10",71239631,"[PREMIUM]","[PREMIUM]","[PREMIUM]",1392,"[PREMIUM]",false,"PARTNER",456221,4.5,28,0,"[""NO_SALVAGE_TITLE"",""NO_FRAME_DAMAGE"",""NO_FLOOD_WATER_DAMAGE"",""NO_ACCIDENTS_REPORTED"",""ONE_OWNER"",""FREE_REPORT""]","{""exterior"":[""Alloy wheels"",""Auto High-beam Headlights"",""Bumpers: body-color"",""Delay-off headlights"",""Fully automatic headlights"",""Power door mirrors"",""Rear window wiper"",""Spoiler""],""interior"":[""Air Conditioning"",""Cloth Seat Trim"",""Driver door bin"",""Driver vanity mirror"",""Front Bucket Seats"",""Front beverage holders"",""Overhead console"",""Passenger door bin"",""Passenger vanity mirror"",""Power windows"",""Rear window defroster"",""Split folding rear seat"",""Steering wheel mounted audio controls"",""Tachometer"",""Telescoping steering wheel"",""Tilt steering wheel"",""Trip computer"",""Variably intermittent wipers""],""mechanical"":[""Front wheel independent suspension"",""Power steering"",""Speed-sensing steering""],""other"":[""6.052 Axle Ratio"",""Apple CarPlay & Android Auto"",""Front anti-roll bar"",""Illuminated entry"",""Option Group 01"",""Outside temperature display"",""Radio: AM/FM/HD Display Audio"",""Wheels: 6.0J x 15\"" Alloy""],""safety"":[""ABS brakes"",""Brake assist"",""Dual front impact airbags"",""Dual front side impact airbags"",""Electronic Stability Control"",""Low tire pressure warning"",""Occupant sensing airbag"",""Overhead airbag"",""Panic alarm"",""Security system"",""Traction control""],""technology"":[""4 Speakers"",""AM/FM radio"",""Remote keyless entry"",""Speed control""]}",52,"Recent Arrival! 2022 Hyundai Venue SE Green<br><br><br>I4 CVT FWD 29/33 City/Highway MPG<br><br><br>Proudly serving: Avon, Plainfield, Brownsburg, Danville, Indianapolis, Camby, Mooresville, Pittsboro, Greenwood, Westfield, Clermont, Clayton, Coatesville, and all of greater Indiana.","[PREMIUM]",,"8775 E US HIGHWAY 36","Avon","IN","46123","[PREMIUM]"
"786662641","2026-08-05 00:43:01.789","2026-08-05 00:43:01.789","786662641","[PREMIUM]","265470A",2022,"MIT","Mitsubishi","MITMIRG4","Mirage G4","Black Edition","SEDAN","Used","Used 2022 Mitsubishi Mirage G4 Black Edition",0,"[PREMIUM]",,"Great","[PREMIUM]",9800,11000,"White","WHITE","Black","BLACK","3CLDR","3-Cylinder","2 wheel drive - front","AUT","Continuously Variable Automatic","Automatic","G","Gasoline","Gas",35,41,1.2,false,8,false,false,false,,false,,,"20",71688995,"[PREMIUM]","[PREMIUM]","[PREMIUM]",882,"[PREMIUM]",false,"PARTNER",457454,4,45,0,"[""NO_SALVAGE_TITLE"",""NO_ACCIDENTS_REPORTED"",""ONE_OWNER""]",,,"Thank you for considering our 2022 Mitsubishi Mirage G4 Black Edition being offered in White Diamond with Black interior. Quick Highlights: No Accidents! One Owner! SHOP WITH CONFIDENCE - Warranty Coverage: FUEL ECONOMY RATING 35 City / 41 Highway KEY FEATURES INCLUDE BaseWelcome Package ($155 value)Carpeted Floor MatsTouch-Up Paint Pen Safety and Security Forward collision mitigation - Forward thinking. You look away for just a second and suddenly the vehicle in front of you has stopped. That's when the forward collision mitigation system comes to life. When it senses an impending impact, it will activate a combination of features to help prevent or reduce the severity of an accident. Forward collision mitigation is always looking ahead. Pedestrian impact prevention - An extra step toward safety. Pedestrians don't always stop, look, and listen, but with Pedestrian Impact Prevention, your vehicle is equipped to better see them and avoid them. This system constantly monitors the road ahead to identify and track pedestrians. It projects that image to an interior display screen, AND should an impact become likely, Pedestrian impact prevention takes steps to avoid a collision. Rear camera - Watching your back! The rear camera helps you see obstacles and hazards you otherwise couldn't by showing enhanced images of what is behind you. The rear camera is an extra set of eyes that's both convenient and safe. Brake assist - Stop right there. Something jumps out into the middle of the road and you need to stop now! With brake assist, you will. It uses the speed of the brake pedals travel to sense panic braking, then applies all available power to boost your stopping power. Brake assist can stop the accident before it is one.Technology and Telematics Smart device mirroring - Smartphone, meet smart car. You can control your device through your vehicle's infotainment system. Smart device mirroring brings together safety and convenience by making it easier to find what you're looking for while keeping your eyes on the road. Safety and Security Forward collision mitigation - Forward thinking. You look away for just a second and suddenly the vehicle in front of you has stopped. That's when the forward collision mitigation system comes to life. When it senses an impending impact, it will activate a combination of features to help prevent or reduce the severity of an accident. Forward collision mitigation is always looking ahead. Pedestrian impact prevention - An extra step toward safety. Pedestrians don't always stop, look, and listen, but with Pedestrian Impact Prevention, your vehicle is equipped to better see them and avoid them. This system constantly monitors the road ahead to identify and track pedestrians. It projects that image to an interior display screen, AND should an impact become likely, Pedestrian impact prevention takes steps to avoid a collision. Rear camera - Watching your back! The rear camera helps you see obstacles and hazards you otherwise couldn't by showing enhanced images of what is behind you. The rear camera is an extra set of eyes that's both convenient and safe. Brake assist - Stop right there. Something jumps out into the middle of the road and you need to stop now! With brake assist, you will. It uses the speed of the brake pedals travel to sense panic braking, then applies all available power to boost your stopping power. Brake assist can stop the accident before it is one.Technology and Telematics Smart device mirroring - Smartphone, meet smart car. You can control your device through your vehicle's infotainment system. Smart device mirroring brings together safety and convenience by making it easier to find what you're looking for while keeping your eyes on the road. DELLA Chevrolet of Plattsburgh 5101 US Avenue Plattsburgh NY 1290","[PREMIUM]",17,"5101 US AVE","Plattsburgh","NY","12901","[PREMIUM]"
"787348420","2026-08-05 00:43:01.755","2026-08-05 00:43:01.755","787348420","[PREMIUM]","B1828A",2022,"MIT","Mitsubishi","MIRAGE","Mirage","ES","HATCH","Used","Used 2022 Mitsubishi Mirage ES",79162,"[PREMIUM]",,,"[PREMIUM]",10290,11590,,,"Black","BLACK","3CLDR","3-Cylinder","2 wheel drive - front","AUT","Continuously Variable Automatic","Automatic","G","Gasoline","Gas",36,43,1.2,false,0,false,true,false,,false,,,"10",75584905,"[PREMIUM]","[PREMIUM]","[PREMIUM]",177,"[PREMIUM]",false,"PARTNER",457645,4.3,143,0,"[""NO_SALVAGE_TITLE"",""ACCIDENTS_REPORTED"",""NO_ONE_OWNER""]","{""exterior"":[""Automatic Headlights"",""Power Mirror(s)"",""Rear Spoiler"",""Steel Wheels"",""Tires - Front All-Season"",""Tires - Rear All-Season""],""interior"":[""A/C"",""Adjustable Steering Wheel"",""Bucket Seats"",""Climate Control"",""Cloth Seats"",""Driver Vanity Mirror"",""Floor Mats"",""Intermittent Wipers"",""Pass-Through Rear Seat"",""Passenger Vanity Mirror"",""Rear Bench Seat"",""Rear Defrost"",""Steering Wheel Audio Controls"",""Variable Speed Intermittent Wipers""],""mechanical"":[""Front Disc/Rear Drum Brakes"",""Front Wheel Drive"",""Power Steering""],""other"":[""Front Collision Mitigation""],""safety"":[""ABS"",""Brake Assist"",""Child Safety Locks"",""Driver Air Bag"",""Front Head Air Bag"",""Front Side Air Bag"",""Knee Air Bag"",""Passenger Air Bag"",""Passenger Air Bag Sensor"",""Rear Head Air Bag"",""Stability Control"",""Temporary Spare Tire"",""Tire Pressure Monitor""],""technology"":[""AM/FM Stereo"",""Back-Up Camera"",""Cruise Control"",""Immobilizer"",""Keyless Entry""]}",42,"2022 Mitsubishi Mirage FWD 1.2L 3-Cylinder DOHC MIVEC<br><br>Recent Arrival!","[PREMIUM]",5,"13474 N AUTOSHOW AVE","Surprise","AZ","85388","[PREMIUM]"
