"_primaryKey","_firstSeenAt","_lastSeenAt","listingId","vin","stockNumber","year","makeCode","makeName","modelCode","modelName","trim","bodyStyle","listingType","listingTitle","mileage","salePrice","msrp","dealIndicator","kbbFairPurchasePrice","kbbFairPriceLow","kbbFairPriceHigh","exteriorColor","exteriorColorSimple","interiorColor","interiorColorSimple","engineCode","engine","drivetrain","transmissionCode","transmission","transmissionGroup","fuelTypeCode","fuelType","fuelTypeGroup","mpgCity","mpgHighway","displacementUOM","hasLeatherSeats","daysOnMarket","isHot","isNewlyListed","isReducedPrice","isNoHagglePrice","hasSpecialOffer","moneyBackGuarantee","mainImageIsStock","priority","sellerId","sellerName","sellerPhone","sellerRating","sellerReviewCount","sellerWebsite","isPrivateSeller","sellerContractLevel","kbbVehicleId","kbbConsumerRatings","kbbConsumerReviewCount","safetyRecallCount","vhrPreview","options","optionsCount","description","images","imagesCount","sellerAddress","sellerCity","sellerState","sellerZip","listingUrl"
"790153036","2026-09-06 22:31:14.736","2026-09-15 22:33:42.636","790153036","[PREMIUM]","KSFPRC691928",2024,"NISSAN","Nissan","ROGUE","Rogue","SV","SUV","Third-Party Certified","Used 2024 Nissan Rogue SV",53967,"[PREMIUM]",,"Great","[PREMIUM]",18850,21550,"Everest White Pearl","WHITE","Charcoal","BLACK","3CLDR","3-Cylinder Turbo","2 wheel drive - front","AUT","Continuously Variable Automatic","Automatic","G","Gasoline","Gas",30,37,1.5,false,11,false,false,false,,false,,,"30",74652835,"[PREMIUM]","[PREMIUM]","[PREMIUM]",3539,"[PREMIUM]",false,"PARTNER",470646,3.7,84,0,"[""NO_SALVAGE_TITLE"",""NO_ACCIDENTS_REPORTED"",""ONE_OWNER""]","{""exterior"":[""Aluminum Wheels"",""Automatic Headlights"",""Automatic Highbeams"",""Heated Mirrors"",""LED Headlights"",""Power Mirror(s)"",""Rear Spoiler"",""Tires - Front All-Season"",""Tires - Rear All-Season""],""interior"":[""A/C"",""Adjustable Steering Wheel"",""Bucket Seats"",""Climate Control"",""Cloth Seats"",""Driver Adjustable Lumbar"",""Driver Illuminated Vanity Mirror"",""Driver Vanity Mirror"",""Intermittent Wipers"",""Multi-Zone A/C"",""Pass-Through Rear Seat"",""Passenger Illuminated Visor Mirror"",""Passenger Vanity Mirror"",""Power Door Locks"",""Power Driver Seat"",""Power Liftgate"",""Power Windows"",""Privacy Glass"",""Rear Bench Seat"",""Rear Defrost"",""Remote Trunk Release"",""Steering Wheel Audio Controls"",""Trip Computer"",""Variable Speed Intermittent Wipers""],""mechanical"":[""4-Wheel Disc Brakes"",""Brake Actuated Limited Slip Differential"",""Front Wheel Drive"",""Power Steering"",""Turbocharged""],""other"":[""CHARCOAL  CLOTH SEAT TRIM W/PATTERNED INSERTS"",""CHARCOAL  PRIMA-TEX LEATHERETTE SEAT TRIM W/PERFORATION"",""Cruise Control Steering Assist"",""EVEREST WHITE PEARL"",""Front Collision Mitigation"",""L92 FLOOR MATS W/1-PIECE CARGO AREA PROTECTOR  -inc: seatback protector  First Aid Kit"",""Rear Collision Mitigation"",""Requires Subscription"",""Smart Device Integration""],""safety"":[""ABS"",""Blind Spot Monitor"",""Brake Assist"",""Child Safety Locks"",""Cross-Traffic Alert"",""Daytime Running Lights"",""Driver Air Bag"",""Front Head Air Bag"",""Front Side Air Bag"",""Knee Air Bag"",""Lane Departure Warning"",""Lane Keeping Assist"",""Passenger Air Bag"",""Passenger Air Bag Sensor"",""Rear Head Air Bag"",""Rear Side Air Bag"",""Stability Control"",""Temporary Spare Tire"",""Tire Pressure Monitor"",""Traction Control""],""technology"":[""AM/FM Stereo"",""Adaptive Cruise Control"",""Auxiliary Audio Input"",""Back-Up Camera"",""Bluetooth Connection"",""Cruise Control"",""Immobilizer"",""Keyless Entry"",""Keyless Start"",""MP3 Capability"",""Rear Parking Aid"",""Remote Engine Start"",""Satellite Radio"",""Telematics"",""WiFi Hotspot""]}",82,"Certified PreOwned!!! Free PremiumCare Warranty!!!One Owner SV.No Accident Carfax Report.Experience the KOONS ADVANTAGE with great vehicles, low prices and no hidden fees!","[PREMIUM]",29,"46869 Harry Byrd Highway","Sterling","VA","20164","[PREMIUM]"
"784275502","2026-09-06 22:31:14.726","2026-09-06 22:31:14.726","784275502","[PREMIUM]","HCTB066975A",2024,"HYUND","Hyundai","TUCSON","Tucson","SEL","SUV","Used","Used 2024 Hyundai Tucson SEL",46646,"[PREMIUM]",,"Great","[PREMIUM]",19752,22652,"Dark Gray Metallic","GRAY","Black","BLACK","4CLDR","4-Cylinder","2 wheel drive - front","AUT","8-Speed Automatic","Automatic","G","Gasoline","Gas",25,32,2.5,false,70,false,false,true,,false,,,"30",68775815,"[PREMIUM]","[PREMIUM]","[PREMIUM]",7648,"[PREMIUM]",false,"PARTNER",471456,4.1,103,0,"[""NO_SALVAGE_TITLE"",""NO_ACCIDENTS_REPORTED"",""ONE_OWNER""]","{""exterior"":[""Roof Rack Cross Rails"",""Trailer sway control"",""Wheel Locks""],""interior"":[""Automatic climate control"",""Cargo Net"",""Cargo Tray"",""Carpeted Floor Mats"",""Cruise control with steering wheel mounted controls"",""Dual-zone front climate control"",""Heated driver and front passenger seats"",""lumbar support""],""mechanical"":[""DOHC""],""other"":[""Apple CarPlay & Android Auto smart device wireless mirroring"",""Automatic brake hold"",""Blind-Spot Collision-Avoidance Assist (BCA) active blind spot system"",""Bluelink+ Connected Car  vehicle tracker with vehicle slowdown"",""Bluelink+ selective service internet access"",""Bluetooth handsfree wireless device connectivity"",""CVVT variable valve control"",""Cyclist & Junction-Turning Detection"",""Driver Attention Warning (DAW)"",""Driver seat power reclining"",""External memory control"",""Forward Collision-Avoidance Assist (FCA) w/Pedestrian"",""Forward Collision-Avoidance Assist (FCA) w/Pedestrian Detection"",""Front windshield solar coating"",""Front wireless smart device charging"",""High Beam Assist (HBA) auto high-beam headlights"",""Hill Assist Control (HAC)"",""Hyundai Digital Key smart device-as-key proximity door locks"",""Intelligent Speed Limit Assist (ISLA) traffic sign recognition with automatic speed limit assist"",""Keyfob keyless entry"",""Keyfob remote start"",""Keyfob window control"",""Lane Following Assist (LFA) hands-on cruise control"",""Multi-level cargo floor"",""Option Group 01"",""Power liftgate rear cargo door"",""Primary monitor touchscreen"",""Push-button"",""Rear Cross-Traffic Collision-Avoidance Assist (RCCA)"",""Rear Occupant Alert (ROA) rear seat check warning"",""Rear mounted camera"",""Restricted driving mode/alerts"",""Safe Exit Warning (SEW) external exit warning system"",""Smart Cruise Control with Stop & Go (SCC)"",""Smart Liftgate proximity cargo area access release"",""Smart device remote start"",""Smart key with hands-free access and push button start"",""Smartstream 2.5L I-4 DOHC"",""Smartstream 2.5L I-4 port/direct injection"",""Standard grade speakers"",""Vehicle integrated emergency SOS system"",""cushion tilt"",""engine with 187HP"",""fore/aft control and height adjustable control"",""regular unleaded""],""safety"":[""Brake assist system"",""Electronic stability control system"",""First Aid Kit"",""LED daytime running lights"",""Lane Keeping Assist (LKA)""],""technology"":[""Bluetooth wireless audio streaming"",""Downhill Brake Control (DBC)"",""Immobilizer""]}",65,"*Vehicle Details*<br>Elevate your daily drive with this impressive pre-owned 2024 Hyundai Tucson SEL, now available in Chantilly, VA. With 46,646 miles, this stylish SUV delivers the comfort, technology, and versatility drivers want in a modern crossover. Powered by a 4-cylinder, 2.5L gasoline engine and front-wheel drive, the Hyundai Tucson SEL offers confident performance for commuting, errands, and weekend adventures alike. Inside, you'll find a thoughtfully designed cabin loaded with sought-after features to keep every trip convenient and connected. Enjoy the ease of a Back-Up Camera for added confidence while parking, plus Remote Start for a more comfortable start to your day. Stay seamlessly connected with Android Auto and Apple CarPlay, giving you quick access to navigation, music, apps, calls, and messages right from the touchscreen. Hands Free Bluetooth adds even more convenience, allowing you to make calls and stream audio safely while on the move. The 2024 Hyundai Tucson SEL stands out with its bold styling, spacious interior, and smart technology, making it an excellent choice for families, commuters, and anyone looking for a dependable compact SUV. If you're searching for a pre-owned Hyundai Tucson in Chantilly VA with practical features and a modern feel, this one deserves a closer look. Do not miss your chance to get behind the wheel of this well-equipped SUV today.<br><br>*Packages*<br>Option Group 01. Roof Rack Cross Rails. Carpeted Floor Mats. Cargo Tray. Wheel Locks. Cargo Net. First Aid Kit. **Equipment listed is based on original vehicle build and subject to change. Please confirm the accuracy of the included equipment by calling the dealer prior to purchase.**Option Group 01. Roof Rack Cross Rails. Carpeted Floor Mats. Cargo Tray. Wheel Locks. Cargo Net. First Aid Kit. **Equipment listed is based on original vehicle build and subject to change. Please confirm the accuracy of the included equipment by calling the dealer prior to purchase.**<br><br>*Additional Information*<br>We make every effort to provide accurate information but please verify options and price with management before purchasing. All vehicles are subject to prior sale. All financing is subject to approved credit from participating lender. Dealer installed options are additional. Stock photo colors, options and trim levels may vary. Dealer not responsible for typographical errors. Published price subject to change without notice to correct errors and omissions or in the event of inventory fluctuations. Vehicle offers/prices expire at the end of each business day. Vehicles may be in transit to dealer. Vehicle photos may not match exact vehicle. Please call to confirm availability status. All prices exclude taxes, title, tags, and electronic titling fee. All prices include a $989 dealer processing fee (not required by law). MSRP represents the manufacturer s suggested retail price and is provided for informational purposes only. It may not reflect the dealer s advertised price or actual selling price. MSRP includes destination and handling charges. Please contact us for price information on any vehicle listed as Call For Price. EV Fuel-Economy Ratings: 2026 Honda Prologue 113 city / 94 highway / 104 combined miles per gallon of gasoline-equivalent (MPGe) rating for EX &amp; Touring FWD trims. 108 city / 90 highway / 99 combined miles per gallon of gasoline-equivalent (MPGe) rating for EX &amp; Touring AWD trims. 104 city / 87 highway / 95 combined miles per gallon of gasoline-equivalent (MPGe) for Elite AWD trim. Based on 2026 EPA ratings. Use for comparison purposes only. Your MPGe will vary based on how you drive and maintain your vehicle, driving conditions, powertrain condition and other factors. Fuel Economy: EPA mileage estimates based on model year. Use for comparison purposes only. Your mileage will vary depending on how you drive and maintain your vehicle, driving conditions and other factors. The EPA may be in the process of &gt;","[PREMIUM]",32,"4175 STONECROFT BLVD","Chantilly","VA","20151","[PREMIUM]"
"789942443","2026-09-06 22:31:14.694","2026-09-15 22:33:42.641","789942443","[PREMIUM]","KR4632",2024,"CHEV","Chevrolet","MALI","Malibu","LT","SEDAN","Used","Used 2024 Chevrolet Malibu LT",57747,"[PREMIUM]",,"Great","[PREMIUM]",16900,18900,"Mosaic Black Metallic","BLACK","Black","BLACK","4CLDR","4-Cylinder Turbo","2 wheel drive - front","AUT","Continuously Variable Automatic","Automatic","G","Gasoline","Gas",27,35,1.5,false,13,false,false,false,,false,,,"30",65365031,"[PREMIUM]","[PREMIUM]","[PREMIUM]",9286,"[PREMIUM]",false,"PARTNER",466565,3.9,157,0,"[""NO_SALVAGE_TITLE"",""NO_ACCIDENTS_REPORTED"",""ONE_OWNER""]","{""exterior"":[""17\"" Aluminum Wheels"",""Alloy wheels"",""Auto High-beam Headlights"",""Bumpers: body-color"",""Delay-off headlights"",""Fully automatic headlights"",""Heated door mirrors"",""Power door mirrors""],""interior"":[""8-Way Power Driver Seat Adjuster"",""Air Conditioning"",""Driver door bin"",""Driver vanity mirror"",""Front Bucket Seats"",""Front Center Armrest"",""Front dual zone A/C"",""Front reading lights"",""Heated Driver & Front Passenger Seats"",""Heated front seats"",""Overhead console"",""Passenger door bin"",""Passenger vanity mirror"",""Power Driver Lumbar Control Seat Adjuster"",""Power Tilt-Sliding Sunroof"",""Power driver seat"",""Power windows"",""Premium Cloth Seat Trim"",""Rear reading lights"",""Rear seat center armrest"",""Rear window defroster"",""Split folding rear seat"",""Steering wheel mounted audio controls"",""Tachometer"",""Telescoping steering wheel"",""Tilt steering wheel"",""Trip computer"",""Variably intermittent wipers"",""Voltmeter""],""mechanical"":[""4-Wheel Disc Brakes"",""Four wheel independent suspension"",""Power steering""],""other"":[""6-Way Manual Front Passenger Seat Adjuster"",""Deleted 3 Years of Remote Access"",""Emergency communication system: OnStar and Chevrolet connected services capable"",""Front License Plate Bracket"",""Front anti-roll bar"",""Illuminated entry"",""Outside temperature display"",""Preferred Equipment Group 1LT"",""Premium audio system: Chevrolet Infotainment 3 Plus"",""Rear anti-roll bar"",""Road Emergency Tool Kit"",""Wireless Apple CarPlay/Android Auto""],""safety"":[""ABS brakes"",""Brake assist"",""Dual front impact airbags"",""Dual front side impact airbags"",""Electronic Stability Control"",""Knee airbag"",""Low tire pressure warning"",""Occupant sensing airbag"",""Overhead airbag"",""Panic alarm"",""Rear side impact airbag"",""Security system"",""Traction control""],""technology"":[""6 Speakers"",""6-Speaker Audio System Feature"",""AM/FM radio: SiriusXM"",""Automatic temperature control"",""Compass"",""Exterior Parking Camera Rear"",""Radio data system"",""Radio: Chevrolet Infotainment 3 System"",""Remote keyless entry"",""SiriusXM"",""Speed control""]}",76,"Recent Arrival! CARFAX One-Owner. Clean CARFAX.<br><br>Priced below KBB Fair Purchase Price! Black Cloth.<br><br>Mosaic Black Metallic 2024 Chevrolet Malibu LT 1LT FWD CVT 1.5L DOHC 28/36 City/Highway MPG<br><br><br>No Money and Low Money Down Programs Available! Please Call our friendly team for availability and specials! We would love to help you!","[PREMIUM]",71,"16600 NW 57th Ave","Miami Lakes","FL","33014","[PREMIUM]"
"790168729","2026-09-06 22:31:14.654","2026-09-06 22:31:14.654","790168729","[PREMIUM]","173488",2024,"VOLKS","Volkswagen","JET","Jetta","S","SEDAN","Used","Used 2024 Volkswagen Jetta S",48959,"[PREMIUM]",,,"[PREMIUM]",0,0,"Silver","SILVER","Black","BLACK","4CLDR","4-Cylinder Turbo","2 wheel drive - front","AUT","8-Speed Automatic","Automatic","G","Gasoline","Gas",30,41,1.5,false,1,false,true,false,,false,,,"30",64684145,"[PREMIUM]","[PREMIUM]","[PREMIUM]",4572,"[PREMIUM]",false,"PARTNER",0,,,0,"[""NO_SALVAGE_TITLE"",""NO_ACCIDENTS_REPORTED"",""ONE_OWNER""]","{""exterior"":[""Alloy wheels"",""Bumpers: body-color"",""Delay-off headlights"",""Fully automatic headlights"",""Heated door mirrors"",""Power door mirrors""],""interior"":[""Air Conditioning"",""Auto-dimming Rear-View mirror"",""Cloth Seat Trim"",""Driver door bin"",""Driver vanity mirror"",""Front Bucket Seats"",""Front Center Armrest"",""Front Seats"",""Leather Shift Knob"",""Leather steering wheel"",""Overhead console"",""Passenger door bin"",""Passenger vanity mirror"",""Power windows"",""Rear reading lights"",""Rear window defroster"",""Split folding rear seat"",""Steering wheel mounted audio controls"",""Tachometer"",""Telescoping steering wheel"",""Tilt steering wheel"",""Trip computer"",""Variably intermittent wipers""],""mechanical"":[""4-Wheel Disc Brakes"",""Front wheel independent suspension"",""Power steering"",""Speed-sensing steering""],""other"":[""Emergency communication system: VW Car-Net Safe & Secure 5-year"",""Front anti-roll bar"",""Illuminated entry"",""Outside temperature display"",""Radio: MIB3 Composition Color w/6.5\"" Touchscreen"",""Rear anti-roll bar"",""Wheels: 16\"" 2-Tone Machined Alloy""],""safety"":[""ABS brakes"",""Active Blind Spot Monitor"",""Brake assist"",""Dual front impact airbags"",""Dual front side impact airbags"",""Electronic Stability Control"",""Low tire pressure warning"",""Occupant sensing airbag"",""Overhead airbag"",""Panic alarm"",""Traction control""],""technology"":[""4 Speakers"",""Exterior Parking Camera Rear"",""Radio data system"",""Rain sensing wipers"",""Remote keyless entry"",""Speed control""]}",57,"2024 Volkswagen Jetta 1.5T S Blue FWD 8-Speed Automatic with Tiptronic Cloth, Active Blind Spot Monitor, Alloy wheels.<br><br>Odometer is 2816 miles below market average! 30/41 City/Highway MPG<br><br>Easterns Automotive Group has 11 locations that has sold thousands of used cars in the Maryland, DC, and Virginia communities for over the past 35 years. Every Easterns vehicle has passed a rigorous Multi-Point Quality Certification, so you can buy with confidence. Start your purchase online to save time by visiting Easterns.com... Any Car, Any Way, For Everyone.","[PREMIUM]",63,"7598 Annapolis Rd","Lanham","MD","20706","[PREMIUM]"
"790213856","2026-09-06 22:31:14.649","2026-09-15 22:33:32.018","790213856","[PREMIUM]","KR4636",2024,"CHEV","Chevrolet","MALI","Malibu","LT","SEDAN","Used","Used 2024 Chevrolet Malibu LT",63195,"[PREMIUM]",,"Great","[PREMIUM]",16560,18560,"Summit White","WHITE","Black","BLACK","4CLDR","4-Cylinder Turbo","2 wheel drive - front","AUT","Continuously Variable Automatic","Automatic","G","Gasoline","Gas",27,35,1.5,false,11,false,false,false,,false,,,"30",65365031,"[PREMIUM]","[PREMIUM]","[PREMIUM]",9286,"[PREMIUM]",false,"PARTNER",466565,3.9,157,0,"[""NO_SALVAGE_TITLE"",""NO_ACCIDENTS_REPORTED"",""ONE_OWNER""]","{""exterior"":[""17\"" Aluminum Wheels"",""Alloy wheels"",""Auto High-beam Headlights"",""Bumpers: body-color"",""Delay-off headlights"",""Fully automatic headlights"",""Heated door mirrors"",""Power door mirrors""],""interior"":[""8-Way Power Driver Seat Adjuster"",""Air Conditioning"",""Driver door bin"",""Driver vanity mirror"",""Front Bucket Seats"",""Front Center Armrest"",""Front dual zone A/C"",""Front reading lights"",""Heated Driver & Front Passenger Seats"",""Heated front seats"",""Overhead console"",""Passenger door bin"",""Passenger vanity mirror"",""Power Driver Lumbar Control Seat Adjuster"",""Power driver seat"",""Power windows"",""Premium Cloth Seat Trim"",""Rear reading lights"",""Rear seat center armrest"",""Rear window defroster"",""Split folding rear seat"",""Steering wheel mounted audio controls"",""Tachometer"",""Telescoping steering wheel"",""Tilt steering wheel"",""Trip computer"",""Variably intermittent wipers"",""Voltmeter""],""mechanical"":[""4-Wheel Disc Brakes"",""Four wheel independent suspension"",""Power steering""],""other"":[""6-Way Manual Front Passenger Seat Adjuster"",""Deleted 3 Years of Remote Access"",""Emergency communication system: OnStar and Chevrolet connected services capable"",""Front anti-roll bar"",""Illuminated entry"",""Outside temperature display"",""Preferred Equipment Group 1LT"",""Premium audio system: Chevrolet Infotainment 3 Plus"",""Rear anti-roll bar"",""Road Emergency Tool Kit"",""Wireless Apple CarPlay/Android Auto""],""safety"":[""ABS brakes"",""Brake assist"",""Dual front impact airbags"",""Dual front side impact airbags"",""Electronic Stability Control"",""Knee airbag"",""Low tire pressure warning"",""Occupant sensing airbag"",""Overhead airbag"",""Panic alarm"",""Rear side impact airbag"",""Security system"",""Traction control""],""technology"":[""6 Speakers"",""6-Speaker Audio System Feature"",""AM/FM radio: SiriusXM"",""Automatic temperature control"",""Compass"",""Exterior Parking Camera Rear"",""Radio data system"",""Radio: Chevrolet Infotainment 3 System"",""Remote keyless entry"",""SiriusXM"",""Speed control""]}",74,"Recent Arrival! CARFAX One-Owner. Clean CARFAX.<br><br>Priced below KBB Fair Purchase Price! Black Cloth.<br><br>Summit White 2024 Chevrolet Malibu LT 1LT FWD CVT 1.5L DOHC 28/36 City/Highway MPG<br><br><br>No Money and Low Money Down Programs Available! Please Call our friendly team for availability and specials! We would love to help you!","[PREMIUM]",69,"16600 NW 57th Ave","Miami Lakes","FL","33014","[PREMIUM]"
"789952961","2026-09-06 22:31:14.648","2026-09-15 22:32:10.802","789952961","[PREMIUM]","173144",2024,"JEEP","Jeep","COMPASS","Compass","Latitude","SUV","Used","Used 2024 Jeep Compass Latitude",57598,"[PREMIUM]",,"Great","[PREMIUM]",17100,19400,"Bright White Clearcoat","WHITE","Black","BLACK","4CLDR","4-Cylinder Turbo","4 wheel drive","AUT","8-Speed Automatic","Automatic","G","Gasoline","Gas",24,32,2,false,13,false,false,false,,false,,,"30",64684093,"[PREMIUM]","[PREMIUM]","[PREMIUM]",0,"[PREMIUM]",false,"PARTNER",468843,4.7,504,1,"[""NO_SALVAGE_TITLE"",""NO_ACCIDENTS_REPORTED"",""ONE_OWNER""]","{""exterior"":[""17\"" x 7\"" Aluminum Wheels"",""Alloy wheels"",""Auto High-beam Headlights"",""Bumpers: body-color"",""Delay-off headlights"",""Front fog lights"",""Fully automatic headlights"",""Heated door mirrors"",""Power door mirrors"",""Rear window wiper"",""Spoiler""],""interior"":[""Air Conditioning"",""Driver door bin"",""Driver vanity mirror"",""Front Bucket Seats"",""Front Center Armrest w/Storage"",""Front reading lights"",""Leather Shift Knob"",""Leather steering wheel"",""Overhead console"",""Passenger door bin"",""Passenger vanity mirror"",""Power windows"",""Premium Cloth/Vinyl Bucket Seats"",""Rear seat center armrest"",""Rear window defroster"",""Split folding rear seat"",""Steering wheel mounted audio controls"",""Tachometer"",""Telescoping steering wheel"",""Tilt steering wheel"",""Trip computer"",""Variably intermittent wipers""],""mechanical"":[""3.73 Final Drive Ratio"",""4-Wheel Disc Brakes"",""Four wheel independent suspension"",""Power steering""],""other"":[""Emergency communication system: Jeep Connect"",""Front License Plate Bracket"",""Front anti-roll bar"",""Illuminated entry"",""Outside temperature display"",""Quick Order Package 29J Latitude"",""Radio: Uconnect 5 w/10.1\"" Display"",""Rear anti-roll bar""],""safety"":[""ABS brakes"",""Brake assist"",""Dual front impact airbags"",""Dual front side impact airbags"",""Electronic Stability Control"",""Knee airbag"",""Low tire pressure warning"",""Occupant sensing airbag"",""Overhead airbag"",""Panic alarm"",""Security system"",""Traction control""],""technology"":[""6 Speakers"",""AM/FM radio: SiriusXM"",""Compass"",""ParkView Rear Back-Up Camera"",""Remote keyless entry"",""Speed control""]}",63,"2024 Jeep Compass Latitude Bright White Clearcoat 4WD 8-Speed Automatic 4WD, Alloy wheels.<br><br>24/32 City/Highway MPG<br><br>Easterns Automotive Group has 11 locations that has sold thousands of used cars in the Maryland, DC, and Virginia communities for over the past 35 years. Every Easterns vehicle has passed a rigorous Multi-Point Quality Certification, so you can buy with confidence. Start your purchase online to save time by visiting Easterns.com... Any Car, Any Way, For Everyone.","[PREMIUM]",64,"3510 Laurel Ft Meade Rd","Laurel","MD","20724","[PREMIUM]"
"790053392","2026-09-06 22:31:14.638","2026-09-15 22:33:32.004","790053392","[PREMIUM]","172146",2018,"TESLA","Tesla","TESMOD3","Model 3","Long Range","SEDAN","Used","Used 2018 Tesla Model 3 Long Range",121783,"[PREMIUM]",,"Great","[PREMIUM]",14090,16890,"Blue","BLUE","Black","BLACK","EL","Electric","All wheel drive","AUT","Single-Speed","Automatic","E","Electric","Electric",,,,false,12,false,false,true,,false,,,"30",64684145,"[PREMIUM]","[PREMIUM]","[PREMIUM]",4572,"[PREMIUM]",false,"PARTNER",446042,4.6,208,0,"[""NO_SALVAGE_TITLE"",""NO_ACCIDENTS_REPORTED"",""NO_ONE_OWNER""]","{""exterior"":[""Alloy wheels"",""Auto High-beam Headlights"",""Auto-dimming door mirrors"",""Bumpers: body-color"",""Delay-off headlights"",""Front fog lights"",""Fully automatic headlights"",""Heated door mirrors"",""Power door mirrors""],""interior"":[""Air Conditioning"",""Auto-dimming Rear-View mirror"",""Driver door bin"",""Driver vanity mirror"",""Front Bucket Seats"",""Front Center Armrest"",""Front dual zone A/C"",""Front reading lights"",""Genuine wood dashboard insert"",""Heated Front Bucket Seats"",""Heated front seats"",""Heated rear seats"",""Memory seat"",""Passenger door bin"",""Passenger vanity mirror"",""Power driver seat"",""Power passenger seat"",""Power windows"",""Rear reading lights"",""Rear seat center armrest"",""Rear window defroster"",""Split folding rear seat"",""Steering wheel memory"",""Steering wheel mounted audio controls"",""Synthetic Leather Seat Trim"",""Telescoping steering wheel"",""Tilt steering wheel"",""Trip computer"",""Variably intermittent wipers""],""mechanical"":[""4-Wheel Disc Brakes"",""Four wheel independent suspension"",""Power steering"",""Speed-sensing steering""],""other"":[""Front anti-roll bar"",""Illuminated entry"",""Outside temperature display"",""Steering wheel mounted A/C controls"",""Wheels: 18\"" Aero""],""safety"":[""ABS brakes"",""Brake assist"",""Dual front impact airbags"",""Dual front side impact airbags"",""Electronic Stability Control"",""Knee airbag"",""Lane Departure Warning System"",""Low tire pressure warning"",""Occupant sensing airbag"",""Overhead airbag"",""Security system"",""Traction control""],""technology"":[""15 Speakers"",""Automatic temperature control"",""Compass"",""Exterior Parking Camera Rear"",""Garage door transmitter: Homelink"",""Navigation System"",""Radio data system"",""Radio: FM w/Premium Audio System"",""Remote keyless entry"",""Speed control""]}",69,"2018 Tesla Model 3 Blue AWD 1-Speed Automatic<br><br>120/112 City/Highway MPG<br><br>Easterns Automotive Group has 11 locations that has sold thousands of used cars in the Maryland, DC, and Virginia communities for over the past 35 years. Every Easterns vehicle has passed a rigorous Multi-Point Quality Certification, so you can buy with confidence. Start your purchase online to save time by visiting Easterns.com... Any Car, Any Way, For Everyone.","[PREMIUM]",60,"7598 Annapolis Rd","Lanham","MD","20706","[PREMIUM]"
"789728349","2026-09-06 22:31:14.590","2026-09-15 22:33:32.017","789728349","[PREMIUM]","E1P0870",2024,"NISSAN","Nissan","SENTRA","Sentra","SV","SEDAN","Used","Used 2024 Nissan Sentra SV",53927,"[PREMIUM]",,"Good","[PREMIUM]",16490,19190,"Gun Metallic","GRAY","Charcoal","BLACK","4CLDR","4-Cylinder","2 wheel drive - front","AUT","Continuously Variable Automatic","Automatic","G","Gasoline","Gas",30,40,2,false,16,false,false,false,,false,,,"30",70255181,"[PREMIUM]","[PREMIUM]","[PREMIUM]",2542,"[PREMIUM]",false,"PARTNER",468814,3.9,53,0,"[""NO_SALVAGE_TITLE"",""NO_ACCIDENTS_REPORTED"",""ONE_OWNER""]","{""exterior"":[""16\"" Alloy Wheels"",""Alloy wheels"",""Auto High-beam Headlights"",""Bumpers: body-color"",""Delay-off headlights"",""Fully automatic headlights"",""Power door mirrors""],""interior"":[""Air Conditioning"",""Carpeted Floor Mats w/Trunk Mat"",""Driver door bin"",""Driver vanity mirror"",""Front Bucket Seats"",""Front Center Armrest"",""Front reading lights"",""Leather steering wheel"",""Overhead console"",""PUSH BUTTON START"",""Passenger door bin"",""Passenger vanity mirror"",""Power windows"",""Rear window defroster"",""Split folding rear seat"",""Steering wheel mounted audio controls"",""Tachometer"",""Telescoping steering wheel"",""Tilt steering wheel"",""Trip computer"",""Upgraded Cloth Seat Trim"",""Variably intermittent wipers""],""mechanical"":[""4-Wheel Disc Brakes"",""Four wheel independent suspension"",""Power steering"",""Speed-sensing steering""],""other"":[""ANDROID AUTO / APPLE CARPLAY"",""CARFAX 1-OWNER"",""Clean CarFax - No Accident"",""Front anti-roll bar"",""Illuminated entry"",""NissanConnect featuring Apple CarPlay and Android Auto"",""Outside temperature display"",""Radio: AM/FM w/RDS/MP3/Aux-In"",""Rear anti-roll bar"",""Technical Spec Change 2""],""safety"":[""ABS brakes"",""Blind Spot Warning"",""Brake assist"",""Dual front impact airbags"",""Dual front side impact airbags"",""Electronic Stability Control"",""Knee airbag"",""Low tire pressure warning"",""Occupant sensing airbag"",""Overhead airbag"",""Panic alarm"",""Rear side impact airbag"",""Security system"",""Traction control""],""technology"":[""6 Speakers"",""AM/FM radio: SiriusXM"",""BACKUP CAMERA"",""BLUETOOTH"",""KEYLESS ENTRY"",""Radio data system"",""Rear Parking Sensors"",""Remote keyless entry"",""Speed control""]}",66,"This 2024 Nissan Sentra SV delivers excellent fuel efficiency and modern convenience in a reliable sedan. With 53,927 miles and a clean CarFax history showing no accidents, this one-owner vehicle is ready for its next chapter. The gray exterior complements the SV's practical design, while the 2.0L engine paired with CVT transmission ensures smooth, responsive performance.<br><br>- Android Auto and Apple CarPlay connectivity<br>- Backup camera and Bluetooth technology<br>- Keyless entry and push button start<br>- Clean CarFax: one-owner, no accident history<br>- Blind spot warning and rear parking sensors<br>- Electronic stability control and traction control<br>- Automatic headlights with delay-off feature<br>- 16-inch alloy wheels<br>- Dual airbags front and side impact<br>- Split-folding rear seat for cargo flexibility<br><br>This Sentra delivers an impressive 30 city and 40 highway MPG, making it a smart choice for commuters and daily drivers. The cabin is well-appointed with SiriusXM, steering wheel audio controls, and a telescoping steering wheel for comfort. Stop by today to experience the reliability and efficiency this Sentra offers.","[PREMIUM]",32,"2260 CRAIN HWY","Bowie","MD","20716","[PREMIUM]"
"786670052","2026-09-06 22:31:14.586","2026-09-15 22:33:32.006","786670052","[PREMIUM]","59848",2024,"MAZDA","MAZDA","MAZCX30","CX-30","AWD 2.5 S w/ Select Sport Pkg","SUV","Used","Used 2024 MAZDA CX-30 AWD 2.5 S w/ Select Sport Pkg",56228,"[PREMIUM]",,"Great","[PREMIUM]",18100,22050,"Platinum Quartz Metallic","GRAY","Black","BLACK","4CLDR","4-Cylinder","All wheel drive","AUT","6-Speed Automatic","Automatic","G","Gasoline","Gas",26,33,2.5,false,50,false,false,false,,false,,,"30",69984331,"[PREMIUM]","[PREMIUM]","[PREMIUM]",602,"[PREMIUM]",false,"PARTNER",468882,4.3,59,0,"[""NO_SALVAGE_TITLE"",""NO_FRAME_DAMAGE"",""NO_FLOOD_WATER_DAMAGE"",""NO_ACCIDENTS_REPORTED"",""NO_ONE_OWNER"",""FREE_REPORT""]","{""exterior"":[""Black Power Heated Side Mirrors w/Manual Folding and Turn Signal Indicator""],""interior"":[""Leather Steering Wheel""],""other"":[""4-Wheel Disc Brakes w/4-Wheel ABS  Front Vented Discs  Brake Assist  Hill Hold Control and Electric Parking Brake"",""Automatic Full-Time All-Wheel"",""Blind Spot Monitoring (BSM) Blind Spot"",""Leather/Metal-Look Gear Shifter Material"",""Platinum quartz metallic""],""safety"":[""Tire Specific Low Tire Pressure Warning""],""technology"":[""Back-Up Camera""]}",9,"At Hertz Car Sales, view our thousands of vehicles with pricing often below market value! Take advantage of no-haggle pricing, our 7 day/250 mile Buy Back Guarantee, as well as a standard 12mth/12K mile limited powertrain warranty on every Certified vehicle. We have financing options for almost every budget and can provide competitive trade-in appraisals at our location. We have additional protection products available to protect your investment, and can ship your car to your door! Contact us today to find out more!<br><br>Certified. Platinum Quartz Metallic 2024 Mazda CX-30 2.5 S Select Sport AWD 6-Speed Automatic SKYACTIV&reg;-G 2.5L 4-Cylinder DOHC 16V<br><br>26/33 City/Highway MPG<br><br>Certification Program Details: At Hertz Car Sales every retail vehicle undergoes an inspection process to make sure they meet quality standards. Also, all our vehicles come with a free Auto check vehicle history report. Visit /baltimore or call us at  .<br><br>*Price excludes government fees and taxes, any finance charges, any electronic filing charge, and any emission testing charge. The price includes a dealer document preparation charge of $800.","[PREMIUM]",38,"8115 BELAIR RD","Nottingham","MD","21236","[PREMIUM]"
"790187548","2026-09-06 20:28:24.005","2026-09-15 20:30:02.451","790187548","[PREMIUM]","PO7683",2023,"POR","Porsche","PORTAYCAN","Taycan","4S","SEDAN","Certified","Certified 2023 Porsche Taycan 4S",24258,"[PREMIUM]",,"Good","[PREMIUM]",80083,85383,"Gray","GRAY","Black","BLACK","EL","Electric","All wheel drive","AUT","2-Speed Automatic","Automatic","E","Electric","Electric",,,,true,11,false,false,false,,false,,,"20",70852781,"[PREMIUM]","[PREMIUM]","[PREMIUM]",47,"[PREMIUM]",false,"PARTNER",463343,4.1,15,1,"[""NO_SALVAGE_TITLE"",""NO_FRAME_DAMAGE"",""NO_FLOOD_WATER_DAMAGE"",""NO_ACCIDENTS_REPORTED"",""ONE_OWNER"",""FREE_REPORT""]","{""exterior"":[""Alloy wheels"",""Auto High-beam Headlights"",""Auto-dimming door mirrors"",""Bumpers: body-color"",""Delay-off headlights"",""Fully automatic headlights"",""Heated door mirrors"",""Power door mirrors"",""Rear fog lights"",""Spoiler""],""interior"":[""8-Way Power Seats"",""Air Conditioning"",""Auto-dimming Rear-View mirror"",""Driver door bin"",""Driver vanity mirror"",""Front Bucket Seats"",""Front Center Armrest"",""Front dual zone A/C"",""Front reading lights"",""Heated front seats"",""Leather steering wheel"",""Overhead console"",""Partial Leather Seat Trim"",""Passenger door bin"",""Passenger vanity mirror"",""Power driver seat"",""Power passenger seat"",""Power windows"",""Rear reading lights"",""Rear seat center armrest"",""Rear window defroster"",""Split folding rear seat"",""Sport steering wheel"",""Steering wheel mounted audio controls"",""Telescoping steering wheel"",""Tilt steering wheel"",""Trip computer"",""Variably intermittent wipers""],""mechanical"":[""4-Wheel Disc Brakes"",""Adaptive suspension"",""Auto-leveling suspension"",""Four wheel independent suspension"",""Power steering"",""Speed-sensing steering""],""other"":[""3 Years of 30 Minute DC Charging Sessions"",""Front anti-roll bar"",""Illuminated entry"",""Navigation system: Porsche Communication Management (PCM)"",""Outside temperature display"",""Rear anti-roll bar"",""Wheels: 19\"" Taycan S Aero""],""safety"":[""ABS brakes"",""Brake assist"",""Dual front impact airbags"",""Dual front side impact airbags"",""Electronic Stability Control"",""Knee airbag"",""Low tire pressure warning"",""Occupant sensing airbag"",""Overhead airbag"",""Panic alarm"",""Rear side impact airbag"",""Security system"",""Traction control""],""technology"":[""10 Speakers"",""Automatic temperature control"",""Compass"",""Exterior Parking Camera Rear"",""Garage door transmitter: HomeLink"",""Porsche Communication Management"",""Radio data system"",""Rain sensing wipers"",""Remote keyless entry"",""Speed control""]}",74,"Recent Arrival! 2 YEAR, UNLIMITED MILEAGE PORSCHE APPROVED CERTIFIED PRE OWNED WARRANTY INCLUDED!<br><br>2023 Porsche Taycan 4S<br><br>-Standard Interior in Black<br>-Volcano Grey Metallic<br>-Technology Package<br>-Passenger Display<br>-Head-Up Display<br>-Remote ParkAssist<br>-Self Steering ParkAssist<br>-Porsche InnoDrive incl. Adaptive Cruise Control (ACC) and Active Lane Keep (ALK)<br>-Lane Change Assist<br>-Premium Package<br>-Power Folding Exterior Mirrors<br>-Ionizer<br>-Power Seats (14-way) with Comfort Memory<br>-Ventilated Seats (Front)<br>-Storage Package<br>-BOSE&reg; Surround Sound System<br>-Fixed Panoramic Roof in Glass<br>-Surround View<br>-Under Door Puddle Light Projectors<br>-20 Sport Aero Wheels<br>-Performance Battery Plus (93.4 kWh)<br>-Porsche Electric Sport Sound<br>-Porsche Intelligent Range Manager<br>-On-Board 150 kW/400V DC Charger<br>-Mobile Charger Connect<br>-25 ft Charging Cable<br><br>Porsche Approved Certified Pre-Owned Details:<br><br>* Multipoint Point Inspection<br>* Transferable Warranty<br>* Limited Warranty: 24 Month/Unlimited Mile beginning after new car warranty expires or from certified purchase date<br>* Roadside Assistance<br>* Includes Trip Interruption reimbursement<br>* Warranty Deductible: $0<br>* Vehicle History","[PREMIUM]",38,"711 11TH AVE","New York","NY","10019","[PREMIUM]"
"789961117","2026-09-06 18:28:23.754","2026-09-15 18:33:19.677","789961117","[PREMIUM]","TA387543A",2023,"ROV","Land Rover","RANGE","Range Rover","SE","SUV","Used","Used 2023 Land Rover Range Rover SE",31891,"[PREMIUM]",,"Great","[PREMIUM]",77361,88461,"Fuji White","WHITE","Perlino/Perlino","OFFWHITE","HYBRD","Hybrid","All wheel drive","AUT","8-Speed Automatic","Automatic","G","Gasoline","Gas",18,26,3,true,13,false,false,true,,false,,,"30",72351567,"[PREMIUM]","[PREMIUM]","[PREMIUM]",691,"[PREMIUM]",false,"PARTNER",461224,5,2,0,"[""NO_SALVAGE_TITLE"",""NO_ACCIDENTS_REPORTED"",""ONE_OWNER""]","{""exterior"":[""Alloy wheels"",""Auto High-beam Headlights"",""Auto-dimming door mirrors"",""Bumpers: body-color"",""Delay-off headlights"",""Front fog lights"",""Fully automatic headlights"",""Headlight cleaning"",""Heated door mirrors"",""Power door mirrors"",""Rear fog lights"",""Rear window wiper"",""Turn signal indicator mirrors"",""Wheels: 21\""""],""interior"":[""Air Conditioning"",""Anti-whiplash front head restraints"",""Auto-dimming Rear-View mirror"",""Driver door bin"",""Driver vanity mirror"",""Driver's Seat Mounted Armrest"",""Front Bucket Seats"",""Front Center Armrest w/Storage"",""Front dual zone A/C"",""Front reading lights"",""Genuine wood console insert"",""Genuine wood door panel insert"",""Head restraints memory"",""Heated front seats"",""Heated rear seats"",""Leather Shift Knob"",""Memory seat"",""Overhead console"",""Passenger door bin"",""Passenger seat mounted armrest"",""Passenger vanity mirror"",""Perforated Windsor Leather Seat Trim"",""Power adjustable front head restraints"",""Power driver seat"",""Power moonroof"",""Power passenger seat"",""Power windows"",""Rear air conditioning"",""Rear reading lights"",""Rear seat center armrest"",""Rear window defroster"",""Speed-Sensitive Wipers"",""Split folding rear seat"",""Steering wheel memory"",""Steering wheel mounted audio controls"",""Tachometer"",""Telescoping steering wheel"",""Tilt steering wheel"",""Trip computer"",""Variably intermittent wipers""],""mechanical"":[""4-Wheel Disc Brakes"",""Adaptive suspension"",""Auto-leveling suspension"",""Four wheel independent suspension"",""Power steering"",""Speed-sensing steering""],""other"":[""20-Way Heated Electric Front Bucket Seats"",""3.6 Axle Ratio"",""AM/FM radio: SiriusXM w/360L"",""Auto tilt-away steering wheel"",""Front anti-roll bar"",""Illuminated entry"",""Navigation system: Pivi Pro Connected Navigation"",""Outside temperature display"",""Rear anti-roll bar"",""Steering wheel mounted A/C controls"",""Wireless Apple CarPlay/Wireless Android Auto""],""safety"":[""ABS brakes"",""Brake assist"",""Dual front impact airbags"",""Dual front side impact airbags"",""Electronic Stability Control"",""Emergency communication system"",""Low tire pressure warning"",""Occupant sensing airbag"",""Overhead airbag"",""Panic alarm"",""Security system"",""Traction control""],""technology"":[""15 Speakers"",""Automatic temperature control"",""Compass"",""Exterior Parking Camera Rear"",""Garage door transmitter: HomeLink"",""Premium audio system: Meridian"",""Radio data system"",""Radio: Meridian Sound System"",""Rain sensing wipers"",""Remote keyless entry"",""Speed control"",""Weather band radio""]}",95,"Fuji White 2023 Land Rover Range Rover SE AWD ZF 8-Speed Automatic 3.0L I6 Turbocharged CARFAX One-Owner. Perlino/Perlino w/Perforated Windsor Leather Seat Trim, 15 Speakers, 20-Way Heated Electric Front Bucket Seats, 3.6 Axle Ratio, 4-Wheel Disc Brakes, ABS brakes, Adaptive suspension, Air Conditioning, Alloy wheels, AM/FM radio: SiriusXM w/360L, Anti-whiplash front head restraints, Auto High-beam Headlights, Auto tilt-away steering wheel, Auto-dimming door mirrors, Auto-dimming Rear-View mirror, Auto-leveling suspension, Automatic temperature control, Brake assist, Bumpers: body-color, Compass, Delay-off headlights, Driver door bin, Driver vanity mirror, Driver's Seat Mounted Armrest, Dual front impact airbags, Dual front side impact airbags, Electronic Stability Control, Emergency communication system, Exterior Parking Camera Rear, Four wheel independent suspension, Front anti-roll bar, Front Bucket Seats, Front Center Armrest w/Storage, Front dual zone A/C, Front fog lights, Front reading lights, Fully automatic headlights, Garage door transmitter: HomeLink, Genuine wood console insert, Genuine wood door panel insert, Head restraints memory, Headlight cleaning, Heated door mirrors, Heated front seats, Heated rear seats, Illuminated entry, Leather Shift Knob, Low tire pressure warning, Memory seat, Navigation system: Pivi Pro Connected Navigation, Occupant sensing airbag, Outside temperature display, Overhead airbag, Overhead console, Panic alarm, Passenger door bin, Passenger seat mounted armrest, Passenger vanity mirror, Perforated Windsor Leather Seat Trim, Power adjustable front head restraints, Power door mirrors, Power driver seat, Power moonroof, Power passenger seat, Power steering, Power windows, Premium audio system: Meridian, Radio data system, Radio: Meridian Sound System, Rain sensing wipers, Rear air conditioning, Rear anti-roll bar, Rear fog lights, Rear reading lights, Rear seat center armrest, Rear window defroster, Rear window wiper, Remote keyless entry, Security system, Speed control, Speed-sensing steering, Speed-Sensitive Wipers, Split folding rear seat, Steering wheel memory, Steering wheel mounted A/C controls, Steering wheel mounted audio controls, Tachometer, Telescoping steering wheel, Tilt steering wheel, Traction control, Trip computer, Turn signal indicator mirrors, Variably intermittent wipers, Weather band radio, Wheels: 21, Wireless Apple CarPlay/Wireless Android Auto, Perlino/Perlino w/Perforated Windsor Leather Seat Trim.<br><br>Recent Arrival! Odometer is 6355 miles below market average! 18/26 City/Highway MPG<br><br><br>Jaguar Land Rover Cape Fear in Wilmington, NC treats the needs of each individual customer with paramount concern. We know that you have high expectations, and as a car dealer we enjoy the challenge of meeting and exceeding those standards each and every time. Allow us to demonstrate our commitment to excellence! Our experienced sales staff is eager to share its knowledge and enthusiasm with you. We encourage you to browse our online inventory, schedule a test drive and investigate financing options. You can also request more information about a vehicle using our online form or by calling  . We look forward to serving you!","[PREMIUM]",33,"20 Old Eastwood Rd","Wilmington","NC","28403","[PREMIUM]"
"784666363","2026-09-06 18:28:23.732","2026-09-15 18:33:19.660","784666363","[PREMIUM]","F324",2027,"FORD","Ford","EXPEDI","Expedition","Tremor","SUV","New","New 2027 Ford Expedition Tremor",7,"[PREMIUM]",85285,,"[PREMIUM]",82000,83600,"Black Metallic","BLACK","Black Onyx/Electric Spice","BLACK","6CLDR","6-Cylinder Turbo","4 wheel drive","AUT","10-Speed Automatic","Automatic","G","Gasoline","Gas",15,22,3.5,true,75,false,false,false,,false,,,"20",75690859,"[PREMIUM]","[PREMIUM]","[PREMIUM]",0,"[PREMIUM]",false,"PARTNER",481645,4,62,,"[""NO_SALVAGE_TITLE"",""NO_ACCIDENTS_REPORTED""]","{""exterior"":[""Alloy wheels"",""Auto High-beam Headlights"",""Bumpers: body-color"",""Delay-off headlights"",""Front fog lights"",""Fully automatic headlights"",""Heated door mirrors"",""Power door mirrors"",""Rear window wiper"",""Spoiler"",""Turn signal indicator mirrors""],""interior"":[""3rd row seats: split-bench"",""Adjustable head restraints: driver and passenger w/tilt"",""Air Conditioning"",""Driver door bin"",""Driver vanity mirror"",""Front Bucket Seats"",""Front Center Armrest"",""Front dual zone A/C"",""Front reading lights"",""Garage door transmitter"",""Heated front seats"",""Heated steering wheel"",""Leather steering wheel"",""Memory seat"",""Overhead console"",""Passenger door bin"",""Passenger vanity mirror"",""Power driver seat"",""Power moonroof: Panoramic Vista Roof"",""Power passenger seat"",""Power windows"",""Rear air conditioning"",""Rear reading lights"",""Rear window defroster"",""Reclining 3rd row seat"",""Speed-Sensitive Wipers"",""Split folding rear seat"",""Steering wheel memory"",""Steering wheel mounted audio controls"",""Tachometer"",""Telescoping steering wheel"",""Tilt steering wheel"",""Trip computer"",""Variably intermittent wipers"",""Ventilated front seats"",""Voltmeter""],""mechanical"":[""3.73 Axle Ratio"",""4-Wheel Disc Brakes"",""Four wheel independent suspension"",""Power steering"",""Speed-sensing steering""],""other"":[""Apple CarPlay/Android Auto"",""Digital Device Holder"",""Equipment Group 501A"",""Ford Connectivity Package (1-Year Included)"",""Ford Digital Experience"",""Front License Plate Bracket"",""Front anti-roll bar"",""Heated & Ventilated Leather-Trimmed Front Captain's Chairs"",""Illuminated entry"",""Navigation system: Google Maps"",""Outside temperature display"",""Rear anti-roll bar"",""Wheels: 18\"" x 8.5\"" Dark Carbonized Gray Painted Aluminum w/Electric Spice Pocket""],""safety"":[""ABS brakes"",""Brake assist"",""Dual front impact airbags"",""Dual front side impact airbags"",""Electronic Stability Control"",""Emergency communication system: 911 Assist"",""Low tire pressure warning"",""Occupant sensing airbag"",""Overhead airbag"",""Panic alarm"",""Security system"",""Traction control""],""technology"":[""10 Speakers"",""AM/FM radio: SiriusXM with 360L"",""Automatic temperature control"",""Compass"",""Exterior Parking Camera Rear"",""Radio data system"",""Radio: B&O Sound System by Bang & Olufsen"",""Rain sensing wipers"",""Remote keyless entry"",""SiriusXM w/360L"",""Speed control""]}",88,"Black Metallic 2027 Ford Expedition Tremor 4WD 10-Speed Automatic 3.5L V6 EcoBoost High Output 10 Speakers, 3.73 Axle Ratio, 3rd row seats: split-bench, 4-Wheel Disc Brakes, ABS brakes, Air Conditioning, Alloy wheels, AM/FM radio: SiriusXM with 360L, Apple CarPlay/Android Auto, Auto High-beam Headlights, Automatic temperature control, Brake assist, Bumpers: body-color, Compass, Delay-off headlights, Digital Device Holder, Driver door bin, Driver vanity mirror, Dual front impact airbags, Dual front side impact airbags, Electronic Stability Control, Emergency communication system: 911 Assist, Equipment Group 501A, Exterior Parking Camera Rear, Ford Connectivity Package (1-Year Included), Ford Digital Experience, Four wheel independent suspension, Front anti-roll bar, Front Bucket Seats, Front Center Armrest, Front dual zone A/C, Front fog lights, Front License Plate Bracket, Front reading lights, Fully automatic headlights, Garage door transmitter, Heated &amp; Ventilated Leather-Trimmed Front Captain's Chairs, Heated door mirrors, Heated front seats, Heated steering wheel, Illuminated entry, Leather steering wheel, Low tire pressure warning, Memory seat, Navigation system: Google Maps, Occupant sensing airbag, Outside temperature display, Overhead airbag, Overhead console, Panic alarm, Passenger door bin, Passenger vanity mirror, Power door mirrors, Power driver seat, Power moonroof: Panoramic Vista Roof, Power passenger seat, Power steering, Power windows, Radio data system, Radio: B&amp;O Sound System by Bang &amp; Olufsen, Rain sensing wipers, Rear air conditioning, Rear anti-roll bar, Rear reading lights, Rear window defroster, Rear window wiper, Reclining 3rd row seat, Remote keyless entry, Security system, SiriusXM w/360L, Speed control, Speed-sensing steering, Speed-Sensitive Wipers, Split folding rear seat, Spoiler, Steering wheel memory, Steering wheel mounted audio controls, Tachometer, Telescoping steering wheel, Tilt steering wheel, Traction control, Trip computer, Turn signal indicator mirrors, Variably intermittent wipers, Ventilated front seats, Voltmeter, Wheels: 18&quot; x 8.5&quot; Dark Carbonized Gray Painted Aluminum w/Electric Spice Pocket.","[PREMIUM]",23,"820 US HWY 1","Woodbridge","NJ","07095","[PREMIUM]"
"789942057","2026-09-06 18:28:23.704","2026-09-15 18:33:19.663","789942057","[PREMIUM]","PSA36243P",2023,"POR","Porsche","PORTAYCAN","Taycan","4S","SEDAN","Certified","Certified 2023 Porsche Taycan 4S",23231,"[PREMIUM]",,"Good","[PREMIUM]",77870,83170,"Frozen Blue Metallic","BLUE","Slate Grey","GRAY","EL","Electric","All wheel drive","AUT","2-Speed Automatic","Automatic","E","Electric","Electric",,,,true,13,false,false,false,,false,,,"30",72231511,"[PREMIUM]","[PREMIUM]","[PREMIUM]",676,"[PREMIUM]",false,"PARTNER",463343,4.1,15,0,"[""NO_SALVAGE_TITLE"",""NO_ACCIDENTS_REPORTED"",""ONE_OWNER""]","{""exterior"":[""ALL SEASON TIRES"",""Alloy wheels"",""Auto High-beam Headlights"",""Auto-dimming door mirrors"",""Bumpers: body-color"",""Delay-off headlights"",""Fully automatic headlights"",""Heated door mirrors"",""Power Folding Exterior Mirrors"",""Power door mirrors"",""Rear fog lights"",""Spoiler""],""interior"":[""** Heated And Cooled Front Leather Seats**"",""8-Way Power Seats"",""AIR IONIZER"",""Air Conditioning"",""Auto-dimming Rear-View mirror"",""Driver door bin"",""Driver vanity mirror"",""Front Bucket Seats"",""Front Center Armrest"",""Front Seat Ventilation"",""Front dual zone A/C"",""Front reading lights"",""HEATED STEERING WHEEL"",""Heated Steering Wheel"",""Heated front seats"",""Leather steering wheel"",""Overhead console"",""Partial Leather Seat Trim"",""Passenger door bin"",""Passenger vanity mirror"",""Power driver seat"",""Power passenger seat"",""Power windows"",""Rear reading lights"",""Rear seat center armrest"",""Rear window defroster"",""Split folding rear seat"",""Sport steering wheel"",""Steering wheel mounted audio controls"",""Telescoping steering wheel"",""Tilt steering wheel"",""Trip computer"",""Variably intermittent wipers""],""mechanical"":[""** AWD - Never Worry About The Weather! **"",""4-Wheel Disc Brakes"",""Adaptive suspension"",""Auto-leveling suspension"",""Four wheel independent suspension"",""Power steering"",""Speed-sensing steering""],""other"":[""** ONE OWNER **"",""** We Deliver Anywhere! **"",""14-Way Power Seats w/Comfort Memory"",""3 Years of 30 Minute DC Charging Sessions"",""Fixed Panoramic Roof in Glass"",""Front anti-roll bar"",""HEATED AND COOLED 14-WAY SEATS"",""INTELLIGENT RANGE MANAGER"",""Illuminated entry"",""Ionizer"",""Navigation system: Porsche Communication Management (PCM)"",""ON-BOARD 150 KW/400V DC CHARGER"",""On-Board 150 kW/400V DC Charger"",""Outside temperature display"",""PANORAMIC ROOF WITH VARIABLE LIGHT CONTROL"",""PERFORMANCE BATTERY PLUS (93.4 KWH)"",""PREMIUM PACKAGE"",""Performance Battery Plus (93.4 kWh)"",""Porsche Intelligent Range Manager"",""Premium Package"",""Rear anti-roll bar"",""STORAGE PACKAGE"",""SURROUND VIEW CAMERAS"",""Storage Package"",""Surround View"",""WINDOW TRIM IN BLACK"",""Wheels: 19\"" Taycan S Aero"",""Window Trim in High Gloss Black""],""safety"":[""ABS brakes"",""Brake assist"",""Dual front impact airbags"",""Dual front side impact airbags"",""Electronic Stability Control"",""Knee airbag"",""LANE CHANGE ASSIST"",""Lane Change Assist (LCA)"",""Low tire pressure warning"",""Occupant sensing airbag"",""Overhead airbag"",""Panic alarm"",""Rear side impact airbag"",""Security system"",""Traction control""],""technology"":[""10 Speakers"",""Automatic temperature control"",""BOSE AUDIO SYSTEM"",""BOSE Surround Sound System"",""Compass"",""Exterior Parking Camera Rear"",""Garage door transmitter: HomeLink"",""Porsche Communication Management"",""Radio data system"",""Rain sensing wipers"",""Remote keyless entry"",""Speed control""]}",107,"Used 2023 Porsche Taycan 4S For Sale in Pittsburgh, PA. Certified. CARFAX One-Owner. Frozen Blue Metallic 2023 Porsche Taycan 4S AWD 2-Speed Automatic Electric Motor ** AWD - Never Worry About The Weather! **, ** Heated And Cooled Front Leather Seats**, ** We Deliver Anywhere! **, ** ONE OWNER **, 14-Way Power Seats w/Comfort Memory, Auto High-beam Headlights, Auto-leveling suspension, BOSE Surround Sound System, Fixed Panoramic Roof in Glass, Front Seat Ventilation, Heated Steering Wheel, Ionizer, Lane Change Assist (LCA), Navigation system: Porsche Communication Management (PCM), On-Board 150 kW/400V DC Charger, Performance Battery Plus (93.4 kWh), Porsche Intelligent Range Manager, Power Folding Exterior Mirrors, Premium Package, Rain sensing wipers, Storage Package, Surround View, Wheels: 19 Taycan S Aero, Window Trim in High Gloss Black, 10 Speakers, 3 Years of 30 Minute DC Charging Sessions, 4-Wheel Disc Brakes, 8-Way Power Seats, ABS brakes, Adaptive suspension, Air Conditioning, Alloy wheels, Auto-dimming door mirrors, Auto-dimming Rear-View mirror, Automatic temperature control, Brake assist, Bumpers: body-color, Compass, Delay-off headlights, Driver door bin, Driver vanity mirror, Dual front impact airbags, Dual front side impact airbags, Electronic Stability Control, Exterior Parking Camera Rear, Four wheel independent suspension, Front anti-roll bar, Front Bucket Seats, Front Center Armrest, Front dual zone A/C, Front reading lights, Fully automatic headlights, Garage door transmitter: HomeLink, Heated door mirrors, Heated front seats, Illuminated entry, Knee airbag, Leather steering wheel, Low tire pressure warning, Occupant sensing airbag, Outside temperature display, Overhead airbag, Overhead console, Panic alarm, Partial Leather Seat Trim, Passenger door bin, Passenger vanity mirror, Porsche Communication Management, Power door mirrors, Power driver seat, Power passenger seat, Power steering, Power windows, Radio data system, Rear anti-roll bar, Rear fog lights, Rear reading lights, Rear seat center armrest, Rear side impact airbag, Rear window defroster, Remote keyless entry, Security system, Speed control, Speed-sensing steering, Split folding rear seat, Spoiler, Sport steering wheel, Steering wheel mounted audio controls, Telescoping steering wheel, Tilt steering wheel, Traction control, Trip computer, Variably intermittent wipers, PREMIUM PACKAGE, PERFORMANCE BATTERY PLUS (93.4 KWH), HEATED STEERING WHEEL, INTELLIGENT RANGE MANAGER, ON-BOARD 150 KW/400V DC CHARGER, SURROUND VIEW CAMERAS, HEATED AND COOLED 14-WAY SEATS, BOSE AUDIO SYSTEM, PANORAMIC ROOF WITH VARIABLE LIGHT CONTROL, AIR IONIZER, LANE CHANGE ASSIST, STORAGE PACKAGE, WINDOW TRIM IN BLACK, ALL SEASON TIRES, HEATED STEERING WHEEL, 14-Way Power Seats w/Comfort Memory, Auto High-beam Headlights, Auto-leveling suspension, BOSE Surround Sound System, Fixed Panoramic Roof in Glass, Front Seat Ventilation, Heated Steering Wheel, Ionizer, Lane Change Assist (LCA), Navigation system: Porsche Communication Management (PCM), On-Board 150 kW/400V DC Charger, Performance Battery Plus (93.4 kWh), Porsche Intelligent Range Manager, Power Folding Exterior Mirrors, Premium Package, Rain sensing wipers, Storage Package, Surround View, Wheels: 19 Taycan S Aero, Window Trim in High Gloss Black.<br><br>Recent Arrival!<br><br>Porsche Approved Certified Pre-Owned Details:<br><br>* Multipoint Point Inspection<br>* Roadside Assistance<br>* Vehicle History<br>* Transferable Warranty<br>* Warranty Deductible: $0<br>* Includes Trip Interruption reimbursement<br>* Limited Warranty: 24 Month/Unlimited Mile beginning after new car warranty expires or from certified purchase date","[PREMIUM]",43,"4627 BAUM BLVD","Pittsburgh","PA","15213","[PREMIUM]"
"789738525","2026-09-06 18:28:23.697","2026-09-15 18:33:19.663","789738525","[PREMIUM]","79PA073894T1",2023,"ROV","Land Rover","RANGE","Range Rover","SE","SUV","Used","Used 2023 Land Rover Range Rover SE",40361,"[PREMIUM]",,"Good","[PREMIUM]",73250,84350,"Santorini Black Metallic","BLACK","Ebony/Ebony","BLACK","HYBRD","Hybrid","All wheel drive","AUT","8-Speed Automatic","Automatic","G","Gasoline","Gas",18,26,3,true,16,false,false,true,,false,,,"30",75603889,"[PREMIUM]","[PREMIUM]","[PREMIUM]",1733,"[PREMIUM]",false,"PARTNER",461224,5,2,0,"[""NO_SALVAGE_TITLE"",""NO_ACCIDENTS_REPORTED"",""ONE_OWNER""]","{""exterior"":[""Alloy wheels"",""Auto High-beam Headlights"",""Auto-dimming door mirrors"",""Bumpers: body-color"",""Delay-off headlights"",""Front fog lights"",""Fully automatic headlights"",""Headlight cleaning"",""Heated door mirrors"",""Power door mirrors"",""Rear fog lights"",""Rear window wiper"",""Turn signal indicator mirrors"",""Wheels: 21\""""],""interior"":[""Air Conditioning"",""Anti-whiplash front head restraints"",""Auto-dimming Rear-View mirror"",""Driver door bin"",""Driver vanity mirror"",""Driver's Seat Mounted Armrest"",""Front Bucket Seats"",""Front Center Armrest w/Storage"",""Front dual zone A/C"",""Front reading lights"",""Genuine wood console insert"",""Genuine wood door panel insert"",""Head restraints memory"",""Heated front seats"",""Heated rear seats"",""Leather Shift Knob"",""Memory seat"",""Overhead console"",""Passenger door bin"",""Passenger seat mounted armrest"",""Passenger vanity mirror"",""Perforated Windsor Leather Seat Trim"",""Power adjustable front head restraints"",""Power driver seat"",""Power moonroof"",""Power passenger seat"",""Power windows"",""Rear air conditioning"",""Rear reading lights"",""Rear seat center armrest"",""Rear window defroster"",""Speed-Sensitive Wipers"",""Split folding rear seat"",""Steering wheel memory"",""Steering wheel mounted audio controls"",""Tachometer"",""Telescoping steering wheel"",""Tilt steering wheel"",""Trip computer"",""Variably intermittent wipers""],""mechanical"":[""4-Wheel Disc Brakes"",""Adaptive suspension"",""Auto-leveling suspension"",""Four wheel independent suspension"",""Power steering"",""Speed-sensing steering""],""other"":[""*Located at Jaguar Land Rover of Dublin - 5775 Venture Dr"",""20-Way Heated Electric Front Bucket Seats"",""3.6 Axle Ratio"",""AM/FM radio: SiriusXM w/360L"",""Auto tilt-away steering wheel"",""Dublin"",""Front anti-roll bar"",""Illuminated entry"",""Navigation system: Pivi Pro Connected Navigation"",""OH 43017"",""Outside temperature display"",""Rear anti-roll bar"",""Steering wheel mounted A/C controls"",""Wireless Apple CarPlay/Wireless Android Auto""],""safety"":[""ABS brakes"",""Brake assist"",""Dual front impact airbags"",""Dual front side impact airbags"",""Electronic Stability Control"",""Emergency communication system"",""Low tire pressure warning"",""Occupant sensing airbag"",""Overhead airbag"",""Panic alarm"",""Security system"",""Traction control""],""technology"":[""15 Speakers"",""Automatic temperature control"",""Compass"",""Exterior Parking Camera Rear"",""Garage door transmitter: HomeLink"",""Premium audio system: Meridian"",""Radio data system"",""Radio: Meridian Sound System"",""Rain sensing wipers"",""Remote keyless entry"",""Speed control"",""Weather band radio""]}",98,"This 2023 Land Rover Range Rover SE delivers commanding presence with a sophisticated black exterior and exceptional capability. With just over 40,000 miles, this turbocharged beauty combines luxury, performance, and advanced technology in one impressive package. The 3.0L I6 turbocharged engine pairs with an 8-speed automatic transmission and all-wheel drive to provide confident power and efficiency.<br><br>- 20-way heated and electric front bucket seats with premium leather trim<br>- Pivi Pro Connected Navigation system with wireless Apple CarPlay and Android Auto<br>- Meridian premium audio system with 15 speakers and SiriusXM satellite radio<br>- Adaptive suspension with auto-leveling and four-wheel independent setup<br>- Power moonroof with automatic express-down functionality<br>- 21-inch alloy wheels with all-terrain capability<br>- Heated rear seats with split-folding configuration for versatility<br>- Advanced safety suite including dual front impact airbags and electronic stability control<br>- Automatic high-beam headlights with fog lights and rear window defroster<br>- Rain-sensing windshield wipers with rear window wiper<br><br>This Land Rover Approved Certified Pre-Owned vehicle comes backed by comprehensive coverage and peace of mind:<br>- 165 Point Inspection<br>- Roadside Assistance<br>- Warranty Deductible: $0<br>- Transferable Warranty<br>- Vehicle History<br>- Up to 1-year/Unlimited Miles or 2-year/100,000 Miles (whichever occurs first) Vehicle must have minimum one year of coverage at point of sale<br><br>Experience the refinement of the Range Rover SE with its intuitive cabin layout, multiple storage compartments, and thoughtful design touches throughout. This luxury SUV is ready for your next adventure, whether navigating city streets or exploring off-road terrain. Located at Jaguar Land Rover of Dublin - 5775 Venture Dr, Dublin, OH 43017","[PREMIUM]",8,"6335 PERIMETER LOOP RD","Dublin","OH","43017","[PREMIUM]"
"790097156","2026-09-06 16:29:53.142","2026-09-15 16:52:14.743","790097156","[PREMIUM]","SL151611L",2025,"POR","Porsche","PORMACAN","Macan","4S Electric","SUV","Certified","Certified 2025 Porsche Macan 4S Electric",6530,"[PREMIUM]",,"Great","[PREMIUM]",79542,88442,"Frozen Blue Metallic","BLUE","Black","BLACK","EL","Electric","All wheel drive","AUT","Single-Speed","Automatic","E","Electric","Electric",,,,true,12,false,false,false,,false,,,"30",100237,"[PREMIUM]","[PREMIUM]","[PREMIUM]",3681,"[PREMIUM]",false,"PARTNER",476037,0,0,0,"[""NO_SALVAGE_TITLE"",""NO_ACCIDENTS_REPORTED"",""ONE_OWNER""]","{""exterior"":[""Auto High-beam Headlights"",""Auto-dimming door mirrors"",""Bodyside moldings"",""Bumpers: body-color"",""Delay-off headlights"",""Fully automatic headlights"",""Heated door mirrors"",""Power door mirrors"",""Rear fog lights"",""Spoiler""],""interior"":[""Air Conditioning"",""Auto-dimming Rear-View mirror"",""Driver door bin"",""Driver vanity mirror"",""Front Center Armrest"",""Front Ventilated Seats"",""Front dual zone A/C"",""Front reading lights"",""Heated front seats"",""Heated steering wheel"",""Leather steering wheel"",""Overhead console"",""Panoramic roof"",""Passenger door bin"",""Passenger vanity mirror"",""Power Liftgate"",""Power driver seat"",""Power passenger seat"",""Power windows"",""Rear Heated Seat"",""Rear reading lights"",""Rear seat center armrest"",""Rear window defroster"",""Split folding rear seat"",""Steering wheel mounted audio controls"",""Telescoping steering wheel"",""Tilt steering wheel"",""Trip computer"",""Variably intermittent wipers""],""mechanical"":[""4-Wheel Disc Brakes"",""Adaptive suspension"",""Auto-leveling suspension"",""Four wheel independent suspension"",""Power steering"",""Speed-sensing steering""],""other"":[""14-Way Comfort Seats with Comfort Memory"",""4-Zone Advanced Climate Control"",""Electric Logo Painted in High Gloss Black"",""Emergency communication system: Emergency Call Systems - eCall and bCall"",""Front anti-roll bar"",""Illuminated entry"",""LED-Matrix Design Headlights"",""Navigation system: Porsche Communication Management (PCM)"",""Outside temperature display"",""Premium Package"",""Rear anti-roll bar"",""Side Blades in Exterior Color"",""Sport Plus Seats"",""Standard Interior Seat Trim"",""Under Door Puddle Light Projectors"",""Wheel Center Caps with Colored Porsche Crest"",""Wheels: : 20\"" Macan S""],""safety"":[""ABS brakes"",""Brake assist"",""Dual front impact airbags"",""Dual front side impact airbags"",""Electronic Stability Control"",""Low tire pressure warning"",""Occupant sensing airbag"",""Overhead airbag"",""Panic alarm"",""Rear side impact airbag"",""Security system"",""Traction control""],""technology"":[""10 Speakers"",""Automatic temperature control"",""BOSE Surround Sound System"",""Compass"",""Exterior Parking Camera Rear"",""Garage door transmitter: HomeLink"",""Porsche Communication Management"",""Radio data system"",""Rain sensing wipers"",""Remote keyless entry"",""Speed control""]}",85,"The Collection Porsche is proud to present this exceptional Porsche Approved Certified pre-owned vehicle. Thoroughly inspected and reconditioned, it meets the high standards our clients expect and the rigorous requirements associated with the Porsche brand.<br><br>This 2025 Porsche Macan Electric 4S delivers an exceptional blend of performance and efficiency with its 442-horsepower electric motor and AWD capability. Finished in striking Blue with only 6,521 miles, this expertly maintained vehicle achieves an impressive 98 MPGe city and 83 MPGe highway, making it perfect for eco-conscious drivers who refuse to compromise on power or luxury.<br><br>- BOSE Surround Sound System<br>- 4-Zone Advanced Climate Control<br>- LED-Matrix Design Headlights<br>- 14-Way Comfort Seats with Comfort Memory<br>- Front Ventilated Seats<br>- Rear Heated Seat<br>- 20 Macan S Wheels<br>- Panoramic Roof<br>- Premium Package<br>- Porsche Communication Management Navigation System<br><br>This Macan Electric has been certified through our rigorous Porsche Approved Certified Pre-Owned program, ensuring complete peace of mind with every mile you drive.<br><br>- Multipoint Inspection<br>- Roadside Assistance<br>- Warranty Deductible: $0<br>- Transferable Warranty<br>- Vehicle History Report<br>- Limited Warranty: 24 Month/Unlimited Mile beginning after new car warranty expires or from certified purchase date<br>- Includes Trip Interruption Reimbursement<br><br>Every detail has been meticulously evaluated to maintain the exacting standards Porsche owners deserve. Visit us today to experience the refined performance and innovative electric engineering that defines the Macan Electric 4S.","[PREMIUM]",27,"200 BIRD RD","Coral Gables","FL","33146","[PREMIUM]"
"790188238","2026-09-06 16:29:53.101","2026-09-15 16:52:14.744","790188238","[PREMIUM]","B256U6082",2025,"CHEV","Chevrolet","CHEVSUB","Suburban","High Country","SUV","Certified","Certified 2025 Chevrolet Suburban High Country",19240,"[PREMIUM]",,"Great","[PREMIUM]",79727,83227,"Black","BLACK","Jet Black","BLACK","8CLDR","8-Cylinder","4 wheel drive","AUT","10-Speed Automatic","Automatic","G","Gasoline","Gas",14,18,6.2,true,11,false,false,false,,false,,,"30",6186639,"[PREMIUM]","[PREMIUM]","[PREMIUM]",2750,"[PREMIUM]",false,"PARTNER",474043,4.2,14,0,"[""NO_SALVAGE_TITLE"",""NO_ACCIDENTS_REPORTED"",""ONE_OWNER""]","{""exterior"":[""Alloy wheels"",""Auto High-beam Headlights"",""Auto-dimming door mirrors"",""Bumpers: body-color"",""Delay-off headlights"",""Dual Exhaust System"",""Front LED Fog Lamps"",""Front and Rear Black Bowtie Emblems"",""Front fog lights"",""Fully automatic headlights"",""Heated Power-Adjustable Outside Mirrors"",""Heated door mirrors"",""Power door mirrors"",""Rear window wiper"",""Spoiler"",""Turn signal indicator mirrors"",""Wheel Locks (set of 4)"",""Wheels: 22\"" x 9\"" Bright Machined Aluminum""],""interior"":[""3rd row seats: split-bench"",""4-Way Power Driver Lumbar Seat Adjuster"",""4-Way Power Front Passenger Lumbar Seat Adjuster"",""8-Way Power Driver Seat Adjuster"",""8-Way Power Front Passenger Seat Adjuster"",""Air Conditioning"",""Auto-dimming Rear-View mirror"",""Driver door bin"",""Driver vanity mirror"",""Dual-Pane Power Panoramic Sunroof"",""Front Bucket Seats"",""Front Center Armrest"",""Front dual zone A/C"",""Front reading lights"",""Garage door transmitter"",""Heated Driver and Front Passenger Seats"",""Heated Steering Wheel"",""Heated front seats"",""Heated rear seats"",""Heated steering wheel"",""Memory seat"",""Overhead console"",""Passenger door bin"",""Passenger vanity mirror"",""Perforated Leather Seating Surfaces"",""Power Liftgate"",""Power Release 2nd Row Bucket Seats"",""Power Tilt and Telescopic Steering Column"",""Power driver seat"",""Power passenger seat"",""Power windows"",""Rear Power Liftgate"",""Rear air conditioning"",""Rear reading lights"",""Rear window defroster"",""Split folding rear seat"",""Steering wheel memory"",""Steering wheel mounted audio controls"",""Tachometer"",""Telescoping steering wheel"",""Tilt steering wheel"",""Trip computer"",""Universal Home Remote"",""Variably intermittent wipers"",""Ventilated front seats"",""Voltmeter""],""mechanical"":[""2-Speed Active Electronic AutoTrac Transfer Case"",""3.23 Rear Axle Ratio"",""4-Wheel Disc Brakes"",""Adaptive suspension"",""Air Ride Adaptive Suspension"",""Auto-leveling suspension"",""Extra Capacity Cooling System"",""Four wheel independent suspension"",""Magnetic Ride Control Suspension"",""Max Trailering Package"",""Power steering"",""Speed-sensing steering""],""other"":[""15\"" Diagonal Multi-Color Head-Up Display"",""3rd Row 60/40 Power-Folding Split-Bench"",""Advanced Trailering Package"",""Apple CarPlay/Android Auto"",""Blind Zone Steering Assist with Trailering"",""Bose 10-Speaker Surround with CenterPoint"",""Bright Front and Rear Door Sill Plates"",""Chrome Door Handles with Body-Color Strip"",""Emergency communication system: OnStar Services capable"",""Front anti-roll bar"",""Heated 2nd Row Outboard Seats"",""High Country Deluxe"",""Hitch View with Pan/Zoom Image Adjustment"",""Illuminated entry"",""Inside Rearview Auo-Dimming Rear Camera Mirror"",""LED Headlamps with LED Daytime Running Lamps"",""LED Tail Lamps"",""License Plate Front Mounting Package"",""Memory Settings"",""Navigation system: Google built-in compatibility (select service plan required"",""Outside temperature display"",""Perforated Heated and Ventilated Seats"",""Power-Retractable Assist Steps"",""Power-Sliding Center Floor Console"",""Preferred Equipment Group 3LZ"",""Radio: 17.7\"" Diagonal Advanced Color LCD Display"",""Rear anti-roll bar"",""SiriusXM with 360L Trial Subscription"",""Smart Trailer Integration Indicator"",""Wheels: 24\"" x 9.5\"" Bright Machined"",""Wireless Apple CarPlay/Wireless Android Auto"",""Wireless Phone Charging"",""terms and limitations apply)""],""safety"":[""ABS brakes"",""Brake assist"",""Dual front impact airbags"",""Dual front side impact airbags"",""Electronic Stability Control"",""Low tire pressure warning"",""Occupant sensing airbag"",""Overhead airbag"",""Panic alarm"",""Security system"",""Traction control""],""technology"":[""10 Speakers"",""AM/FM radio: SiriusXM with 360L"",""Automatic temperature control"",""Compass"",""Exterior Parking Camera Rear"",""Heads-Up Display"",""Hill Descent Control"",""Integrated Trailer Brake Controller"",""Radio data system"",""Rain sensing wipers"",""Remote keyless entry"",""Speed control""]}",132,"2025 Chevrolet Suburban High Country 4WD EcoTec3 6.2L V8 10-Speed Automatic with Overdrive Black<br><br>Recent Arrival!<br><br><br>To determine if this vehicle is subject to an open safety recall, go to https://vinrcl.safercar.gov/vin/","[PREMIUM]",25,"5885 E. Circle Drive","Cicero","NY","13039","[PREMIUM]"
"789894159","2026-09-06 16:29:53.086","2026-09-15 16:52:14.744","789894159","[PREMIUM]","PD74353",2025,"FORD","Ford","F350","F350","Platinum","TRUCKS","Used","Used 2025 Ford F350 Platinum w/ FX4 Off-Road Package",16379,"[PREMIUM]",,"Great","[PREMIUM]",82528,86628,"Star White Metallic Tri-coat","WHITE","Black Onyx/Platinum Blue","BLACK","8CLDR","8-Cylinder Turbo","4 wheel drive","AUT","10-Speed Automatic","Automatic","D","Diesel","Gas",,,6.7,true,14,false,false,true,,false,,,"30",68700785,"[PREMIUM]","[PREMIUM]","[PREMIUM]",7578,"[PREMIUM]",false,"PARTNER",475004,3.7,10,0,"[""NO_SALVAGE_TITLE"",""NO_ACCIDENTS_REPORTED"",""ONE_OWNER""]","{""exterior"":[""Alloy wheels"",""Auto High-beam Headlights"",""Bumpers: body-color"",""Delay-off headlights"",""Front fog lights"",""Fully automatic headlights"",""Heated door mirrors"",""Power door mirrors"",""Rear step bumper"",""Tough Bed Spray-in Bedliner"",""Turn signal indicator mirrors""],""interior"":[""Adjustable pedals"",""Air Conditioning"",""All-Weather Floor Mats"",""Auto-dimming Rear-View mirror"",""Driver door bin"",""Driver vanity mirror"",""Flow-Through Console"",""Front Bucket Seats"",""Front Center Armrest"",""Front dual zone A/C"",""Front reading lights"",""Garage door transmitter"",""Heated front seats"",""Heated rear seats"",""Heated steering wheel"",""Leather steering wheel"",""Memory seat"",""Overhead console"",""Passenger door bin"",""Passenger vanity mirror"",""Pedal memory"",""Power driver seat"",""Power passenger seat"",""Power windows"",""Rear reading lights"",""Rear seat center armrest"",""Rear window defroster"",""Split folding rear seat"",""Steering wheel memory"",""Steering wheel mounted audio controls"",""Tachometer"",""Telescoping steering wheel"",""Tilt steering wheel"",""Trip computer"",""Variably intermittent wipers"",""Ventilated front seats""],""mechanical"":[""4-Wheel Disc Brakes"",""Engine Block Heater"",""Power steering""],""other"":[""410 Amp Dual Alternators"",""Auto tilt-away steering wheel"",""Electronic-Locking with 3.73 Axle Ratio"",""Emergency communication system: SYNC 4 911 Assist"",""FX4 Off-Road Package"",""Front anti-roll bar"",""Illuminated entry"",""Internet access capable: FordPass Connect 5G"",""Off-Road Specifically Tuned Shock Absorbers"",""Order Code 713A"",""Outside temperature display"",""Radio: B&O Unleashed Sound System by Bang & Olufsen"",""Rapid-Heat Supplemental Cab Heater"",""SYNC 4 with Enhanced Voice Recognition"",""SiriusXM Radio with 360L"",""Steering wheel mounted A/C controls"",""Unique FX4 Off-Road Box Decal"",""Unique Platinum Leather 40/Console/40 Seats"",""Wheels: 20\"" Bright Machined and Painted Aluminum""],""safety"":[""ABS brakes"",""Brake assist"",""Dual front impact airbags"",""Dual front side impact airbags"",""Electronic Stability Control"",""Low tire pressure warning"",""Overhead airbag"",""Panic alarm"",""Security system"",""Traction control""],""technology"":[""14 Speakers"",""AM/FM radio: SiriusXM with 360L"",""Automatic temperature control"",""Compass"",""Heads-Up Display"",""Hill Descent Control"",""Navigation System"",""Rain sensing wipers"",""Remote keyless entry"",""Speed control""]}",89,"Clean CARFAX. 2025 Ford F-350SD Platinum 4WD, Electronic-Locking with 3.73 Axle Ratio, Flow-Through Console, FX4 Off-Road Package, Hill Descent Control, Navigation System, Off-Road Specifically Tuned Shock Absorbers, Order Code 713A, Radio: B&amp;O Unleashed Sound System by Bang &amp; Olufsen, SiriusXM Radio with 360L, SYNC 4 with Enhanced Voice Recognition, Unique FX4 Off-Road Box Decal, Unique Platinum Leather 40/Console/40 Seats, Wheels: 20&quot; Bright Machined and Painted Aluminum.<br>Odometer is 2637 miles below market average!<br><br>Reasons To Choose Mark Ficken Ford Lincoln*** 72 Hour Exchange Program***All Parts &amp; Services Guaranteed***Complimentary Pickup &amp; Delivery Service***Get the best rates when you need to finance your vehicle***100% Price Protection Guarantee***Welcome To Mark Ficken Ford Lincoln! Our Ford Lincoln dealership in Charlotte NC has a strong and committed sales staff with many years of experience satisfying our customers' needs. Feel free to browse our Inventory online, in addition to the highest quality Certified Pre-owned vehicles Charlotte NC residents are looking for. Feel free to contact our dealership for more information about our vehicles, arrange a test drive of any vehicle in our inventory or get assistance with vehicle financing. Mark Ficken Ford Lincoln can help you! Visit our dealership located at 7601 South Blvd Charlotte, NC 28273. Call   to schedule your test drive today! **TENEMOS REPRESENTANTES QUE HABLAN ESPANOL.","[PREMIUM]",38,"7601 SOUTH BLVD","Charlotte","NC","28273","[PREMIUM]"
"790097155","2026-09-06 16:29:53.077","2026-09-15 16:52:14.748","790097155","[PREMIUM]","SL150761L",2025,"POR","Porsche","PORMACAN","Macan","4S Electric","SUV","Certified","Certified 2025 Porsche Macan 4S Electric",6848,"[PREMIUM]",,"Great","[PREMIUM]",80822,89722,"Aventurine Green Metallic","GREEN","Black","BLACK","EL","Electric","All wheel drive","AUT","Single-Speed","Automatic","E","Electric","Electric",,,,true,12,false,false,false,,false,,,"30",100237,"[PREMIUM]","[PREMIUM]","[PREMIUM]",3681,"[PREMIUM]",false,"PARTNER",476037,0,0,1,"[""NO_SALVAGE_TITLE"",""NO_ACCIDENTS_REPORTED"",""ONE_OWNER""]","{""exterior"":[""Auto High-beam Headlights"",""Auto-dimming door mirrors"",""Bodyside moldings"",""Bumpers: body-color"",""Delay-off headlights"",""Fully automatic headlights"",""Heated door mirrors"",""Power door mirrors"",""Rear fog lights"",""Spoiler""],""interior"":[""Air Conditioning"",""Auto-dimming Rear-View mirror"",""Driver door bin"",""Driver vanity mirror"",""Front Center Armrest"",""Front Ventilated Seats"",""Front dual zone A/C"",""Front reading lights"",""Heated front seats"",""Heated steering wheel"",""Leather steering wheel"",""Overhead console"",""Panoramic roof"",""Passenger door bin"",""Passenger vanity mirror"",""Power Liftgate"",""Power driver seat"",""Power passenger seat"",""Power windows"",""Rear Heated Seat"",""Rear reading lights"",""Rear seat center armrest"",""Rear window defroster"",""Split folding rear seat"",""Steering wheel mounted audio controls"",""Telescoping steering wheel"",""Tilt steering wheel"",""Trip computer"",""Variably intermittent wipers""],""mechanical"":[""4-Wheel Disc Brakes"",""Adaptive suspension"",""Auto-leveling suspension"",""Four wheel independent suspension"",""Power steering"",""Speed-sensing steering""],""other"":[""14-Way Comfort Seats with Comfort Memory"",""4-Zone Advanced Climate Control"",""Electric Logo Painted in High Gloss Black"",""Emergency communication system: Emergency Call Systems - eCall and bCall"",""Exterior Mirrors in Exterior Color"",""Front anti-roll bar"",""Heated GT Sport Steering Wheel in Leather"",""Illuminated entry"",""LED-Matrix Design Headlights"",""Navigation system: Porsche Communication Management (PCM)"",""Outside temperature display"",""Porsche Electric Sport Sound"",""Premium Package"",""Rear anti-roll bar"",""Side Blades in Exterior Color"",""Sport Plus Seats"",""Standard Interior Seat Trim"",""Under Door Puddle Light Projectors"",""Wheels Painted in Neodyme"",""Wheels: 22\"" RS Spyder Design"",""Window Trim in High Gloss Black""],""safety"":[""ABS brakes"",""Brake assist"",""Dual front impact airbags"",""Dual front side impact airbags"",""Electronic Stability Control"",""Low tire pressure warning"",""Occupant sensing airbag"",""Overhead airbag"",""Panic alarm"",""Rear side impact airbag"",""Security system"",""Traction control""],""technology"":[""10 Speakers"",""Automatic temperature control"",""BOSE Surround Sound System"",""Compass"",""Exterior Parking Camera Rear"",""Garage door transmitter: HomeLink"",""Porsche Communication Management"",""Radio data system"",""Rain sensing wipers"",""Remote keyless entry"",""Speed control""]}",89,"The Collection Porsche is proud to present this exceptional Porsche Approved Certified pre-owned vehicle. Thoroughly inspected and reconditioned, it meets the high standards our clients expect and the rigorous requirements associated with the Porsche brand.<br><br>This 2025 Porsche Macan Electric 4S delivers impressive performance with 442 horsepower from its electric powertrain, complemented by responsive AWD handling. Finished in striking Green with meticulously appointed details, this sophisticated SUV combines luxury design with cutting-edge electric efficiency.<br><br>- BOSE Surround Sound System<br>- 4-Zone Advanced Climate Control<br>- LED-Matrix Design Headlights<br>- 14-Way Comfort Seats with Comfort Memory<br>- Front Ventilated Seats<br>- 22 RS Spyder Design Wheels<br>- Panoramic Roof<br>- Porsche Electric Sport Sound<br>- Under Door Puddle Light Projectors<br>- Heated GT Sport Steering Wheel in Leather<br><br>With an impressive 98 MPGe in the city and 83 MPGe on the highway, this electric Macan delivers exceptional efficiency without compromising performance. The Premium Package elevates your experience with refined appointments and premium convenience features. The meticulously maintained cabin features advanced climate zones, premium audio, and sport seating designed for both comfort and control during every drive.<br><br>As a Porsche Approved Certified Pre-Owned vehicle, your investment is protected with comprehensive support:<br><br>- Multipoint Inspection<br>- Roadside Assistance<br>- Warranty Deductible: $0<br>- Transferable Warranty<br>- Vehicle History<br>- Limited Warranty: 24 Month/Unlimited Mile beginning after new car warranty expires or from certified purchase date<br>- Includes Trip Interruption reimbursement<br><br>Schedule your personal viewing today to experience the perfect blend of electric innovation and Porsche performance. Contact us to arrange a test drive and discover why this Macan Electric 4S is an exceptional choice for the discerning driver.","[PREMIUM]",28,"200 BIRD RD","Coral Gables","FL","33146","[PREMIUM]"
"790230109","2026-09-06 16:29:53.074","2026-09-15 16:52:14.748","790230109","[PREMIUM]","SFB60750",2025,"FORD","Ford","F150PICKUP","F150","Raptor","TRUCKS","Used","Used 2025 Ford F150 Raptor",5391,"[PREMIUM]",,"Good","[PREMIUM]",76840,78940,"Space White Metallic","WHITE","Black","BLACK","6CLDR","6-Cylinder Turbo","4 wheel drive","AUT","10-Speed Automatic","Automatic","G","Gasoline","Gas",15,18,3.5,true,11,false,false,true,,false,,,"30",63337771,"[PREMIUM]","[PREMIUM]","[PREMIUM]",5074,"[PREMIUM]",false,"PARTNER",475080,4.2,60,0,"[""NO_SALVAGE_TITLE"",""NO_ACCIDENTS_REPORTED"",""ONE_OWNER""]","{""interior"":[""10-Way Power Driver Seat W/Power Lumbar"",""Cooled Front Seat(S)"",""Floor Shifter"",""Leather Seats"",""Panoramic Roof"",""Twin Panel Moonroof""],""other"":[""Black"",""Engine: 3.5L V6 Ecoboost High Output -inc: -Auto Start-Stop Technology (Std)"",""Equipment Group 801A Standard"",""Front License Plate Bracket -inc: -Standard In States Where Required By Law"",""Graphics Delete *Price To Follow*"",""Heated And Ventilated Front And Heated 2Nd Row 60/40 Flip-Up Split Seat"",""Leather Trimmed Seats -inc: -Flow-Through Console"",""Multi-Adjustable Power Front Passenger Seat"",""Off-Road And Baja (Std)"",""Optional To All Others"",""Rock Crawl"",""Slippery"",""Space White Metallic"",""Sport"",""Tough Bed Spray-In Bedliner Ford Accessory."",""Tow-Haul"",""Transmission: Electronic 10-Speed Automatic -inc: -Selectshift W/Paddle Shifters And Terrain Management Modes: Normal"",""Unique Seat Back Bolsters""],""safety"":[""Lane Keeping Assist""],""technology"":[""Heads-Up Display"",""Keyless Start"",""Navigation System""]}",28,"* Twin Panel Moonroof<br>* Panoramic Roof<br>* Tough Bed Spray-In Bedliner<br>* Leather Seats<br>* Navigation System<br>* Space White Metallic<br>* Lane Keeping Assist<br>* Keyless Start<br>* Heads-Up Display<br>* Cooled Front Seat(S)<br>* Black; Leather Trimmed Seats<br>* Engine: 3.5L V6 Ecoboost High Output<br>* Equipment Group 801A Standard<br>* Front License Plate Bracket<br>* Graphics Delete<br>* Transmission: Electronic 10-Speed Automatic<br><br><br><br>This vehicle includes a Money-Back Guarantee* and passed our precise inspection process. Best of all the price you see is the price you pay. No haggling. No back and forth. No pressure. And this price is so good it is guaranteed. *Money-Back Guarantee is valid for 5 days or 250 miles, whichever comes first. Subject to certain terms and conditions. See store for details. Some restrictions apply.<br><br>Check out this pre-owned 2025 Ford F-150 we recently got in. This Ford includes: ENGINE: 3.5L V6 ECOBOOST HIGH OUTPUT V6 Cylinder Engine Gasoline Fuel Turbocharged *Note - For third party subscriptions or services, please contact the dealer for more information.* This Ford F-150 Raptor's level of quality is not meant for just anyone. It's meant for the person who strives for a classy, comfortable, and luxurious car. With 4WD, you can take this 2025 Ford F-150 Raptor to places roads don't go. It's all about the adventure and getting the most enjoyment out of your new ride. This is about the time when you're saying it is too good to be true, and let us be the one's to tell you, it is absolutely true.<br><br>","[PREMIUM]",23,"1001 Linton Blvd.","Delray Beach","FL","33444","[PREMIUM]"
"788223144","2026-09-06 16:29:53.068","2026-09-15 17:52:46.748","788223144","[PREMIUM]","5725",2025,"BMW","BMW","X5","X5","M60i","SUV","Used","Used 2025 BMW X5 M60i",9945,"[PREMIUM]",,"Great","[PREMIUM]",76600,80200,"Dravit Grey Metallic","GRAY","Tartufo","BEIGE","8CLDR","8-Cylinder Turbo","All wheel drive","AUT","8-Speed Automatic","Automatic","G","Gasoline","Gas",17,22,4.4,false,32,false,false,false,,false,,,"30",576759,"[PREMIUM]","[PREMIUM]","[PREMIUM]",2410,"[PREMIUM]",false,"PARTNER",474233,4.3,50,0,"[""NO_SALVAGE_TITLE"",""NO_ACCIDENTS_REPORTED"",""ONE_OWNER""]","{""exterior"":[""Alloy wheels"",""Auto High-beam Headlights"",""Auto-dimming door mirrors"",""Bumpers: body-color"",""Delay-off headlights"",""Fully automatic headlights"",""Heated door mirrors"",""Power door mirrors"",""Rear window wiper"",""Soft-Close Automatic Doors"",""Spoiler"",""Turn signal indicator mirrors"",""Wheels: 20\"" x 9\"" M Star-Spoke Bi-Color""],""interior"":[""4-Zone Automatic Climate Control"",""Air Conditioning"",""Auto-dimming Rear-View mirror"",""Driver door bin"",""Driver vanity mirror"",""Front & Rear Heated Seats"",""Front Bucket Seats"",""Front Center Armrest"",""Front Ventilated Seats"",""Front dual zone A/C"",""Front reading lights"",""Garage door transmitter"",""Genuine wood console insert"",""Genuine wood dashboard insert"",""Genuine wood door panel insert"",""Head restraints memory"",""Heated Front Seats"",""Heated front seats"",""Leather Shift Knob"",""Leather steering wheel"",""Memory seat"",""Passenger door bin"",""Passenger vanity mirror"",""Power Front Seats"",""Power adjustable front head restraints"",""Power driver seat"",""Power moonroof"",""Power passenger seat"",""Power windows"",""Rear Manual Side Window Shades"",""Rear reading lights"",""Rear seat center armrest"",""Rear window defroster"",""Speed-Sensitive Wipers"",""Split folding rear seat"",""Sport steering wheel"",""Steering wheel memory"",""Steering wheel mounted audio controls"",""Tachometer"",""Telescoping steering wheel"",""Tilt steering wheel"",""Trip computer"",""Variably intermittent wipers"",""Ventilated front seats""],""mechanical"":[""4-Wheel Disc Brakes"",""Adaptive suspension"",""Four wheel independent suspension"",""Power steering"",""Speed-sensing steering""],""other"":[""Active Driving Assistant Pro"",""Apple CarPlay & Android Auto Compatibility"",""Apple CarPlay Compatibility"",""Armrests & Steering Wheel"",""Auto tilt-away steering wheel"",""BMW TeleServices"",""Carbon Fiber Trim"",""Climate Comfort Package"",""Connected Package Pro"",""ConnectedDrive Services"",""Driving Assistance Professional Package"",""Emergency communication system: BMW Assist eCall"",""Executive Package"",""Front anti-roll bar"",""Gesture Control"",""Glass Controls"",""Highway Assistant"",""Illuminated entry"",""Live Cockpit Pro"",""Multi-Contour Seats"",""Outside temperature display"",""Panoramic Sky Lounge LED Roof"",""Parking Assistant Professional"",""Parking View w/3D View (Surround View)"",""Personal eSIM 5G"",""Rear anti-roll bar"",""Sensafin Upholstery"",""Wheels: 22\"" x 9.5\"" Fr/22\"" x 10.5\"" Rr (Style 742M)"",""Wireless Device Charging"",""harman/kardonᆴ Speakers""],""safety"":[""ABS brakes"",""Brake assist"",""Dual front impact airbags"",""Dual front side impact airbags"",""Electronic Stability Control"",""Increased Top Speed Limiter"",""Knee airbag"",""Low tire pressure warning"",""Occupant sensing airbag"",""Overhead airbag"",""Panic alarm"",""Security system"",""Traction control""],""technology"":[""16 Speakers"",""AM/FM Stereo"",""AM/FM radio: SiriusXM with 360L"",""Active Park Distance Control"",""Automatic temperature control"",""BMW Assist eCall"",""Compass"",""Exterior Parking Camera Rear"",""Heads-Up Display"",""Navigation System"",""Parking Assistance Package"",""Radio data system"",""Rain sensing wipers"",""Rear-View Camera"",""Remote keyless entry"",""SiriusXM Satellite Radio"",""Speed control"",""harman/kardon Surround Sound System""]}",123,"2025 BMW X5 M60i Dravit Grey Metallic AWD 4.4L V8 DOHC 32V Twin Turbocharged 8-Speed Automatic Sport<br><br>CARFAX One-Owner. Clean CARFAX.<br><br>Tartufo Leather, Active Driving Assistant Pro, Active Park Distance Control, Driving Assistance Professional Package, Executive Package, Gesture Control, Glass Controls, Highway Assistant, Panoramic Sky Lounge LED Roof, Parking Assistance Package, Parking Assistant Professional, Parking View w/3D View (Surround View), Rear Manual Side Window Shades, Rear-View Camera, Soft-Close Automatic Doors, 16 Speakers, 4-Wheel Disc Brakes, 4-Zone Automatic Climate Control, ABS brakes, Adaptive suspension, Air Conditioning, Alloy wheels, AM/FM radio: SiriusXM with 360L, AM/FM Stereo, Apple CarPlay &amp; Android Auto Compatibility, Apple CarPlay Compatibility, Auto High-beam Headlights, Auto tilt-away steering wheel, Auto-dimming door mirrors, Auto-dimming Rear-View mirror, Automatic temperature control, BMW Assist eCall, BMW TeleServices, Brake assist, Bumpers: body-color, Carbon Fiber Trim, Climate Comfort Package, Compass, Connected Package Pro, ConnectedDrive Services, Delay-off headlights, Driver door bin, Driver vanity mirror, Dual front impact airbags, Dual front side impact airbags, Electronic Stability Control, Emergency communication system: BMW Assist eCall, Exterior Parking Camera Rear, Four wheel independent suspension, Front &amp; Rear Heated Seats, Front anti-roll bar, Front Bucket Seats, Front Center Armrest, Front dual zone A/C, Front reading lights, Front Ventilated Seats, Fully automatic headlights, Garage door transmitter, Genuine wood console insert, Genuine wood dashboard insert, Genuine wood door panel insert, harman/kardon Surround Sound System, harman/kardon&reg; Speakers, Head restraints memory, Heads-Up Display, Heated door mirrors, Heated Front Seats, Heated front seats, Heated Front Seats, Armrests &amp; Steering Wheel, Illuminated entry, Increased Top Speed Limiter, Knee airbag, Leather Shift Knob, Leather steering wheel, Live Cockpit Pro, Low tire pressure warning, Memory seat, Multi-Contour Seats, Navigation System, Occupant sensing airbag, Outside temperature display, Overhead airbag, Panic alarm, Passenger door bin, Passenger vanity mirror, Personal eSIM 5G, Power adjustable front head restraints, Power door mirrors, Power driver seat, Power Front Seats, Power moonroof, Power passenger seat, Power steering, Power windows, Radio data system, Rain sensing wipers, Rear anti-roll bar, Rear reading lights, Rear seat center armrest, Rear window defroster, Rear window wiper, Remote keyless entry, Security system, Sensafin Upholstery, SiriusXM Satellite Radio, Speed control, Speed-sensing steering, Speed-Sensitive Wipers, Split folding rear seat, Spoiler, Sport steering wheel, Steering wheel memory, Steering wheel mounted audio controls, Tachometer, Telescoping steering wheel, Tilt steering wheel, Traction control, Trip computer, Turn signal indicator mirrors, Variably intermittent wipers, Ventilated front seats, Wheels: 20 x 9 M Star-Spoke Bi-Color, Wheels: 22 x 9.5 Fr/22 x 10.5 Rr (Style 742M), Wireless Device Charging, Tartufo Leather, Active Driving Assistant Pro, Active Park Distance Control, Driving Assistance Professional Package, Executive Package, Gesture Control, Glass Controls, Highway Assistant, Panoramic Sky Lounge LED Roof, Parking Assistance Package, Parking Assistant Professional, Parking View w/3D View (Surround View), Rear Manual Side Window Shades, Rear-View Camera, Soft-Close Automatic Doors.<br><br><br>Odometer is 11712 miles below market average!<br><br>Come to www.WinlsowBMW.com to see our Specials!! Sale price includes Delivery and Handling charge of $299. Call us at   For help with any of our Departments!","[PREMIUM]",34,"5845 N NEVADA AVENUE","Colorado Springs","CO","80918","[PREMIUM]"
"790211722","2026-09-06 16:29:53.064","2026-09-06 16:29:53.064","790211722","[PREMIUM]","R270080",2027,"FORD","Ford","EXPEDI","Expedition","Platinum","SUV","New","New 2027 Ford Expedition Platinum w/ Stealth Appearance Package",3,"[PREMIUM]",85575,,"[PREMIUM]",81100,83700,"Black","BLACK","Blk Onyx Heated &ventilat","BLACK","6CLDR","6-Cylinder Turbo","4 wheel drive","AUT","10-Speed Automatic","Automatic","G","Gasoline","Gas",15,22,3.5,false,1,false,true,false,,false,,,"30",73492321,"[PREMIUM]","[PREMIUM]","[PREMIUM]",5017,"[PREMIUM]",false,"PARTNER",481637,4,62,,"[""FREE_REPORT""]","{""exterior"":[""Alloy wheels"",""Auto High-beam Headlights"",""Bumpers: body-color"",""Delay-off headlights"",""Fully automatic headlights"",""Heated door mirrors"",""Power door mirrors"",""Rear window wiper"",""Spoiler"",""Turn signal indicator mirrors""],""interior"":[""3rd row seats: split-bench"",""Adjustable head restraints: driver and passenger w/tilt"",""Air Conditioning"",""Driver door bin"",""Driver vanity mirror"",""Front Bucket Seats"",""Front Center Armrest"",""Front dual zone A/C"",""Front reading lights"",""Garage door transmitter"",""Genuine wood dashboard insert"",""Genuine wood door panel insert"",""Heated front seats"",""Heated rear seats"",""Heated steering wheel"",""Leather steering wheel"",""Memory seat"",""Overhead console"",""Passenger door bin"",""Passenger vanity mirror"",""Power driver seat"",""Power passenger seat"",""Power windows"",""Power-Adjustable Pedals with Memory"",""Rear air conditioning"",""Rear reading lights"",""Rear window defroster"",""Reclining 3rd row seat"",""Speed-Sensitive Wipers"",""Split folding rear seat"",""Steering wheel memory"",""Steering wheel mounted audio controls"",""Tachometer"",""Telescoping steering wheel"",""Tilt steering wheel"",""Trip computer"",""Variably intermittent wipers"",""Ventilated front seats"",""Voltmeter""],""mechanical"":[""3.73 Axle Ratio"",""4-Wheel Disc Brakes"",""Four wheel independent suspension"",""Power steering"",""Speed-sensing steering""],""other"":[""2-Speed Automatic 4WD with Neutral Towing Capability"",""26mm Engine Radiator"",""Apple CarPlay/Android Auto"",""Black Belt Molding"",""Black EXPEDITION Lettering on Hood"",""Black Headlamps Bezel with Ebony Trim Applique"",""Black Platinum Badge on Tailgate"",""BlueCruise Equipped (1 Year + 90-Day Plan)"",""Carbon Black Front Bumper/Fascia"",""Digital Device Holder"",""Driver's Package"",""Ebony Painted Grille"",""Equipment Group 600A Standard Package"",""Ford Co-Pilot360 Active 2.0"",""Ford Connectivity Package (1-Time Purchase - 7 Years)"",""Ford Connectivity Package (1-Year Included)"",""Ford Digital Experience"",""Front License Plate Bracket"",""Front anti-roll bar"",""Heated and Ventilated Leather-Trimmed Front Captain's Chairs"",""Heavy-Duty Trailer Tow"",""Illuminated Rear Spoiler"",""Illuminated entry"",""Intersection Assist"",""Navigation system: Google Maps"",""Outside temperature display"",""Power Panoramic Vista Roof with Power Shade"",""Power Tilt/Telescopic Steering Column with Memory"",""Power-Folding Sideview Mirrors with Autofold"",""Radio: B&O Play Unleashed"",""Radio: B&O Sound System by Bang and Olufsen"",""Rear Side Windows Laminated Glass"",""Rear anti-roll bar"",""SecuriCode Keyless Entry Illuminated Keypad"",""SiriusXM with 360L"",""Stealth Appearance Package"",""Trailer Tow Prep Pack"",""Wheels: 20\"" x 8.5\"" Ebony Bright Machined Aluminum"",""Wheels: 22\"" x 9.0\"" Magnetite Painted Aluminum"",""Wireless Charging Pad""],""safety"":[""ABS brakes"",""Brake assist"",""Dual front impact airbags"",""Dual front side impact airbags"",""Electronic Stability Control"",""Emergency communication system: 911 Assist"",""Lane Change Assist"",""Low tire pressure warning"",""Occupant sensing airbag"",""Overhead airbag"",""Panic alarm"",""Security system"",""Traction control""],""technology"":[""10 Speakers"",""AM/FM radio: SiriusXM with 360L"",""Automatic temperature control"",""Compass"",""Exterior Parking Camera Rear"",""Integrated Trailer Brake Control"",""Radio data system"",""Rain sensing wipers"",""Remote keyless entry"",""Speed control""]}",117,"What are you waiting for? This Ford won't be on the lot long! A safe vehicle to haul your most precious cargo! A turbocharger further enhances performance, while also preserving fuel economy. Top features include rain sensing wipers, leather upholstery, lane departure warning, and 1-touch window functionality. Smooth gearshifts are achieved thanks to the 3.5 liter 6 cylinder engine, and for added security, dynamic Stability Control supplements the drivetrain. Four wheel drive allows you to go places you've only imagined. We pride ourselves in consistently exceeding our customer's expectations. Stop by our dealership or give us a call for more information.","[PREMIUM]",23,"8820 Centerville Rd","Manassas","VA","20110","[PREMIUM]"
"787567792","2026-09-06 16:29:53.055","2026-09-06 16:29:53.055","787567792","[PREMIUM]","51NFS1589A",2025,"GMC","GMC","GMC3500PU","Sierra 3500","Denali Ultimate","TRUCKS","Used","Used 2025 GMC Sierra 3500 Denali Ultimate",9732,"[PREMIUM]",,,"[PREMIUM]",,,"Summit White","WHITE","Alpine Umber","BROWN","8CLDR","8-Cylinder Turbo","4 wheel drive","AUT","10-Speed Automatic","Automatic","D","Diesel","Gas",,,6.6,true,30,false,false,false,,false,,,"30",75830265,"[PREMIUM]","[PREMIUM]","[PREMIUM]",34,"[PREMIUM]",false,"PARTNER",475443,,,0,"[""NO_SALVAGE_TITLE"",""NO_ACCIDENTS_REPORTED"",""ONE_OWNER""]","{""exterior"":[""Alloy wheels"",""Auto High-beam Headlights"",""Auto-dimming door mirrors"",""Bumpers: body-color"",""Delay-off headlights"",""Front fog lights"",""Fully automatic headlights"",""Gooseneck/5th Wheel Prep Package"",""Heated door mirrors"",""IntelliBeam Automatic High Beam On/Off"",""Power door mirrors"",""Rear step bumper"",""Turn signal indicator mirrors""],""interior"":[""120-Volt Bed Mounted Power Outlet"",""120-Volt Instrument Panel Power Outlet"",""Air Conditioning"",""Auto-dimming Rear-View mirror"",""Deep-Tinted Glass"",""Driver Memory"",""Driver door bin"",""Driver vanity mirror"",""Electric Rear-Window Defogger"",""Floor-Mounted Center Console"",""Front Bucket Seats"",""Front Center Armrest"",""Front dual zone A/C"",""Front reading lights"",""Full Grain Leather Seat Trim"",""Garage door transmitter"",""Genuine wood dashboard insert"",""Genuine wood door panel insert"",""Heated front seats"",""Heated rear seats"",""Heated steering wheel"",""LED Cargo Area Lighting"",""Leather steering wheel"",""Manual Tilt-Wheel/Telescoping Steering Column"",""Memory seat"",""Overhead console"",""Passenger door bin"",""Passenger vanity mirror"",""Power Sliding Rear Window w/Defogger"",""Power Sunroof"",""Power driver seat"",""Power moonroof"",""Power passenger seat"",""Power windows"",""Push Button Start"",""Rear reading lights"",""Rear seat center armrest"",""Rear window defroster"",""Split folding rear seat"",""Steering Wheel Audio Controls"",""Steering wheel mounted audio controls"",""Tachometer"",""Telescoping steering wheel"",""Tilt steering wheel"",""Trip computer"",""Universal Home Remote"",""Variably intermittent wipers"",""Ventilated Driver & Front Passenger Seats"",""Ventilated front seats"",""Voltmeter""],""mechanical"":[""2-Speed Active Transfer Case"",""3.42 Rear Axle Ratio"",""4-Wheel Disc Brakes"",""Block heater"",""Front wheel independent suspension"",""Power steering"",""Speed-sensing steering""],""other"":[""16-Way Power Driver Seat Adjuster w/Lumbar"",""16-Way Power Passenger Seat Adjuster w/Lumbar"",""2 Charge-Only Rear USB Ports"",""2 Charge/Data USB Ports Inside Center Console"",""220 Amp Alternator"",""Auto-Dimming Inside Rearview Mirror w/Camera"",""Automatic Emergency Braking"",""Bed View Camera w/2 Trailer Camera Provisions"",""Bose Premium Series 12-Speaker System"",""Buckle to Drive"",""Console-Mounted Safe (LPO)"",""Dual Heavy-Duty 70 Amp-Hr Battery"",""Following Distance Indicator"",""Forward Collision Alert"",""Front License Plate Kit"",""Front Pedestrian Braking"",""Front anti-roll bar"",""GMC MultiPro Tailgate Step Lights (LPO)"",""GMC Premium 13.4\"" Diagonal Information Display"",""HD Surround Vision"",""Heated 2nd Row Outboard Seats"",""Heated Driver & Front Outboard Passenger Seats"",""Hitch Guidance w/Hitch View"",""Hitch Package (LPO)"",""Illuminated entry"",""In-Vehicle Trailering App"",""Keyless Open & Start"",""LED Smoked Amber Roof Marker Lamps"",""Multicolor 15\"" Diagonal Head-Up Display"",""Outside temperature display"",""Pickup Bed"",""Power Front Windows w/Passenger Express Up/Down"",""Preferred Equipment Group 5SB"",""Prem Front Floor Liners w/Removable Carpet Insert"",""Prem Rear Floor Liners w/Removable Carpet Insert"",""ProGrade Trailering System"",""Radio: AM/FM w/Premium GMC Infotainment System"",""Safety Alert Seat"",""Signature Denali Ultimate Grille in Vader Chrome"",""SiriusXM w/360L Trial Subscription"",""Snow Plow Prep/Camper Package"",""Spray-On Pickup Bedliner w/GMC Logo"",""Technology Package"",""Trailer Camera Provisions"",""Trailer Side Blind Zone Alert"",""Trailer Tire Pressure Monitor Sensors""],""safety"":[""ABS brakes"",""Brake assist"",""Dual front impact airbags"",""Dual front side impact airbags"",""Electronic Stability Control"",""Lane Departure Warning System"",""Low tire pressure warning"",""Occupant sensing airbag"",""Overhead airbag"",""Panic alarm"",""Rear Cross Traffic Alert"",""Security system"",""Traction control"",""Unauthorized Entry Theft-Deterrent System""],""technology"":[""12 Speakers"",""2 USB Ports"",""AM/FM radio: SiriusXM with 360L"",""Automatic temperature control"",""Compass"",""Exterior Parking Camera Rear"",""Front Rain-Sensing Wipers"",""Heads-Up Display"",""Rain sensing wipers"",""Remote Vehicle Starter System"",""Remote keyless entry"",""Speed control"",""Ultrasonic Front & Rear Park Assist""]}",143,"Clean CARFAX. CARFAX One-Owner. Summit White 2025 GMC Sierra 3500HD Denali Ultimate 4WD 10-Speed Automatic, 4WD, Alpine Umber Leather.","[PREMIUM]",32,"460 TARRYTOWN RD","White Plains","NY","10607","[PREMIUM]"
"789933813","2026-09-06 16:29:53.050","2026-09-15 16:52:14.805","789933813","[PREMIUM]","PTL006871A",2023,"POR","Porsche","PANAMERA","Panamera",,"HATCH","Certified","Certified 2023 Porsche Panamera",17486,"[PREMIUM]",,,"[PREMIUM]",86036,90136,"Jet Black Metallic","BLACK","Black/Luxor Beige","BEIGE","6CLDR","6-Cylinder Turbo",,"AUT","8-Speed Automatic","Automatic","G","Gasoline","Gas",18,24,2.9,true,13,false,false,false,,false,,,"30",63271509,"[PREMIUM]","[PREMIUM]","[PREMIUM]",693,"[PREMIUM]",false,"PARTNER",464952,4.5,15,0,"[""NO_SALVAGE_TITLE"",""NO_ACCIDENTS_REPORTED"",""NO_ONE_OWNER""]","{""exterior"":[""Alloy wheels"",""Auto-dimming door mirrors"",""Bumpers: body-color"",""Delay-off headlights"",""Fully automatic headlights"",""Heated door mirrors"",""Power door mirrors"",""Rear fog lights"",""Spoiler""],""interior"":[""8-Way Power Seats"",""Air Conditioning"",""Auto-dimming Rear-View mirror"",""Driver door bin"",""Driver vanity mirror"",""Front Bucket Seats"",""Front Center Armrest"",""Front dual zone A/C"",""Front reading lights"",""Heated front seats"",""Leather Shift Knob"",""Leather steering wheel"",""Memory seat"",""Overhead console"",""Partial Leather Seat Trim"",""Passenger door bin"",""Passenger vanity mirror"",""Power Liftgate"",""Power driver seat"",""Power moonroof"",""Power passenger seat"",""Power windows"",""Rear reading lights"",""Rear seat center armrest"",""Rear window defroster"",""Split folding rear seat"",""Steering wheel mounted audio controls"",""Tachometer"",""Telescoping steering wheel"",""Tilt steering wheel"",""Trip computer"",""Variably intermittent wipers""],""mechanical"":[""4-Wheel Disc Brakes"",""Adaptive suspension"",""Four wheel independent suspension"",""Power steering""],""other"":[""Apple CarPlay"",""Front anti-roll bar"",""Illuminated entry"",""Outside temperature display"",""Rear anti-roll bar"",""Wheels: 19\"" Panamera""],""safety"":[""ABS brakes"",""Brake assist"",""Dual front impact airbags"",""Dual front side impact airbags"",""Electronic Stability Control"",""Knee airbag"",""Low tire pressure warning"",""Occupant sensing airbag"",""Overhead airbag"",""Panic alarm"",""Rear side impact airbag"",""Security system"",""Traction control""],""technology"":[""10 Speakers"",""AM/FM radio: SiriusXM"",""Automatic temperature control"",""Compass"",""Exterior Parking Camera Rear"",""Garage door transmitter: HomeLink"",""Navigation System"",""Porsche Communication Management"",""Radio data system"",""Rain sensing wipers"",""Remote keyless entry"",""Speed control""]}",76,"Certified!  Recent Trade In! Jet Black Metallic 2023 Porsche Panamera RWD 8-Speed Porsche Doppelkupplung (PDK) V614-Way Power Seats w/Comfort Memory, 4-Zone Climate Control, Adaptive Air Suspension w/PASM, Ambient Lighting Plus, BOSE Surround Sound System, Front Seat Ventilation, Lane Change Assist (LCA), LED Headlights w/Porsche Dynamic Light System, Power Steering Plus, Premium Package, Rear 2+1 Seats, Rear Heated Seats, Soft Close Doors, Sport Tailpipes in Black.<br><br><br><br>Johnson Porsche Annapolis is leading the way in DMV area with the BEST selection of quality, pre-owned vehicles.<br>PORSCHE ANNAPOLIS AWARDS -<br>DealerRater &amp; Cars.com 2025 Customer Satisfaction Award<br>Edmunds 5 Star Dealer<br>Carfax 2024 Top-Rated Lifetime Dealer<br>. Odometer is 3591 miles below market average!<br><br>Porsche Approved Certified Pre-Owned Details:<br><br>  * Includes Trip Interruption reimbursement<br>  * Warranty Deductible: $0<br>  * Transferable Warranty<br>  * Vehicle History<br>  * Roadside Assistance<br>  * Limited Warranty: 24 Month/Unlimited Mile beginning after new car warranty expires or from certified purchase date<br>  * Multipoint Point Inspection<br><br><br>See something you like at another Johnson Automotive dealership? We can transfer it! Please speak with an associate for details.<br>.","[PREMIUM]",32,"20 HUDSON ST","Annapolis","MD","21401","[PREMIUM]"
"790097150","2026-09-06 16:29:53.039","2026-09-15 16:52:14.746","790097150","[PREMIUM]","SL152747L",2025,"POR","Porsche","PORMACAN","Macan","4S Electric","SUV","Certified","Certified 2025 Porsche Macan 4S Electric",5237,"[PREMIUM]",,"Great","[PREMIUM]",79702,88602,"White","WHITE","Black","BLACK","EL","Electric","All wheel drive","AUT","Single-Speed","Automatic","E","Electric","Electric",,,,true,12,false,false,false,,false,,,"30",100237,"[PREMIUM]","[PREMIUM]","[PREMIUM]",3681,"[PREMIUM]",false,"PARTNER",476037,0,0,0,"[""NO_SALVAGE_TITLE"",""NO_ACCIDENTS_REPORTED"",""ONE_OWNER""]","{""exterior"":[""Auto-dimming door mirrors""],""interior"":[""Front Ventilated Seats"",""Heated front seats"",""Panoramic roof"",""Rear Heated Seat""],""other"":[""14-Way Comfort Seats with Comfort Memory"",""4-Zone Advanced Climate Control"",""LED-Matrix Design Headlights"",""Navigation system: Porsche Communication Management (PCM)"",""Premium Package"",""Wheel Center Caps with Colored Porsche Crest"",""Wheels: 21\"" Macan Design""],""technology"":[""BOSE Surround Sound System""]}",13,"The Collection Porsche is proud to present this exceptional Porsche Approved Certified pre-owned vehicle. Thoroughly inspected and reconditioned, it meets the high standards our clients expect and the rigorous requirements associated with the Porsche brand.<br><br>This 2025 Porsche Macan Electric 4S combines zero-emission performance with sophisticated design and technology. With just 5,237 miles, this white beauty delivers impressive efficiency at 98 MPGe city and 83 MPGe highway, proving that electric luxury doesn't compromise on driving range or capability. The 442-horsepower electric motor and all-wheel drive system provide responsive, seamless acceleration wrapped in Porsche's unmistakable engineering excellence.<br><br>- BOSE Surround Sound System<br>- 4-Zone Advanced Climate Control<br>- LED-Matrix Design Headlights<br>- 14-Way Comfort Seats with Comfort Memory<br>- Front Ventilated Seats<br>- Rear Heated Seats<br>- 21 Macan Design Wheels<br>- Auto-dimming door mirrors<br>- Panoramic roof<br>- Premium Package<br><br>This Macan Electric has been meticulously inspected and reconditioned to meet rigorous Porsche standards. Every system has been thoroughly evaluated to ensure it delivers the performance and reliability you expect from this iconic brand.<br><br>- Multipoint Inspection<br>- Roadside Assistance<br>- Warranty Deductible: $0<br>- Transferable Warranty<br>- Vehicle History<br>- Limited Warranty: 24 Month/Unlimited Mile beginning after new car warranty expires or from certified purchase date<br>- Includes Trip Interruption reimbursement<br><br>Visit our showroom to experience the future of luxury driving in this stunning electric Macan. Let our team demonstrate why this certified pre-owned powerhouse is the perfect choice for the discerning driver.","[PREMIUM]",28,"200 BIRD RD","Coral Gables","FL","33146","[PREMIUM]"
"790114938","2026-09-06 14:30:03.721","2026-09-06 14:30:03.721","790114938","[PREMIUM]","51817",2025,"KIA","Kia","KIAK4","K4",,"SEDAN","Used","Used 2025 Kia K4",36617,"[PREMIUM]",,,"[PREMIUM]",0,0,"Snow White Pearl","WHITE","Gray","GRAY","4CLDR","4-Cylinder","2 wheel drive - front","AUT","Continuously Variable Automatic","Automatic","G","Gasoline","Gas",29,39,2,false,2,false,true,false,,false,,,"30",69204631,"[PREMIUM]","[PREMIUM]","[PREMIUM]",243,"[PREMIUM]",false,"PARTNER",0,,,0,"[""NO_SALVAGE_TITLE"",""NO_FRAME_DAMAGE"",""NO_FLOOD_WATER_DAMAGE"",""NO_ACCIDENTS_REPORTED"",""ONE_OWNER"",""FREE_REPORT""]","{""exterior"":[""Black Power Heated Side Mirrors w/Manual Folding""],""interior"":[""Gray  Cloth seat trim""],""other"":[""4-Wheel Disc Brakes w/4-Wheel ABS  Front Vented Discs  Brake Assist  Hill Hold Control and Electric Parking Brake"",""Blind-Spot Collision-Avoidance Assist (BCA) Blind Spot"",""Rear View Monitor with Parking Guidance Back-Up Camera"",""Snow white pearl ($395.00 )""],""safety"":[""Tire Specific Low Tire Pressure Warning""]}",7,"At Hertz Car Sales, view our thousands of vehicles with pricing often below market value! Take advantage of no-haggle pricing, our 7 day/250 mile Buy Back Guarantee, as well as a standard 12mth/12K mile limited powertrain warranty on every Certified vehicle. We have financing options for almost every budget and can provide competitive trade-in appraisals at our location. We have additional protection products available to protect your investment, and can ship your car to your door! Contact us today to find out more!<br><br>Recent Arrival! Certified. Snow White Pearl 2025 Kia K4 LXS FWD CVT 2.0L I4 MPI<br><br>29/39 City/Highway MPG<br><br>Certification Program Details: At Hertz Car Sales every retail vehicle undergoes an inspection process to make sure they meet quality standards. Also, all our vehicles come with a free Auto check vehicle history report. Visit /nashville or call us at  .<br><br>*Price excludes government fees and taxes, any finance charges, any electronic filing charge, and any emission testing charge. The price includes a dealer document preparation charge of $698.","[PREMIUM]",41,"1201 Briley Parkway","Nashville","TN","37217","[PREMIUM]"
"789880178","2026-09-06 14:30:03.371","2026-09-06 14:30:03.371","789880178","[PREMIUM]","M306178A",2019,"LINC","Lincoln","LINCMKC","MKC","Select","SUV","Used","Used 2019 Lincoln MKC Select w/ Select Plus Package",41253,"[PREMIUM]",,"Good","[PREMIUM]",16940,18890,"White Platinum Clearcoat Metal","WHITE","Ebony","BLACK","4CLDR","4-Cylinder Turbo","2 wheel drive - front","AUT","6-Speed Automatic","Automatic","G","Gasoline","Gas",20,27,2,true,4,false,true,false,,false,,,"30",66340207,"[PREMIUM]","[PREMIUM]","[PREMIUM]",5457,"[PREMIUM]",false,"PARTNER",436565,4.5,76,1,"[""NO_SALVAGE_TITLE"",""NO_ACCIDENTS_REPORTED"",""ONE_OWNER""]","{""exterior"":[""18\"" Painted Aluminum Wheels"",""Alloy wheels"",""Bumpers: body-color"",""Delay-off headlights"",""Front fog lights"",""Fully automatic headlights"",""Heated door mirrors"",""Power door mirrors"",""Rear window wiper"",""Spoiler"",""Turn signal indicator mirrors""],""interior"":[""**Leather Seats"",""Air Conditioning"",""Auto-dimming Rear-View mirror"",""Driver door bin"",""Driver vanity mirror"",""Front Bucket Seats"",""Front Center Armrest"",""Front dual zone A/C"",""Front reading lights"",""Garage door transmitter"",""Genuine wood dashboard insert"",""Genuine wood door panel insert"",""Heated front seats"",""Memory seat"",""Overhead console"",""Passenger door bin"",""Passenger vanity mirror"",""Power Liftgate"",""Power driver seat"",""Power passenger seat"",""Power windows"",""Rear reading lights"",""Rear seat center armrest"",""Rear window defroster"",""Speed-Sensitive Wipers"",""Split folding rear seat"",""Steering wheel memory"",""Steering wheel mounted audio controls"",""Tachometer"",""Telescoping steering wheel"",""Tilt steering wheel"",""Trip computer"",""Variably intermittent wipers""],""mechanical"":[""3.36 Axle Ratio"",""4-Wheel Disc Brakes"",""Four wheel independent suspension"",""Power steering"",""Speed-sensing steering""],""other"":[""**Excellent Condition"",""**Local Trade"",""AppLink/Apple CarPlay and Android Auto"",""Auto tilt-away steering wheel"",""Equipment Group 200A"",""Front anti-roll bar"",""Illuminated entry"",""Outside temperature display"",""Premium Heated Leather-Trimmed Bucket Seats"",""Rear anti-roll bar"",""Roof rack: rails only"",""Select Plus Package""],""safety"":[""ABS brakes"",""Blind Spot Info System w/Cross Traffic Alert"",""Brake assist"",""Dual front impact airbags"",""Dual front side impact airbags"",""Electronic Stability Control"",""Emergency communication system: SYNC 3 911 Assist"",""Knee airbag"",""Low tire pressure warning"",""Occupant sensing airbag"",""Overhead airbag"",""Panic alarm"",""Security system"",""Traction control""],""technology"":[""**Back Up Camera"",""**USB Ports"",""**XM Radio"",""10 Speakers"",""AM/FM radio: SiriusXM"",""Automatic temperature control"",""CD player"",""Compass"",""Exterior Parking Camera Rear"",""Radio data system"",""Radio: Audio System w/Single CD/MP3"",""Remote keyless entry"",""SYNC 3 Communications & Entertainment System"",""SiriusXM Radio"",""Speed control"",""Voice-Activated Touchscreen Navigation System""]}",91,"2019 Lincoln MKC Select<br><br><br>This vehicle has passed a thorough 160 Point Inspection conducted by our Factory Trained Technicians.<br><br>**Local Trade, **Excellent Condition, **Back Up Camera, **Leather Seats, **USB Ports, **XM Radio, 10 Speakers, 4-Wheel Disc Brakes, ABS brakes, Alloy wheels, AppLink/Apple CarPlay and Android Auto, Auto tilt-away steering wheel, Automatic temperature control, Blind Spot Info System w/Cross Traffic Alert, Brake assist, Bumpers: body-color, Delay-off headlights, Driver vanity mirror, Electronic Stability Control, Equipment Group 200A, Exterior Parking Camera Rear, Four wheel independent suspension, Front Bucket Seats, Front dual zone A/C, Front fog lights, Front reading lights, Fully automatic headlights, Garage door transmitter, Genuine wood dashboard insert, Genuine wood door panel insert, Heated door mirrors, Heated front seats, Illuminated entry, Low tire pressure warning, Memory seat, Outside temperature display, Panic alarm, Passenger vanity mirror, Power driver seat, Power Liftgate, Security system, Select Plus Package, Speed control, Speed-sensing steering, Spoiler, Steering wheel memory, Steering wheel mounted audio controls, Tachometer, Telescoping steering wheel, Tilt steering wheel, Traction control, Trip computer, Turn signal indicator mirrors, Voice-Activated Touchscreen Navigation System.<br><br>Lifetime Powertrain Warranty at NO additional cost. Unlimited miles, Unlimited years. See Dealer for Details!","[PREMIUM]",2,"3434 Bill Smith Drive","Murfreesboro","TN","37129","[PREMIUM]"
"790090231","2026-09-06 14:30:03.361","2026-09-15 14:35:19.764","790090231","[PREMIUM]","TFX476550",2015,"TOYOTA","Toyota","TUNDRA","Tundra","SR5","TRUCKS","Used","Used 2015 Toyota Tundra SR5 w/ SR5 Upgrade Package",249816,"[PREMIUM]",,"Good","[PREMIUM]",13390,15990,"Magnetic Gray Metallic","GRAY","Black","BLACK","8CLDR","8-Cylinder","4 wheel drive","AUT","6-Speed Automatic","Automatic","F","Flexible Fuel","Gas",13,17,5.7,false,12,false,false,true,,false,,,"30",72892659,"[PREMIUM]","[PREMIUM]","[PREMIUM]",1406,"[PREMIUM]",false,"PARTNER",402405,4.6,1086,0,"[""NO_SALVAGE_TITLE"",""ACCIDENTS_REPORTED"",""NO_ONE_OWNER""]","{""exterior"":[""Front fog lights"",""Heated door mirrors"",""Power door mirrors"",""Rear step bumper""],""interior"":[""Air Conditioning"",""Driver door bin"",""Driver vanity mirror"",""Front Bucket Seats"",""Front reading lights"",""Overhead console"",""Passenger door bin"",""Passenger vanity mirror"",""Power windows"",""Rear reading lights"",""Rear seat center armrest"",""Rear window defroster"",""Split folding rear seat"",""Tachometer"",""Tilt steering wheel"",""Variably intermittent wipers"",""Voltmeter""],""mechanical"":[""4-Wheel Disc Brakes"",""4.30 Axle Ratio"",""Front wheel independent suspension"",""Power steering"",""Speed-sensing steering""],""other"":[""Front anti-roll bar"",""Illuminated entry"",""Outside temperature display""],""safety"":[""ABS brakes"",""Brake assist"",""Dual front impact airbags"",""Dual front side impact airbags"",""Electronic Stability Control"",""Knee airbag"",""Low tire pressure warning"",""Occupant sensing airbag"",""Overhead airbag"",""Panic alarm"",""Traction control""],""technology"":[""AM/FM radio: SiriusXM"",""CD player"",""Compass"",""Exterior Parking Camera Rear"",""Remote keyless entry"",""Speed control""]}",46,"This 2015 Toyota Tundra delivers the capability and durability you expect from a legendary pickup truck. Built with a powerful 5.7L 8-Cylinder engine and equipped with 4WD, this Tundra is ready for work or weekend adventures. The gray exterior gives it a clean, professional appearance, while the SR5 Upgrade Package adds refined comfort and convenience to your driving experience.<br><br>Key Features:<br>- 5.7L 8-Cylinder SMPI DOHC with 6-Speed Automatic Transmission<br>- 4WD capability for all-weather performance<br>- SR5 Upgrade Package<br>- ENTUNE AM/FM/HD Radio with CD Player and SiriusXM<br>- Rear Backup Camera for added safety and convenience<br>- Electronic Stability Control and Traction Control<br>- Dual front impact airbags with knee and overhead airbags<br>- Heated power door mirrors with remote keyless entry<br>- Front fog lights and front bucket seats<br>- Tilt steering wheel and speed control<br><br>This Tundra is built tough and continues to deliver the reliability Toyota owners trust. With Electronic Stability Control, comprehensive airbag protection, and modern convenience features, this pickup combines safety and comfort in one capable package. We invite you to visit our showroom to experience this Tundra firsthand and see why it remains one of the most dependable trucks on the road.","[PREMIUM]",39,"5300 Mount View Rd","Antioch","TN","37013","[PREMIUM]"
"790114939","2026-09-06 14:30:03.354","2026-09-15 14:35:20.889","790114939","[PREMIUM]","51812",2025,"NISSAN","Nissan","VERSA","Versa","SV","SEDAN","Used","Used 2025 Nissan Versa SV",37322,"[PREMIUM]",,"Good","[PREMIUM]",15530,18430,"Gun Metallic","GRAY","Graphite","GRAY","4CLDR","4-Cylinder","2 wheel drive - front","AUT","Continuously Variable Automatic","Automatic","G","Gasoline","Gas",32,40,1.6,false,12,false,false,false,,false,,,"30",69204631,"[PREMIUM]","[PREMIUM]","[PREMIUM]",245,"[PREMIUM]",false,"PARTNER",474154,4.1,23,0,"[""NO_SALVAGE_TITLE"",""NO_FRAME_DAMAGE"",""NO_FLOOD_WATER_DAMAGE"",""NO_ACCIDENTS_REPORTED"",""ONE_OWNER"",""FREE_REPORT""]","{""exterior"":[""Body-Colored Power Heated Side Mirrors w/Manual Folding"",""Gun metallic""],""other"":[""Front Disc/Rear Drum Brakes w/4-Wheel ABS  Front Vented Discs  Brake Assist and Hill Hold Control"",""Graphite  Upgraded cloth seat trim""],""safety"":[""Blind Spot Warning (BSW) Blind Spot"",""Tire Specific Low Tire Pressure Warning""],""technology"":[""RearView Monitor Back-Up Camera""]}",7,"At Hertz Car Sales, view our thousands of vehicles with pricing often below market value! Take advantage of no-haggle pricing, our 7 day/250 mile Buy Back Guarantee, as well as a standard 12mth/12K mile limited powertrain warranty on every Certified vehicle. We have financing options for almost every budget and can provide competitive trade-in appraisals at our location. We have additional protection products available to protect your investment, and can ship your car to your door! Contact us today to find out more!<br><br>Recent Arrival! Certified. Gun Metallic 2025 Nissan Versa 1.6 SV FWD CVT 1.6L I4 DOHC 16V<br><br>32/40 City/Highway MPG<br><br>Certification Program Details: At Hertz Car Sales every retail vehicle undergoes an inspection process to make sure they meet quality standards. Also, all our vehicles come with a free Auto check vehicle history report. Visit /nashville or call us at  .<br><br>*Price excludes government fees and taxes, any finance charges, any electronic filing charge, and any emission testing charge. The price includes a dealer document preparation charge of $698.","[PREMIUM]",40,"1201 Briley Parkway","Nashville","TN","37217","[PREMIUM]"
"789499147","2026-09-06 12:29:35.343","2026-09-06 12:29:35.343","789499147","[PREMIUM]","SP2836",2023,"CAD","Cadillac","ESCALAESV","Escalade ESV","Sport","SUV","Used","Used 2023 Cadillac Escalade ESV Sport w/ Touring Package",68461,"[PREMIUM]",,"Good","[PREMIUM]",61307,65707,"Crystal White Tricoat","WHITE","Brandy With Very Dark Atmosphe","BROWN","8CLDR","8-Cylinder","4 wheel drive","AUT","10-Speed Automatic","Automatic","G","Gasoline","Gas",14,18,6.2,true,8,false,false,false,,false,,,"30",73441933,"[PREMIUM]","[PREMIUM]","[PREMIUM]",4163,"[PREMIUM]",false,"PARTNER",461345,4,1,0,"[""NO_SALVAGE_TITLE"",""NO_FRAME_DAMAGE"",""NO_FLOOD_WATER_DAMAGE"",""NO_ACCIDENTS_REPORTED"",""ONE_OWNER"",""FREE_REPORT""]","{""exterior"":[""Alloy wheels"",""Auto High-beam Headlights"",""Auto-dimming door mirrors"",""Body-Color Door Handles"",""Bumpers: body-color"",""Delay-off headlights"",""Fully automatic headlights"",""Heated door mirrors"",""Power door mirrors"",""Rear window wiper"",""Spoiler"",""Turn signal indicator mirrors""],""interior"":[""2-Presets Memory For Driver Seat Adjuster"",""2-Way Front Passenger Power Lumbar Seat Adjuster"",""3rd row seats: split-bench"",""4-Way Power Driver Lumbar Seat Adjuster"",""4-Way Power Front Passenger Lumbar Seat Adjuster"",""8-Way Power Driver Seat Adjuster"",""8-Way Power Front Passenger Seat Adjuster"",""Air Conditioning"",""Cooled Seats"",""Driver door bin"",""Driver vanity mirror"",""Front Bucket Seats"",""Front Center Armrest w/Storage"",""Front dual zone A/C"",""Front reading lights"",""Garage door transmitter"",""Heated & Ventilated Driver & Front Passenger Seats"",""Heated Driver & Front Passenger Seats"",""Heated Seats"",""Heated front seats"",""Heated rear seats"",""Heated steering wheel"",""Memory seat"",""Overhead console"",""Passenger door bin"",""Passenger vanity mirror"",""Power Liftgate"",""Power driver seat"",""Power moonroof"",""Power passenger seat"",""Power windows"",""Rear air conditioning"",""Rear reading lights"",""Rear window defroster"",""Split folding rear seat"",""Steering wheel memory"",""Steering wheel mounted audio controls"",""Tachometer"",""Telescoping steering wheel"",""Tilt steering wheel"",""Trip computer""],""mechanical"":[""2-Speed Active Transfer Case"",""3.23 Axle Ratio"",""4-Wheel Disc Brakes"",""Adaptive suspension"",""Air Ride Adaptive Suspension"",""Electronic Limited-Slip Differential"",""Extra Capacity Cooling System"",""Four wheel independent suspension"",""Heavy-Duty Trailering Package"",""Magnetic Ride Control Suspension"",""Power steering""],""other"":[""16.9\"" Diagonal OLED Infotainment Screen"",""2-Way Driver Power Lumbar Seat Adjuster"",""3 Years of OnStar & Connected Services Plan"",""AKG Studio 19-Speaker Audio System"",""AKG Studio Reference 36-Speaker Audio System"",""Apple CarPlay/Android Auto"",""Apple Carplay / Android Auto"",""Auto tilt-away steering wheel"",""Blackout Package"",""CARFAX 1-Owner"",""Clean CARFAX!"",""Door Lock & Latch Shields"",""Emergency communication system: OnStar and Cadillac connected services capable"",""Enhanced Automatic Emergency Braking"",""Enhanced Automatic Parking Assist"",""Front License Plate Bracket"",""Front anti-roll bar"",""Glass Breakage Sensor"",""Hitch Guidance w/Hitch View"",""Illuminated entry"",""Illuminating Front & Rear Sill Plates"",""Leather Seating Surfaces w/Precision Perf Inserts"",""Local Trade"",""Low Miles"",""Non-Smoker"",""Not Equipped w/2nd Row Express-Up Window Control"",""Not Equipped w/4-Way Driver & Fr Pass Pwr Lumbar"",""Not Equipped w/Super Cruise"",""Not Equipped w/Super Cruise (00U)"",""Outside temperature display"",""Power Panoramic Tilt-Sliding Sunroof"",""Power-Retractable Assist Steps"",""Preferred Equipment Group 1SC"",""Puddle Lamps w/Cadillac Crest (LPO)"",""Rear anti-roll bar"",""Reverse Automatic Braking"",""Running Board Assist Steps"",""Smart Trailer Integration Indicator"",""Soft Closing Front & Rear Doors"",""Super Cruise"",""Teen Driver"",""Touring Package"",""Trailer Side Blind Zone Alert"",""Trailering Assist Guidelines""],""safety"":[""ABS brakes"",""Automatic Seat Belt Tightening"",""Brake assist"",""Dual front impact airbags"",""Dual front side impact airbags"",""Electronic Stability Control"",""Low tire pressure warning"",""Occupant sensing airbag"",""Overhead airbag"",""Panic alarm"",""Rear Cross Traffic Alert"",""Security system"",""Theft-Deterrent Alarm System"",""Traction control"",""Trailer Tire Pressure Monitoring System""],""technology"":[""19 Speakers"",""AM/FM radio: SiriusXM with 360L"",""Adaptive Cruise Control"",""Audio memory"",""Automatic temperature control"",""Bluetooth"",""Compass"",""Exterior Parking Camera Rear"",""HD Radio"",""Heads-Up Display"",""Integrated Trailer Brake Controller"",""Intelligent Cruise Control"",""Navigation System"",""Night Vision"",""Radio data system"",""Radio: AM/FM w/Navigation"",""Rain sensing wipers"",""Rear Camera Mirror"",""Rear Camera Mirror Washer"",""Reconfigurable Full-Color Head-Up Display"",""Remote keyless entry"",""SiriusXM w/360L"",""Speed control""]}",146,"Bayway Cadillac Southwest is proud to present you this 2026 Cadillac Escalade IQ Luxury! Vehicle pricing does not include sales tax, tint, ppf, lojack, title and registration, or optional dealer adds. Please see dealer for complete details.<br><br>This 2023 Cadillac Escalade ESV Sport delivers commanding presence and refined luxury in stunning White. Powered by a 6.2L V8 with 10-speed automatic transmission and AWD capability, this full-size SUV combines performance with the sophistication expected from Cadillac's premium lineup. With low mileage and a clean CARFAX history as a one-owner vehicle, this is an exceptional opportunity to own a meticulously maintained example.<br><br>Key Features:<br>- Apple CarPlay and Android Auto integration<br>- Blackout Package for aggressive styling<br>- Cooled and heated front seats for all-season comfort<br>- Intelligent Cruise Control with adaptive technology<br>- AKG Studio Reference 36-speaker audio system<br>- Night Vision for enhanced visibility<br>- Super Cruise semi-autonomous driving capability<br>- Air Ride Adaptive Suspension with magnetic damping<br>- Soft-closing front and rear doors<br>- Power-retractable assist steps with perimeter lighting<br><br>This Escalade ESV Sport comes equipped with premium leather seating with faceted quilting, a power panoramic sunroof, and advanced safety features including enhanced automatic emergency braking and rear cross traffic alert. The 22-inch polished alloy wheels and illuminated sill plates underscore the vehicle's upscale character. OnStar and connected services are included for three years, ensuring you remain connected on every journey.<br><br>Visit us today to experience this exceptional Cadillac firsthand. Our team is ready to discuss the full range of available features and help arrange your test drive.","[PREMIUM]",30,"10150 SOUTHWEST FWY","Houston","TX","77074","[PREMIUM]"
"789879106","2026-09-06 12:29:35.027","2026-09-15 12:31:17.209","789879106","[PREMIUM]","TPFC61299",2023,"FORD","Ford","F150PICKUP","F150","Raptor","TRUCKS","Certified","Certified 2023 Ford F150 Raptor w/ Raptor Carbon Fiber Package",28827,"[PREMIUM]",,"Good","[PREMIUM]",65362,70362,"White","WHITE","Black","BLACK","6CLDR","6-Cylinder Turbo","4 wheel drive","AUT","10-Speed Automatic","Automatic","G","Gasoline","Gas",14,16,3.5,true,14,false,false,false,,false,,,"30",96700,"[PREMIUM]","[PREMIUM]","[PREMIUM]",5204,"[PREMIUM]",false,"PARTNER",462192,4.2,60,0,"[""NO_SALVAGE_TITLE"",""NO_ACCIDENTS_REPORTED"",""ONE_OWNER""]","{""exterior"":[""Aluminum Wheels"",""Automatic Headlights"",""Automatic Highbeams"",""Fog Lamps"",""Heated Mirrors"",""Integrated Turn Signal Mirrors"",""LED Headlights"",""Mirror Memory"",""Power Folding Mirrors"",""Power Mirror(s)"",""TOUGH BED SPRAY-IN BEDLINER"",""Tires - Front All-Terrain"",""Tires - Rear All-Terrain"",""Tow Hitch""],""interior"":[""A/C"",""Adjustable Pedals"",""Auto-Dimming Rearview Mirror"",""Climate Control"",""Cooled Front Seat(s)"",""Driver Adjustable Lumbar"",""Heated Front Seat(s)"",""Heated Rear Seat(s)"",""Heated Steering Wheel"",""Intermittent Wipers"",""Leather Seats"",""Leather Steering Wheel"",""Multi-Zone A/C"",""Pass-Through Rear Seat"",""Passenger Adjustable Lumbar"",""Power Door Locks"",""Power Driver Seat"",""Power Passenger Seat"",""Power Windows"",""Privacy Glass"",""Rear Bench Seat"",""Rear Defrost"",""Seat Memory"",""Steering Wheel Audio Controls"",""Trip Computer"",""Universal Garage Door Opener""],""mechanical"":[""Active Suspension"",""Four Wheel Drive"",""Turbocharged""],""other"":[""Cruise Control Steering Assist"",""Driver Monitoring"",""Driver Restriction Features"",""ENGINE: 3.5L V6 ECOBOOST HIGH OUTPUT  -inc: auto start-stop technology (STD)"",""Front Collision Mitigation"",""Locking/Limited Slip Differential"",""MOONROOF & TAILGATE  -inc: Power Tailgate  Twin Panel Moonroof"",""Rear Collision Mitigation"",""Requires Subscription"",""Running Boards/Side Steps"",""Smart Device Integration"",""Tow Hooks""],""safety"":[""ABS"",""Blind Spot Monitor"",""Brake Assist"",""Child Safety Locks"",""Conventional Spare Tire"",""Cross-Traffic Alert"",""Daytime Running Lights"",""Front Head Air Bag"",""Front Side Air Bag"",""Lane Departure Warning"",""Lane Keeping Assist"",""Rear Head Air Bag"",""Security System"",""Stability Control"",""Tire Pressure Monitor"",""Traction Control""],""technology"":[""Adaptive Cruise Control"",""Auxiliary Audio Input"",""Back-Up Camera"",""Bluetooth Connection"",""Cruise Control"",""HD Radio"",""Immobilizer"",""Keyless Entry"",""Keyless Start"",""MP3 Capability"",""Navigation System"",""Premium Sound System"",""Rain Sensing Wipers"",""Rear Parking Aid"",""Remote Engine Start"",""Satellite Radio"",""Telematics"",""WiFi Hotspot""]}",89,"BEDLINER, ONE OWNER, CERTIFIED WARRANTY, BACK-UP CAMERA, 4X4, LEATHER, HEATED REAR SEATS, HEATED FRONT SEATS, COOLED FRONT SEATS, HEATED STEERING WHEEL, NAVIGATION, LANE DEPARTURE WARNING, BLUETOOTH&reg;, MOONROOF, REAR PARKING AID, MP3 Player, BLIND SPOT MONITORING, NO ACCIDENTS on CARFAX, 9 SERVICE RECORDS FOUND ON CARFAX, KEYLESS ENTRY, SAT RADIO, LED HEADLIGHTS, RUNNING BOARDS, TURBOCHARGED, ALLOY WHEELS.Price excludes required taxes, tag and title fee but includes the $220 documentary fee.We have taken reasonable efforts to ensure display of accurate data; however, the information shown may contain errors and omissions, may not reflect all vehicle items and accessories, and errors with regard to pricing may occur. All displayed inventory is subject to prior sale and all prices expire at midnight on the date displayed. Price shown is for the state in which Dealer is physically located and if transferred to another state, the price may change. Dealer is not responsible for any errors but should be consulted in person to confirm the information on this page.PRE-OWNED VEHICLES MAY BE SUBJECT TO UNREPAIRED MANUFACTURER RECALLS. PLEASE CONTACT THE MANUFACTURER OR A DEALER FOR THAT LINE MAKE FOR RECALL ASSISTANCE/QUESTIONS OR CHECK THE NATIONAL HIGHWAY TRAFFIC SAFETY ADMINISTRATION WEBSITE FOR CURRENT RECALL INFORMATION BEFORE PURCHASING.","[PREMIUM]",32,"1819 North Central Expressway","Richardson","TX","75080","[PREMIUM]"
"790140020","2026-09-06 12:29:35.003","2026-09-14 06:23:11.209","790140020","[PREMIUM]","PG625838",2023,"RAM","RAM","RM3500","3500","Laramie","TRUCKS","Used","Used 2023 RAM 3500 Laramie",4562,"[PREMIUM]",,,"[PREMIUM]",60392,65492,"Diamond Black Crystal Pearlcoa","BLACK","Black","BLACK","6CLDR","6-Cylinder Turbo","4 wheel drive","AUT","6-Speed Automatic","Automatic","D","Diesel","Gas",,,6.7,true,10,false,false,false,,false,,,"30",651232,"[PREMIUM]","[PREMIUM]","[PREMIUM]",2719,"[PREMIUM]",false,"PARTNER",464220,3.5,24,0,"[""NO_SALVAGE_TITLE"",""NO_ACCIDENTS_REPORTED"",""ONE_OWNER""]","{""exterior"":[""Auto Adjust In Reverse Exterior Mirrors"",""Auto Dim Exterior Mirror"",""Auto Dimming Exterior Passenger Mirror"",""Auto High Beam Headlamp Control"",""Black Exterior Truck Badging"",""Black Ram Head Tailgate Badge"",""Body Color Grille Surround"",""Exterior Mirrors W/Heating Element"",""Exterior Mirrors W/Memory"",""Exterior Mirrors W/Supplemental Signals"",""Foam Bottle Insert (Door Trim Panel)"",""Front Led Fog Lamps"",""Gloss Black Grille Billets/Accents"",""Led Reflector Headlamps"",""Power Telescoping Mirrors"",""Remote Tailgate Release"",""Tires: Lt235/80R17E Bsw As"",""Wheels: 17\"" X 6.0\"" Polished Aluminum""],""interior"":[""2Nd Row In Floor Storage Bins"",""Black Interior Accents"",""Box & Rear Fender Clearance Lamps"",""Ctr Stop Lamp W/Cargo View Camera"",""Heated Second Row Seats"",""Leather Seats"",""Power 2-Way Driver Lumbar Adjust"",""Power 2-Way Passenger Lumbar Adjust"",""Power Adjustable Pedals W/Memory"",""Power Sunroof"",""Rear Power Sliding Window"",""Rear Window Defroster"",""Sun/Moonroof""],""mechanical"":[""4.10 Axle Ratio"",""Auto Level Rear Air Suspension"",""Engine Block Heater"",""Heavy Duty Engine Cooling""],""other"":[""000 Lbs"",""17 Speaker Harman Kardon Premium Sound"",""220 Amp Alternator"",""300 Lbs"",""50 Gallon Fuel Tank"",""5Th Wheel/Gooseneck Towing Prep Group"",""6000# Front Axle W/Hub Ext"",""A66-inc: -Auto High Beam Headlamp Control"",""A67"",""A97-inc: -Radio/Driver Seat/Mirrors/Pedals Memory"",""A97-inc: -Ramcharger Wireless Charging Pad"",""Adaptive Steering System"",""Bed Utility Group -inc: -Mopar Spray In Bedliner"",""Black"",""Black Exterior Mirrors"",""Black Headlamp Bezels"",""Black Tail Lamp Bezels"",""Black Wheel Center Hub"",""Capless Fuel Fill W/O Discriminator"",""Clearance Lamps"",""Cummins Turbo Diesel Badge"",""Current Generation Engine Controller"",""Diamond Black Crystal Pearlcoat"",""Diesel Exhaust Brake"",""Dual 730 Amp Maintenance Free Batteries"",""Dual Alternators Rated At 440 Amps"",""Dual Rear Wheels -inc: -Clearance Lamps"",""Engine: 6.7L I6 Cummins Ho Turbo Diesel -inc: -Selective Catalytic Reduction (Urea)"",""Exterior Mirrors Courtesy Lamps"",""Forward & Reverse Utility Lights"",""Front License Plate Bracket"",""Full Length Upgraded Floor Console W/A66"",""Gvwr: 12"",""Gvwr: 14"",""I/P Mounted Auxiliary Switches -inc: -Dash Pass Thru Wire Circuits"",""Lane Keep Assist W/O A97"",""Laramie Level F Equipment Group -inc: -Blind Spot & Cross Path Detection"",""Leather Trimmed Bucket Seats -inc: -Bucket Seats"",""Led Bed Lighting"",""Mirror Running Lights"",""Mopar Deployable Bed Step"",""Mopar Front & Rear Rubber Floor Mats"",""Mopar Spray In Bedliner"",""Night Edition -inc: -Twill Film Appliques"",""Painted Flat Cab-Length Side Steps"",""Power Heat Fold Memory Telescopic Mirrors"",""Protection Group -inc: -Transfer Case Skid Plate Shield"",""Radio: Uconnect 5 Nav W/12.0\"" Display"",""Rear Backup Alarm"",""Safety Group -inc: -Adaptive Cruise Control W/Stop"",""Selectable Tire Fill Alert"",""Sport Performance Hood"",""Supplemental Heater"",""Surround View Camera System"",""Towing Technology Group -inc: -Ctr Stop Lamp W/Cargo View Camera"",""Trailer Reverse Guidance"",""Transmission: 6-Speed Automatic Aisin As69Rc Hd -inc: -Transmission Oil Cooler W/O Wla-inc: -12.0\"" Single Rear Wheel Axle W/Wla-inc: -12.0\"" Dual Wheel Rear Axle"",""Ventilated Front Seats W/A67"",""Wheels: 17\"" X 6.0\"" Black Machined Aluminum""],""safety"":[""17\"" Steel Spare Wheel"",""Blind Spot & Cross Path Detection"",""Full Speed Forward Collision Warning Plus"",""Lane Keeping Assist""],""technology"":[""12\"" Touchscreen Display"",""Keyless Start"",""Navigation System"",""Parksense Front/Rear Park Assist System"",""Rain Sensitive Windshield Wipers""]}",103,"* Engine: 6.7L I6 Cummins Ho Turbo Diesel<br>* Laramie Level F Equipment Group<br>* Night Edition<br>* Safety Group<br>* Towing Technology Group<br>* Auto Level Rear Air Suspension<br>* Dual Rear Wheels<br>* Power Sunroof<br>* Bed Utility Group<br>* Painted Flat Cab-Length Side Steps<br>* Mopar Spray In Bedliner<br>* Blind Spot &amp; Cross Path Detection<br>* Sun/Moonroof<br>* 5Th Wheel/Gooseneck Towing Prep Group<br>* Black; Leather Trimmed Bucket Seats<br>* Leather Seats<br>* Navigation System<br>* Dual Alternators Rated At 440 Amps<br>* Ctr Stop Lamp W/Cargo View Camera<br>* Adaptive Steering System<br>* 50 Gallon Fuel Tank<br>* Diamond Black Crystal Pearlcoat<br>* I/P Mounted Auxiliary Switches<br>* Mopar Front &amp; Rear Rubber Floor Mats<br>* 220 Amp Alternator<br>* 4.10 Axle Ratio<br>* Rear Backup Alarm<br>* Clearance Lamps<br>* Engine Block Heater<br>* Protection Group<br>* Lane Keeping Assist<br>* Keyless Start<br>* Front License Plate Bracket<br>* Gvwr: 14;000 Lbs<br>* Radio: Uconnect 5 Nav W/12.0&quot; Display<br>* Tires: Lt235/80R17E Bsw As<br>* Transmission: 6-Speed Automatic Aisin As69Rc Hd<br>* Wheels: 17&quot; X 6.0&quot; Black Machined Aluminum<br><br><br><br>This vehicle includes a Money-Back Guarantee* and passed our precise inspection process. Best of all the price you see is the price you pay. No haggling. No back and forth. No pressure. And this price is so good it is guaranteed. *Money-Back Guarantee is valid for 5 days or 250 miles, whichever comes first. Subject to certain terms and conditions. See store for details. Some restrictions apply.<br><br>2023 RAM 3500 Laramie Night Edition Crew Cab 4x4 DRW 6.7L Cummins HO Diesel Air Suspension $102,720 Original MSRP If you're looking for a heavy-duty diesel truck with serious towing capability, premium luxury, and the right factory options , this 2023 RAM 3500 Laramie Night Edition is a standout. This RAM 3500 Laramie Crew Cab 4x4 Long Box was factory-built with an impressive $102,720 original MSRP , making this far more than a standard RAM 3500. The build sheet shows it was equipped with the highly desirable 6.7L I6 Cummins High Output Turbo Diesel Engine , which carried a $12,495 factory option price , along with the automatic-leveling rear air suspension for an additional $1,705. POWER &amp; TOWING Under the hood is the legendary 6.7L Cummins HO Turbo Diesel , paired with the heavy-duty 6-speed Aisin AS69RC automatic transmission . Factory towing-focused equipment includes: 6.7L Cummins High Output Turbo Diesel 6-speed Aisin AS69RC HD automatic transmission 4.10 axle ratio Dual rear wheels (DRW) 50-gallon fuel tank Dual alternators rated at 440 amps 5th Wheel / Gooseneck Towing Prep Towing Technology Group Trailer Reverse Guidance Surround-View Camera System Trailer brake controller Trailer Sway Damping Cargo-View Camera The build sheet confirms the truck's Dual Rear Wheels , 4.10 axle ratio , 5th-wheel/gooseneck prep , and extensive towing equipment. AUTOMATIC-LEVELING REAR AIR SUSPENSION One of the standout factory options is the Automatic-Leveling Rear Air Suspension , a $1,705 option designed to help maintain proper ride height when carrying or towing heavy loads. LARAMIE NIGHT EDITION The truck also features the Laramie Night Edition , a $3,940 factory package that gives this RAM its aggressive blacked-out appearance. Night Edition equipment includes: Black headlamp bezels Body-color grille surround Sport Performance Hood Diamond Black Crystal Pearl-Coat exterior LARAMIE LUXURY &amp; TECHNOLOGY Inside, this RAM 3500 combines heavy-duty capability with premium Laramie comfort. Factory equipment includes leather-trimmed bucket seats , heated second-row seats, ventilated front seats, a 12-inch Uconnect 5 navigation touchscreen , and a 17-speaker Harman Kardon premium sound system .Additional factory equipment includes: Power sunroof Power adjustable memory pedals Memory driver seat/mirrors/pedals P&gt;","[PREMIUM]",20,"25341 CRENSHAW BLVD","Torrance","CA","90505","[PREMIUM]"
"790215804","2026-09-06 12:29:35.000","2026-09-06 12:29:35.000","790215804","[PREMIUM]","M90633C01",2023,"BMW","BMW","BMW760IXD","760i xDrive",,"SEDAN","Used","Used 2023 BMW 760i xDrive w/ Parking Assistance Package",27443,"[PREMIUM]",,,"[PREMIUM]",0,0,"Oxide Gray Metallic","GRAY","Mocha","UNAVAIL","8CLDR","8-Cylinder Turbo","All wheel drive","AUT","8-Speed Automatic","Automatic","G","Gasoline","Gas",18,26,4.4,false,1,false,true,false,,false,,,"30",74687945,"[PREMIUM]","[PREMIUM]","[PREMIUM]",0,"[PREMIUM]",false,"PARTNER",0,,,0,"[""NO_SALVAGE_TITLE"",""ACCIDENTS_REPORTED"",""ONE_OWNER""]","{""exterior"":[""Alloy wheels"",""Auto High-beam Headlights"",""Auto-dimming door mirrors"",""Bumpers: body-color"",""Delay-off headlights"",""Fully automatic headlights"",""Heated door mirrors"",""Power door mirrors"",""Rear Spoiler""],""interior"":[""Air Conditioning"",""Anti-whiplash front head restraints"",""Auto-dimming Rear-View mirror"",""Driver door bin"",""Driver vanity mirror"",""Extended Merino Leather Upholstery"",""Front Bucket Seats"",""Front Center Armrest"",""Front Ventilated Seats"",""Front dual zone A/C"",""Front reading lights"",""Garage door transmitter"",""Genuine wood dashboard insert"",""Head restraints memory"",""Heated front seats"",""Heated rear seats"",""Heated steering wheel"",""Leather steering wheel"",""Memory seat"",""Multi-Functional Seats"",""Overhead console"",""Passenger door bin"",""Passenger vanity mirror"",""Power adjustable front head restraints"",""Power driver seat"",""Power passenger seat"",""Power windows"",""Rear Window Blind"",""Rear air conditioning"",""Rear dual zone A/C"",""Rear reading lights"",""Rear seat center armrest"",""Rear window defroster"",""Speed-Sensitive Wipers"",""Sport steering wheel"",""Steering wheel memory"",""Steering wheel mounted audio controls"",""Tachometer"",""Telescoping steering wheel"",""Tilt steering wheel"",""Trip computer"",""Variably intermittent wipers"",""Ventilated front seats""],""mechanical"":[""4-Wheel Disc Brakes"",""Adaptive suspension"",""Auto-leveling suspension"",""Four wheel independent suspension"",""Power steering"",""Speed-sensing steering""],""other"":[""Apple CarPlay & Android Auto Compatibility"",""Auto tilt-away steering wheel"",""BMW TeleServices"",""Bowers & Wilkins Surround Sound"",""Connected Package Pro"",""ConnectedDrive Services"",""Door auto-latch"",""Emergency communication system: BMW Assist eCall"",""Extended Shadowline Trim"",""Front anti-roll bar"",""Illuminated entry"",""M Sport Brakes w/Black Calipers"",""M Sport Package Pro"",""M Sport Pro Contents"",""M Sport Professional Package"",""Mirror Oak High Gloss Trim"",""Natural Interaction"",""Navigation system: BMW Maps Navigation"",""Outside temperature display"",""Parking Assistant Professional"",""Personal eSIM 5G"",""Rear anti-roll bar"",""Surround View w/3D View"",""Wheels: 20\"" M Aerodynamic Bi-Color Style 907""],""safety"":[""ABS brakes"",""Brake assist"",""Dual front impact airbags"",""Dual front side impact airbags"",""Electronic Stability Control"",""Low tire pressure warning"",""Occupant sensing airbag"",""Overhead airbag"",""Panic alarm"",""Security system"",""Traction control""],""technology"":[""18 Speakers"",""AM/FM radio: SiriusXM"",""Automatic temperature control"",""Exterior Parking Camera Rear"",""Heads-Up Display"",""Live Cockpit Pro w/Navi"",""Parking Assistance Package"",""Radio data system"",""Radio: Audio System"",""Rain sensing wipers"",""Rear audio controls"",""Remote keyless entry"",""SiriusXM Satellite Radio"",""Speed control"",""Weather band radio""]}",108,"Recent Arrival!<br><br>18/26 City/Highway MPG<br><br>Oxide Gray Metallic 2023 BMW 7 Series 760i xDrive 4D Sedan AWD 4.4L V8 32V Twin Turbocharged 8-Speed Automatic Sport<br><br><br>STOP OVERPAYING!!! SAVE THOUSANDS ON BOTH - YOUR CAR PURCHASE AND A FINANCING TOGETHER!!! YOU CAN'T MISS THIS DEAL!!! JUST TAKE A LOOK!!! KBB Price reflects a value for the vehicle published by Kelly Blue Book within the last 60 days.<br><br><br>AWD, Mocha Leather, 18 Speakers, 4-Wheel Disc Brakes, ABS brakes, Adaptive suspension, Air Conditioning, Alloy wheels, AM/FM radio: SiriusXM, Anti-whiplash front head restraints, Apple CarPlay &amp; Android Auto Compatibility, Auto High-beam Headlights, Auto tilt-away steering wheel, Auto-dimming door mirrors, Auto-dimming Rear-View mirror, Auto-leveling suspension, Automatic temperature control, BMW TeleServices, Bowers &amp; Wilkins Surround Sound, Brake assist, Bumpers: body-color, Connected Package Pro, ConnectedDrive Services, Delay-off headlights, Door auto-latch, Driver door bin, Driver vanity mirror, Dual front impact airbags, Dual front side impact airbags, Electronic Stability Control, Emergency communication system: BMW Assist eCall, Extended Merino Leather Upholstery, Extended Shadowline Trim, Exterior Parking Camera Rear, Four wheel independent suspension, Front anti-roll bar, Front Bucket Seats, Front Center Armrest, Front dual zone A/C, Front reading lights, Front Ventilated Seats, Fully automatic headlights, Garage door transmitter, Genuine wood dashboard insert, Head restraints memory, Heads-Up Display, Heated door mirrors, Heated front seats, Heated rear seats, Heated steering wheel, Illuminated entry, Leather steering wheel, Live Cockpit Pro w/Navi, Low tire pressure warning, M Sport Brakes w/Black Calipers, M Sport Package Pro, M Sport Pro Contents, M Sport Professional Package, Memory seat, Mirror Oak High Gloss Trim, Multi-Functional Seats, Natural Interaction, Navigation system: BMW Maps Navigation, Occupant sensing airbag, Outside temperature display, Overhead airbag, Overhead console, Panic alarm, Parking Assistance Package, Parking Assistant Professional, Passenger door bin, Passenger vanity mirror, Personal eSIM 5G, Power adjustable front head restraints, Power door mirrors, Power driver seat, Power passenger seat, Power steering, Power windows, Radio data system, Radio: Audio System, Rain sensing wipers, Rear air conditioning, Rear anti-roll bar, Rear audio controls, Rear dual zone A/C, Rear reading lights, Rear seat center armrest, Rear Spoiler, Rear Window Blind, Rear window defroster, Remote keyless entry, Security system, SiriusXM Satellite Radio, Speed control, Speed-sensing steering, Speed-Sensitive Wipers, Sport steering wheel, Steering wheel memory, Steering wheel mounted audio controls, Surround View w/3D View, Tachometer, Telescoping steering wheel, Tilt steering wheel, Traction control, Trip computer, Variably intermittent wipers, Ventilated front seats, Weather band radio, Wheels: 20 M Aerodynamic Bi-Color Style 907, AWD, Mocha Leather.","[PREMIUM]",14,"5700 Brookpark Rd","Cleveland","OH","44129","[PREMIUM]"
"788996587","2026-09-06 12:29:34.982","2026-09-15 12:30:35.640","788996587","[PREMIUM]","PF10905",2023,"CHEV","Chevrolet","CORV","Corvette","Stingray Preferred Cpe","COUPE","Used","Used 2023 Chevrolet Corvette Stingray Preferred Cpe w/ Z51 Performance Package",10383,"[PREMIUM]",,,"[PREMIUM]",62247,64647,"Orange","ORANGE","Black","BLACK","8CLDR","8-Cylinder","2 wheel drive - rear","AUT","8-Speed Automatic","Automatic","G","Gasoline","Gas",16,24,6.2,true,24,false,false,false,,false,,,"30",72935153,"[PREMIUM]","[PREMIUM]","[PREMIUM]",2091,"[PREMIUM]",false,"PARTNER",460889,3.8,90,0,"[""NO_SALVAGE_TITLE"",""NO_ACCIDENTS_REPORTED"",""NO_ONE_OWNER""]","{""exterior"":[""Alloy wheels"",""Auto-dimming door mirrors"",""Bumpers: body-color"",""Delay-off headlights"",""Engine Appearance Package"",""Fully automatic headlights"",""Heated door mirrors"",""Power door mirrors"",""Power-Adjustable Outside Heated Mirrors"",""Turn signal indicator mirrors""],""interior"":[""8-Way Power Driver Seat Adjuster"",""8-Way Power Passenger Seat Adjuster"",""Air Conditioning"",""Auto-dimming Rear-View mirror"",""Driver door bin"",""Driver vanity mirror"",""Front Bucket Seats"",""Front Center Armrest"",""Front dual zone A/C"",""Front reading lights"",""Garage door transmitter"",""HEATED SEATS"",""Heated & Vented Driver & Passenger Seats"",""Heated Steering Wheel"",""Heated front seats"",""Heated steering wheel"",""LEATHER SEATS"",""Leather Shift Knob"",""Leather steering wheel"",""MOONROOF / SUNROOF"",""Memory seat"",""Overhead console"",""POWER DRIVER SEAT"",""PUSH BUTTON IGNITION"",""Passenger door bin"",""Passenger vanity mirror"",""Power Driver Lumbar Control Seat Adjuster"",""Power Passenger Lumbar Control Seat Adjuster"",""Power driver seat"",""Power passenger seat"",""Power windows"",""Rear window defroster"",""Sport steering wheel"",""Steering wheel memory"",""Steering wheel mounted audio controls"",""Tachometer"",""Telescoping steering wheel"",""Tilt steering wheel"",""Trip computer"",""Universal Home Remote"",""Variably intermittent wipers"",""Ventilated front seats"",""Voltmeter""],""mechanical"":[""4-Wheel Disc Brakes"",""Electronic Limited-Slip Differential"",""Four wheel independent suspension"",""Heavy-Duty Cooling System"",""Power steering"",""Speed-sensing steering""],""other"":[""2 Cargo Nets"",""Apple Car Play & android Auto"",""Apple CarPlay/Android Auto"",""Black Composite Rocker Extensions (LPO)"",""Black Custom Splash Guards (LPO)"",""Black Exhaust Tips"",""Body Color Dual Roof Package"",""Body-Color Removable Roof Panel"",""Bose Performance Series Sound System w/14 Speakers"",""CLEAN CARFAX"",""Carbon Fiber Engine Compartment Trim"",""Carbon Fiber Interior Trim"",""Carbon Flash Met-Painted High Wing Spoiler (LPO)"",""Carbon Flash Metallic Dual Racing Stripes"",""Carbon Flash Metallic Painted Outside Mirrors"",""Carbon Flash Metallic-Painted Outside Mirrors"",""Clean Car Fax"",""Corvette Racing Themed Graphics Package (LPO)"",""Driver Power Bolster Seat Adjuster"",""Electrical Theft Deterrent System"",""Emergency communication system: OnStar and Chevrolet connected services capable"",""Engine Lighting"",""Front anti-roll bar"",""GT1 Bucket Seats"",""GT2 Bucket Seats"",""HD Front & Rear Vision Cameras"",""Illuminated entry"",""Memory Driver & Passenger Convenience Package"",""Mulan Lthr Seating Surfaces w/Perforated Inserts"",""Outside temperature display"",""POWER EQUIPPED"",""Passenger Power Bolster Seat Adjuster"",""Performance Data & Video Recorder"",""Performance Exhaust w/Stainless-Steel Tips"",""Performance Rear Axle Ratio"",""Performance Traction Management"",""Preferred Equipment Group 2LT"",""Premium audio system: Chevrolet Infotainment 3 Premium"",""Radio: Chevrolet Infotainment 3 Premium System"",""Rear Z51 Spoiler"",""Rear anti-roll bar"",""Roof Panel Storage Pouch (LPO)"",""Stealth Interior Trim Package"",""Super Clean"",""Transparent Removable Roof Panel"",""Vehicle Inclination Theft Deterrent Sensor"",""Vehicle Interior Movement Theft Deterrent Sensor"",""Wheels: 19\"" x 8.5\"" Fr/20\"" x 11\"" Rr Bright Silver"",""Wheels: 19\"" x 8.5\"" Fr/20\"" x 11\"" Rr Carbon Flash"",""Wireless Charging for Devices"",""Z51 Perf Suspension w/Magnetic Selective Ride Cntrl"",""Z51 Performance Brakes"",""Z51 Performance Package"",""Z51 Performance Suspension""],""safety"":[""ABS brakes"",""Brake assist"",""Dual front impact airbags"",""Dual front side impact airbags"",""Electronic Stability Control"",""Low tire pressure warning"",""Occupant sensing airbag"",""Panic alarm"",""Rear Cross Traffic Alert"",""Security system"",""Side Blind Zone Alert"",""Traction control""],""technology"":[""14 Speakers"",""AM/FM radio: SiriusXM"",""Automatic temperature control"",""BACKUP CAMERA"",""BLUETOOTH WIRELESS/HANDS FREE"",""Compass"",""HD Radio"",""Head-Up Display"",""Heads-Up Display"",""NAVIGATION / GPS"",""Navigation System"",""Radio data system"",""Rear Camera Mirror"",""Remote keyless entry"",""SiriusXM Radio"",""Speed control"",""USB PORTS""]}",142,"This stunning 2023 Chevrolet Corvette Stingray 2LT in Amplify Orange Tintcoat represents the pinnacle of American sports car engineering and design. With just over 10,000 miles, this low-mileage example delivers the perfect blend of raw performance and refined luxury. Finished in a show-stopping orange exterior, the Corvette commands attention at every turn while the meticulously maintained interior promises years of driving enjoyment.<br><br>Key Features:<br>- Z51 Performance Package with magnetic selective ride control suspension<br>- Apple CarPlay and Android Auto integration<br>- Heated and ventilated leather bucket seats<br>- Navigation system with premium audio<br>- Backup camera and rear cross traffic alert<br>- Moonroof with removable roof panel storage<br>- Push button ignition and power driver seat<br>- Carbon fiber engine compartment and interior trim<br>- 6.2L V8 engine with 8-speed dual clutch transmission<br>- Bluetooth connectivity with wireless charging capability<br><br>This Corvette has been meticulously maintained and is ready to deliver an unforgettable driving experience. The 6.2L V8 engine pairs with the sophisticated 8-speed dual clutch transmission to provide impressive performance, achieving 16 mpg city and 24 mpg highway. The Z51 performance brakes, carbon flash-painted 19&quot; and 20&quot; aluminum wheels, and racing stripes showcase the vehicle's athletic engineering and aggressive styling.<br><br>The 2LT trim level offers premium appointments throughout, including GT2 bucket seats with perforated leather, a Bose premium audio system with 14 speakers, and a head-up display. Every detail has been thoughtfully engineered to enhance your driving pleasure. Visit us today to experience this exceptional Corvette and discover why it remains the ultimate expression of sports car excellence.","[PREMIUM]",49,"4480 CHINO HILLS PKWY","Chino","CA","91710","[PREMIUM]"
"790044293","2026-09-06 10:30:35.230","2026-09-15 12:16:47.706","790044293","[PREMIUM]","PL09015",2023,"LINC","Lincoln","LINCNAUT","Nautilus","Reserve","SUV","Used","Used 2023 Lincoln Nautilus Reserve",48836,"[PREMIUM]",,,"[PREMIUM]",32640,35440,"White Metallic","WHITE","Sandstone","BEIGE","4CLDR","4-Cylinder Turbo","All wheel drive","AUT","8-Speed Automatic","Automatic","G","Gasoline","Gas",20,25,2,true,12,false,false,false,,false,,,"30",71756309,"[PREMIUM]","[PREMIUM]","[PREMIUM]",631,"[PREMIUM]",false,"PARTNER",462589,4.4,81,0,"[""NO_SALVAGE_TITLE"",""ACCIDENTS_REPORTED"",""ONE_OWNER""]","{""exterior"":[""Alloy wheels"",""Auto High-beam Headlights"",""Auto-dimming door mirrors"",""Bumpers: body-color"",""Delay-off headlights"",""Fully automatic headlights"",""Heated door mirrors"",""Power door mirrors"",""Rear Bumper Anti-Scratch Pad/Load Protector"",""Rear window wiper"",""Satin Roof Rack Side Rails w/o Crossbars"",""Spoiler"",""Turn signal indicator mirrors""],""interior"":[""Air Conditioning"",""Auto-dimming Rear-View mirror"",""Driver door bin"",""Driver vanity mirror"",""Front Bucket Seats"",""Front Center Armrest w/Storage"",""Front dual zone A/C"",""Front reading lights"",""Heated front seats"",""Heated rear seats"",""Heated steering wheel"",""Leather steering wheel"",""Memory seat"",""Overhead console"",""Passenger door bin"",""Passenger vanity mirror"",""Power Liftgate"",""Power driver seat"",""Power moonroof: Panoramic Vista Roof"",""Power passenger seat"",""Power windows"",""Rear reading lights"",""Rear seat center armrest"",""Rear window defroster"",""Speed-Sensitive Wipers"",""Split folding rear seat"",""Steering wheel memory"",""Steering wheel mounted audio controls"",""Tachometer"",""Telescoping steering wheel"",""Tilt steering wheel"",""Trip computer"",""Variably intermittent wipers"",""Ventilated front seats""],""mechanical"":[""3.80 Axle Ratio"",""4-Wheel Disc Brakes"",""Four wheel independent suspension"",""Power steering"",""Speed-sensing steering""],""other"":[""Alexa Built-In"",""All-Weather Floor Liners w/Carpet Mats"",""Auto tilt-away steering wheel"",""Cargo Accessories & Mat Package"",""Durable Lightweight Rubber Cargo Mat"",""Equipment Group 200A"",""Front License Plate Bracket"",""Front anti-roll bar"",""Illuminated entry"",""Lincoln Premium Audio System Subwoofer Delete (DISC)"",""Outside temperature display"",""Premium Lthr-Trmmd Heated/Ventilated Comfort Seats"",""Rear anti-roll bar"",""SYNC 4 w/Enhanced Voice Recognition"",""Steering wheel mounted A/C controls"",""Wheels: 18\"" Premium Painted Bright Machined Alum"",""Wheels: 20\"" Prem Painted Bright Machined Aluminum""],""safety"":[""ABS brakes"",""Brake assist"",""Dual front impact airbags"",""Dual front side impact airbags"",""Electronic Stability Control"",""Emergency communication system: 911 Assist"",""Knee airbag"",""Low tire pressure warning"",""Occupant sensing airbag"",""Overhead airbag"",""Panic alarm"",""Security system"",""Traction control""],""technology"":[""10 Speakers"",""AM/FM radio: SiriusXM with 360L"",""Automatic temperature control"",""Compass"",""Garage door transmitter: HomeLink"",""Navigation System"",""Radio data system"",""Radio: AM/FM/HD Audio System"",""Rain sensing wipers"",""Remote keyless entry"",""Speed control""]}",93,"This stunning 2023 Lincoln Nautilus Reserve combines luxury and capability in a refined midsize SUV. With its Pristine White Metallic Tri-Coat finish and thoughtfully appointed Reserve trim, this well-maintained vehicle presents an impressive driving experience backed by comprehensive Lincoln Signature Certification.<br><br>- SYNC 4 with Enhanced Voice Recognition<br>- 10-Speaker Premium Audio System with SiriusXM 360L<br>- Panoramic Vista Roof<br>- Navigation System<br>- Premium Leather-Trimmed Heated and Ventilated Comfort Seats<br>- Heated Steering Wheel<br>- 20 Premium Painted Bright Machined Aluminum Wheels<br>- Power Moonroof<br>- Alexa Built-In<br>- Electronic Stability Control with Traction Control<br><br>This Reserve model delivers responsive performance with its 2.0L Turbocharged engine and 8-Speed Automatic transmission, achieving an EPA-estimated 20 city/25 highway MPG. The intelligent AWD system provides confident handling in any weather condition. At 48,835 miles, this vehicle has been lightly driven and represents exceptional value.<br><br>Your peace of mind comes standard with Lincoln Signature Certification:<br>- 200 Point Inspection<br>- Roadside Assistance<br>- Warranty Deductible: $100<br>- Transferable Warranty<br>- Vehicle History<br>- Limited Warranty: 72 Month/100,000 Mile (whichever comes first) from original in-service date<br>- Includes Car Rental and Trip Interruption Reimbursement, Lincoln Access Rewards 20,000 Points<br><br>Discover why discerning drivers choose the Nautilus Reserve. Visit our showroom today to experience this exceptional luxury SUV firsthand.","[PREMIUM]",29,"6095 UMANSKY COVE","Memphis","TN","38119","[PREMIUM]"
"785382367","2026-09-06 08:28:25.324","2026-09-18 08:32:21.086","785382367","[PREMIUM]","56P1275P",2005,"POR","Porsche","911","911","Carrera S","COUPE","Used","Used 2005 Porsche 911 Carrera S",64552,"[PREMIUM]",,"Great","[PREMIUM]",62000,65200,"Black","BLACK","Black","BLACK","6CLDR","6-Cylinder","2 wheel drive - rear",,,,"G","Gasoline","Gas",,,3.8,true,69,false,false,false,,false,,,"30",70690351,"[PREMIUM]","[PREMIUM]","[PREMIUM]",1243,"[PREMIUM]",false,"PARTNER",1497,4.9,199,0,"[""NO_SALVAGE_TITLE"",""NO_ACCIDENTS_REPORTED"",""NO_ONE_OWNER""]","{""exterior"":[""19\"" Carrera S Light Alloy Wheels"",""Alloy wheels"",""Aluminum Wheels"",""Bumpers: body-color"",""Front fog lights"",""HID headlights"",""Headlight cleaning"",""Heated Mirrors"",""Heated door mirrors"",""High intensity discharge headlights: Bi-Xenon"",""Power Mirror(s)"",""Power door mirrors"",""Rear Spoiler"",""Rear fog lights"",""Spoiler"",""Tires - Front Performance"",""Tires - Rear Performance""],""interior"":[""A/C"",""Adjustable Steering Wheel"",""Air Conditioning"",""Bucket Seats"",""Climate Control"",""Driver Illuminated Vanity Mirror"",""Driver Vanity Mirror"",""Driver door bin"",""Driver vanity mirror"",""Front Bucket Seats"",""Front Center Armrest"",""Generic Sun/Moonroof"",""Intermittent Wipers"",""Leather Seat Trim"",""Leather Seats"",""Leather Shift Knob"",""Leather Steering Wheel"",""Leather steering wheel"",""Overhead console"",""Pass-Through Rear Seat"",""Passenger Illuminated Visor Mirror"",""Passenger Vanity Mirror"",""Passenger door bin"",""Passenger vanity mirror"",""Power Door Locks"",""Power Windows"",""Power driver seat"",""Power moonroof"",""Power passenger seat"",""Power windows"",""Rear Bench Seat"",""Rear Defrost"",""Rear window defroster"",""Remote Trunk Release"",""Split folding rear seat"",""Sport steering wheel"",""Sun/Moonroof"",""Tachometer"",""Telescoping steering wheel"",""Tilt steering wheel"",""Trip computer"",""Universal Garage Door Opener"",""Variable Speed Intermittent Wipers"",""Variably intermittent wipers""],""mechanical"":[""4-Wheel Disc Brakes"",""Active Suspension"",""Adaptive suspension"",""Brake Actuated Limited Slip Differential"",""Four wheel independent suspension"",""Power Steering"",""Power steering"",""Rear Wheel Drive"",""Speed-sensing steering""],""other"":[""Front anti-roll bar"",""Illuminated entry"",""Outside temperature display"",""Rear anti-roll bar""],""safety"":[""ABS"",""ABS brakes"",""Driver Air Bag"",""Dual front impact airbags"",""Dual front side impact airbags"",""Electronic Stability Control"",""Front Side Air Bag"",""Overhead airbag"",""Passenger Air Bag"",""Passenger cancellable airbag"",""Security System"",""Security system"",""Stability Control"",""Traction Control"",""Traction control""],""technology"":[""9 Speakers"",""AM/FM Stereo w/In-Dash CD"",""AM/FM radio"",""Automatic temperature control"",""CD Player"",""CD player"",""Cruise Control"",""Garage door transmitter: HomeLink"",""Immobilizer"",""Keyless Entry"",""Premium Sound System"",""Rain Sensing Wipers"",""Rain sensing wipers"",""Remote keyless entry"",""Speed control""]}",104,"2005 Porsche 911 Carrera S, located at Porsche Wichita. Black with Black Leather interior. This 911 is equipped with Electronic traction control, Automatic climate control, BOSE sound system, and Heated front seats. For more information, please visit the AutoiPacket link above. Located at Porsche Wichita 10900 E 13th St N Wichita, KS 67206.","[PREMIUM]",52,"1545 N GREENWICH RD","Wichita","KS","67206","[PREMIUM]"
"789241100","2026-09-06 04:30:02.693","2026-09-18 04:31:30.753","789241100","[PREMIUM]","PE597499",2023,"KIA","Kia","FORTE","Forte","LXS","SEDAN","Used","Used 2023 Kia Forte LXS",6341,"[PREMIUM]",,"Great","[PREMIUM]",18270,20620,"Fire Orange","ORANGE","Black","BLACK","4CLDR","4-Cylinder","2 wheel drive - front","AUT","Continuously Variable Automatic","Automatic","G","Gasoline","Gas",28,39,2,false,24,false,false,false,,false,,,"30",70131915,"[PREMIUM]","[PREMIUM]","[PREMIUM]",2394,"[PREMIUM]",false,"PARTNER",461746,4,227,0,"[""NO_SALVAGE_TITLE"",""ACCIDENTS_REPORTED"",""ONE_OWNER""]","{""interior"":[""Cloth Seat Trim""],""other"":[""8 Touchscreen W/ Wireless Apple Carplay/Android Auto"",""Black"",""Fire Orange"",""Forward Collision-Avoidance & 16 Alloy Wheels"",""Lane Following Assist"",""Safety Package""]}",7,"Experience modern connectivity in this 2023 Kia Forte LXS, featuring an 8 Touchscreen Display with Wireless Apple CarPlay and Android Auto, ready to enhance every drive. Stay confident on the road with advanced driver-assistance systems like Lane Keeping Assist, Forward Collision-Avoidance Assist, and a convenient Backup Camera for easy maneuvering. Bluetooth connectivity ensures seamless communication. This low-mileage Forte LXS offers a practical and feature-rich driving experience, perfect for daily commutes and urban adventures.<br><br>Disclaimer: Features and options should be verified with dealer, as equipment may vary by trim level and factory-installed packages.<br><br>","[PREMIUM]",23,"10385 CENTRAL AVE","Montclair","CA","91763","[PREMIUM]"
"777821682","2026-09-06 04:30:02.677","2026-09-18 04:31:30.790","777821682","[PREMIUM]","S69997",2023,"TOYOTA","Toyota","COROL","Corolla","LE","SEDAN","Used","Used 2023 Toyota Corolla LE",89879,"[PREMIUM]",,"Good","[PREMIUM]",15400,19250,"Blue","BLUE","Black","BLACK","4CLDR","4-Cylinder","2 wheel drive - front","AUT","Continuously Variable Automatic","Automatic","G","Gasoline","Gas",,,2,false,155,false,false,false,,false,,,"30",57536347,"[PREMIUM]","[PREMIUM]","[PREMIUM]",9537,"[PREMIUM]",false,"PARTNER",464045,4,109,0,"[""NO_SALVAGE_TITLE"",""NO_ACCIDENTS_REPORTED"",""NO_ONE_OWNER""]","{""interior"":[""Seating capacity: 5"",""Tachometer: Tachometer""],""other"":[""12V power outlets: 1 12V power outlet"",""Accessory power: Retained accessory power"",""Adaptive cruise control: Full-Speed Range Dynamic Radar Cruise Control (DRCC)"",""Air conditioning: Yes"",""Armrests front center: Front seat center armrest"",""Armrests rear: Rear seat center armrest"",""Auto door locks: Auto-locking doors"",""Automatic curve slowdown cruise control: Proactive Driving Assist (PDA) - Deceleration Assist Automatic curve slowdown cruise control"",""Battery charge warning: Battery charge warning"",""Beverage holders: Front beverage holders"",""Bulb warning: Bulb failure warning"",""Cabin air filter: Cabin air filter"",""Cargo access: Manual cargo area access release"",""Cargo floor type: Carpet cargo area floor"",""Cargo light: Cargo area light"",""Cargo tie downs: Cargo area tie downs"",""Climate control: Automatic climate control"",""Clock: Digital clock"",""Concealed cargo storage: Cargo area concealed storage"",""Console insert material: Piano black and metal-look console insert"",""Cruise control: Cruise control with steering wheel mounted controls"",""Door ajar warning: Rear cargo area ajar warning"",""Door bins front: Driver and passenger door bins"",""Door bins rear: Rear door bins"",""Door locks: Power door locks"",""Driver foot rest: Driver foot rest"",""Engine temperature warning: Engine temperature warning"",""Engine/electric motor temperature gauge: Engine/electric motor temperature gauge"",""Floor console storage: Covered floor console storage"",""Floor console: Full floor console"",""Floor coverage: Full floor coverage"",""Floor covering: Full carpet floor covering"",""Folding door mirrors: Manual folding door mirrors"",""Folding rear seats: 60-40 folding rear seats"",""Front head restraint control: Manual front seat head restraint control"",""Front head restraints: Height adjustable front seat head restraints"",""Front seatback upholstery: Cloth front seatback upholstery"",""Fuel door: Manual fuel door release"",""Gearshifter material: Urethane gear shifter material"",""Glove box: Standard glove box"",""Headliner coverage: Full headliner coverage"",""Headliner material: Cloth headliner material"",""Interior accents: Metal-look interior accents"",""Key in vehicle warning: Key in vehicle warning"",""Keyfob keyless entry: Keyfob keyless entry"",""Keyfob window controls: Keyfob window control"",""Low level warnings: Low level warning for oil  fuel"",""Number of beverage holders: 8 beverage holders"",""Oil pressure warning: Oil pressure warning>"",""Panel insert: Piano black and metal-look instrument panel insert"",""Passenger doors rear left: Conventional left rear passenger door"",""Passenger doors rear right: Conventional right rear passenger door"",""Rear cargo door: Trunk"",""Rear head restraint control: 3 rear seat head restraints"",""Rear head restraint control: Manual rear seat head restraint control"",""Rear head restraints: Height adjustable rear seat head restraints"",""Rear seat direction: Front facing rear seat"",""Rear seat folding position: Fold forward rear seatback"",""Rear seatback upholstery: Carpet rear seatback upholstery"",""Rear seats fixed or removable: Fixed rear seats"",""Rear seats: Rear bench seat"",""Rear under seat ducts: Rear under seat climate control ducts"",""Service interval warning: Service Connect (up to 10-year trial subscription) service interval indicator"",""Shifter boot: Leatherette shifter boot"",""Steering mounted audio control: Steering wheel mounted audio controls"",""Steering wheel material: Urethane steering wheel"",""Steering wheel telescopic: Manual telescopic steering wheel"",""Steering wheel tilt: Manual tilting steering wheel"",""Temperature display: Exterior temperature display"",""Tinted windows: Light tinted windows"",""Trunk lid trim: Carpet trunk lid trim"",""Visor driver expandable coverage: Driver visor with expandable coverage"",""Visor driver mirror: Driver visor mirror"",""Visor illuminated driver mirror: Illuminated driver visor mirror""],""technology"":[""Backup Camera"",""Bluetooth""]}",78,"Discover the perfect blend of style, efficiency, and reliability with this 2023 Toyota Corolla LE. Dressed in a striking Blueprint exterior complemented by a sleek Black interior, this sedan is designed to turn heads wherever you go. With only one previous owner on its CARFAX report and 89,879 miles driven, it stands as a testament to Toyota's renowned durability. Powered by a Dynamic 2.0L 4-cylinder engine delivering an impressive 169 horsepower and paired with an automatic transmission, you'll enjoy smooth rides every time.<br>Stay connected and secure with modern features like Bluetooth connectivity for hands-free communication and a backup camera for added safety during your drives. The front-wheel-drive system ensures excellent handling across various road conditions while maintaining fuel efficiency that suits both city commutes and long journeys alike. Don't miss out on owning this exceptional vehicle visit us today to experience the quality of the Toyota Corolla LE firsthand!","[PREMIUM]",28,"2250 S Tejon ST","Englewood","CO","80110","[PREMIUM]"
"790088955","2026-09-06 04:30:02.674","2026-09-18 04:31:29.994","790088955","[PREMIUM]","U24601A",2013,"TOYOTA","Toyota","HIGHLANDER","Highlander","Limited","SUV","Used","Used 2013 Toyota Highlander Limited",164553,"[PREMIUM]",,,"[PREMIUM]",10060,11910,"Magnetic Gray Metallic","GRAY","Gray","GRAY","6CLDR","6-Cylinder","2 wheel drive - front","AUT","5-Speed Automatic","Automatic","G","Gasoline","Gas",18,24,3.5,true,15,false,false,false,,false,,,"30",73477903,"[PREMIUM]","[PREMIUM]","[PREMIUM]",6110,"[PREMIUM]",false,"PARTNER",381829,4.6,472,0,"[""NO_SALVAGE_TITLE"",""NO_FRAME_DAMAGE"",""NO_FLOOD_WATER_DAMAGE"",""NO_ACCIDENTS_REPORTED"",""NO_ONE_OWNER"",""FREE_REPORT""]","{""exterior"":[""Alloy wheels"",""Bumpers: body-color"",""Delay-off headlights"",""Front fog lights"",""Fully automatic headlights"",""Heated door mirrors"",""Power door mirrors"",""Rear window wiper"",""Spoiler"",""Wheels: 19\"" x 7.5\"" 5-Spoke Aluminum Alloy""],""interior"":[""3rd row seats: split-bench"",""Air Conditioning"",""Anti-whiplash front head restraints"",""Auto-dimming Rear-View mirror"",""Driver door bin"",""Driver vanity mirror"",""Front Bucket Seats"",""Front Center Armrest"",""Front dual zone A/C"",""Front reading lights"",""Garage door transmitter"",""Heated Front Bucket Seats"",""Heated front seats"",""Overhead console"",""Passenger door bin"",""Passenger vanity mirror"",""Perforated Leather Seat Material"",""Power Liftgate"",""Power driver seat"",""Power moonroof"",""Power passenger seat"",""Power windows"",""Rear air conditioning"",""Rear reading lights"",""Rear window defroster"",""Split folding rear seat"",""Steering wheel mounted audio controls"",""Tachometer"",""Telescoping steering wheel"",""Tilt steering wheel"",""Trip computer"",""Variably intermittent wipers""],""mechanical"":[""3.478 Axle Ratio"",""4-Wheel Disc Brakes"",""Four wheel independent suspension"",""Power steering"",""Speed-sensing steering""],""other"":[""Front anti-roll bar"",""Illuminated entry"",""Outside temperature display"",""Rear anti-roll bar"",""Roof rack: rails only"",""Steering wheel mounted A/C controls""],""safety"":[""ABS brakes"",""Brake assist"",""Dual front impact airbags"",""Dual front side impact airbags"",""Electronic Stability Control"",""Knee airbag"",""Low tire pressure warning"",""Occupant sensing airbag"",""Overhead airbag"",""Panic alarm"",""Security system"",""Traction control""],""technology"":[""9 Speakers"",""AM/FM radio: SiriusXM"",""Automatic temperature control"",""CD player"",""Exterior Parking Camera Rear"",""Navigation System"",""Radio data system"",""Radio: JBL AM/FM/CD Display Audio w/Navigation"",""Remote keyless entry"",""Speed control""]}",75,"2013 Toyota Highlander Limited Limited Magnetic Gray Metallic 4D Sport Utility 3.5L V6 DOHC Dual VVT-i 24V 5-Speed Automatic with Overdrive FWD This vehicle comes well equipped with 3.478 Axle Ratio, 3rd row seats: split-bench, 4-Wheel Disc Brakes, 9 Speakers, ABS brakes, Air Conditioning, Alloy wheels, AM/FM radio: SiriusXM, Anti-whiplash front head restraints, Auto-dimming Rear-View mirror, Automatic temperature control, Brake assist, Bumpers: body-color, CD player, Delay-off headlights, Driver door bin, Driver vanity mirror, Dual front impact airbags, Dual front side impact airbags, Electronic Stability Control, Exterior Parking Camera Rear, Four wheel independent suspension, Front anti-roll bar, Front Bucket Seats, Front Center Armrest, Front dual zone A/C, Front fog lights, Front reading lights, Fully automatic headlights, Garage door transmitter, Heated door mirrors, Heated Front Bucket Seats, Heated front seats, Illuminated entry, Knee airbag, Low tire pressure warning, Navigation System, Occupant sensing airbag, Outside temperature display, Overhead airbag, Overhead console, Panic alarm, Passenger door bin, Passenger vanity mirror, Perforated Leather Seat Material, Power door mirrors, Power driver seat, Power Liftgate, Power moonroof, Power passenger seat, Power steering, Power windows, Radio data system, Radio: JBL AM/FM/CD Display Audio w/Navigation, Rear air conditioning, Rear anti-roll bar, Rear reading lights, Rear window defroster, Rear window wiper, Remote keyless entry, Roof rack: rails only, Security system, Speed control, Speed-sensing steering, Split folding rear seat, Spoiler, Steering wheel mounted A/C controls, Steering wheel mounted audio controls, Tachometer, Telescoping steering wheel, Tilt steering wheel, Traction control, Trip computer, Variably intermittent wipers, and Wheels: 19 x 7.5 5-Spoke Aluminum Alloy.<br><br><br>Shottenkirk Honda of Huntsville is proud to serve Huntsville, Jasper, Birmingham, Gadsden, Anniston, and Florence. We are here to help with all your sales, parts, and service needs. Advertised Price is plus tax, tag and documentation fee. See dealer for details.<br><br><br>Awards:<br>* 2013 IIHS Top Safety Pick * 2013 KBB.com Best Resale Value Awards * 2013 KBB.com Brand Image Awards<br><br>Reviews:<br>* Powerful yet fuel-efficient V6; user-friendly cabin with innovative second-row seat design; easy to maneuver. Source: Edmunds<br>* When you combine the 2013 Toyota Highlander s wide model range, exceptional resale value and strong owner-satisfaction figures, it may look hard to justify buying anything else. Source: KBB.com","[PREMIUM]",38,"6591 HWY 72 W","Huntsville","AL","35806","[PREMIUM]"
"789411550","2026-09-06 04:30:02.593","2026-09-12 04:30:43.247","789411550","[PREMIUM]","G632406Y",2013,"FORD","Ford","F150PICKUP","F150","XL","TRUCKS","Used","Used 2013 Ford F150 XL w/ PWR Equipment Group",66307,"[PREMIUM]",,,"[PREMIUM]",10295,11245,"Oxford White","WHITE","Steel Gray","GRAY","8CLDR","8-Cylinder","2 wheel drive - rear","AUT","6-Speed Automatic","Automatic","F","Flexible Fuel","Gas",17,23,5,false,16,false,false,true,,false,,,"30",69848905,"[PREMIUM]","[PREMIUM]","[PREMIUM]",2185,"[PREMIUM]",false,"PARTNER",382679,4.5,1006,0,"[""NO_SALVAGE_TITLE"",""NO_ACCIDENTS_REPORTED"",""NO_ONE_OWNER""]","{""exterior"":[""17\"" Gray Styled Steel Wheels"",""Black Power Mirrors"",""Chrome Front & Rear Bumpers"",""Rear step bumper""],""interior"":[""Air Conditioning"",""Cloth 40/20/40 Front Seat"",""Driver door bin"",""Passenger door bin"",""Passenger vanity mirror"",""Power Door Locks"",""Power Front Windows"",""Tachometer"",""Tilt steering wheel"",""Variably intermittent wipers"",""Vinyl 40/20/40 Front Seat""],""mechanical"":[""3.31 Axle Ratio"",""3.55 Axle Ratio"",""4-Wheel Disc Brakes"",""Front wheel independent suspension"",""Power steering"",""Speed-sensing steering""],""other"":[""Equipment Group 100A Base"",""Front License Plate Bracket"",""Front anti-roll bar"",""Illuminated Entry"",""Power Equipment Group""],""safety"":[""ABS brakes"",""Dual front impact airbags"",""Dual front side impact airbags"",""Electronic Stability Control"",""Low tire pressure warning"",""Occupant sensing airbag"",""Overhead airbag"",""Perimeter Alarm"",""Traction control""],""technology"":[""4 Speakers"",""AM/FM Stereo/Clock"",""AM/FM radio""]}",38,"This 2013 Ford F-150 XL combines capability and value in a dependable work truck backed by over 66,000 miles of road-tested reliability. The powerful 5.0L V8 Flex Fuel engine delivers the performance you need, while the smooth 6-speed automatic transmission makes every drive effortless. White exterior finish keeps this truck looking crisp and ready for the job ahead.<br><br>Key Features:<br>- 5.0L V8 Flex Fuel engine<br>- 6-Speed Automatic transmission<br>- Power Equipment Group<br>- XL Decor Group<br>- Daytime Running Lamps<br>- Electronic Stability Control and Traction Control<br>- Dual front impact and side impact airbags<br>- Power steering with speed-sensing adjustment<br>- Power door locks<br>- Air conditioning<br><br>This F-150 XL arrives in solid condition, ready to serve you well whether you're tackling work or weekend projects. The truck's straightforward feature set focuses on reliable performance without unnecessary complexity. Chrome front and rear bumpers, 17-inch wheels, and a comfortable 40/20/40 cloth front seat complete the practical package.<br><br>Stop by today to experience this capable F-150 firsthand and discover why it remains one of America's most trusted pickup trucks.","[PREMIUM]",35,"12420 E 136TH AVE","Brighton","CO","80601","[PREMIUM]"
"786501316","2026-09-06 04:30:02.588","2026-09-15 04:30:52.335","786501316","[PREMIUM]","KU1429LA",2023,"KIA","Kia","SOUL","Soul","LX","HATCH","Certified","Certified 2023 Kia Soul LX",14369,"[PREMIUM]",,"Great","[PREMIUM]",18330,20430,"Steel Gray","GRAY","Black","BLACK","4CLDR","4-Cylinder","2 wheel drive - front","AUT","Continuously Variable Automatic","Automatic","G","Gasoline","Gas",29,35,2,false,53,true,false,false,,false,,,"30",73009247,"[PREMIUM]","[PREMIUM]","[PREMIUM]",1523,"[PREMIUM]",false,"PARTNER",461172,4.4,78,0,"[""NO_SALVAGE_TITLE"",""NO_ACCIDENTS_REPORTED"",""ONE_OWNER""]","{""exterior"":[""16\"" Alloy Wheels"",""16\"" Steel Wheels"",""Auto High-beam Headlights"",""Bumpers: body-color"",""Delay-off headlights"",""Fully automatic headlights"",""Power door mirrors"",""Rear window wiper""],""interior"":[""Air Conditioning"",""Carpeted Floor Mats"",""Driver door bin"",""Driver vanity mirror"",""Front Bucket Seats"",""Front Center Armrest"",""Front reading lights"",""Overhead console"",""Passenger door bin"",""Passenger vanity mirror"",""Power windows"",""Rear window defroster"",""Split folding rear seat"",""Steering wheel mounted audio controls"",""Tachometer"",""Telescoping steering wheel"",""Tilt steering wheel"",""Trip computer"",""Variably intermittent wipers"",""Woven & Tricot Cloth Seat Trim""],""mechanical"":[""4-Wheel Disc Brakes"",""Front wheel independent suspension"",""Power steering"",""Speed-sensing steering""],""other"":[""Apple CarPlay & Android Auto"",""Front anti-roll bar"",""Illuminated entry"",""Outside temperature display"",""Radio: AM/FM/MP3/HD Audio System""],""safety"":[""ABS brakes"",""Brake assist"",""Dual front impact airbags"",""Dual front side impact airbags"",""Electronic Stability Control"",""Low tire pressure warning"",""Occupant sensing airbag"",""Overhead airbag"",""Panic alarm"",""Traction control""],""technology"":[""6 Speakers"",""AM/FM radio"",""Compass"",""Exterior Parking Camera Rear"",""Radio data system"",""Remote keyless entry"",""Speed control""]}",54,"Certified. Steel Gray 2023 Kia Soul LX FWD CVT 2.0L I4 DOHC<br><br>Odometer is 1357 miles below market average! 29/35 City/Highway MPG<br><br>Kia Certified Pre-Owned Details:<br><br>* Warranty Deductible: $50<br>* Powertrain Limited Warranty: 120 Month/100,000 Mile (whichever comes first) from original in-service date<br>* Includes Rental Car and Trip Interruption Reimbursement. 3 month Sirius trial subscription<br>* Roadside Assistance<br>* 165 Point Inspection<br>* Limited Warranty: 12 Month/12,000 Mile (whichever comes first) Platinum Coverage from certified purchase date<br>* Transferable Warranty<br>* Vehicle History","[PREMIUM]",27,"3885 Route 31","Clay","NY","13090","[PREMIUM]"
"790048487","2026-09-06 04:30:02.579","2026-09-06 04:30:02.579","790048487","[PREMIUM]","PA23627",2023,"NISSAN","Nissan","NISARIYA","Ariya","FWD","SUV","Used","Used 2023 Nissan Ariya FWD",40864,"[PREMIUM]",,"Great","[PREMIUM]",19220,21970,"Black Diamond Pearl","BLACK","Light Gray","GRAY","EL","Electric","2 wheel drive - front","AUT","Single-Speed","Automatic","E","Electric","Electric",,,,false,1,false,true,false,,false,,,"30",75604943,"[PREMIUM]","[PREMIUM]","[PREMIUM]",2207,"[PREMIUM]",false,"PARTNER",463479,4.3,10,0,"[""NO_SALVAGE_TITLE"",""NO_ACCIDENTS_REPORTED"",""ONE_OWNER""]","{""exterior"":[""19\"" Alloy Wheels"",""Alloy wheels"",""Auto High-beam Headlights"",""Bumpers: body-color"",""Delay-off headlights"",""Heated door mirrors"",""Power door mirrors"",""Rear window wiper"",""Spoiler""],""interior"":[""Air Conditioning"",""Driver door bin"",""Driver vanity mirror"",""Front Bucket Seats"",""Front Center Armrest"",""Front dual zone A/C"",""Front reading lights"",""Heated Front Bucket Seats"",""Heated front seats"",""Heated rear seats"",""Heated steering wheel"",""Leather steering wheel"",""Leatherette Seating Surfaces"",""Memory seat"",""Passenger door bin"",""Passenger vanity mirror"",""Power driver seat"",""Power windows"",""Rear reading lights"",""Rear seat center armrest"",""Rear window defroster"",""Speed-Sensitive Wipers"",""Split folding rear seat"",""Steering wheel mounted audio controls"",""Telescoping steering wheel"",""Tilt steering wheel"",""Trip computer"",""Variably intermittent wipers""],""mechanical"":[""4-Wheel Disc Brakes"",""Four wheel independent suspension"",""Power steering"",""Speed-sensing steering""],""other"":[""**ACCIDENT FREE**"",""**LOCAL TRADE IN - ONE OWNER**"",""11.090 Final Drive Ratio"",""Carpeted Floor Mats & First Aid Kit"",""Emergency communication system: NissanConnect EV & Services"",""Front anti-roll bar"",""Illuminated entry"",""Navigation system: Nissan Door to Door Connected Navigation"",""Outside temperature display"",""Rear anti-roll bar"",""UP TO 216 MILES+++""],""safety"":[""ABS brakes"",""Brake assist"",""Dual front impact airbags"",""Dual front side impact airbags"",""Electronic Stability Control"",""Knee airbag"",""Low tire pressure warning"",""Occupant sensing airbag"",""Overhead airbag"",""Panic alarm"",""Rear side impact airbag"",""Security system"",""Traction control""],""technology"":[""**BLUETOOTH WITH USB CONNECTOR**"",""**NAVIGATION**"",""6 Speakers"",""AM/FM radio: SiriusXM"",""Automatic temperature control"",""Heads-Up Display"",""Radio: AM/FM Audio System"",""Remote keyless entry"",""Speed control""]}",74,"Experience the future of driving with this 2023 Nissan Ariya ENGAGE electric sedan. This accident-free, one-owner local trade-in delivers exceptional efficiency and modern technology, with an impressive range of up to 216 miles on a single charge. With remarkably low mileage for its model year, this vehicle offers plenty of years of reliable performance ahead.<br><br>Key Features:<br>- Bluetooth with USB connector for seamless device integration<br>- Navigation system with Nissan Door to Door Connected Navigation<br>- Heads-up display for convenient information at a glance<br>- Dual front zone automatic climate control with heated seats<br>- Premium audio system with six speakers and SiriusXM satellite radio<br>- Advanced safety suite including dual front impact airbags and electronic stability control<br>- Memory driver seat and power steering<br>- Four-wheel independent suspension with speed-sensing steering<br>- Remote keyless entry and heated steering wheel<br>- 19-inch alloy wheels<br><br>Finished in sleek black, the Ariya ENGAGE combines responsible electric performance with practical comfort. With an impressive 109 MPGe city and 94 MPGe highway, you'll enjoy lower fuel costs and reduced environmental impact without sacrificing capability. The spacious interior features heated front bucket seats with a front center armrest, dual front side impact airbags, and a comprehensive suite of safety technologies.<br><br>Stop by today and discover why the Ariya ENGAGE is the smart choice for modern drivers seeking efficiency, style, and reliability in one complete package.","[PREMIUM]",22,"200 SW GRADY WAY","Renton","WA","98057","[PREMIUM]"
"786743244","2026-09-06 04:30:02.578","2026-09-18 04:31:29.950","786743244","[PREMIUM]","TE365057A",2023,"KIA","Kia","SOUL","Soul","LX","HATCH","Certified","Certified 2023 Kia Soul LX w/ LX Technology Package",39761,"[PREMIUM]",,"Great","[PREMIUM]",16290,18390,"Black","BLACK","Black","BLACK","4CLDR","4-Cylinder","2 wheel drive - front","AUT","Continuously Variable Automatic","Automatic","G","Gasoline","Gas",29,35,2,false,52,false,false,true,,false,,,"30",74412445,"[PREMIUM]","[PREMIUM]","[PREMIUM]",503,"[PREMIUM]",false,"PARTNER",461172,4.4,78,0,"[""NO_SALVAGE_TITLE"",""NO_ACCIDENTS_REPORTED"",""ONE_OWNER""]","{""exterior"":[""16\"" Alloy Wheels"",""16\"" Steel Wheels"",""Auto High-beam Headlights"",""Bumpers: body-color"",""Delay-off headlights"",""Fully automatic headlights"",""Power door mirrors"",""Rear window wiper""],""interior"":[""Air Conditioning"",""Carpeted Floor Mats"",""Driver door bin"",""Driver vanity mirror"",""Front Bucket Seats"",""Front Center Armrest"",""Front reading lights"",""Overhead console"",""Passenger door bin"",""Passenger vanity mirror"",""Power windows"",""Rear window defroster"",""Split folding rear seat"",""Steering wheel mounted audio controls"",""Tachometer"",""Telescoping steering wheel"",""Tilt steering wheel"",""Trip computer"",""Variably intermittent wipers"",""Woven & Tricot Cloth Seat Trim""],""mechanical"":[""4-Wheel Disc Brakes"",""Front wheel independent suspension"",""Power steering"",""Speed-sensing steering""],""other"":[""Apple CarPlay & Android Auto"",""Blind-Spot Collision-Avoidance Assist"",""Front anti-roll bar"",""Illuminated entry"",""LX Technology Package"",""Outside temperature display"",""Radio: AM/FM/MP3/HD Audio System"",""Rear Cross-Traffic Collision Avoidance Assist"",""Standard Mudguards""],""safety"":[""ABS brakes"",""Brake assist"",""Dual front impact airbags"",""Dual front side impact airbags"",""Electronic Stability Control"",""Lane Change Assist"",""Low tire pressure warning"",""Occupant sensing airbag"",""Overhead airbag"",""Panic alarm"",""Traction control""],""technology"":[""6 Speakers"",""AM/FM radio"",""Compass"",""Exterior Parking Camera Rear"",""Radio data system"",""Remote keyless entry"",""Speed control""]}",59,"This 2023 Kia Soul LX in Black combines practical design with modern convenience, offering you a reliable vehicle that fits seamlessly into your lifestyle.- LX Technology Package with Blind-Spot Collision-Avoidance Assist and Rear Cross-Traffic Collision Avoidance Assist- 16&quot; Alloy Wheels- Lane Change Assist- Apple CarPlay &amp; Android Auto- Rear Exterior Parking Camera- Auto High-beam Headlights- Dual Front Side Impact Airbags- Split Folding Rear Seat- Remote Keyless Entry- Steering Wheel Mounted Audio Controls- Fully Automatic Headlights- Electronic Stability Control- Front Center ArmrestThis Soul delivers efficient everyday performance with its 2.0L I4 engine paired with a CVT transmission, achieving 29 city MPG and 35 highway MPG. The front-wheel-drive design provides confident handling, while the interior prioritizes comfort with front bucket seats upholstered in woven and tricot cloth, a tilt and telescoping steering wheel, and dual<br><br>Trip Computer, Power Windows, Air conditioning, Tilt steering wheel, Rear window defroster, Remote keyless entry, AM/FM RADIO, FRONT BUCKET SEATS, Split Folding Rear Seat, Steering Wheel Mounted Audio Controls, Telescoping Steering Wheel, Radio Data System, Fully automatic headlights, Speed control, Power door mirrors, Illuminated entry, 6 Speakers, Delay-off headlights, Power Steering, 4-Wheel Disc Brakes, Traction Control, Brake Assist, Low Tire Pressure Warning, Electronic Stability Control, ABS brakes, Dual front impact airbags, Dual front side impact airbags, Occupant sensing airbag, Overhead airbag, Panic alarm, Variably intermittent wipers, Rear window wiper, LX Technology Package, Lane Change Assist, Exterior parking camera rear, Apple CarPlay &amp; Android Auto, Auto High-beam Headlights, Woven &amp; Tricot Cloth Seat Trim, Rear Cross-Traffic Collision Avoidance Assist, Blind-Spot Collision-Avoidance Assist, Radio: AM/FM/MP3/HD Audio System, Standard Mudguards","[PREMIUM]",31,"720 NE GRAND AVE","Portland","OR","97232","[PREMIUM]"
"789071620","2026-09-06 04:30:02.573","2026-09-18 04:31:30.757","789071620","[PREMIUM]","D8679A",2013,"FORD","Ford","F150PICKUP","F150","Lariat","TRUCKS","Used","Used 2013 Ford F150 Lariat w/ Mid Equipment Group",169109,"[PREMIUM]",,,"[PREMIUM]",10748,13198,"Sterling Gray Metallic","GRAY","Black","BLACK","8CLDR","8-Cylinder","4 wheel drive","AUT","6-Speed Automatic","Automatic","F","Flexible Fuel","Gas",14,19,5,true,26,false,false,false,,false,,,"30",100002886,"[PREMIUM]","[PREMIUM]","[PREMIUM]",1122,"[PREMIUM]",false,"PARTNER",382765,4.5,1006,1,"[""NO_SALVAGE_TITLE"",""NO_FRAME_DAMAGE"",""NO_FLOOD_WATER_DAMAGE"",""NO_ACCIDENTS_REPORTED"",""NO_ONE_OWNER"",""FREE_REPORT""]","{""exterior"":[""18\"" Bright Aluminum Wheels"",""Alloy wheels"",""Auto-dimming door mirrors"",""Bumpers: chrome"",""Delay-off headlights"",""Front fog lights"",""Fully automatic headlights"",""Heated door mirrors"",""Power door mirrors"",""Rear step bumper"",""Tailgate Step"",""Turn signal indicator mirrors""],""interior"":[""Adjustable pedals"",""Air Conditioning"",""Auto-dimming Rear-View mirror"",""Driver door bin"",""Driver vanity mirror"",""Front Center Armrest w/Storage"",""Front dual zone A/C"",""Front reading lights"",""Heated front seats"",""Leather steering wheel"",""Leather-Trimmed 40/20/40 Front Seat"",""Memory seat"",""Overhead console"",""Passenger door bin"",""Passenger vanity mirror"",""Pedal memory"",""Power driver seat"",""Power passenger seat"",""Power windows"",""Rear reading lights"",""Rear seat center armrest"",""Rear window defroster"",""Split folding rear seat"",""Steering wheel mounted audio controls"",""Tachometer"",""Tilt steering wheel"",""Trip computer"",""Variably intermittent wipers""],""mechanical"":[""3.55 Axle Ratio"",""4-Wheel Disc Brakes"",""Front wheel independent suspension"",""Power steering"",""Speed-sensing steering""],""other"":[""350 lbs Payload Package"",""Equipment Group 501A Mid"",""Front License Plate Bracket"",""Front anti-roll bar"",""GVWR: 7"",""Illuminated entry"",""Outside temperature display""],""safety"":[""ABS brakes"",""Dual front impact airbags"",""Dual front side impact airbags"",""Electronic Stability Control"",""Low tire pressure warning"",""Occupant sensing airbag"",""Overhead airbag"",""Panic alarm"",""Security system"",""Traction control""],""technology"":[""4 Speakers"",""AM/FM radio: SiriusXM"",""Automatic temperature control"",""CD player"",""Compass"",""Navigation"",""Radio data system"",""Radio: AM/FM Stereo/Clock/Single-CD"",""Remote keyless entry"",""SYNC w/MyFord Touch"",""SiriusXM Satellite Radio"",""Speed control""]}",74,"test<br><br>This 2013 Ford F-150 Lariat in gray delivers the capability and comfort you expect from a full-size pickup truck. Powered by a 5.0L V8 FFV engine with 4WD and 6-speed automatic transmission, it combines reliability with strong performance. The Lariat trim provides premium amenities and refined features for both work and weekend adventures.<br><br>- Voice-Activated Navigation System<br>- Black Leather Heated &amp; Cooled Front Bucket Seats<br>- SYNC with MyFord Touch<br>- SiriusXM Satellite Radio<br>- Tailgate Step<br>- Power Driver Seat with Memory<br>- Automatic Temperature Control with Dual Front Zones<br>- Auto-Dimming Rear-View Mirror<br>- Heated Door Mirrors<br>- 18 Bright Aluminum Wheels<br><br>This truck achieves 14 mpg city and 19 mpg highway, giving you solid efficiency for a V8-powered truck. The Mid Equipment Group rounds out the features, and you'll appreciate the modern conveniences like remote keyless entry, steering wheel-mounted audio controls, and the comprehensive safety package including dual front airbags and electronic stability control.<br><br>Whether you're hauling cargo or enjoying the open road, this F-150 Lariat is ready to work. Visit us today to experience the comfort and capability that makes this truck a trusted choice for truck enthusiasts.","[PREMIUM]",22,"4411 S Santa Fe Dr","Englewood","CO","80110","[PREMIUM]"
"789846669","2026-09-06 04:30:02.561","2026-09-18 04:31:29.952","789846669","[PREMIUM]","423719",2023,"NISSAN","Nissan","ALTIMA","Altima","2.5 SV","SEDAN","Third-Party Certified","Used 2023 Nissan Altima 2.5 SV",71282,"[PREMIUM]",,"Good","[PREMIUM]",16030,18080,"Pearl White Tricoat","WHITE","Charcoal","BLACK","4CLDR","4-Cylinder","2 wheel drive - front","AUT","Continuously Variable Automatic","Automatic","G","Gasoline","Gas",27,39,2.5,false,17,false,false,false,,false,,,"30",100025040,"[PREMIUM]","[PREMIUM]","[PREMIUM]",4983,"[PREMIUM]",false,"PARTNER",463177,4.1,60,0,"[""NO_SALVAGE_TITLE"",""NO_FRAME_DAMAGE"",""NO_FLOOD_WATER_DAMAGE"",""NO_ACCIDENTS_REPORTED"",""ONE_OWNER"",""FREE_REPORT""]","{""exterior"":[""17\"" Machined Alloy Wheels"",""Alloy wheels"",""Auto High-beam Headlights"",""Bumpers: body-color"",""Chrome Bumper Protector"",""Delay-off headlights"",""Fully automatic headlights"",""Power door mirrors""],""interior"":[""Air Conditioning"",""Cloth Seat Trim"",""Driver door bin"",""Driver vanity mirror"",""Front Center Armrest"",""Front reading lights"",""Overhead console"",""Passenger door bin"",""Passenger vanity mirror"",""Power driver seat"",""Power windows"",""Rear reading lights"",""Rear seat center armrest"",""Rear window defroster"",""Speed-Sensitive Wipers"",""Split folding rear seat"",""Steering wheel mounted audio controls"",""Tachometer"",""Telescoping steering wheel"",""Tilt steering wheel"",""Trip computer"",""Trunk Organizer Tray"",""Variably intermittent wipers""],""mechanical"":[""4-Wheel Disc Brakes"",""Four wheel independent suspension"",""Power steering"",""Speed-sensing steering""],""other"":[""Body-Colored Splash Guards"",""Clean Car Fax"",""Floor Mats/Trunk Mat/Hideaway Net"",""Front anti-roll bar"",""Illuminated entry"",""Local Trade"",""NissanConnect featuring Apple CarPlay and Android Auto"",""One Owner"",""Outside temperature display"",""Rear anti-roll bar"",""Tech Spec Change""],""safety"":[""ABS brakes"",""Blind Spot Warning"",""Brake assist"",""Dual front impact airbags"",""Dual front side impact airbags"",""Electronic Stability Control"",""Knee airbag"",""Low tire pressure warning"",""Occupant sensing airbag"",""Overhead airbag"",""Panic alarm"",""Rear side impact airbag"",""Security system"",""Traction control""],""technology"":[""6 Speakers"",""AM/FM radio: SiriusXM"",""Backup Camera"",""Bluetooth"",""Radio data system"",""Radio: AM/FM Audio System"",""Rear Parking Sensors"",""Remote keyless entry"",""Speed Control""]}",69,"THE FORD BLUE ADVANTAGE: BLUE CERTIFIED 139 Point Inspection, Vehicle History,Roadside Assistance, *Comprehensive Limited Warranty: 3 Month/4,000 Mile (whichever comes first) after new car warranty expires or from certified purchase date.This vehicle also comes with a 14 DAY/1,000-MILE money back guarantee backed by FORD.<br><br>This 2023 Nissan Altima 2.5 SV delivers reliable performance with a 2.5L 4-cylinder engine and smooth CVT transmission. The white exterior presents clean, modern styling, while the one-owner history and clean Carfax provide confidence in the vehicle's maintenance and care. With 71,282 miles, this local trade offers excellent fuel economy at 27 city and 39 highway MPG.<br><br>- Backup Camera<br>- Bluetooth connectivity<br>- NissanConnect with Apple CarPlay and Android Auto<br>- Blind Spot Warning<br>- Speed Control<br>- 17 Machined Alloy Wheels<br>- Rear Parking Sensors<br>- Auto High-beam Headlights<br>- Remote Keyless Entry<br>- Power Driver Seat<br><br>Ford Blue Certified Benefits:<br>- 139 Point Inspection<br>- Roadside Assistance<br>- Warranty Deductible: $100<br>- Transferable Warranty<br>- Vehicle History Report<br>- Limited Warranty: 3 Month/4,000 Mile (whichever comes first) after new car warranty expires or from certified purchase date<br>- 11,000 FordPass Rewards Points to use toward first maintenance visit<br>- Blue Certified Vehicles can be Ford and Non-Ford Makes and Models, So You Can Find a Variety of Certified Used Vehicles, Including SUV's, Trucks and Commercial Vehicles as Part of the Ford Blue Advantage Program<br><br>Inside, you'll find comfortable cloth seating, power windows and door locks, dual-zone climate control, and an intuitive dashboard layout. The spacious interior accommodates passengers with ease, while practical storage solutions keep your essentials organized and accessible throughout your drive.<br><br>Visit us today to experience this dependable Altima and discover why it's an excellent choice for daily commuting and weekend adventures.<br><br>At Mullinax Ford we offer customers Upfront pricing and NEVER charge a Dealer Fee. You'll always get the best price instantly, because it's right there on the windshield of your chosen vehicle. There's no hassle, and our Upfront&reg; pricing is completely transparent. At some dealers, you'll hear about add-on fees like Dealer Fees, service fees, prep fees, administrative fees and handling fees. There's none of that at Mullinax Ford of West Palm Beach. Instead, we save our clients as much as $1000 that they'd be forced to spend elsewhere. We also offer you comprehensive six-store advantage. What does that mean? Between all of our dealerships, you have thousands of vehicles to choose from, and we have the largest inventory of new Ford models in West Palm Beach. If you want a new Ford, there's only one place to shop in Palm Beach -- Mullinax Ford. We want to make sure you're completely satisfied with your experience at Mullinax Ford.","[PREMIUM]",26,"1210 Northlake Blvd","Lake Park","FL","33403","[PREMIUM]"
"789929235","2026-09-06 04:30:02.557","2026-09-18 04:31:30.763","789929235","[PREMIUM]","MU5426",2023,"CHEV","Chevrolet","TRAILBLZ","TrailBlazer","LT","SUV","Used","Used 2023 Chevrolet TrailBlazer LT",40141,"[PREMIUM]",,"Great","[PREMIUM]",18130,21280,"Sterling Gray Metallic","GRAY","Jet Black","BLACK","3CLDR","3-Cylinder Turbo","2 wheel drive - front","AUT","Continuously Variable Automatic","Automatic","G","Gasoline","Gas",29,31,1.2,false,16,false,false,false,,false,,,"30",66377207,"[PREMIUM]","[PREMIUM]","[PREMIUM]",622,"[PREMIUM]",false,"PARTNER",460991,4.3,46,0,"[""NO_SALVAGE_TITLE"",""NO_ACCIDENTS_REPORTED"",""ONE_OWNER""]","{""exterior"":[""Alloy wheels"",""Auto High-beam Headlights"",""Bumpers: body-color"",""Delay-off headlights"",""Front fog lights"",""Fully automatic headlights"",""Good tires"",""Heated door mirrors"",""Power door mirrors"",""Rear window wiper"",""Spoiler""],""interior"":[""2-Way Adjustable Front Head Restraints"",""2-Way Power Driver Lumbar Seat Adjuster"",""8-Way Power Driver Seat Adjuster"",""Air Conditioning"",""Cloth Seat Trim"",""Driver door bin"",""Driver vanity mirror"",""Front Bucket Seats"",""Front Center Armrest"",""Front reading lights"",""Heated Driver & Front Passenger Seats"",""Heated front seats"",""Overhead console"",""Passenger door bin"",""Passenger vanity mirror"",""Power driver seat"",""Power windows"",""Rear window defroster"",""Split folding rear seat"",""Steering wheel mounted audio controls"",""Tachometer"",""Telescoping steering wheel"",""Tilt steering wheel"",""Trip computer"",""Variably intermittent wipers""],""mechanical"":[""4-Wheel Disc Brakes"",""Front wheel independent suspension"",""Power steering""],""other"":[""4-Way Manual Front Passenger Seat Adjuster"",""5.45 Axle Ratio"",""Emergency communication system: OnStar and Chevrolet connected services capable"",""Flat-Folding Front Passenger Seatback"",""Front License Plate Bracket"",""Front anti-roll bar"",""Good Brakes"",""Illuminated entry"",""Preferred Equipment Group 1LT"",""Ride & Handling Suspension"",""Wheels: 17\"" High Gloss Black Machined Aluminum"",""Wireless Apple CarPlay/Android Auto""],""safety"":[""ABS brakes"",""Brake assist"",""Dual front impact airbags"",""Dual front side impact airbags"",""Electronic Stability Control"",""Knee airbag"",""Low tire pressure warning"",""Occupant sensing airbag"",""Overhead airbag"",""Panic alarm"",""Rear side impact airbag"",""Security system"",""Traction control""],""technology"":[""6 Speakers"",""6-Speaker Audio System Feature"",""7\"" Diagonal Color Touchscreen"",""AM/FM radio: SiriusXM"",""Backup Camera"",""Bluetooth hands free"",""Compass"",""Exterior Parking Camera Rear"",""Radio data system"",""Radio: Chevrolet Infotainment 3 System"",""Remote keyless entry"",""SiriusXM Radio"",""Speed control""]}",77,"Meet the 2023 Chevrolet TrailBlazer LT a practical crossover designed for drivers who value efficiency and connectivity. With its spirited 1.2L EcoTec turbo engine and responsive handling, this Gray beauty delivers an estimated 29 city and 31 highway MPG. At just over 40,000 miles, it's well-maintained and ready for your next adventure.<br><br>**Key Features:**<br>- Apple CarPlay &amp; Android Auto<br>- Backup Camera<br>- Bluetooth Hands-Free<br>- SiriusXM Radio<br>- 7 Color Touchscreen Display<br>- Heated Front Seats<br>- Power Driver Seat<br>- Electronic Stability Control<br>- Remote Keyless Entry<br>- Alloy Wheels (17)<br><br>This TrailBlazer arrives in excellent condition with quality brakes and good tires throughout. The cabin offers comfortable cloth seating with split-folding rear seats for versatile cargo space. Climate control, fog lights, and automatic headlights enhance everyday driving, while a comprehensive suite of airbags and stability systems prioritizes your safety. The vehicle includes a warranty for added peace of mind.<br><br>Don't miss this dependable crossover stop by today to experience the TrailBlazer LT firsthand and find out why so many drivers choose Chevrolet.","[PREMIUM]",21,"2410 AUBURN BLVD","Sacramento","CA","95821","[PREMIUM]"
"789652512","2026-09-06 02:31:03.056","2026-09-06 02:31:03.056","789652512","[PREMIUM]","HD2100A",2026,"NISSAN","Nissan","ROGUE","Rogue","SV","SUV","Used","Used 2026 Nissan Rogue SV w/ Cold Weather Package",4453,"[PREMIUM]",,"Great","[PREMIUM]",26000,31100,"Boulder Gray Pearl","GRAY","Charcoal","BLACK","3CLDR","3-Cylinder Turbo","All wheel drive","AUT","Continuously Variable Automatic","Automatic","G","Gasoline","Gas",28,35,1.5,false,6,false,true,false,,false,,,"30",75133833,"[PREMIUM]","[PREMIUM]","[PREMIUM]",0,"[PREMIUM]",false,"PARTNER",479002,3.7,81,0,"[""NO_SALVAGE_TITLE"",""ACCIDENTS_REPORTED"",""ONE_OWNER""]","{""exterior"":[""Alloy wheels"",""Auto High-beam Headlights"",""Bumpers: body-color"",""Chrome Rear Bumper Protector"",""Delay-off headlights"",""Fully automatic headlights"",""Heated door mirrors"",""LED Headlights"",""Power door mirrors"",""Premium Alloy Wheels"",""Rear window wiper"",""Spoiler""],""interior"":[""Air Conditioning"",""Driver door bin"",""Driver vanity mirror"",""Dual - Zone Auto Climate Control"",""Front Bucket Seats"",""Front Center Armrest"",""Front dual zone A/C"",""Front reading lights"",""Heated Front Seats"",""Overhead console"",""Passenger door bin"",""Passenger vanity mirror"",""Power Drivers Seat"",""Power Liftgate"",""Power driver seat"",""Power windows"",""Pushbutton Start"",""Rear seat center armrest"",""Rear window defroster"",""Speed-Sensitive Wipers"",""Split folding rear seat"",""Steering Wheel Audio Controls"",""Steering wheel mounted audio controls"",""Tachometer"",""Telescoping steering wheel"",""Tilt steering wheel"",""Trip computer"",""Variably intermittent wipers""],""mechanical"":[""4-Wheel Disc Brakes"",""AWD / All Wheel Drive"",""Four wheel independent suspension"",""Power steering"",""Speed-sensing steering""],""other"":[""ANDROID Auto"",""APPLE CarPlay"",""Apple CarPlay/Android Auto"",""Black Splash Guards (set of 4)"",""Cloth Seat Trim with Patterned Inserts"",""Cold Weather Package"",""EXTERIOR FEATURES"",""Floor Mats with 1-Piece Cargo Area Protector"",""Front anti-roll bar"",""INTERIOR FEATURES"",""Illuminated entry"",""MCGOVERN CERTIFIED"",""One Owner"",""Outside temperature display"",""Prima-Tex Leatherette Seat Trim"",""Radio: AM/FM NissanConnect"",""Rear anti-roll bar"",""SAFETY FEATURES"",""TECHNOLOGY FEATURES"",""Wheels: 18' Dark Painted Machine Finished Alloy""],""safety"":[""ABS brakes"",""Blind Spot Monitoring"",""Brake assist"",""Dual front impact airbags"",""Dual front side impact airbags"",""Electronic Stability Control"",""Emergency communication system: NissanConnect Services"",""Forward Collision Warning"",""Knee airbag"",""Lane Departure Warning"",""Low tire pressure warning"",""Occupant sensing airbag"",""Overhead airbag"",""Panic alarm"",""Rear Cross Traffic Alert"",""Rear side impact airbag"",""Traction control""],""technology"":[""6 Speakers"",""AM/FM radio: Sirius"",""Adaptive Cruise Control"",""Automatic temperature control"",""Bluetooth - Hands Free"",""Navigation System / GPS"",""Radio data system"",""Rear Backup Camera"",""Remote Keyless Entry"",""Remote Vehicle Starter"",""Remote keyless entry"",""Speed control""]}",94,"McGovern Hyundai of Danvers is proud to present this McGovern Certified 2026 Nissan Rogue SV AWD. Finished in Boulder Gray Pearl, this CARFAX One Owner SUV delivers outstanding efficiency, advanced safety technology, and confident all wheel drive capability. With modern connectivity features, premium comfort, and versatile utility, this Nissan Rogue SV is ready for daily commuting, family adventures, and everything in between. KEY FEATURES AND HIGHLIGHTS 1.5L DOHC turbocharged engine CVT with Xtronic automatic transmission All Wheel Drive (AWD) SV trim CARFAX One Owner McGovern Certified EXTERIOR AND INTERIOR Boulder Gray Pearl exterior Power driver seat Dual-zone automatic climate control Premium alloy wheels LED headlights Power liftgate TECHNOLOGY AND CONVENIENCE Apple CarPlay and Android Auto Bluetooth hands-free connectivity Steering wheel mounted audio controls Navigation system Remote vehicle starter Push button start Remote keyless entry SAFETY AND DRIVER ASSISTANCE Rear backup camera Adaptive cruise control Lane departure warning Forward collision warning Blind spot monitoring Rear cross traffic alert CERTIFICATION PROGRAM DETAILS McGovern Certified Program 5 Year / 100,000 Mile Powertrain Limited Warranty from certified purchase date CARFAX vehicle history report included Rigorous 128-point inspection completed $100 warranty deductible per repair visit Roadside assistance included Trip reimbursement and rental car coverage included This Nissan Rogue SV AWD offers an impressive blend of efficiency, technology, safety, and all weather confidence, delivering a versatile compact SUV that is equally at home on daily commutes, weekend getaways, and family road trips.","[PREMIUM]",24,"24 NEWBURY ST","Danvers","MA","01923","[PREMIUM]"
"788498214","2026-09-06 02:31:03.039","2026-09-18 02:33:19.087","788498214","[PREMIUM]","K18281R",2026,"KIA","Kia","SPORTA","Sportage","LX","SUV","Certified","Certified 2026 Kia Sportage LX",8437,"[PREMIUM]",,"Good","[PREMIUM]",26480,28580,"Gravity Gray","GRAY","Black","BLACK","HYBRD","Hybrid","2 wheel drive - front","AUT","6-Speed Automatic","Automatic","B","Hybrid Gas/Electric","Hybrid: Gas/Electric",41,44,1.6,false,31,false,false,false,,false,,,"30",72574713,"[PREMIUM]","[PREMIUM]","[PREMIUM]",5033,"[PREMIUM]",false,"PARTNER",477213,3.7,44,0,"[""NO_SALVAGE_TITLE"",""NO_ACCIDENTS_REPORTED"",""ONE_OWNER""]","{""exterior"":[""Alloy Wheels"",""Alloy wheels"",""Auto High-beam Headlights"",""Bumpers: body-color"",""Delay-off headlights"",""Fully automatic headlights"",""Power door mirrors"",""Rear window wiper"",""Spoiler""],""interior"":[""Air Conditioning"",""Cloth Seat Trim"",""Driver door bin"",""Driver vanity mirror"",""Front Bucket Seats"",""Front Center Armrest"",""Front dual zone A/C"",""Leather steering wheel"",""Overhead console"",""Passenger door bin"",""Passenger vanity mirror"",""Power windows"",""Rear seat center armrest"",""Rear window defroster"",""Split folding rear seat"",""Steering wheel mounted audio controls"",""Tachometer"",""Telescoping steering wheel"",""Tilt steering wheel"",""Trip computer"",""Variably intermittent wipers""],""mechanical"":[""4-Wheel Disc Brakes"",""Four wheel independent suspension"",""Power steering"",""Speed-sensing steering""],""other"":[""Front anti-roll bar"",""Fully Detailed"",""Illuminated entry"",""Outside temperature display"",""Passed Dealer Inspection"",""Rear anti-roll bar"",""Recent Oil Change"",""Wheels: 17\"" x 7J Aero Alloy""],""safety"":[""ABS brakes"",""Brake assist"",""Dual front impact airbags"",""Dual front side impact airbags"",""Electronic Stability Control"",""Emergency communication system"",""Low tire pressure warning"",""Occupant sensing airbag"",""Overhead airbag"",""Panic alarm"",""Rear side impact airbag"",""Security system"",""Traction control""],""technology"":[""6 Speakers"",""AM/FM radio"",""Automatic temperature control"",""Radio: AM/FM/HD Audio System"",""Rain sensing wipers"",""Remote keyless entry"",""Speed control""]}",62,"2026 Gravity Gray Kia Sportage Hybrid LX CARFAX One-Owner. Clean CARFAX. Alloy Wheels, Recent Oil Change, Fully Detailed, Passed Dealer Inspection, 1.6L Turbo GDI 4-Cylinder, 4-Wheel Disc Brakes, 6 Speakers, ABS brakes, Air Conditioning, Alloy wheels, Auto High-beam Headlights, Automatic temperature control, Brake assist, Cloth Seat Trim, Delay-off headlights, Driver vanity mirror, Dual front impact airbags, Dual front side impact airbags, Electronic Stability Control, Four wheel independent suspension, Front dual zone A/C, Fully automatic headlights, ..Illuminated entry, Outside temperature display, Panic alarm, Passenger vanity mirror, Power door mirrors, Power steering, Power windows, Radio: AM/FM/HD Audio System, Rain sensing wipers, Rear window defroster, Rear window wiper, Remote keyless entry, Security system, Speed control, Speed-sensing steering, Steering wheel mounted audio controls, Telescoping steering wheel, Tilt steering wheel, Traction control, Variably intermittent wipers. Certified. Kia Certified Pre-Owned Details:<br><br>* Warranty Deductible: $50<br>* Includes Rental Car and Trip Interruption Reimbursement. 3 month Sirius trial subscription<br>* Vehicle History<br>* 165 Point Inspection<br>* Transferable Warranty<br>* Limited Warranty: 12 Month/12,000 Mile (whichever comes first) Platinum Coverage from certified purchase date<br>* Powertrain Limited Warranty: 120 Month/100,000 Mile (whichever comes first) from original in-service date<br>* Roadside Assistance<br><br><br>We will do our best to provide you with a Truly Exceptional Experience! We offer upfront pricing, Up front Appraisals and the Best Bottom Line Pricing! Payment based on 25% down plus tax and title with approved credit.","[PREMIUM]",70,"2925 MEDINA RD","Medina","OH","44256","[PREMIUM]"
"787660146","2026-09-06 02:31:03.018","2026-09-18 02:33:19.087","787660146","[PREMIUM]","P5676",2026,"HYUND","Hyundai","SONATA","Sonata","SE","SEDAN","Certified","Certified 2026 Hyundai Sonata SE",7608,"[PREMIUM]",,"Great","[PREMIUM]",24820,27720,"Serenity White","WHITE","Black","BLACK","4CLDR","4-Cylinder","2 wheel drive - front","AUT","8-Speed Automatic","Automatic","G","Gasoline","Gas",28,38,2.5,false,14,false,false,true,,false,,,"30",74325933,"[PREMIUM]","[PREMIUM]","[PREMIUM]",3476,"[PREMIUM]",false,"PARTNER",479815,4.2,49,0,"[""NO_SALVAGE_TITLE"",""NO_ACCIDENTS_REPORTED""]","{""exterior"":[""16\"" x 6.5J Aluminum Alloy Wheels"",""Alloy wheels"",""Auto High-beam Headlights"",""Bumpers: body-color"",""Delay-off headlights"",""Fully automatic headlights"",""Power door mirrors""],""interior"":[""Air Conditioning"",""Cargo Net"",""Cargo Tray"",""Carpeted Floor Mats"",""Driver door bin"",""Driver vanity mirror"",""Front Bucket Seats"",""Front Center Armrest"",""Front reading lights"",""Overhead console"",""Passenger door bin"",""Passenger vanity mirror"",""Power windows"",""Premium Cloth Seating Surfaces"",""Rear window defroster"",""Speed-Sensitive Wipers"",""Split folding rear seat"",""Steering wheel mounted audio controls"",""Tachometer"",""Telescoping steering wheel"",""Tilt steering wheel"",""Trip computer"",""Variably intermittent wipers""],""mechanical"":[""4-Wheel Disc Brakes"",""Four wheel independent suspension"",""Power steering"",""Speed-sensing steering""],""other"":[""Apple CarPlay & Android Auto"",""Balance of Factory Warranty"",""Carfax CERTIFIED Accident Free"",""Emergency communication system: None"",""Front anti-roll bar"",""Illuminated entry"",""LOW MILES"",""Option Group 01"",""Outside temperature display"",""Radio: AM/FM/HD/MP3/SiriusXM"",""Rear anti-roll bar""],""safety"":[""ABS brakes"",""Brake assist"",""Dual front impact airbags"",""Dual front side impact airbags"",""Electronic Stability Control"",""First Aid Kit"",""Knee airbag"",""Low tire pressure warning"",""Occupant sensing airbag"",""Overhead airbag"",""Panic alarm"",""Rear side impact airbag"",""Security system"",""Traction control""],""technology"":[""6 Speakers"",""AM/FM radio: SiriusXM"",""Exterior Parking Camera Rear"",""Radio data system"",""Remote keyless entry"",""Speed control""]}",65,"This striking 2026 Hyundai Sonata SE delivers modern sedan capability with efficiency and style. With just 7,606 miles, this white beauty offers a nearly new driving experience backed by the balance of factory warranty. Carfax certified accident-free, this four-door is ready to become your reliable daily driver.<br><br>**Key Features:**<br>- Balance of Factory Warranty<br>- Carfax CERTIFIED Accident Free<br>- LOW MILES<br>- Apple CarPlay &amp; Android Auto<br>- SiriusXM Satellite Radio<br>- Rear Backup Camera<br>- Electronic Stability Control<br>- Dual Front &amp; Side Impact Airbags<br>- Speed-Sensing Steering<br>- Auto High-Beam Headlights<br><br>This Sonata SE is equipped with a fuel-efficient 4-cylinder engine paired with an 8-speed automatic transmission, delivering 28 city and 38 highway mpg for smart economical driving. The cabin features premium cloth seating, front bucket seats with center armrest, and a telescoping tilt steering wheel for personalized comfort. Climate control with rear window defroster keeps passengers comfortable year-round, while the cargo tray and carpeted floor mats help protect the clean interior.<br><br>Safety is a priority with four-wheel independent suspension, four-wheel disc brakes with ABS, electronic stability control, and a comprehensive airbag system. Remote keyless entry, steering wheel-mounted audio controls, and an intuitive infotainment system with SiriusXM make every drive convenient and connected.<br><br>Visit us today to experience the reliability and value this pristine Sonata SE offers. Your next great sedan awaits.","[PREMIUM]",32,"2441 BILLINGSLEY RD","Columbus","OH","43235","[PREMIUM]"
"789819739","2026-09-06 00:30:36.381","2026-09-18 00:32:14.095","789819739","[PREMIUM]","VG384060",2027,"RAM","RAM","RM3500","3500","Lone Star","TRUCKS","New","New 2027 RAM 3500 Lone Star",1,"[PREMIUM]",84585,,"[PREMIUM]",0,0,"Diamond Black Crystal Pearlcoa","BLACK","Black","BLACK","6CLDR","6-Cylinder Turbo","4 wheel drive","AUT","8-Speed Automatic","Automatic","D","Diesel","Gas",,,6.7,false,16,false,false,false,,false,,,"30",69484773,"[PREMIUM]","[PREMIUM]","[PREMIUM]",1253,"[PREMIUM]",false,"PARTNER",482808,3.5,24,,"[""NO_SALVAGE_TITLE"",""NO_ACCIDENTS_REPORTED""]","{""exterior"":[""Aluminum Wheels"",""Automatic Headlights"",""Fog Lamps"",""Heated Mirrors"",""Integrated Turn Signal Mirrors"",""LED Headlights"",""Power Mirror(s)"",""TIRES: LT235/80R17E BSW ALL SEASON"",""TRANSFER CASE SKID PLATE SHIELD"",""Tow Hitch""],""interior"":[""A/C"",""Adjustable Steering Wheel"",""Cloth Seats"",""Floor Mats"",""Intermittent Wipers"",""POWER 2-WAY DRIVER LUMBAR ADJUST"",""Passenger Illuminated Visor Mirror"",""Passenger Vanity Mirror"",""Power Door Locks"",""Power Windows"",""Privacy Glass"",""Rear Bench Seat"",""Rear Defrost"",""Trip Computer"",""Variable Speed Intermittent Wipers""],""mechanical"":[""3.42 AXLE RATIO"",""4-Wheel Disc Brakes"",""Four Wheel Drive"",""Power Steering""],""other"":[""50 GALLON FUEL TANK"",""5TH WHEEL/GOOSENECK TOWING PREP GROUP"",""BIG HORN LEVEL 1 PLUS EQUIPMENT GROUP  -inc: For Details Visit DriveUconnect.com  For More Info  Call 800-643-2112  Emergency Vehicle Alert System (EVAS)  Lone Star IP Badge  12\"" Touchscreen Display  Glove Box Lamp  Auto Power-Folding Mirrors  Footwell Co"",""BLACK  PREMIUM CLOTH BUCKET SEATS  -inc: Bucket Seats  Rear 60/40 Folding Seat  Power Adjust 8-Way Driver Seat  Folding Flat Load Floor Storage  Front Seat Back Map Pockets  Power 2-Way Driver Lumbar Adjust  Full Length Upgraded Floor Console"",""CLEARANCE LAMPS"",""DIAMOND BLACK CRYSTAL PEARLCOAT"",""DUAL REAR WHEELS  -inc: Clearance Lamps  Tires: LT235/80R17E BSW All Season  17\"" Steel Spare Wheel  Box & Rear Fender Clearance Lamps  6000# Front Axle w/Hub Ext  Wheels: 17\"" x 6.0\"" Polished Aluminum  GVWR: 14 000 lb  Rear Wheelhouse Liners"",""ENGINE: 6.7L I6 CUMMINS HO TURBO DIESEL  -inc: Selective Catalytic Reduction (Urea)  Dual 730 Amp Maintenance Free Batteries  Cummins Turbo Diesel Badge  Heavy Duty Engine Cooling  Current Generation Engine Controller  Diesel Exhaust Brake  Supplemental H"",""FRONT END PARTS MODULE"",""FRONT LICENSE PLATE BRACKET"",""Front Collision Mitigation"",""GVWR: 14 000 LB"",""I/P MOUNTED AUXILIARY SWITCHES  -inc: Dash Pass Thru Wire Circuits"",""Locking/Limited Slip Differential"",""MAX TOW PACKAGE  -inc: 5th Wheel/Gooseneck Towing Prep Group"",""MOPAR FRONT & REAR RUBBER FLOOR MATS"",""NIGHT EDITION  -inc: Gloss Black Nostrils/Molded in Color Black Grille  Black Exterior Truck Badging  Body Color Grille Surround  Black Interior Accents  Black Wheel Center Hub  Painted Front Bumper  Painted Rear Bumper"",""Passenger>"",""QUICK ORDER PACKAGE 24Y LONE STAR  -inc: Engine: 6.7L I6 Cummins HO Turbo Diesel  Transmission: 8-Speed TorqueFlite HD Automatic  Lone Star Badge"",""RADIO: UCONNECT 5 NAV W/12.0\"" DISPLAY"",""REAR WHEELHOUSE LINERS"",""Requires Subscription"",""Smart Device Integration"",""TRANSMISSION: 8-SPEED TORQUEFLITE HD AUTOMATIC"",""Tow Hooks"",""UPFITTER ELECTRONIC MODULE (VSIM)"",""WHEELS: 17\"" X 6.0\"" BLACK MACHINED ALUMINUM DRW""],""safety"":[""ABS"",""Brake Assist"",""Conventional Spare Tire"",""Daytime Running Lights"",""Driver Air Bag"",""Front Side Air Bag"",""Passenger Air Bag"",""Stability Control"",""Tire Pressure Monitor"",""Traction Control""],""technology"":[""AM/FM Stereo"",""Adaptive Cruise Control"",""Auxiliary Audio Input"",""Bluetooth Connection"",""Cruise Control"",""Immobilizer"",""Keyless Entry"",""Keyless Start"",""MP3 Capability"",""REMOTE START SYSTEM"",""Rear Parking Aid"",""Satellite Radio"",""WiFi Hotspot""]}",79,"This *2027 Ram 3500 DRW SLT Lonestar Night Edition Crew Cab 4x4 *is proudly offered by Vernon Auto Group. Take on the open road with the smooth 6.7L I6 HO Cummins Turbo Diesel Engine. Navigate across the country with ease thanks to state of the art navigation guiding the way. Relax back in comfortable black premium cloth seats and stay connected with WiFi hotspot capabilities. Call us today for a deal you will not want to miss out on!<br><br>*Vernon Auto Group* - A new, unique way to buy a vehicle! In a small town in North Texas lives a unique company with BIG ideas. We're redefining how our customers buy and own vehicles and it's working... Simply put, you will appreciate the easiest, most efficient and enjoyable buying and ownership experience ANYWHERE! In fact, our innovative approach has driven us to be awarded multiple Dealer Rater Awards and named an eBay Motors Top Strategic Seller!<br><br><br><br>Here are just a few reasons why customers have chosen Vernon Auto Group:<br><br>* Transparent Deals<br>* Upfront Pricing, No Haggling, No Numbers Game<br>* Fast Friendly Service and Delivery<br>* Technology driven company with low overhead and a market driven systematic approach to pricing vehicles.<br><br>So come by or give us a phone call and lets start your journey on the most fun and enjoyable purchase experience you will ever make. Here at Vernon Auto Group our job is to serve you.<br><br><br>Call our team today at * *<br>or email us at<br> Vernon Autogroup using the form on this page <br><br><br>*Manufacturer's Rebate subject to residency restrictions. Any customer not meeting the residency restrictions will receive a dealer discount in the same amount of the manufacturer's rebate.*<br><br>All vehicles go through our vigorous multi-point inspection before advertised to the public. We appreciate the opportunity to earn your business. For more information please call us at * * or email us at  Vernon Autogroup using the form on this page .<br>Price excludes required taxes, tag, title and includes a $220 documentary fee. Any customer not meeting the manufacturer's rebate residency restrictions will receive a dealer discount in the same amount of the manufacturer's rebate.<br>We have taken reasonable efforts to ensure display of accurate data; however, the information shown may contain errors and omissions, may not reflect all vehicle items and accessories, and errors with regard to pricing may occur. All displayed inventory is subject to prior sale and all prices expire at midnight on the date displayed. Price shown is for the state in which Dealer is physically located and if transferred to another state, the price may change. Dealer is not responsible for any errors but should be consulted in person to confirm the information on this page.<br>PRE-OWNED VEHICLES MAY BE SUBJECT TO UNREPAIRED MANUFACTURER RECALLS. PLEASE CONTACT THE MANUFACTURER OR A DEALER FOR THAT LINE MAKE FOR RECALL ASSISTANCE/QUESTIONS OR CHECK THE NATIONAL HIGHWAY TRAFFIC SAFETY ADMINISTRATION WEBSITE FOR CURRENT RECALL INFORMATION BEFORE PURCHASING.","[PREMIUM]",41,"3701 Highway 287 West","Vernon","TX","76384","[PREMIUM]"
"787996976","2026-09-06 00:30:36.332","2026-09-12 00:31:40.069","787996976","[PREMIUM]","VC343654",2027,"INFIN","INFINITI","INFINQX60","QX60","Autograph","SUV","New","New 2027 INFINITI QX60 Autograph",6,"[PREMIUM]",72015,,"[PREMIUM]",68300,70700,"Radiant White/Black Obsidian","WHITE","Saddle Brown","BROWN","4CLDR","4-Cylinder Turbo","All wheel drive","AUT","9-Speed Automatic","Automatic","G","Gasoline","Gas",21,27,2,true,31,false,false,false,,true,,,"30",68578149,"[PREMIUM]","[PREMIUM]","[PREMIUM]",1197,"[PREMIUM]",false,"PARTNER",481705,3.6,7,,"[""FREE_REPORT""]","{""exterior"":[""Alloy wheels"",""Auto High-beam Headlights"",""Auto-dimming door mirrors"",""Black Roof Rail Crossbars"",""Bumpers: body-color"",""Delay-off headlights"",""Fully automatic headlights"",""Heated door mirrors"",""Power door mirrors"",""Rear window wiper"",""Spoiler"",""Turn signal indicator mirrors""],""interior"":[""3rd Row Seating"",""Air Conditioning"",""Anti-whiplash front head restraints"",""Auto-dimming Rear-View mirror"",""Cargo Net"",""Driver door bin"",""Driver vanity mirror"",""Front Bucket Seats"",""Front Center Armrest"",""Front Dual Zone A/C"",""Front beverage holders"",""Front reading lights"",""Genuine wood door panel insert"",""Heated Front Seats"",""Heated Rear Seats"",""Heated steering wheel"",""Leather Shift Knob"",""Leather steering wheel"",""Memory seat"",""Overhead console"",""Passenger door bin"",""Passenger vanity mirror"",""Power Liftgate"",""Power driver seat"",""Power moonroof: Panoramic"",""Power passenger seat"",""Power windows"",""Rear air conditioning"",""Rear reading lights"",""Rear window defroster"",""Reclining 3rd Row-50/50 Split Fold Down"",""Semi Aniline Leather-Appointed Seating Surfaces"",""Speed-Sensitive Wipers"",""Split folding rear seat"",""Steering wheel memory"",""Steering wheel mounted audio controls"",""Tachometer"",""Telescoping steering wheel"",""Tilt steering wheel"",""Trip computer"",""Variably intermittent wipers"",""Ventilated front seats""],""mechanical"":[""4-Wheel Disc Brakes"",""Four wheel independent suspension"",""Power steering"",""Speed-sensing steering""],""other"":[""2-Tone Super Premium Paint"",""Apple CarPlay/Android Auto"",""Auto tilt-away steering wheel"",""Black Rear Bumper Film"",""Climate Controlled Massaging Front Bucket Seats"",""Dark Cargo Package"",""Emergency communication system: INFINITI InTouch"",""Front anti-roll bar"",""INFINITI Radiant Black Illuminated Cargo Scuff Plates"",""Illuminated entry"",""Medic Kit"",""Navigation system: Google Built-in"",""Outside temperature display"",""Radio: Klipsch Premiere Audio System"",""Rear anti-roll bar"",""Reversible Cargo Area Protector"",""Splash Guards"",""Wheels: 20\"" x 8J Luxury Machined Aluminum Alloy""],""safety"":[""ABS brakes"",""Brake assist"",""Dual front impact airbags"",""Dual front side impact airbags"",""Electronic Stability Control"",""Knee airbag"",""Low tire pressure warning"",""Occupant sensing airbag"",""Overhead airbag"",""Panic alarm"",""Rear side impact airbag"",""Security system"",""Traction control""],""technology"":[""20 Speakers"",""AM/FM radio: SiriusXM with 360L"",""Automatic temperature control"",""Bose Premium Audio System"",""Garage door transmitter: HomeLink"",""Heads-Up Display"",""Rain sensing wipers"",""Remote Start"",""Speed control""]}",98,"Recent Arrival! Blind Spot Monitoring. Factory MSRP: $72,015 Dealer Discount of $4,288 off MSRP<br>21/27 City/Highway MPG Price includes: $4000 - Retail Cash. Exp. 09/30/2026","[PREMIUM]",37,"3970 SE FEDERAL HIGHWAY","Stuart","FL","34997","[PREMIUM]"
"790014569","2026-09-06 00:30:36.314","2026-09-18 00:32:14.079","790014569","[PREMIUM]","19C31218",2027,"CHEV","Chevrolet","TRAVERSE","Traverse","Z71","SUV","New","New 2027 Chevrolet Traverse Z71 w/ Enhanced Driving Package",4,"[PREMIUM]",56425,,"[PREMIUM]",52800,55500,"Sterling Gray Metallic","GRAY","Z71 Jet Black With Oregon (nat",,"4CLDR","4-Cylinder Turbo","All wheel drive","AUT","8-Speed Automatic","Automatic","G","Gasoline","Gas",20,24,2.5,false,15,false,false,false,,false,,,"10",72455373,"[PREMIUM]","[PREMIUM]","[PREMIUM]",1417,"[PREMIUM]",false,"PARTNER",482212,4.5,4,,,"{""exterior"":[""Alloy wheels"",""Auto High-beam Headlights"",""Bumpers: body-color"",""Delay-off headlights"",""Fully automatic headlights"",""Heated door mirrors"",""Power door mirrors"",""Rear window wiper"",""Spoiler"",""Turn signal indicator mirrors""],""interior"":[""120-Volt Power Outlet"",""3rd row seats: split-bench"",""8-Way Power Driver Seat Adjuster"",""Active Noise Cancellation"",""Air Conditioning"",""Driver door bin"",""Driver vanity mirror"",""Front Bucket Seats"",""Front Center Armrest"",""Front dual zone A/C"",""Front reading lights"",""Heated Driver and Front Passenger Seats"",""Heated front seats"",""Heated steering wheel"",""Overhead console"",""Passenger door bin"",""Passenger vanity mirror"",""Power Liftgate"",""Power driver seat"",""Power windows"",""Rear air conditioning"",""Rear reading lights"",""Rear window defroster"",""Split folding rear seat"",""Steering wheel mounted audio controls"",""Tachometer"",""Telescoping steering wheel"",""Tilt steering wheel"",""Trip computer"",""Variably intermittent wipers"",""Voltmeter""],""mechanical"":[""4-Wheel Disc Brakes"",""Four wheel independent suspension"",""Power steering"",""Speed-sensing steering""],""other"":[""3 Years OnStar One"",""4-Way Manual Front Passenger Seat Adjuster"",""Apple CarPlay/Android Auto"",""Bose Premium 12-Speaker Audio System Feature"",""Driver Attention Assist"",""Driver Confidence Package"",""Emergency communication system: OnStar"",""Enhanced Automatic Parking Assist"",""Enhanced Driving Package"",""Evotex Seat Trim"",""Front anti-roll bar"",""HD Surround Vision"",""Illuminated entry"",""Interior Camera"",""Key Card"",""Outside temperature display"",""Preferred Equipment Group 2Z7"",""Radio: : Audio System w/17.7\"" Diagonal Display"",""Rear Pedestrian Alert"",""Rear anti-roll bar"",""SiriusXM with 360L Trial Subscription"",""Super Cruise"",""Traffic Sign Recognition"",""Wheels: : 18\"" High Gloss Black Painted Aluminum""],""safety"":[""ABS brakes"",""Brake assist"",""Child-Seat-Sensing Airbag"",""Dual front impact airbags"",""Dual front side impact airbags"",""Electronic Stability Control"",""Low tire pressure warning"",""Occupant sensing airbag"",""Overhead airbag"",""Panic alarm"",""Security system"",""Traction control""],""technology"":[""6 Speakers"",""6-Speaker Audio System Feature"",""AM/FM radio: SiriusXM with 360L"",""Automatic temperature control"",""Compass"",""Navigation System"",""Radio data system"",""Rear Camera Mirror"",""Remote keyless entry"",""Speed control""]}",91,"Thank you for shopping Capital Chevrolet GMC, where our highly qualified and professional team takes every opportunity to assist our shoppers. Based on commitment and excellent customer service, we are dedicated to making your car shopping experience comfortable and enjoyable. Capital Chevrolet GMC of Lexington is a world-class GM dealer in North Carolina that meets your every requirement. Recent Arrival! $1,178 off MSRP! Sterling Gray Metallic 2027 Chevrolet Traverse Z71 AWD 8-Speed Automatic 2.5L DOHC AWD.<br><br><br>**We offer Market Based Pricing!!** What that means for you: 1. Hassle-Free Experience 2. Faster Buying Process 3. Confidence in Not Overpaying and 4. We do the research for you!! Please call   to check availability. **CAPITAL OF LEXINGTON** Pricing does no include tax, tag and fees Dealer is not responsible for inaccurate or incorrect pricing Dealer reserves the right to cancel or make changes to pricing without notice.<br><br><br>The dealer has added these accessories to this vehicle:<br>- Admin Fee ($899) Additional incentives/rebates may apply. Some incentives/rebates are not applicable with special financing rates. Incentives/Rebates are subject to change without notice. Price Includes:$250 - Exp. 09/30/2026 Price includes dealer added accessories.","[PREMIUM]",5,"96 RADIO DR","Lexington","NC","27292","[PREMIUM]"
"771024880","2026-09-06 00:30:36.313","2026-09-18 00:32:14.127","771024880","[PREMIUM]","B15142",2026,"BMW","BMW","X5","X5","xDrive40i","SUV","Used","Used 2026 BMW X5 xDrive40i w/ Climate Comfort Package",16,"[PREMIUM]",,,"[PREMIUM]",70650,73150,"Black Sapphire Metallic","BLACK","Black","BLACK","6CLDR","6-Cylinder Turbo","All wheel drive","AUT","8-Speed Automatic","Automatic","G","Gasoline","Gas",23,27,3,false,232,false,false,false,,false,,,"10",71244,"[PREMIUM]","[PREMIUM]","[PREMIUM]",6802,"[PREMIUM]",false,"PARTNER",476205,4.3,50,0,"[""NO_SALVAGE_TITLE"",""NO_FRAME_DAMAGE"",""NO_FLOOD_WATER_DAMAGE"",""NO_ACCIDENTS_REPORTED"",""ONE_OWNER"",""FREE_REPORT""]","{""exterior"":[""Aluminum Side Windows Trim and Black Front Windshield Trim"",""Body-Colored Power Heated Side Mirrors w/Driver Auto Dimming Power Folding and Turn Signal Indicator"",""Cornering Lights"",""Lip Spoiler"",""Metal-Look Bodyside Insert and Black Wheel Well Trim"",""Metal-Look Grille w/Chrome Surround"",""Quasi-Dual Stainless Steel Exhaust w/Chrome Tailpipe Finisher""],""interior"":[""12-Way Driver Seat"",""12-Way Passenger Seat"",""2 Seatback Storage Pockets"",""4 12V DC Power Outlets"",""40-20-40 Folding Bench Front Facing Fold Forward Seatback Rear Seat"",""Air Filtration"",""Body-Colored Door Handles"",""Cargo Area Concealed Storage"",""Cargo Space Lights"",""Carpet Floor Trim"",""Day-Night Auto-Dimming Rearview Mirror"",""Deep Tinted Glass"",""Driver / Passenger And Rear Door Bins"",""Driver And Passenger Visor Vanity Mirrors w/Driver And Passenger Illumination"",""Front And Rear Map Lights"",""Front Center Armrest and Rear Center Armrest"",""Front Cupholder"",""Full Carpet Floor Covering -inc: Carpet Front And Rear Floor Mats"",""Full Cloth Headliner"",""Full Floor Console w/Covered Storage and 4 12V DC Power Outlets"",""Garage Door Transmitter"",""Illuminated Locking Glove Box"",""Lumbar Support"",""Power Tilt/Telescoping Steering Column"",""Power w/Tilt Front Head Restraints and Manual Adjustable Rear Head Restraints"",""Rear Cupholder"",""Redundant Digital Speedometer"",""Roll-Up Cargo Cover""],""mechanical"":[""3.39 Axle Ratio"",""Double Wishbone Front Suspension w/Coil Springs"",""Electric Power-Assist Speed-Sensing Steering"",""Engine Auto Stop-Start Feature"",""Hybrid Electric Motor"",""Multi-Link Rear Suspension w/Coil Springs""],""other"":[""21.9 Gal. Fuel Tank"",""6360# Gvwr"",""Audio Theft Deterrent"",""Auto On/Off Projector Beam Led Low/High Beam Auto-Leveling Directionally Adaptive Auto High-Beam Daytime Running Lights Preference Setting Headlamps w/Delay-Off"",""BMW TeleServices"",""Body-Colored Front Bumper w/Metal-Look Rub Strip/Fascia Accent and Black Bumper Insert"",""Body-Colored Rear Bumper w/Metal-Look Rub Strip/Fascia Accent and Black Bumper Insert"",""Delayed Accessory Power"",""Digital/Analog Appearance"",""Driver foot rest"",""Engine: 3.0L DOHC I-6 24V Turbo"",""Fade-To-Off Interior Lighting"",""Fixed Rear Window w/Wiper and Defroster"",""Forward Collision Mitigation"",""Front And Rear Anti-Roll Bars"",""Full-Time All-Wheel"",""Galvanized Steel/Aluminum/Composite Panels"",""Gas-Pressurized Shock Absorbers"",""HVAC -inc: Underseat Ducts Residual Heat Recirculation and Console Ducts"",""Headlights-Automatic Highbeams"",""Interior Lock Disable"",""Interior Trim -inc: Metal-Look Interior Accents and Leatherette Upholstered Dashboard"",""LED Brakelights"",""Leather/Metal-Look Gear Shifter Material"",""Lithium Ion (li-Ion) Traction Battery"",""Memory Settings -inc: Door Mirrors Steering Wheel and Head Restraints"",""Outside Temp Gauge"",""Perimeter/Approach Lights"",""Permanent Locking Hubs"",""Power Fuel Flap Locking Type"",""Power Liftgate/Tailgate Rear Cargo Access"",""Radio w/Seek-Scan Clock Speed Compensated Volume Control Aux Audio Input Jack Steering Wheel Controls Voice Activation Radio Data System and External Memory Control"",""Regenerative 4-Wheel Disc Brakes w/4-Wheel ABS Front And Rear Vented Discs Brake Assist Hill Descent Control Hill Hold Control and Electric Parking Brake"",""Remote Releases -Inc: Comfort Access Proximity Cargo Access"",""Speed Sensitive Rain Detecting Variable Intermittent Wipers w/Heated Jets"",""Streaming Audio"",""Towing Equipment -inc: Trailer Sway Control"",""Tracker System""],""safety"":[""Airbag Occupancy Sensor"",""Curtain 1st And 2nd Row Airbags"",""Driver And Passenger Knee Airbag"",""Dual Stage Driver And Passenger Front Airbags"",""Dual Stage Driver And Passenger Seat-Mounted Side Airbags"",""Outboard Front Lap And Shoulder Safety Belts -inc: Rear Center 3 Point and Pretensioners"",""Perimeter Alarm"",""Rear child safety locks"",""Side Impact Beams"",""Tire Specific Low Tire Pressure Warning""],""technology"":[""10 Speakers"",""2 LCD Monitors In The Front"",""Bluetooth Wireless Phone Connectivity"",""Compass"",""Driver Information Center"",""Hi-Fi Sound System"",""Immobilizer"",""Real-Time Traffic Display""]}",97,"Navigation, Moonroof, Heated Seats, iPod/MP3 Input, Satellite Radio, Power Liftgate, All Wheel Drive, Turbo Charged, Aluminum Wheels. Black Sapphire Metallic exterior and Black interior. EPA 27 MPG Hwy/23 MPG City! CLICK NOW!CHAR(13) + CHAR(10)CHAR(13) + CHAR(10)KEY FEATURES INCLUDECHAR(13) + CHAR(10)Navigation, Sunroof, Panoramic Roof, All Wheel Drive, Power Liftgate, Turbocharged, Satellite Radio, iPod/MP3 Input, Onboard Communications System, Aluminum Wheels, Keyless Start, WiFi Hotspot, Blind Spot Monitor, Lane Keeping Assist, Hands-Free Liftgate Rear Spoiler, MP3 Player, Remote Trunk Release, Keyless Entry, Privacy Glass. CHAR(13) + CHAR(10)CHAR(13) + CHAR(10)OPTION PACKAGESCHAR(13) + CHAR(10)CLIMATE COMFORT PACKAGE 4-Zone Automatic Climate Control, Front Ventilated Seats, Multi-Contour Seats, Front &amp; Rear Heated Seats, Heated Front Seats, Armrests &amp; Steering Wheel, PARKING ASSISTANCE PACKAGE automatic park assistant, backup assistant and trailer assistant, Parking Assistant Professional, Active Park Distance Control, side protection, Parking View w/3D View (Surround View). BMW xDrive40i with Black Sapphire Metallic exterior and Black interior features a Straight 6 Cylinder Engine with 375 HP at 5200 RPM*. CHAR(13) + CHAR(10)CHAR(13) + CHAR(10)EXPERTS CONCLUDECHAR(13) + CHAR(10)Great Gas Mileage: 27 MPG Hwy. CHAR(13) + CHAR(10)CHAR(13) + CHAR(10)BUY FROM AN AWARD WINNING DEALERCHAR(13) + CHAR(10)Experience The Best at BMW Northwest! CHAR(13) + CHAR(10)CHAR(13) + CHAR(10)Horsepower calculations based on trim engine configuration. Fuel economy calculations based on original manufacturer data for trim engine configuration. Please confirm the accuracy of the included equipment by calling us prior to purchase. CHAR(13) + CHAR(10)","[PREMIUM]",5,"4011 20th Street East","Tacoma","WA","98424","[PREMIUM]"
"789792359","2026-09-06 00:30:36.301","2026-09-18 00:33:16.747","789792359","[PREMIUM]","SPLL260220",2026,"POR","Porsche","PORMACAN","Macan",,"SUV","Certified","Certified 2026 Porsche Macan",5631,"[PREMIUM]",,,"[PREMIUM]",63965,68165,"White","WHITE","Black/Mojave Beige","BROWN","4CLDR","4-Cylinder Turbo","All wheel drive","AUT","7-Speed Automatic","Automatic","G","Gasoline","Gas",19,25,2,true,17,false,false,true,,false,,,"30",73449983,"[PREMIUM]","[PREMIUM]","[PREMIUM]",825,"[PREMIUM]",false,"PARTNER",476670,4.7,76,0,"[""NO_SALVAGE_TITLE"",""NO_ACCIDENTS_REPORTED""]","{""exterior"":[""Black Grille"",""Black Side Windows Trim and Black Front Windshield Trim"",""Body-Colored Front Bumper w/Body-Colored Rub Strip/Fascia Accent"",""Body-Colored Power Heated Auto Dimming Side Mirrors w/Power Folding and Turn Signal Indicator"",""Body-Colored Rear Bumper w/Black Rub Strip/Fascia Accent"",""Lip Spoiler""],""interior"":[""2 12V DC Power Outlets"",""2 Seatback Storage Pockets"",""Air Filtration"",""Body-Colored Door Handles"",""Bucket Front Seats w/Leatherette Back Material"",""Cargo Area Concealed Storage"",""Cargo Space Lights"",""Cruise Control w/Steering Wheel Controls"",""Day-Night Auto-Dimming Rearview Mirror"",""Deep Tinted Glass"",""Driver / Passenger And Rear Door Bins"",""Driver And Passenger Visor Vanity Mirrors w/Driver And Passenger Illumination"",""Driver Seat"",""Dual Zone Front Automatic Air Conditioning"",""Front And Rear Map Lights"",""Front Center Armrest and Rear Center Armrest"",""Front Cupholder"",""Front Windshield -inc: Sun Visor Strip"",""Full Carpet Floor Covering -inc: Carpet Front And Rear Floor Mats"",""Full Cloth Headliner"",""Full Floor Console w/Covered Storage  Mini Overhead Console and 2 12V DC Power Outlets"",""HVAC -inc: Underseat Ducts and Console Ducts"",""Heated Front Seats"",""Illuminated Locking Glove Box"",""Manual Tilt/Telescoping Steering Column"",""Manual w/Tilt Front Head Restraints and Manual Adjustable Rear Head Restraints"",""Passenger Seat"",""Power 1st Row Windows w/Front And Rear 1-Touch Up/Down"",""Power Door Locks w/Autolock Feature"",""Power Liftgate Rear Cargo Access"",""Power Rear Windows and Fixed 3rd Row Windows"",""Rear Cupholder"",""Redundant Digital Speedometer"",""Rigid Cargo Cover"",""Trip Computer""],""other"":[""40-20-40 Folding Split-Bench Front Facing Manual Reclining Flip Forward Cushion/Seatback Rear Seat w/Manual Fore/Aft"",""8-Way Front Comfort Seats"",""Adaptive Cruise Control w/PAS"",""Analog Appearance"",""Audio Theft Deterrent"",""Auto On/Off Projector Beam Led Low/High Beam Daytime Running Auto-Leveling Directionally Adaptive Headlamps w/Delay-Off"",""Black Bodyside Insert"",""Cargo Features -inc: Tire Mobility Kit"",""Collapsible Spare Tire Mounted Inside Under Cargo"",""Delayed Accessory Power"",""Driver Foot Rest"",""FOB Controls -inc: Keyfob Cargo Access and Keyfob Window Activation"",""Fixed Rear Window w/Wiper and Defroster"",""Fully Galvanized Steel Panels"",""Gauges -inc: Speedometer  Odometer  Engine Coolant Temp  Tachometer  Turbo/Supercharger Boost  Trip Odometer and Trip Computer"",""Interior Trim -inc: Piano Black/Metal-Look Instrument Panel Insert  Piano Black/Metal-Look Door Panel Insert  Piano Black/Metal-Look Console Insert and Metal-Look Interior Accents"",""LED Brakelights"",""Leather/Metal-Look Gear Shifter Material"",""Leatherette Door Trim Insert"",""Memory Settings -inc: Driver Seat and Door Mirrors"",""Mobile Hotspot Internet Access"",""Outside Temp Gauge"",""Perimeter/Approach Lights"",""Proximity Key For Doors And Push Button Start"",""Radio w/Seek-Scan  Clock  Speed Compensated Volume Control  Aux Audio Input Jack  Steering Wheel Controls  Radio Data System and External Memory Control"",""Radio: Porsche Communication Management (PCM) -inc: navigation module  voice control  Apple CarPlay w/Siri voice recognition and SiriusXM"",""Rain Detecting Variable Intermittent Wipers"",""Rear Carpet Floor Trim"",""Rear Climate Controls w/Rear Controls"",""Remote Keyless Entry w/Integrated Key Transmitter  Illuminated Entry  Illuminated Ignition Switch and Panic Button"",""Remote Releases -Inc: Power Cargo Access and Power Fuel"",""Smart Device Integration"",""Sound Package Plus -inc: 8 speakers  150-watt total output w/integrated amplifier and digital signal processing"",""Sport Leather Steering Wheel"",""Standard Seat Trim"",""Tailgate/Rear Door Lock Included w/Power Door Locks"",""Tire Mobility Kit"",""Tires: 235/55R19 Front & 255/50R19 Rear"",""Wheels: 19\"" Macan""],""safety"":[""Aluminum Spare Wheel"",""Perimeter Alarm""],""technology"":[""2 LCD Monitors In The Front"",""8 Speakers"",""Driver Information Center"",""HomeLink Garage Door Transmitter"",""Immobilizer"",""Integrated Navigation System w/Voice Activation"",""Real-Time Traffic Display""]}",89,"RECALL NOTICE: Some vehicles offered for sale may be subject to unrepaired manufacturer safety recalls. To determine the recall status of a vehicle, visit https://www.nhtsa.gov/recalls.<br><br>The 2026 Porsche Macan Base offers striking performance and luxury in a dynamic white exterior. With its 2.0L turbocharged engine paired with seven-speed PDK transmission and all-wheel drive, this vehicle delivers responsive handling and efficiency. At just 5,500 miles, this nearly new model is ready for an owner who values precision engineering and refined style.<br><br>- 20&quot; Macan S Wheels in Highly Polished Dark Titanium<br>- BOSE Surround Sound System<br>- LED Headlights with Porsche Dynamic Light System Plus<br>- Heated Steering Wheel and Front Ventilated Seats<br>- Panoramic Roof System<br>- 14-Way Power Seats with Memory and Premium Package Plus<br>- Self Steering ParkAssist with Surround View<br>- Rear Heated Seats<br>- Lane Change Assist<br>- Electric Steering Column<br><br>This Macan has been meticulously inspected and certified by Porsche, ensuring it meets the highest standards of quality and reliability. The low mileage reflects careful ownership and preservation of this premium compact SUV.<br><br>Porsche Approved Certified Pre-Owned benefits include:<br>- Multipoint Inspection<br>- Roadside Assistance<br>- Warranty Deductible: $0<br>- Transferable Warranty<br>- Vehicle History<br>- Limited Warranty: 24 Month/Unlimited Mile beginning after new car warranty expires or from certified purchase date<br>- Includes Trip Interruption reimbursement<br><br>Experience the perfect blend of Porsche performance and luxury with this exceptional Macan Base. Visit us today to take command of this outstanding vehicle.","[PREMIUM]",47,"5500 S BROADWAY","Littleton","CO","80121","[PREMIUM]"
"789715754","2026-09-06 00:30:36.292","2026-09-18 00:33:15.978","789715754","[PREMIUM]","TU23102NP",2027,"TOYOTA","Toyota","LC","Land Cruiser",,"SUV","Used","Used 2027 Toyota Land Cruiser",567,"[PREMIUM]",,,"[PREMIUM]",0,0,"Blue","BLUE","Black","BLACK","HYBRD","Hybrid","4 wheel drive","AUT","8-Speed Automatic","Automatic","B","Hybrid Gas/Electric","Hybrid: Gas/Electric",22,25,2.4,false,18,false,false,false,,false,,,"30",100008216,"[PREMIUM]","[PREMIUM]","[PREMIUM]",3771,"[PREMIUM]",false,"PARTNER",481539,3.8,16,0,"[""NO_SALVAGE_TITLE"",""NO_ACCIDENTS_REPORTED""]","{""exterior"":[""Alloy wheels"",""Auto High-beam Headlights"",""Delay-off headlights"",""Front fog lights"",""Fully automatic headlights"",""Power door mirrors"",""Rear Bumper Guard"",""Rear window wiper"",""Spoiler"",""Turn signal indicator mirrors""],""interior"":[""Air Conditioning"",""All Weather Cargo Mat"",""Auto-dimming Rear-View mirror"",""Driver door bin"",""Driver vanity mirror"",""Fabric Seat Trim"",""Front Bucket Seats"",""Front Center Armrest"",""Front beverage holders"",""Front dual zone A/C"",""Front reading lights"",""Heated Front Seats"",""Heated front seats"",""Heated steering wheel"",""Leather Shift Knob"",""Leather steering wheel"",""Overhead console"",""Passenger door bin"",""Passenger vanity mirror"",""Power windows"",""Rear air conditioning"",""Rear reading lights"",""Rear seat center armrest"",""Rear window defroster"",""Split folding rear seat"",""Steering wheel mounted audio controls"",""Telescoping steering wheel"",""Tilt steering wheel"",""Trip computer"",""Variably intermittent wipers""],""mechanical"":[""4-Wheel Disc Brakes"",""Front wheel independent suspension"",""Power steering"",""Speed-sensing steering""],""other"":[""Apple CarPlay/Android Auto"",""Back Door Opening Guard"",""Black Badge Overlay - IForceMax"",""Emergency communication system: Safety Connect (up to 10-year trial subscription)"",""Front anti-roll bar"",""Outside temperature display"",""Radio: Toyota 6-Speaker Audio Multimedia System"",""Rear anti-roll bar"",""Tailgate Light"",""Wheels: 18\"" x 7J Dark Gray Metallic Alloy""],""safety"":[""ABS brakes"",""Brake assist"",""Dual front impact airbags"",""Dual front side impact airbags"",""Electronic Stability Control"",""Knee airbag"",""Low tire pressure warning"",""Occupant sensing airbag"",""Overhead airbag"",""Panic alarm"",""Security system"",""Traction control""],""technology"":[""6 Speakers"",""AM/FM radio: SiriusXM"",""Automatic temperature control"",""Compass"",""Exterior Parking Camera Rear"",""Garage door transmitter: HomeLink"",""Radio data system"",""Rain sensing wipers"",""Remote keyless entry"",""Speed control""]}",76,"New Price! Blue 2027 Toyota Land Cruiser 4WD 8-Speed Automatic 2.4L 4-Cylinder 2.4L 4-Cylinder, Black Premium Synthetic.<br>Odometer is 982 miles below market average!<br>Toyota Certification available depending on year and mileage. See dealer for details.<br><br>All prices exclude tax, title, tags, license, DMV, $175 NYS Doc Fee, finance charges (if applicable), documentation charges, emissions testing charges, or other fees required by law, vehicle sellers or lending organizations. Must take same day delivery.","[PREMIUM]",34,"1030 East Jericho Turnpike","Huntington Station","NY","11746","[PREMIUM]"
"790170045","2026-09-06 00:30:36.213","2026-09-18 00:32:55.185","790170045","[PREMIUM]","TAHOE",2026,"CHEV","Chevrolet","TAHOE","Tahoe","RST","SUV","Used","Used 2026 Chevrolet Tahoe RST w/ RST Capability Package",7327,"[PREMIUM]",,,"[PREMIUM]",70410,72610,"Summit White","WHITE","Red","RED","8CLDR","8-Cylinder","4 wheel drive","AUT","10-Speed Automatic","Automatic","G","Gasoline","Gas",14,18,5.3,true,13,false,false,true,,false,,,"30",75719497,"[PREMIUM]","[PREMIUM]","[PREMIUM]",1668,"[PREMIUM]",false,"PARTNER",478294,3.4,49,0,"[""NO_SALVAGE_TITLE"",""ACCIDENTS_REPORTED"",""ONE_OWNER""]","{""exterior"":[""Alloy wheels"",""Auto High-beam Headlights"",""Bumpers: body-color"",""Delay-off headlights"",""Dual Exhaust System"",""Front LED Fog Lamps"",""Front fog lights"",""Fully automatic headlights"",""Heated door mirrors"",""Outside Heated Power-Adjustable Mirrors"",""Power door mirrors"",""Rear window wiper"",""Set of 4 Wheel Locks"",""Spoiler""],""interior"":[""2-Way Power Driver Lumbar Seat Adjuster"",""2-Way Power Front Passenger Lumbar Seat Adjuster"",""3rd Row All-Weather Floor Liners"",""3rd row seats: split-bench"",""8-Way Power Driver Seat Adjuster"",""8-Way Power Front Passenger Seat Adjuster"",""Air Conditioning"",""All-Weather Cargo Mat"",""Auto-Dimming Inside Rear-View Mirror"",""Auto-dimming Rear-View mirror"",""Color-Keyed Carpeting Floor Covering"",""Driver door bin"",""Driver vanity mirror"",""Dual-Pane Power Panoramic Sunroof"",""Floor Console"",""Front Bucket Seats"",""Front Center Armrest"",""Front dual zone A/C"",""Front reading lights"",""Garage door transmitter"",""Heated Driver and Front Passenger Seats"",""Heated Steering Wheel"",""Heated front seats"",""Memory Settings For Driver"",""Memory seat"",""Overhead console"",""Passenger door bin"",""Passenger vanity mirror"",""Perforated Leather Seat Trim"",""Power Liftgate"",""Power Release 2nd Row Bucket Seats"",""Power driver seat"",""Power passenger seat"",""Power windows"",""Rear Power Liftgate"",""Rear air conditioning"",""Rear reading lights"",""Rear seat center armrest"",""Rear window defroster"",""Split folding rear seat"",""Steering wheel mounted audio controls"",""Tachometer"",""Telescoping steering wheel"",""Tilt steering wheel"",""Trip computer"",""Universal Home Remote"",""Variably intermittent wipers"",""Voltmeter""],""mechanical"":[""3.23 Rear Axle Ratio"",""4-Wheel Disc Brakes"",""Air Ride Adaptive Suspension"",""Four wheel independent suspension"",""Magnetic Ride Control Suspension"",""Power steering"",""Speed-sensing steering""],""other"":[""1st and 2nd Row Color-Keyed Carpeted Floor Mats"",""2nd Row Power Release 60/40 Split-Folding Bench Seat"",""3-Spoke Wrapped Steering Wheel"",""3rd Row 60/40 Power-Folding Split-Bench Seat"",""3rd Row Manual 60/40 Split-Folding Bench Seats"",""Apple CarPlay/Android Auto"",""Bose 10-Speaker Centerpoint Surround Audio System Feature"",""Bright Front and Rear Door Sill Plates"",""Comfort Package"",""Emergency communication system: OnStar and Chevrolet connected services capable"",""First and Second Rows Premium Floor Liners"",""Floor Console with Storage Area"",""Front anti-roll bar"",""Frontal Driver and Outboard Passenger Airbags"",""Heated 2nd Row Outboard Seats"",""Illuminated entry"",""Interior Camera"",""Key Card"",""LED Headlamps with LED Daytime Running Lamps"",""LED Tail Lamps"",""License Plate Front Mounting Package"",""Memory Settings"",""Navigation system: Google built-in compatibility (select service plan required"",""Outside temperature display"",""Preferred Equipment Group 1SP"",""Premium Liner Protection Package"",""Premium Smooth Ride Suspension"",""Premium audio system: Chevrolet Infotainment 3 Premium"",""RST Capability Package"",""RST Exterior Features"",""Radio: 17.7\"" Diagonal Advanced Color LCD Display"",""Rear anti-roll bar"",""SiriusXM with 360L Trial Subscription"",""Wheels: 22\"" x 9\"" Bright Machined"",""Wheels: 24\"" x 9.5\"" Machined"",""Wireless Phone Charging"",""terms and limitations apply)""],""safety"":[""ABS brakes"",""Brake assist"",""Dual front impact airbags"",""Dual front side impact airbags"",""Electronic Stability Control"",""Low tire pressure warning"",""Occupant sensing airbag"",""Overhead airbag"",""Panic alarm"",""Security system"",""Traction control""],""technology"":[""6 Speakers"",""6-Speaker Audio System Feature"",""AM/FM radio: SiriusXM with 360L"",""Automatic temperature control"",""Compass"",""Exterior Parking Camera Rear"",""Radio data system"",""Rain sensing wipers"",""Remote Start"",""Remote keyless entry"",""Speed control"",""USB Ports""]}",129,"2026 Summit White Chevrolet Tahoe RST 1st and 2nd Row Color-Keyed Carpeted Floor Mats, 2nd Row Power Release 60/40 Split-Folding Bench Seat, 3-Spoke Wrapped Steering Wheel, 3rd Row 60/40 Power-Folding Split-Bench Seat, 3rd Row All-Weather Floor Liners, 3rd Row Manual 60/40 Split-Folding Bench Seats, Air Ride Adaptive Suspension, All-Weather Cargo Mat, Auto-Dimming Inside Rear-View Mirror, Bose 10-Speaker Centerpoint Surround Audio System Feature, Bright Front and Rear Door Sill Plates, Color-Keyed Carpeting Floor Covering, Comfort Package, Dual Exhaust System, Dual-Pane Power Panoramic Sunroof, First and Second Rows Premium Floor Liners, Floor Console, Floor Console with Storage Area, Front Bucket Seats, Front LED Fog Lamps, Frontal Driver and Outboard Passenger Airbags, Heated 2nd Row Outboard Seats, Heated Steering Wheel, Interior Camera, Key Card, LED Headlamps with LED Daytime Running Lamps, LED Tail Lamps, Magnetic Ride Control Suspension, Memory Settings, Memory Settings For Driver, Navigation system: Google built-in compatibility (select service plan required, terms and limitations apply), Outside Heated Power-Adjustable Mirrors, Power Release 2nd Row Bucket Seats, Preferred Equipment Group 1SP, Premium Liner Protection Package, Rear Power Liftgate, Remote Start, RST Capability Package, RST Exterior Features, Set of 4 Wheel Locks, SiriusXM with 360L Trial Subscription, Universal Home Remote, USB Ports, Wheels: 22 x 9 Bright Machined, Wheels: 24 x 9.5 Machined, Wireless Phone Charging.<br><br>Priced below KBB Fair Purchase Price! Odometer is 2429 miles below market average!","[PREMIUM]",15,"18122 ROCKSIDE RD","Bedford","OH","44146","[PREMIUM]"
"789145427","2026-09-06 00:30:36.209","2026-09-06 00:30:36.209","789145427","[PREMIUM]","L8052P",2026,"MB","Mercedes-Benz","MBGLE450","GLE 450","4MATIC","SUV","Certified","Certified 2026 Mercedes-Benz GLE 450 4MATIC",9347,"[PREMIUM]",,"Great","[PREMIUM]",73384,76184,"Polar White","WHITE","Macchiato/Black","BEIGE","6CLDR","6-Cylinder Turbo","All wheel drive","AUT","9-Speed Automatic","Automatic","G","Gasoline","Gas",19,25,3,false,11,false,false,false,,false,,,"30",89969,"[PREMIUM]","[PREMIUM]","[PREMIUM]",1230,"[PREMIUM]",false,"PARTNER",479231,3.8,52,0,"[""NO_SALVAGE_TITLE"",""NO_FRAME_DAMAGE"",""NO_FLOOD_WATER_DAMAGE"",""NO_ACCIDENTS_REPORTED"",""FREE_REPORT""]","{""exterior"":[""Aluminum Wheels"",""Automatic Headlights"",""Automatic Highbeams"",""BLACK WHEEL LOCKING BOLTS"",""Hands-Free Liftgate"",""Heated Mirrors"",""ILLUMINATED RUNNING BOARDS"",""Integrated Turn Signal Mirrors"",""LED Headlights"",""Mirror Memory"",""Power Folding Mirrors"",""Power Mirror(s)"",""Rear Spoiler"",""Tires - Front Performance"",""Tires - Rear Performance""],""interior"":[""A/C"",""Adjustable Steering Wheel"",""Auto-Dimming Rearview Mirror"",""Bucket Seats"",""Cargo Shade"",""Climate Control"",""Driver Adjustable Lumbar"",""Driver Illuminated Vanity Mirror"",""Driver Vanity Mirror"",""Floor Mats"",""Generic Sun/Moonroof"",""Heated Front Seat(s)"",""Intermittent Wipers"",""Leather Steering Wheel"",""Multi-Zone A/C"",""NATURAL GRAIN BROWN WALNUT TRIM"",""Panoramic Roof"",""Pass-Through Rear Seat"",""Passenger Adjustable Lumbar"",""Passenger Illuminated Visor Mirror"",""Passenger Vanity Mirror"",""Power Door Locks"",""Power Driver Seat"",""Power Liftgate"",""Power Passenger Seat"",""Power Windows"",""Premium Synthetic Seats"",""Privacy Glass"",""Rear Bench Seat"",""Rear Defrost"",""Remote Trunk Release"",""Seat Memory"",""Steering Wheel Audio Controls"",""Sun/Moonroof"",""Trip Computer"",""Universal Garage Door Opener"",""Variable Speed Intermittent Wipers""],""mechanical"":[""4-Wheel Disc Brakes"",""Power Steering"",""Turbocharged""],""other"":[""149 135 01U 04U 12B 14U 16U 17U 232 234 235 242 249 258 264 270 273 275 294 321 34U 351 355 362 365 367 37U 421 461 475 494 500 501 517 536 543 551 580 587 608 632 634 636 666 690 723 72B 763 772 840 824 852 889 88B 890 897 901 915 94B 986 989 B01 B12 L2B"",""ALL-SEASON FRONT & REAR FLOORMATS"",""Aerial View Display System"",""Bluetoothᆴ Connection"",""Driver Monitoring"",""Driver Restriction Features"",""EXCLUSIVE TRIM  -inc: Augmented Video for Navigation  Ventilated Front Seats  Burmesterᆴ Surround Sound System w/Dolby Atmos  13 high-performance speakers  9-channel DSP amplifier w/590-watts output and Frontbass  Music Streaming  Sound Personalization"",""Front Collision Mitigation"",""LOAD SILL PROTECTION"",""Lithium Ion Traction Battery"",""MACCHIATO HEADLINER"",""MACCHIATO/BLACK  MB-TEX SEAT TRIM"",""PANORAMA POWER TILT/SLIDING SUNROOF"",""POLAR WHITE"",""Requires Subscription"",""Smart Device Integration"",""TRAILER HITCH  -inc: Increased Towing Capacity"",""WHEELS: 21\"" AMGᆴ MULTISPOKE  -inc: Tires: 275/45R21 Fr & 315/40R21 Rr"",""WINTER PACKAGE  -inc: Heated Washer System  Heated Steering Wheel""],""safety"":[""ABS"",""Blind Spot Monitor"",""Brake Assist"",""Child Safety Locks"",""Daytime Running Lights"",""Driver Air Bag"",""Front Head Air Bag"",""Front Side Air Bag"",""Knee Air Bag"",""Passenger Air Bag"",""Passenger Air Bag Sensor"",""Rear Head Air Bag"",""Security System"",""Stability Control"",""Temporary Spare Tire"",""Tire Pressure Monitor"",""Traction Control""],""technology"":[""AM/FM Stereo"",""Automatic Parking"",""Auxiliary Audio Input"",""Back-Up Camera"",""Cruise Control"",""HD Radio"",""Immobilizer"",""Keyless Entry"",""Keyless Start"",""MP3 Capability"",""Navigation System"",""Rain Sensing Wipers"",""Rear Parking Aid"",""Remote Engine Start"",""Satellite Radio"",""Telematics"",""WiFi Hotspot""]}",108,"CERTIFIED, ONE OWNER, CLEAN CARFAX! RBM of Atlanta pedigree vehicle, sold and serviced here. WINTER PACKAGE -inc: Heated Washer System, Heated Steering Wheel, WHEELS: 21&quot; AMG&reg; MULTISPOKE -inc: Tires: 275/45R21 Fr &amp; 315/40R21 Rr, TRAILER HITCH -inc: Increased Towing Capacity, POLAR WHITE, PANORAMA POWER TILT/SLIDING SUNROOF, NATURAL GRAIN BROWN WALNUT TRIM, MACCHIATO/BLACK, MB-TEX SEAT TRIM, MACCHIATO HEADLINER, LOAD SILL PROTECTION, ILLUMINATED RUNNING BOARDS. This Mercedes-Benz GLE has a powerful Intercooled Turbo Gas/Electric I-6 3.0 L/183 engine powering this Automatic transmission.<br><br>*These Packages Will Make Your Mercedes-Benz GLE GLE 450 4MATIC&reg; SUV The Envy of Your Friends *<br>BLACK WHEEL LOCKING BOLTS, ALL-SEASON FRONT &amp; REAR FLOORMATS, Wireless Smartphone Integration, Wireless Charging, Window Grid Diversity Antenna, Wheels: 20&quot; AMG&reg; Twin 5-Spoke, Valet Function, Urethane Gear Shifter Material, Trip Computer, Transmission: 9G-TRONIC 9-Speed Automatic, Transmission w/Driver Selectable Mode and Sequential Shift Control w/Steering Wheel Controls, Tracker System, Towing Equipment -inc: Trailer Sway Control, Tires: 275/50R20, Tire Specific Low Tire Pressure Warning, Tailgate/Rear Door Lock Included w/Power Door Locks, Streaming Audio, Steel Spare Wheel, Speed Sensitive Rain Detecting Fixed Interval Wipers, Spare Tire Mounted Inside Under Cargo.<br><br>*Visit Us Today *<br>For a must-own Mercedes-Benz GLE come see us at RBM of Atlanta, 7640 Roswell Road, Atlanta, GA 30350. Just minutes away!<br><br>*Trademarks*<br>Burmester&reg; is a registered trademark of Burmester&reg; Audiosysteme GmbH, Berlin, Germany. harman/kardon&reg; and Logic 7&reg; are registered marks of Harman International Industries, Incorporated. Bluetooth&reg; is a registered mark of Bluetooth&reg; SIG, Inc.","[PREMIUM]",54,"7640 Roswell Road","Atlanta","GA","30350","[PREMIUM]"
"789891312","2026-09-06 00:30:36.169","2026-09-06 00:30:36.169","789891312","[PREMIUM]","TB518485",2026,"MB","Mercedes-Benz","MBGLE450","GLE 450","4MATIC","SUV","Used","Used 2026 Mercedes-Benz GLE 450 4MATIC",9320,"[PREMIUM]",,,"[PREMIUM]",,,"Twilight Blue Metallic","BLUE","Catalana Beige/Black","BEIGE","6CLDR","6-Cylinder Turbo","All wheel drive","AUT","9-Speed Automatic","Automatic","G","Gasoline","Gas",19,25,3,false,3,false,true,false,,false,,,"30",75354873,"[PREMIUM]","[PREMIUM]","[PREMIUM]",822,"[PREMIUM]",false,"PARTNER",,,,0,"[""NO_SALVAGE_TITLE"",""NO_FRAME_DAMAGE"",""NO_FLOOD_WATER_DAMAGE"",""NO_ACCIDENTS_REPORTED"",""ONE_OWNER"",""FREE_REPORT""]","{""exterior"":[""Aluminum Wheels"",""Automatic Headlights"",""Hands-Free Liftgate"",""Heated Mirrors"",""Integrated Turn Signal Mirrors"",""Mirror Memory"",""Power Mirror(s)"",""Rear Spoiler"",""Tires - Front Performance"",""Tires - Rear Performance""],""interior"":[""AC"",""Adjustable Steering Wheel"",""Auto-Dimming Rearview Mirror"",""Bucket Seats"",""Climate Control"",""Driver Adjustable Lumbar"",""Driver Illuminated Vanity Mirror"",""Driver Vanity Mirror"",""Floor Mats"",""Heated Seats"",""Intermittent Wipers"",""Leather Steering Wheel"",""Multi-Zone A/C"",""Pass-Through Rear Seat"",""Passenger Adjustable Lumbar"",""Passenger Illuminated Visor Mirror"",""Passenger Vanity Mirror"",""Power Door Locks"",""Power Driver Seat"",""Power Liftgate"",""Power Passenger Seat"",""Power Windows"",""Privacy Glass"",""Rear Defrost"",""Remote Trunk Release"",""Seat Memory"",""Steering Wheel Audio Controls"",""Sunroof / Moonroof"",""Transmission w/Dual Shift Mode"",""Trip Computer"",""Universal Garage Door Opener"",""Variable Speed Intermittent Wipers""],""mechanical"":[""4-Wheel Disc Brakes"",""Power Steering"",""Straight 6 Cylinder Engine"",""Turbo/Supercharged""],""other"":[""Automatic Full-Time 4MATICᆴ All Wheel Drive"",""Smart Device Integration""],""safety"":[""ABS"",""Blind Spot Monitor"",""Brake Assist"",""Child Safety Locks"",""Daytime Running Lights"",""Driver Air Bag"",""Front Head Air Bag"",""Front Side Air Bag"",""Passenger Air Bag"",""Rear Head Air Bag"",""Stability Control"",""Temporary Spare Tire"",""Tire Pressure Monitor"",""Traction Control""],""technology"":[""AM/FM Stereo"",""Auxiliary Audio Input"",""Back-Up Camera"",""Bluetooth"",""Cruise Control"",""Engine Immobilizer"",""Keyless Entry"",""Keyless Start"",""MP3 Player"",""Navigation System"",""Rain Sensing Wipers"",""Rear Parking Aid"",""Remote Start"",""Satellite Radio"",""Telematics"",""WiFi Hotspot""]}",78,"OPTION PACKAGES<br>Navigation, Sunroof, Automatic Full-Time 4MATIC&reg; All Wheel Drive, Power Liftgate, Heated Driver Seat<br><br>Bluetooth&reg; is a registered mark of Bluetooth&reg; SIG, Inc. and Burmester&reg; is a registered trademark of Burmester&reg; Audiosysteme GmbH, Berlin, Germany. harman/kardon&reg; and Logic 7&reg; are registered marks of Harman International Industries, Incorporated. Fuel economy calculations based on original manufacturer data for trim engine configuration. Please confirm the accuracy of the included equipment by calling us prior to purchase.<br>","[PREMIUM]",22,"10900 S I-35 FRONTAGE RD.","Austin","TX","78748","[PREMIUM]"
