"_primaryKey","_firstSeenAt","_lastSeenAt","listingId","vin","stockNumber","year","makeCode","makeName","modelCode","modelName","trim","bodyStyle","listingType","listingTitle","mileage","salePrice","msrp","dealIndicator","kbbFairPurchasePrice","kbbFairPriceLow","kbbFairPriceHigh","exteriorColor","exteriorColorSimple","interiorColor","interiorColorSimple","engineCode","engine","drivetrain","transmissionCode","transmission","transmissionGroup","fuelTypeCode","fuelType","fuelTypeGroup","mpgCity","mpgHighway","displacementUOM","hasLeatherSeats","daysOnMarket","isHot","isNewlyListed","isReducedPrice","isNoHagglePrice","hasSpecialOffer","moneyBackGuarantee","mainImageIsStock","priority","sellerId","sellerName","sellerPhone","sellerRating","sellerReviewCount","sellerWebsite","isPrivateSeller","sellerContractLevel","kbbVehicleId","kbbConsumerRatings","kbbConsumerReviewCount","safetyRecallCount","vhrPreview","options","optionsCount","description","images","imagesCount","sellerAddress","sellerCity","sellerState","sellerZip","listingUrl"
"781129796","2026-05-25 21:44:02.943","2026-05-25 21:44:02.943","781129796","[PREMIUM]","61270571",2006,"GMC","GMC","15SIPU4WD","Sierra 1500","SL","TRUCKS","Used","Used 2006 GMC Sierra 1500 SL",164872,"[PREMIUM]",,"Great","[PREMIUM]",7080,8430,"Steel Gray Metallic","GRAY","Dark Pewter","GRAY","8CLDR","8-Cylinder","4 wheel drive","AUT","4-Speed Automatic","Automatic","G","Gasoline","Gas",15,19,4.8,false,3,false,true,false,false,false,false,false,"PREMIUM",,"[PREMIUM]","[PREMIUM]","[PREMIUM]",,"[PREMIUM]",,,348863,4.6,1659,0,"[""NO_SALVAGE_TITLE"",""NO_FRAME_DAMAGE"",""NO_FLOOD_WATER_DAMAGE"",""ACCIDENTS_REPORTED"",""NO_ONE_OWNER""]","{""exterior"":[""Automatic Headlights"",""Chrome Wheels"",""Heated Mirrors"",""Power Mirror(s)"",""Tires - Front On/Off Road"",""Tires - Rear On/Off Road""],""interior"":[""AC"",""Adjustable Steering Wheel"",""Cloth Seats"",""Floor Mats"",""Front Reading Lamps"",""Intermittent Wipers"",""Multi-Zone A/C"",""Passenger Vanity Mirror"",""Power Door Locks"",""Power Outlet"",""Power Windows"",""Split Bench Seat"",""Trip Computer""],""safety"":[""ABS"",""Conventional Spare Tire"",""Daytime Running Lights"",""Driver Air Bag"",""Passenger Air Bag"",""Security System""],""mechanical"":[""4-Speed A/T"",""8 Cylinder Engine"",""A/T"",""Four Wheel Drive"",""Front Disc/Rear Drum Brakes"",""Gasoline Fuel"",""Power Steering"",""Transmission Overdrive Switch""],""technology"":[""AM/FM Stereo"",""CD Player"",""Cruise Control"",""Engine Immobilizer"",""Keyless Entry""],""other"":[""Tow Hooks""]}",39,"SL trim. Dual Zone A/C, CD Player, 4x4, TRANSMISSION, 4-SPEED AUTOMATIC, ELEC..., ENGINE, VORTEC 4800 V8 SFI, Alloy Wheels, Edmunds.coms review says If you want power, the Sierras got it..<br><br>KEY FEATURES INCLUDE<br>4x4, CD Player, Chrome Wheels, Dual Zone A/C<br><br>OPTION PACKAGES<br>ENGINE, VORTEC 4800 V8 SFI (285 HP [212.3 kW] @ 5200 rpm, 295 lb.-ft [398.2 N-m] @ 4000 rpm) (STD), TRANSMISSION, 4-SPEED AUTOMATIC, ELECTRONICALLY CONTROLLED W/OVERDRIVE AND TOW/HAUL MODE (STD).<br><br>WHY BUY FROM US<br>Buy with confidence at Group 1 where every pre-owned vehicle, up to 175,000 miles, comes with a one month 1,000-mile limited warranty along with a 3-day 250-mile exchange policy. Some exclusions may apply, see Buyers Guide for specifics. Every vehicle is priced to market and includes a Carfax History Report.<br><br>MARKET-BASED PRICING<br>You expect fair &amp; competitive pricing. Thats why the price is based on current market data and is regularly compared to similar pre-owned vehicles in the region.<br><br>QUALITY INSPECTIONS<br>Every vehicle is thoroughly inspected and comes with a complimentary vehicle history report.<br><br>QUICK &amp; TRANSPARENT FINANCING<br>Need Financing? Apply in minutes with all terms and conditions clearly disclosed upfront.<br><br>VEHICLE SERVICE CONTRACTS<br>Avoid bumps in the road! Adding a service contract can help prevent future unexpected expenses from arising. Available for most purchases.<br><br>EXPERTS REPORT<br>Edmunds.com explains If you want power, the Sierras got it..<br><br>OUR OFFERINGS<br>We have a strong and committed sales staff with many years of experience satisfying our customers needs. Feel free to browse our inventory online, request more information about vehicles, set up a test drive or inquire about financing!<br><br>Please confirm the accuracy of the included equipment by calling us prior to purchase.<br>","[PREMIUM]",1,,,,,"[PREMIUM]"
"780384127","2026-05-25 21:43:32.813","2026-05-25 21:43:32.813","780384127","[PREMIUM]","89130N",2006,"VOLVO","Volvo","S60","S60","2.5T","SEDAN","Used","Used 2006 Volvo S60 2.5T",103140,"[PREMIUM]",,,"[PREMIUM]",2520,3295,"Ice White","WHITE","Beige","BEIGE","5CLDR","5-Cylinder Turbo","2 wheel drive - front","AUT","5-Speed Automatic","Automatic","G","Gasoline","Gas",,,2.5,true,11,false,false,false,false,false,false,false,"PREMIUM",,"[PREMIUM]","[PREMIUM]","[PREMIUM]",,"[PREMIUM]",,,348237,4.5,138,0,"[""NO_SALVAGE_TITLE"",""NO_ACCIDENTS_REPORTED"",""NO_ONE_OWNER""]","{""exterior"":[""16' x 7' 'EURUS' alloy wheels"",""215/55R16 tires"",""Aluminum Wheels"",""Body-color pwr heated mirrors w/entry/exit lights"",""Color-keyed side/bumper moldings"",""Fog Lamps"",""Front fog lights"",""Halogen headlamps"",""Heated Mirrors"",""Mirror Memory"",""Outside mirror memory"",""Power Mirror(s)"",""Rear fog light w/auto-off"",""Tires - Front Performance"",""Tires - Rear Performance""],""interior"":[""(2) front/(2) rear cup holders"",""(4) reading lamps"",""2-speed intermittent windshield wipers"",""3-position driver memory"",""3-position memory"",""60/40 split-fold rear seat w/trunk pass-through"",""8-way pwr driver seat w/adjustable lumbar"",""8-way pwr front seats w/adjustable lumbar"",""AC"",""Adjustable Steering Wheel"",""Adjustable steering column"",""Bucket Seats"",""Cargo area lights"",""Central pwr door locks-inc: trunk"",""Climate Control"",""Cloth seating surfaces"",""Driver Adjustable Lumbar"",""Driver Illuminated Vanity Mirror"",""Driver Vanity Mirror"",""Dual illuminated visor vanity mirrors"",""Emergency Trunk Release"",""Emergency trunk release"",""Flat-folding front passenger seat"",""Floor Mats"",""Front Reading Lamps"",""Front bucket seats w/head restraints"",""Front center armrest"",""Front door storage pockets"",""Front seatback storage pockets"",""Front/rear 12V pwr outlets"",""Illuminated lockable glove box"",""Intermittent Wipers"",""Leather Steering Wheel"",""Leather gear shift knob"",""Leather seating surfaces"",""Multi-Zone A/C"",""Pass-Through Rear Seat"",""Passenger Illuminated Visor Mirror"",""Passenger Vanity Mirror"",""Power Door Locks"",""Power Driver Seat"",""Power Outlet"",""Power Windows"",""Pwr glass moonroof"",""Pwr windows-inc: front auto-up/down"",""Rear A/C"",""Rear Bench Seat"",""Rear Defrost"",""Rear Reading Lamps"",""Rear window defroster w/timer"",""Seat Memory"",""Steering Wheel Audio Controls"",""Tinted windows"",""Trip Computer"",""Trip computer"",""Variable Speed Intermittent Wipers"",""Wood inlays"",""pwr folding head restraints""],""safety"":[""3-point seat belts for all seating positions-inc: pretensioners"",""4-wheel anti-lock braking system (ABS) w/electronic brake distribution (EBD)"",""ABS"",""Child Safety Locks"",""Child safety rear door locks"",""Daytime Running Lights"",""Daytime running lights"",""Driver Air Bag"",""Driver/front passenger dual-threshold airbags (SRS)"",""Front Head Air Bag"",""Front Side Air Bag"",""Front seat belt height adjustment"",""ISO-FIX child seat attachments-inc: top tether seat anchors"",""Overhead-mounted seat belt reminder lights"",""Passenger Air Bag"",""Rear Head Air Bag"",""Security System"",""Security alarm system"",""Side impact protection system (SIPS)-inc: driver/front passenger side-impact airbags"",""Stability & traction control (STC)"",""Traction Control"",""front/rear side-impact inflatable curtains (IC)""],""mechanical"":[""2.5L DOHC all-alloy turbocharged I5 engine w/intercooler"",""4-Wheel Disc Brakes"",""5 Cylinder Engine"",""5-Speed A/T"",""5-speed automatic transmission"",""A/T"",""Front Wheel Drive"",""Front wheel drive"",""Front/rear stabilizer bars"",""Gasoline Fuel"",""MacPherson Strut front suspension w/coil springs"",""Multi-link independent rear suspension w/coil springs"",""Power Steering"",""Pwr 4-wheel disc brakes"",""Pwr rack & pinion steering"",""Turbocharged""],""technology"":[""(6) speakers"",""(8) speakers"",""AM/FM Stereo"",""AM/FM stereo w/CD player-inc: 100-watt amp"",""CD Player"",""Cruise Control"",""Cruise control"",""Engine Immobilizer"",""Immobilizer theft deterrent system"",""Keyless Entry"",""Remote keyless entry""],""other"":[""18.0 gallon fuel tank"",""Anti-submarine seats"",""Driver/front passenger whiplash protection seating system (WHIPS)"",""Dual-zone electronic climate control (ECC)-inc: rear seat vents"",""Front door entry lighting"",""Front/rear plush floor mats"",""Interior cabin light delay feature"",""Leather-wrapped steering wheel w/illuminated cruise & audio controls"",""Outside temp gauge"",""PremAir treated radiator for smog reduction"",""Rear window deactivation"",""Safe Approach & Home Safe security lighting"",""anti-trap feature""]}",135,",APPOINTMENT STRONGLY RECOMMENDED, 60 PLUS VEHICLES IN STORAGE!! In an automotive landscape often dominated by fleeting trends, this 2006 Volvo S60 2.5T stands as a testament to enduring quality and sophisticated design. It's not just a car; it's a piece of Swedish engineering with a story to tell, and a clean CarFax report to back up every chapter..","[PREMIUM]",22,,,,,"[PREMIUM]"
"780522992","2026-05-25 21:43:22.730","2026-05-25 21:43:22.730","780522992","[PREMIUM]",,2006,"SATURN","Saturn","VUE","Vue","2WD","SUV","Used","Used 2006 Saturn Vue 2WD",165010,"[PREMIUM]",,,"[PREMIUM]",2315,2915,"Green","GREEN","Gray","GRAY","4CLDR","4-Cylinder","2 wheel drive - front","AUT","4-Speed Automatic","Automatic","G","Gasoline","Gas",22,27,2.2,false,10,false,false,false,false,false,false,false,"PREMIUM",,"[PREMIUM]","[PREMIUM]","[PREMIUM]",,"[PREMIUM]",,,1473,4,1055,0,"[""NO_SALVAGE_TITLE"",""ACCIDENTS_REPORTED"",""NO_ONE_OWNER""]","{""exterior"":[""Headlights - Auto Delay Off"",""Headlights - Auto On/Off"",""Rear Wiper - Intermittent"",""Tire Type - All Season"",""Wheel Covers - Full"",""Wheels - Steel""],""interior"":[""Air Filtration"",""Cargo Area Light"",""Center Console - Front Console With Storage"",""Clock"",""Cupholders"",""Dimming Rearview Mirror - Auto"",""Driver Seat Manual Adjustments - 8"",""Driver Seat Manual Adjustments - Height"",""Front Air Conditioning"",""Front Headrests - Adjustable"",""Front Seat Type - Bucket"",""Gauge - Tachometer"",""Passenger Seat Manual Adjustments"",""Power Door Locks"",""Power Windows"",""Reading Lights - Front"",""Rear Headrests - Adjustable"",""Rear Privacy Glass"",""Rear Seat Folding - Split"",""Rear Seat Manual Adjustments - Reclining"",""Rear Seat Type - Bench"",""Steering Wheel - Tilt"",""Steering Wheel Mounted Controls - Audio"",""Storage - Cargo Tie-Down Anchors And Hooks"",""Storage - Door Pockets"",""Storage - Organizer"",""Upholstery - Cloth"",""Window Defogger - Rear""],""safety"":[""Airbag Deactivation - Occupant Sensing Passenger"",""Anti-Theft System - Alarm"",""Anti-Theft System - Audio Security System"",""Child Safety Door Locks"",""Child Seat Anchors"",""Daytime Running Lights"",""Front Airbags - Dual"",""Rear Seatbelts - Center 3-Point"",""Seatbelt Force Limiters"",""Seatbelt Pretensioners"",""Spare Tire Mount Location - Inside""],""mechanical"":[""Front Struts - Macpherson"",""Front Suspension Classification - Independent"",""Power Steering"",""Rear Stabilizer Bar"",""Rear Suspension Classification - Independent"",""Rear Suspension Type - Multi-Link""],""technology"":[""Anti-Theft System - Engine Immobilizer"",""Compass"",""Cruise Control"",""In-Dash Cd - Single Disc"",""Radio - Am/Fm"",""Satellite Communications - Onstar"",""Speed Sensitive Volume Control""],""other"":[""External Temperature Display"",""Front Brake Diameter - 11.7"",""Front Brake Type - Ventilated Disc"",""Front Brake Width - 1.0"",""Front Wipers - Intermittent"",""Liftgate Window - Manual Flip-Up"",""Multi-Function Remote - Keyless Entry"",""Rear Brake Diameter - 9.8"",""Rear Brake Type - Drum"",""Rear Door Type - Liftgate"",""Retained Accessory Power"",""Side Mirror Adjustments - Power"",""Tire Prefix - P"",""Tire Speed Rating - S"",""Warnings And Reminders - Low Fuel Level""]}",73,"IMMACULATE AND FULLY SERVICED, RUNS AND DRIVES 100% AWESOME FUEL ECONOMY, NO GAMES, NO HIDDEN FEES!!!!","[PREMIUM]",21,,,,,"[PREMIUM]"
"778101887","2026-05-25 21:42:52.458","2026-05-25 21:42:52.458","778101887","[PREMIUM]","4362",2006,"BMW","BMW","530XI","530xi","Sedan","SEDAN","Used","Used 2006 BMW 530xi Sedan",189105,"[PREMIUM]",,,"[PREMIUM]",1095,2945,"Monaco Blue Metallic","BLUE","Auburn Premium Leather",,"6CLDR","6-Cylinder","All wheel drive","AUT","6-Speed Automatic","Automatic","G","Gasoline","Gas",,,3,true,36,false,false,false,false,false,false,false,"PREMIUM",,"[PREMIUM]","[PREMIUM]","[PREMIUM]",,"[PREMIUM]",,,51,4.6,632,1,"[""SALVAGE_TITLE"",""ACCIDENTS_REPORTED"",""NO_ONE_OWNER""]","{""exterior"":[""Front Fog Lights"",""Headlights - Auto Delay Off"",""Headlights - Auto On/Off"",""Headlights - Cornering"",""Headlights - Hid/Xenon"",""Heated Windshield Washer Jets"",""Side Mirrors - Heated"",""Taillights - Adaptive"",""Tire Type - All Season""],""interior"":[""Air Filtration"",""Armrests - Rear Folding"",""Cargo Area Floor Mat"",""Cargo Area Light"",""Center Console - Front Console With Storage"",""Center Console Trim - Wood"",""Clock"",""Cupholders"",""Dash Trim - Wood"",""Door Trim - Alloy"",""Driver Seat Power Adjustments - 10"",""Driver Seat Power Adjustments - Height"",""Driver Seat Power Adjustments - Lumbar"",""Driver Seat Power Adjustments - Reclining"",""Easy Entry - Power Driver Seat"",""Emergency Interior Trunk Release"",""Floor Mat Material - Carpet"",""Floor Mats - Front"",""Floor Mats - Rear"",""Front Air Conditioning - Automatic Climate Control"",""Front Air Conditioning Zones - Dual"",""Front Headrests - 2"",""Front Headrests - Power Adjustable"",""Front Seat Type - Bucket"",""Gauge - Tachometer"",""Memorized Settings - Driver Seat"",""Moonroof / Sunroof - Power Glass"",""Moonroof / Sunroof - Remotely Operated"",""Passenger Seat Power Adjustments - 10"",""Passenger Seat Power Adjustments - Height"",""Passenger Seat Power Adjustments - Lumbar"",""Passenger Seat Power Adjustments - Reclining"",""Power Door Locks"",""Power Outlet(S) - Front"",""Power Windows - Remotely Operated"",""Push-Button Start"",""Reading Lights - Front"",""Rear Headrests - 3"",""Rear Headrests - Adjustable"",""Rear Seat Type - Bench"",""Shift Knob Trim - Alloy"",""Steering Wheel - Tilt And Telescopic"",""Steering Wheel Mounted Controls - Audio"",""Steering Wheel Mounted Controls - Cruise Control"",""Steering Wheel Mounted Controls - Phone"",""Steering Wheel Trim - Leather"",""Storage - Cargo Tie-Down Anchors And Hooks"",""Storage - Door Pockets"",""Storage - Seatback"",""Upholstery - Vinyl"",""Window Defogger - Rear""],""safety"":[""Abs - 4-Wheel"",""Airbag Deactivation - Occupant Sensing Passenger"",""Anti-Theft System - Alarm"",""Braking Assist"",""Child Safety Door Locks"",""Child Seat Anchors"",""Daytime Running Lights"",""Electronic Brakeforce Distribution"",""First Aid Kit"",""Front Airbags - Dual"",""Rear Seatbelts - Center 3-Point"",""Seatbelt Force Limiters"",""Seatbelt Pretensioners"",""Side Airbags - Front"",""Side Curtain Airbags - Front"",""Spare Tire Mount Location - Inside"",""Stability Control"",""Tire Pressure Monitoring System"",""Traction Control""],""mechanical"":[""Front Stabilizer Bar"",""Front Struts - Macpherson"",""Front Suspension Classification - Independent"",""Limited Slip Differential - Center"",""Power Steering"",""Rear Stabilizer Bar"",""Rear Suspension Classification - Independent"",""Rear Suspension Type - Multi-Link""],""technology"":[""Cruise Control"",""Front Wipers - Rain Sensing"",""In-Dash Cd - Single Disc"",""Radio - Am/Fm"",""Radio Data System"",""Satellite Communications - Bmw Assist"",""Subwoofer - 1"",""Wireless Data Link - Bluetooth""],""other"":[""Anti-Theft System - Vehicle Immobilizer"",""Exterior Entry Lights - Approach Lamps"",""External Temperature Display"",""Front Brake Type - Ventilated Disc"",""Front Wipers - Intermittent"",""Headlights - Self-Leveling"",""Moonroof / Sunroof - One-Touch Open/Close"",""Multi-Function Remote - Keyless Entry"",""Multi-Function Remote - Trunk Release"",""Rear Brake Type - Ventilated Disc"",""Rear Vents - Second Row"",""Side Curtain Airbags - Rear"",""Side Mirror Adjustments - Power"",""Side Mirror Adjustments - Reverse Gear Tilt"",""Tire Speed Rating - V"",""Trip Odometer"",""Warnings And Reminders - Low Fuel Level"",""Wheel Diameter - 17 Inch""]}",113,"2006 BMW 530xi SEDAN AWD,3.0 LITRE,6-SP MANUAL,LEATHER INTERIOR,POWER SEATS,PW,PDL,PM,PS,DUAL ZONE CLIMATE CONTROL,POWER MOON-ROOF,POWER TILT/TELESCOPIC STEERING WHEEL,CRUISE,AM-FM STEREO/CD/DVD W/CONTROLS IN STEERING WHEEL,ABS,DRIVER/PASSENGER/SIDE/FT&amp;RR HEAD AIR BAGS,STABILITY/TRACTION CONTROL,EMERGENCY BRAKE ASSIST,DUSK SENSING HEADLIGHTS,DRIVING LIGHTS,REAR DEFROST,HEATED SEATS,REMOTE ENTRY,WOODGRAIN INTERIOR TRIM PACKAGE,INTERIOR AIR FILTRATION,HEATED MIRRORS,ALLOY WHEELS AND MORE.","[PREMIUM]",17,,,,,"[PREMIUM]"
"777618386","2026-05-25 21:42:42.460","2026-05-25 21:42:42.460","777618386","[PREMIUM]","10893",2006,"JEEP","Jeep","JEEPGRAND","Grand Cherokee","Laredo","SUV","Used","Used 2006 Jeep Grand Cherokee Laredo",147770,"[PREMIUM]",,,"[PREMIUM]",2955,4080,"Black","BLACK","Beige","BEIGE","6CLDR","6-Cylinder","4 wheel drive","AUT","5-Speed Automatic","Automatic","G","Gasoline","Gas",17,21,3.7,false,41,false,false,false,false,false,false,false,"PREMIUM",,"[PREMIUM]","[PREMIUM]","[PREMIUM]",,"[PREMIUM]",,,893,4.2,1043,0,"[""NO_SALVAGE_TITLE"",""NO_ACCIDENTS_REPORTED"",""NO_ONE_OWNER""]","{""exterior"":[""Base door trim panel"",""Black door handles"",""Body color fascias"",""Body color grille"",""Flip-up liftgate glass"",""Halogen headlamps"",""Rear window wiper/washer"",""Roof side rails""],""interior"":[""60/40 folding rear seat"",""Air conditioning"",""Day/night rearview mirror"",""Deep tinted sunscreen glass"",""Full floor & cargo compartment carpeting"",""Full-length floor console"",""Lamps-inc: cargo compartment- glove box- front/rear courtesy- rear reading"",""Locking glove box"",""Overhead console"",""Pwr accessory delay"",""Pwr front windows w/(1) touch up/down feature"",""Rear window defroster"",""Tilt steering column"",""Variable intermittent windshield wipers""],""safety"":[""3-point seat belts at all seating positions"",""Child seat upper tether anchorages"",""Full size spare tire w/matching wheel"",""LATCH-ready child seat anchor system"",""Tire pressure monitoring warning""],""mechanical"":[""3.07 axle ratio"",""3.7L V6 engine w/standard duty cooling system"",""Lock-up torque converter"",""Pwr rack & pinion steering"",""Pwr steering cooler""],""technology"":[""Fixed long mast antenna"",""Sentry Key theft deterrent system"",""Speed control"",""Vehicle information center""],""other"":[""160-amp alternator"",""20.5 gallon fuel tank"",""200mm front & 213mm rear axles"",""5900# GVWR"",""730-amp maintenance-free battery"",""Body color license plate brow"",""Carpeted cargo area-inc: trim panel mounted storage net- tie down loops- reversible waterproof storage"",""Cloth covered headliner"",""Dual note horn"",""Enhanced accident response system"",""Front license plate bracket"",""Hood insulation"",""Illuminated entry"",""Molding-inc: bodyside- sill- black belt & windshield"",""Normal duty suspension"",""Passenger assist handles""]}",52,"Ready to hit the road in style and comfort? This sleek 2006 Jeep Grand Cherokee in black is the perfect combination of rugged durability and modern elegance. With its spacious interior, you and your passengers will have plenty of room to spread out and enjoy the ride. Whether you're cruising down the highway or navigating rough terrain, the powerful engine and smooth handling of this Jeep will make every drive a thrilling adventure. Worried about the car's history? Don't fret - a comprehensive Carfax report is available for your peace of mind. So go ahead, make this Jeep Grand Cherokee yours and get ready to turn heads wherever you go! Visit Alsteen Automotive LLC  to see more pictures of this vehicle or call us at   today to schedule your test drive. Like our Facebook page for automatic entry into contests and drawings for cool prizes throughout the year!","[PREMIUM]",35,,,,,"[PREMIUM]"
"777330255","2026-05-25 21:41:32.103","2026-05-25 21:41:32.103","777330255","[PREMIUM]","5903",2006,"PONT","Pontiac","GP","Grand Prix",,"SEDAN","Used","Used 2006 Pontiac Grand Prix w/ Preferred Package",150060,"[PREMIUM]",,,"[PREMIUM]",2390,2790,"Silver","SILVER","Black","BLACK","6CLDR","6-Cylinder","2 wheel drive - front","AUT","4-Speed Automatic","Automatic","G","Gasoline","Gas",20,30,3.8,false,45,false,false,false,false,false,false,false,"PREMIUM",,"[PREMIUM]","[PREMIUM]","[PREMIUM]",,"[PREMIUM]",,,1399,4.6,739,0,"[""NO_SALVAGE_TITLE"",""NO_ACCIDENTS_REPORTED"",""NO_ONE_OWNER""]","{""exterior"":[""Alloy Wheels"",""Automatic Headlights"",""Power Adjustable Exterior Mirror"",""Rear Spoiler""],""interior"":[""Air Conditioning"",""Driver Multi-Adjustable Power Seat"",""Interval Wipers"",""Power Door Locks"",""Power Windows"",""Rear Window Defogger"",""Second Row Folding Seat"",""Tachometer"",""Tilt Steering"",""Tilt Steering Column""],""safety"":[""Child Safety Door Locks"",""Daytime Running Lights"",""Driver Airbag"",""Passenger Airbag"",""Vehicle Anti-Theft""],""technology"":[""AM/FM Radio"",""CD Player"",""Cruise Control"",""Keyless Entry"",""Telematics System"",""Voice Activated Telephone""],""other"":[""Trunk Anti-Trap Device""]}",26,"SORRY, WE DO NOT FINANCE. Since 1947, our small family-owned dealership has been giving our customers great deals and friendly service. We proudly serve Grand Rapids, Kalamazoo, Holland, Muskegon, Rockford, Big Rapids, Lansing, and Grand Haven. Se Habla Espanol! Find","[PREMIUM]",22,,,,,"[PREMIUM]"
"781305736","2026-05-25 21:41:32.085","2026-05-25 21:41:32.085","781305736","[PREMIUM]","2C3LA63HX6H278315",2006,"CHRY","Chrysler","300","300","C","SEDAN","Used","Used 2006 Chrysler 300 C w/ Navigation & Sound Group II",187000,"[PREMIUM]",,,"[PREMIUM]",,,"Silver","SILVER","Gray","GRAY","8CLDR","8-Cylinder","2 wheel drive - rear","AUT","5-Speed Automatic","Automatic","G","Gasoline","Gas",17,25,5.7,false,,false,true,false,false,false,false,false,"PREMIUM",,"[PREMIUM]","[PREMIUM]","[PREMIUM]",,"[PREMIUM]",,,,0,0,,"[""NO_SALVAGE_TITLE"",""ACCIDENTS_REPORTED"",""NO_ONE_OWNER""]","{""exterior"":[""Premium Wheels""],""interior"":[""Air Conditioning"",""Dual Power Seats"",""Leather"",""Power Door Locks"",""Power Windows"",""Sun Roof (Sliding)"",""Tilt Wheel""],""safety"":[""ABS (4-Wheel)"",""Dual Air Bags"",""Traction Control""],""mechanical"":[""Power Steering""],""technology"":[""AM/FM Stereo"",""CD/MP3 (Single Disc)"",""Cruise Control""],""other"":[""Premium Sound""]}",16,"No compression in engine,damage, scrape dent under passenger door.new battery,very good tires,   gas tank,ecm,power steering pump,water pump a year old . Upgraded stereo + 5 speakers. Tex / call for more info. I have vehicle history report.  1500 or best offer located in penn hills pa.15235  have vehicle history report","[PREMIUM]",,,,,,"[PREMIUM]"
"778154100","2026-05-25 21:40:41.934","2026-05-25 21:40:41.934","778154100","[PREMIUM]","96G131512",2006,"FORD","Ford","FIVEHUNDRE","Five Hundred","Limited","SEDAN","Used","Used 2006 Ford Five Hundred Limited",162099,"[PREMIUM]",,,"[PREMIUM]",1445,2095,"White","WHITE","Pebble","UNAVAIL","6CLDR","6-Cylinder","2 wheel drive - front","AUT","6-Speed Automatic","Automatic","G","Gasoline","Gas",21,29,3,true,35,false,false,false,false,false,false,false,"PREMIUM",,"[PREMIUM]","[PREMIUM]","[PREMIUM]",,"[PREMIUM]",,,348455,4.6,633,0,"[""NO_SALVAGE_TITLE"",""NO_ACCIDENTS_REPORTED"",""NO_ONE_OWNER""]","{""exterior"":[""Aluminum Wheels"",""Automatic Headlights"",""Fog Lamps"",""Heated Mirrors"",""Mirror Memory"",""Power Mirror(s)"",""Tires - Front Performance"",""Tires - Rear Performance""],""interior"":[""A/C"",""Adjustable Steering Wheel"",""Auto-Dimming Rearview Mirror"",""Bucket Seats"",""Climate Control"",""Driver Adjustable Lumbar"",""Driver Illuminated Vanity Mirror"",""Driver Vanity Mirror"",""Floor Mats"",""Front Reading Lamps"",""Heated Front Seat(s)"",""Intermittent Wipers"",""Leather Seats"",""Leather Steering Wheel"",""Multi-Zone A/C"",""Pass-Through Rear Seat"",""Passenger Adjustable Lumbar"",""Passenger Illuminated Visor Mirror"",""Passenger Vanity Mirror"",""Power Door Locks"",""Power Driver Seat"",""Power Outlet"",""Power Passenger Seat"",""Power Windows"",""Rear Bench Seat"",""Rear Defrost"",""Rear Reading Lamps"",""Remote Trunk Release"",""Seat Memory"",""Steering Wheel Audio Controls"",""Trip Computer"",""Woodgrain Interior Trim""],""safety"":[""ABS"",""Child Safety Locks"",""Driver Air Bag"",""Passenger Air Bag"",""Passenger Air Bag Sensor"",""Security System"",""Temporary Spare Tire""],""mechanical"":[""4-Wheel Disc Brakes"",""Front Wheel Drive"",""Power Steering""],""technology"":[""AM/FM Stereo"",""CD Changer"",""CD Player"",""Cruise Control"",""Immobilizer"",""Keyless Entry"",""MP3 Capability"",""Premium Sound System""]}",58,"Only 162,099 Miles! Scores 29 Highway MPG and 21 City MPG! This Ford Five Hundred delivers a Gas V6 3.0L/182 engine powering this Automatic transmission. Woodgrain trim-inc: center stack, instrument panel, center console, Tilt steering column, SPACE side protection and cabin enhancement system.<br><br>*This Ford Five Hundred Comes Equipped with These Options *<br>Solar tinted glass, Sliding sunvisors w/illuminated visor vanity mirrors, SecuriLock passive anti-theft system, Remote keyless entry, Rear window defroster, Rear A/C ducts, Pwr windows w/driver one-touch up/down, Pwr remote trunk release, Pwr rack &amp; pinion steering, Pwr door locks.<br><br>* Stop By Today *<br>Stop by Bluebonnet Direct located at 3566 S Ih 35, New Braunfels, TX 78132 for a quick visit and a great vehicle!","[PREMIUM]",29,,,,,"[PREMIUM]"
"780023830","2026-05-25 21:39:31.744","2026-05-25 21:39:31.744","780023830","[PREMIUM]","N3284A",2006,"FORD","Ford","FREESTYLE","Freestyle","Limited","SUV","Used","Used 2006 Ford Freestyle Limited",161537,"[PREMIUM]",,,"[PREMIUM]",1650,2325,"Merlot Clearcoat Metallic","RED","Pebble","UNAVAIL","6CLDR","6-Cylinder","All wheel drive","AUT","Continuously Variable Automatic","Automatic","G","Gasoline","Gas",19,24,3,true,15,false,false,false,false,false,false,false,"PREMIUM",,"[PREMIUM]","[PREMIUM]","[PREMIUM]",,"[PREMIUM]",,,647,4.3,581,0,"[""NO_SALVAGE_TITLE"",""NO_ACCIDENTS_REPORTED"",""NO_ONE_OWNER""]","{""exterior"":[""18\"" 5-Spoke Bright Aluminum Wheels"",""Alloy wheels"",""Bumpers: body-color"",""Delay-off headlights"",""Front fog lights"",""Fully automatic headlights"",""Heated door mirrors"",""Power door mirrors"",""Rear window wiper""],""interior"":[""3rd row seats: split-bench"",""Air Conditioning"",""Auto-dimming Rear-View mirror"",""Driver door bin"",""Driver vanity mirror"",""Front Bucket Seats"",""Front Center Armrest"",""Front dual zone A/C"",""Front reading lights"",""Heated Perforated Leather-Trimmed Bucket Seats"",""Heated front seats"",""Leather Shift Knob"",""Leather steering wheel"",""Memory seat"",""Overhead console"",""Passenger door bin"",""Passenger vanity mirror"",""Power driver seat"",""Power passenger seat"",""Power windows"",""Rear reading lights"",""Rear seat center armrest"",""Rear window defroster"",""Steering wheel mounted audio controls"",""Tachometer"",""Tilt steering wheel"",""Trip computer"",""Variably intermittent wipers""],""safety"":[""ABS brakes"",""Dual front impact airbags"",""Occupant sensing airbag"",""Panic alarm"",""Traction control""],""mechanical"":[""4-Wheel Disc Brakes"",""Four wheel independent suspension"",""Power steering""],""technology"":[""7 Speakers"",""AM/FM Stereo/Clock/CDx6/MP3/Audiophile"",""AM/FM radio"",""Automatic temperature control"",""CD player"",""Compass"",""Radio data system"",""Remote keyless entry"",""Speed control""],""other"":[""** BAD CREDIT FINANCING **"",""** CALL FOR AVAILABILITY **"",""** FUEL SAVER **"",""** JUST IN **"",""** LOW PAYMENTS **"",""** REDUCED PRICE **"",""DELIVERY AVAILABLE TO ALL 50 STATES- VEHICLES PURCHASED FROM AROUND THE COUNTRY DAILY....."",""Front anti-roll bar"",""HUGE SELECTION...."",""Illuminated entry"",""NO MONEY DOWN NEEDED! LOWEST PAYMENTS AROUND!...."",""NO TRADE NECESSARY- GET A CHECK FOR YOUR VEHICLE TODAY....."",""Outside temperature display"",""REDUCED PRICES"",""Rear anti-roll bar"",""Roof rack: rails only"",""THE AREA'S LARGEST USED CAR DEALER....."",""WE BUY CARS""]}",72,"This vehicle was traded in at Steven Nissan and does not pass our strict 153 point inspection needed to qualify for our lot. Our intention is to be up front with you about this AS-IS vehicle but also provide the public an opportunity to purchase this vehicle at a wholesale auction price. Generally this vehicle would be sold at auction then retailed at small independent gravel lot used car dealership. Take advantage of this one time limited opportunity and be sure to bring cash or check as this vehicle cannot be placed on credit card or financed through Steven Nissan. We are offering this vehicle for sale in AS-IS condition, without warranty or guarantee. Vehicle will be available for limited time only and may fail Virginia State Inspection. Test drives on public roads not allowed. Steven Nissan does not want you to purchase this AS-IS vehicle under the impression there is any warranty on it. As soon as you take delivery of this vehicle, all repairs will be solely your responsibility.<br><br>THE AREA'S LARGEST USED CAR DEALER....., REDUCED PRICES, HUGE SELECTION...., NO MONEY DOWN NEEDED! LOWEST PAYMENTS AROUND!...., DELIVERY AVAILABLE TO ALL 50 STATES- VEHICLES PURCHASED FROM AROUND THE COUNTRY DAILY....., WE BUY CARS, NO TRADE NECESSARY- GET A CHECK FOR YOUR VEHICLE TODAY....., ** REDUCED PRICE **, ** LOW PAYMENTS **, ** CALL FOR AVAILABILITY **, ** BAD CREDIT FINANCING **, ** FUEL SAVER **, ** JUST IN **, AWD, 18 5-Spoke Bright Aluminum Wheels, 3rd row seats: split-bench, 4-Wheel Disc Brakes, 7 Speakers, ABS brakes, Air Conditioning, Alloy wheels, AM/FM radio, AM/FM Stereo/Clock/CDx6/MP3/Audiophile, Auto-dimming Rear-View mirror, Automatic temperature control, Bumpers: body-color, CD player, Compass, Delay-off headlights, Driver door bin, Driver vanity mirror, Dual front impact airbags, Four wheel independent suspension, Front anti-roll bar, Front Bucket Seats, Front Center Armrest, Front dual zone A/C, Front fog lights, Front reading lights, Fully automatic headlights, Heated door mirrors, Heated front seats, Heated Perforated Leather-Trimmed Bucket Seats, Illuminated entry, Leather Shift Knob, Leather steering wheel, Memory seat, Occupant sensing airbag, Outside temperature display, Overhead console, Panic alarm, Passenger door bin, Passenger vanity mirror, Power door mirrors, Power driver seat, Power passenger seat, Power steering, Power windows, Radio data system, Rear anti-roll bar, Rear reading lights, Rear seat center armrest, Rear window defroster, Rear window wiper, Remote keyless entry, Roof rack: rails only, Speed control, Steering wheel mounted audio controls, Tachometer, Tilt steering wheel, Traction control, Trip computer, Variably intermittent wipers, AWD.","[PREMIUM]",33,,,,,"[PREMIUM]"
"776999435","2026-05-25 21:39:21.579","2026-05-25 21:39:21.579","776999435","[PREMIUM]","06024C",2006,"VOLVO","Volvo","XC","XC70",,"WAGON","Used","Used 2006 Volvo XC70",207334,"[PREMIUM]",,"Good","[PREMIUM]",1530,3005,"Ruby Red Metallic","RED","Taupe","TAN","5CLDR","5-Cylinder Turbo","All wheel drive","AUT","5-Speed Automatic","Automatic","G","Gasoline","Gas",19,26,2.5,true,48,false,false,false,false,false,false,false,"PREMIUM",,"[PREMIUM]","[PREMIUM]","[PREMIUM]",,"[PREMIUM]",,,1750,4.5,146,0,"[""NO_SALVAGE_TITLE"",""NO_FRAME_DAMAGE"",""NO_FLOOD_WATER_DAMAGE"",""ACCIDENTS_REPORTED"",""NO_ONE_OWNER""]","{""exterior"":[""Alloy wheels"",""Delay-off headlights"",""Front fog lights"",""HEATED SIDE MIRRORS"",""Headlight cleaning"",""Heated door mirrors"",""Power door mirrors"",""Rear fog lights"",""Rear window wiper""],""interior"":[""Air Conditioning"",""Anti-whiplash front head restraints"",""Driver door bin"",""Driver vanity mirror"",""Front Bucket Seats"",""Front dual zone A/C"",""Front reading lights"",""Heated Front Bucket Seats"",""Heated front seats"",""LEATHER"",""Leather Shift Knob"",""Leather steering wheel"",""MOONROOF/SUNROOF"",""Memory seat"",""POWERED SEATS"",""Passenger door bin"",""Passenger vanity mirror"",""Power driver seat"",""Power windows"",""Rear reading lights"",""Rear window defroster"",""Split folding rear seat"",""Steering wheel mounted audio controls"",""Tachometer"",""Telescoping steering wheel"",""Tilt steering wheel"",""Trip computer"",""Variably intermittent wipers""],""safety"":[""ABS brakes"",""Dual front impact airbags"",""Dual front side impact airbags"",""Occupant sensing airbag"",""Overhead airbag"",""Panic alarm"",""Security system"",""Traction control""],""mechanical"":[""4-Wheel Disc Brakes"",""ALL-WHEEL DRIVE"",""Four wheel independent suspension"",""Power steering"",""TURBOCHARGED""],""technology"":[""AM/FM radio"",""Automatic temperature control"",""CD player"",""Remote keyless entry"",""Speed control""],""other"":[""AS-IS"",""FUEL SAVER"",""Front anti-roll bar"",""Illuminated entry"",""Outside temperature display"",""RECENT TRADE-IN"",""Rear anti-roll bar"",""Roof rack: rails only""]}",63,"2006 Volvo XC70 2.5T Ruby Red Metallic 2.5L I5 MPI DOHC LEATHER, MOONROOF/SUNROOF, POWERED SEATS, ALL-WHEEL DRIVE, RECENT TRADE-IN, FUEL SAVER, TURBOCHARGED, AS-IS, HEATED SIDE MIRRORS, 4-Wheel Disc Brakes, ABS brakes, Alloy wheels, Anti-whiplash front head restraints, Dual front impact airbags, Dual front side impact airbags, Front anti-roll bar, Front dual zone A/C, Heated door mirrors, Heated Front Bucket Seats, Heated front seats, Illuminated entry, Occupant sensing airbag, Overhead airbag, Rear anti-roll bar, Remote keyless entry, Traction control.<br><br>19/26 City/Highway MPG At Estle Chevrolet-Cadillac of Defiance, every pre-owned vehicle is professionally detailed and fully serviced by our GM-certified technicians to ensure you are completely satisfied with your purchase. You can expect honest, no-hassle pricing with no hidden fees or gimmicks, backed by a family legacy built on trust and transparency. Plus, enjoy free car washes for life with every vehicle purchase or service visit. Call   to schedule your personalized test drive today and find out why Nobody beats an Estle deal! Prefer to buy from home? Let us bring the dealership experience to you. Take advantage of our online trade-in appraisals, digital financing options, and convenient free home delivery within 100 miles, right to your front door.","[PREMIUM]",8,,,,,"[PREMIUM]"
"780307029","2026-05-25 21:39:21.562","2026-05-25 21:39:21.562","780307029","[PREMIUM]","JTJGA31UX60063370",2006,"LEXUS","Lexus","RX330","RX 330",,"SUV","Used","Used 2006 Lexus RX 330",377000,"[PREMIUM]",,,"[PREMIUM]",600,1690,"Silver","SILVER","Gray","GRAY","6CLDR","6-Cylinder","2 wheel drive - front","AUT","5-Speed Automatic","Automatic","G","Gasoline","Gas",18,24,3.3,true,12,false,false,false,false,false,false,false,"PREMIUM",,"[PREMIUM]","[PREMIUM]","[PREMIUM]",,"[PREMIUM]",,,978,4.7,624,,"[""NO_SALVAGE_TITLE"",""NO_ACCIDENTS_REPORTED"",""NO_ONE_OWNER""]","{""exterior"":[""Alloy Wheels""],""interior"":[""Air Conditioning"",""Dual Power Seats"",""Leather"",""Moon Roof"",""Power Door Locks"",""Power Windows""],""safety"":[""ABS (4-Wheel)"",""Dual Air Bags"",""Side Air Bags"",""Stability Control"",""Traction Control""],""mechanical"":[""Power Steering""],""technology"":[""AM/FM Stereo"",""CD/MP3 (Single Disc)"",""Cassette"",""Cruise Control"",""Mark Levinson Sound""],""other"":[""Telescoping Wheel""]}",19,"Used 2006 Lexus rx in fair condition. Due to not being driven it Needs a throttle body. Great suv","[PREMIUM]",9,,,,,"[PREMIUM]"
"778401811","2026-05-25 21:30:31.197","2026-05-25 21:30:31.197","778401811","[PREMIUM]","A16580A",2006,"VOLVO","Volvo","XC","XC70",,"WAGON","Used","Used 2006 Volvo XC70",194292,"[PREMIUM]",,,"[PREMIUM]",1750,3225,"Black","BLACK","Graphite","GRAY","5CLDR","5-Cylinder Turbo","All wheel drive","AUT","5-Speed Automatic","Automatic","G","Gasoline","Gas",19,26,2.5,false,32,false,false,false,false,false,false,false,"PREMIUM",,"[PREMIUM]","[PREMIUM]","[PREMIUM]",,"[PREMIUM]",,,1750,4.5,146,1,"[""NO_SALVAGE_TITLE"",""ACCIDENTS_REPORTED"",""NO_ONE_OWNER""]","{""exterior"":[""Alloy wheels"",""Delay-off headlights"",""Front fog lights"",""Headlight cleaning"",""Heated door mirrors"",""Power door mirrors"",""Rear fog lights"",""Rear window wiper""],""interior"":[""Air Conditioning"",""Anti-whiplash front head restraints"",""Driver door bin"",""Driver vanity mirror"",""Front Bucket Seats"",""Front dual zone A/C"",""Front reading lights"",""Heated Front Bucket Seats"",""Heated front seats"",""Leather Shift Knob"",""Leather steering wheel"",""Memory seat"",""Passenger door bin"",""Passenger vanity mirror"",""Power driver seat"",""Power windows"",""Rear reading lights"",""Rear window defroster"",""Split folding rear seat"",""Steering wheel mounted audio controls"",""Tachometer"",""Telescoping steering wheel"",""Tilt steering wheel"",""Trip computer"",""Variably intermittent wipers""],""safety"":[""ABS brakes"",""Dual front impact airbags"",""Dual front side impact airbags"",""Occupant sensing airbag"",""Overhead airbag"",""Panic alarm"",""Security system"",""Traction control""],""mechanical"":[""4-Wheel Disc Brakes"",""Four wheel independent suspension"",""Power steering""],""technology"":[""AM/FM radio"",""Automatic temperature control"",""CD player"",""Remote keyless entry"",""Speed control""],""other"":[""Front anti-roll bar"",""Illuminated entry"",""Outside temperature display"",""Rear anti-roll bar"",""Roof rack: rails only""]}",54,"At Truworth Auto we have no fee's so its just the price of the car plus sales tax and that is it! We do not charge you title fee's, doc fee's, make you buy theft protection or anything like that!<br><br>Recent Arrival! 2006 Volvo XC70 Black AWD 5-Speed Automatic with Geartronic 2.5L I5 MPI DOHC Passed Inspection, Fully Detailed, Recent Oil Change. 19/26 City/Highway MPG<br><br>The TruWorth Auto business model is centered around providing a transparent, information based customer experience. We price all of our vehicles to SELL in an unusually SHORT time period in relation to Industry standards. To ensure we have time-efficient transactions, our ONE price, BEST price approach ensures that you are getting a great value, as well as, a great experience. Please visit .","[PREMIUM]",44,,,,,"[PREMIUM]"
"778992062","2026-05-25 21:30:31.186","2026-05-25 21:30:31.186","778992062","[PREMIUM]","6884",2006,"GMC","GMC","ENVOY","Envoy","SLE","SUV","Used","Used 2006 GMC Envoy SLE w/ Sle Preferred Equipment Group",177198,"[PREMIUM]",,,"[PREMIUM]",1735,2460,"Silver","SILVER","Gray","GRAY","6CLDR","6-Cylinder","2 wheel drive - rear","AUT","4-Speed Automatic","Automatic","G","Gasoline","Gas",16,22,4.2,false,26,false,false,false,false,false,false,false,"PREMIUM",,"[PREMIUM]","[PREMIUM]","[PREMIUM]",,"[PREMIUM]",,,348967,4.5,976,1,"[""NO_SALVAGE_TITLE"",""ACCIDENTS_REPORTED"",""NO_ONE_OWNER""]","{""exterior"":[""2 Receiver Hitch"",""Alloy Wheels"",""Fog Lights"",""Heated Mirrors"",""Power Side Mirrors"",""Roof Rack"",""Running Boards""],""interior"":[""5 Passenger Seating"",""Auto Dimming Rearview Mirror"",""Center Console"",""Cloth Seats"",""Cup Holders"",""Power Driver'S Seat"",""Power Lumbar Support"",""Power Windows W/Driver Auto Up/Down"",""Tilt Steering Wheel"",""Tinted Windows""],""mechanical"":[""Automatic Transmission"",""Disc Brakes - 4 Wheel"",""Inline 6 Cylinder"",""Power Brakes"",""Power Steering""],""other"":[""A/C - Dual Zone"",""Airbags - Front W/ Auto Pass Off"",""Airbags - Side Impact And Curtain"",""Am/Fm/Bt Stereo W/ Aux And Usb"",""Digital Odometer W/ Trip"",""Ice Cold Air"",""Intermittent Wipers Front/Rear"",""Power Door Locks W/ Key Fob Entry""]}",30,"This RWD GMC Envoy SLE runs and drives great, with cold A/C and a clean interior. A Florida vehicle, it seats up to five passengers and offers fold-down rear seats for extra cargo space. Powered by a 4.2L inline six engine and paired with a smooth-shifting automatic transmission, it s ready for the road. Features include AM/FM/BT stereo with AUX and USB inputs, auto-dimming rearview mirror, heated mirrors, power door locks with key fob entry, power driver s seat with lumbar support, power side mirrors, power steering, power windows with driver s auto up/down, running boards, tilt steering wheel, and more. Stop by for a test drive today. We are a cash lot and do not offer financing or payment plans. We accept debit, credit, cash, and trades   / www.BOBBYJSAUTOSALES.com / 2165 Drew St, Clearwater, FL 33765.","[PREMIUM]",15,,,,,"[PREMIUM]"
"779252677","2026-05-25 21:30:10.986","2026-05-25 21:30:10.986","779252677","[PREMIUM]","77198691",2006,"FORD","Ford","TAURUS","Taurus","SEL","SEDAN","Used","Used 2006 Ford Taurus SEL",259997,"[PREMIUM]",,,"[PREMIUM]",2325,2750,"Gray","GRAY",,,"6CLDR","6-Cylinder","2 wheel drive - front","AUT","4-Speed Automatic","Automatic","G","Gasoline","Gas",20,27,3,false,23,false,false,false,false,false,false,false,"PREMIUM",,"[PREMIUM]","[PREMIUM]","[PREMIUM]",,"[PREMIUM]",,,512,4.1,1405,0,"[""NO_SALVAGE_TITLE"",""ACCIDENTS_REPORTED"",""NO_ONE_OWNER""]","{""exterior"":[""16\"" 7-Spoke Machined Aluminum Wheels"",""Alloy wheels"",""Bodyside moldings"",""Bumpers: body-color"",""Power door mirrors""],""interior"":[""5-Passenger Seating w/Floor Shift"",""Air Conditioning"",""Auto-dimming Rear-View mirror"",""Cloth Seats"",""Driver door bin"",""Driver vanity mirror"",""Front Bucket Seats"",""Front Center Armrest"",""Front beverage holders"",""Front reading lights"",""Leather steering wheel"",""Passenger door bin"",""Passenger vanity mirror"",""Power driver seat"",""Power windows"",""Rear window defroster"",""Speed-Sensitive Wipers"",""Split folding rear seat"",""Tachometer"",""Tilt steering wheel"",""Trip computer"",""Variably intermittent wipers""],""safety"":[""Dual front impact airbags"",""Occupant sensing airbag"",""Panic alarm"",""Security system""],""mechanical"":[""Four wheel independent suspension"",""Power steering"",""Speed-sensing steering""],""technology"":[""4 Speakers"",""AM/FM radio"",""CD player"",""Compass"",""Electronic AM/FM Stereo w/In-Dash CD"",""Remote keyless entry"",""Speed control""],""other"":[""Front anti-roll bar"",""Illuminated entry"",""Outside temperature display"",""Rear anti-roll bar""]}",45,"Get ready for the road ahead with this dependable pre-owned vehicle, newly arrived at Corwin Public Wholesale! Perfect for winter adventures, daily commuting, or weekend getaways. Located at 217 38th St S, Fargo.<br><br><br>Gray 2006 Ford Taurus SEL 4D Sedan FWD Vulcan 3.0L V6 12V 20/27 City/Highway MPG www.corwinwholesale.com , Family Driven for over 100 Years! Excellent selection of Used Vehicles!","[PREMIUM]",33,,,,,"[PREMIUM]"
"781260018","2026-05-25 21:29:50.851","2026-05-25 21:29:50.851","781260018","[PREMIUM]","NF6087A",2006,"BUICK","Buick","LUCERNE","Lucerne","CXL","SEDAN","Used","Used 2006 Buick Lucerne CXL w/ Luxury Package",102329,"[PREMIUM]",,,"[PREMIUM]",3065,4390,"Sagemist Metallic","GREEN","Cashmere","OFFWHITE","6CLDR","6-Cylinder","2 wheel drive - front","AUT","4-Speed Automatic","Automatic","G","Gasoline","Gas",19,28,3.8,true,1,false,true,false,false,false,false,false,"PREMIUM",,"[PREMIUM]","[PREMIUM]","[PREMIUM]",,"[PREMIUM]",,,91,4.5,439,0,"[""NO_SALVAGE_TITLE"",""ACCIDENTS_REPORTED"",""NO_ONE_OWNER""]","{""exterior"":[""17\"" Premium Painted Aluminum Wheels"",""Alloy wheels"",""Auto-dimming door mirrors"",""Bodyside moldings"",""Bumpers: body-color"",""Delay-off headlights"",""Fully automatic headlights"",""Heated door mirrors"",""Power door mirrors""],""interior"":[""5-Passenger Seating"",""Air Conditioning"",""Auto-dimming Rear-View mirror"",""Driver door bin"",""Driver vanity mirror"",""Front Bucket Seats"",""Front Center Armrest w/Storage"",""Front dual zone A/C"",""Front reading lights"",""Garage door transmitter"",""Leather Shift Knob"",""Leather steering wheel"",""Leather-Appointed Seat Trim"",""Passenger door bin"",""Passenger vanity mirror"",""Power driver seat"",""Power passenger seat"",""Power windows"",""Rear reading lights"",""Rear seat center armrest"",""Rear window defroster"",""Steering wheel mounted audio controls"",""Tachometer"",""Tilt steering wheel"",""Trip computer"",""Variably intermittent wipers""],""safety"":[""ABS brakes"",""Dual front impact airbags"",""Dual front side impact airbags"",""Low tire pressure warning"",""Occupant sensing airbag"",""Overhead airbag"",""Panic alarm"",""Traction control""],""mechanical"":[""4-Wheel Disc Brakes"",""Auto-leveling suspension"",""Four wheel independent suspension"",""Power steering""],""technology"":[""6 Speakers"",""AM/FM radio"",""Automatic temperature control"",""CD player"",""Compass"",""Radio data system"",""Rain sensing wipers"",""Remote keyless entry"",""Speed control""],""other"":[""Emergency communication system: OnStar"",""Front anti-roll bar"",""Illuminated entry"",""Outside temperature display"",""Rear anti-roll bar""]}",61,"Sam Leman Ford in Bloomington, Illinois is Central Illinois' price leader for new Fords! We offer transparent pricing with no hidden fees just applicable tax, title, and registration. No surprise add-ons when you arrive.<br><br>- SEATS, 6-PASSENGER includes armrest, storage and 40/20/40 split front seating<br>- LUXURY PACKAGE Includes Seat adjuster, power driver, 8-way, Seat adjuster, power, front passenger, 8-way, Seat adjuster, power, lumbar, driver and front passenger, 4-way, Seats, heated, driver and front passenger, and Memory settings, includes presets for 2 drivers<br><br>This 2006 Buick Lucerne CXL offers impressive comfort and convenience features. The spacious interior features 6-passenger seating, with power adjustable and heated front seats that provide excellent support. The Luxury Package adds even more premium amenities, including 8-way power driver and passenger seats, 4-way power lumbar support, and driver memory settings.<br><br>Beyond the premium cabin, this Lucerne delivers a smooth, quiet ride thanks to its 3.8L V6 engine and 4-speed automatic transmission. Fuel efficiency is respectable, with an EPA-estimated 19 mpg city and 28 mpg highway. The independent suspension and responsive steering provide a refined driving experience.<br><br>Thoughtful technology features are abundant, including dual-zone automatic climate control, a Bose audio system, and OnStar emergency communications. Safety is prioritized with dual front and side airbags, anti-lock brakes, and traction/stability control systems.<br><br>Well-maintained and ready to impress, this 2006 Buick Lucerne CXL is an excellent choice for the discerning driver seeking a comfortable, well-equipped luxury sedan. Experience the difference at Sam Leman Ford in Bloomington, Illinois!<br><br>Available at Sam Leman Ford in Bloomington, Illinois! Call   to schedule your test drive. Proudly serving Bloomington-Normal, Peoria, Champaign, Morton, Springfield and more!","[PREMIUM]",8,,,,,"[PREMIUM]"
"780986941","2026-05-25 21:29:40.703","2026-05-25 21:29:40.703","780986941","[PREMIUM]","13369T",2006,"AMGEN","HUMMER","H3","H3",,"SUV","Used","Used 2006 HUMMER H3",228763,"[PREMIUM]",,,"[PREMIUM]",3990,4940,"Birch White","WHITE","Ebony","BLACK","5CLDR","5-Cylinder","4 wheel drive","AUT","4-Speed Automatic","Automatic","G","Gasoline","Gas",,,3.5,false,4,false,true,false,false,false,false,false,"PREMIUM",,"[PREMIUM]","[PREMIUM]","[PREMIUM]",,"[PREMIUM]",,,792,4.6,511,1,"[""NO_SALVAGE_TITLE"",""NO_ACCIDENTS_REPORTED"",""NO_ONE_OWNER""]","{""exterior"":[""16\"" x 7.5\"" Aluminum Wheels"",""Alloy wheels"",""Front fog lights"",""Fully automatic headlights"",""Power door mirrors"",""Rear window wiper""],""interior"":[""Air Conditioning"",""Auto-dimming Rear-View mirror"",""Cloth Seat Trim"",""Driver door bin"",""Extra Large Power Sunroof"",""Front Bucket Seats"",""Front Center Armrest"",""Front Reclining Bucket Seats"",""Front reading lights"",""Passenger door bin"",""Passenger vanity mirror"",""Power windows"",""Rear window defroster"",""Split folding rear seat"",""Tachometer"",""Tilt steering wheel"",""Variably intermittent wipers"",""Voltmeter""],""safety"":[""ABS brakes"",""Dual front impact airbags"",""Low tire pressure warning"",""Occupant sensing airbag"",""Panic alarm"",""Security system"",""StabiliTrak Vehicle Stability Enhancement System"",""Traction control""],""mechanical"":[""4-Wheel Disc Brakes"",""4.56 Rear Axle Ratio"",""Front wheel independent suspension"",""Power steering""],""technology"":[""6 Speakers"",""AM/FM radio"",""CD player"",""Compass"",""Remote keyless entry"",""Speed control"",""XM Satellite Radio Sound System Feature""],""other"":[""Emergency communication system: OnStar"",""Front anti-roll bar"",""Heavy-Duty Handling/Trailering Suspension Package"",""Illuminated entry"",""Outside temperature display"",""Preferred Equipment Group 1SA"",""Rear anti-roll bar"",""Roof rack: rails only"",""Trailering Equipment""]}",52,"Wholesale Inventory Sold As-Is: These vehicles are offered from our wholesale/auction inventory and are sold as-is, without inspection or warranty. They have not been reconditioned and may require repairs. In-house inspections are not available due to liability reasons. Ideal for mechanically inclined buyers.<br><br>Recent Arrival! 2006 Birch White Hummer H3 3.5L 5-Cylinder MPI DOHC 4-Speed Automatic with Overdrive<br><br>This Hummer H3 has many features and is well equipped including.<br><br><br>DISCLAIMER: - PLEASE READ -<br><br>Sales Tax, License and title fees, and registration are in addition to the advertised price. Final price may differ based on program eligibility and residency requirements. Some rebates and discounts may not be eligible with special finance or GM finance promotions. You may contact a Serpentini Sales Associate for further questions prior to your visit or to confirm with us any details that may affect your purchase. ***OUT OF STATE RESIDENTS ARE RESPONSIBLE FOR THE PASSING/FAILING OF OTHER STATES INSPECTIONS. WE HAVE NO KNOWLEDGE OF OTHER STATES INSPECTION REQUIREMENTS. ****","[PREMIUM]",2,,,,,"[PREMIUM]"
"780732563","2026-05-25 21:29:30.483","2026-05-25 21:29:30.483","780732563","[PREMIUM]","26H1444B",2006,"ACURA","Acura","MDX","MDX","Touring","SUV","Used","Used 2006 Acura MDX Touring",190755,"[PREMIUM]",,,"[PREMIUM]",2730,4255,"Gold","GOLD","Saddle","UNAVAIL","6CLDR","6-Cylinder","4 wheel drive","AUT","5-Speed Automatic","Automatic","G","Gasoline","Gas",17,23,3.5,true,6,false,true,false,false,false,false,false,"PREMIUM",,"[PREMIUM]","[PREMIUM]","[PREMIUM]",,"[PREMIUM]",,,3,4.6,443,0,"[""NO_SALVAGE_TITLE"",""NO_ACCIDENTS_REPORTED"",""NO_ONE_OWNER""]",,,"Test drive this vehicle today at Regal Honda Acura GMC, located at 2615 Lakeland Hills Blvd in Lakeland next to Publix Field at Joker Marchant Stadium. Call   or   to schedule an appointment or get more information. Enjoy the premium features and capabilities of this 2006 Acura MDX Touring Navigation. This well-equipped SUV boasts: - 9 Speakers - Acura/Bose AM/FM/XM Satellite Radio - AM/FM radio: XM - CD player - Rear audio controls - 4.38 Axle Ratio - Air Conditioning - Automatic temperature control - Rear air conditioning - Rear window defroster - Memory seat - Power driver seat - Power steering - Power windows - Remote keyless entry - Steering wheel mounted audio controls - Speed control - Brake assist - Electronic Stability Control - A/V remote - Headphones - Four wheel independent suspension - Speed-sensing steering - Traction control - Front fog lights - Fully automatic headlights - Bumpers: body-color - Heated door mirrors - Power door mirrors - Roof rack - Auto-dimming Rear-View mirror - Compass - Driver door bin - Driver vanity mirror - Front reading lights - Garage door transmitter: HomeLink - Illuminated entry - Leather steering wheel - Outside temperature display - Overhead console - Passenger vanity mirror - Rear reading lights - Rear seat center armrest - Tachometer - Tilt steering wheel - Trip computer - Navigation System - 4-Wheel Disc Brakes - ABS brakes - Dual front impact airbags - Dual front side impact airbags - Emergency communication system - Front anti-roll bar - Low tire pressure warning - Occupant sensing airbag - Overhead airbag - Rear anti-roll bar - 3rd row seats: split-bench - Front Bucket Seats - Front Heated Bucket Seats - Heated front seats - Leather Trimmed Interior - Power passenger seat - Reclining 3rd row seat - Split folding rear seat - Panic alarm - Security system - Front Center Armrest w/Storage - Passenger door bin - Power moonroof - 17' x 6.5' Aluminum Alloy Wheels - Alloy wheels - Rain sensing wipers - Rear window wiper - Speed-Sensitive Wipers - Variably intermittent wipers Why Buy from Regal? Regal Pre-Owned Advantage: Every vehicle is safety inspected by an ASE Certified technician Detailed reconditioning process that can take up to 6 hours Most vehicles include a 60-day or 2,000-mile warranty Free trade appraisal in about 15 minutes Special financing available for all credit situations The Regal Automotive Group has proudly served Lakeland and Polk County drivers for nearly 50 years. Visit us today and experience a straightforward buying experience from a team committed to helping you find the right vehicle. car or truck may be modified from the factory settings. Some items may not be covered under warranty. Call dealer for details.","[PREMIUM]",10,,,,,"[PREMIUM]"
"780159027","2026-05-25 21:29:10.337","2026-05-25 21:29:10.337","780159027","[PREMIUM]","JH4CL96846C007058",2006,"ACURA","Acura","TSX","TSX",,"SEDAN","Used","Used 2006 Acura TSX",241000,"[PREMIUM]",,,"[PREMIUM]",600,1760,"Black","BLACK","Tan","TAN","4CLDR","4-Cylinder","2 wheel drive - front","AUT","5-Speed Automatic","Automatic","G","Gasoline","Gas",22,31,2.4,true,13,false,false,false,false,false,false,false,"PREMIUM",,"[PREMIUM]","[PREMIUM]","[PREMIUM]",,"[PREMIUM]",,,6,4.8,440,,"[""NO_SALVAGE_TITLE"",""NO_ACCIDENTS_REPORTED"",""NO_ONE_OWNER""]","{""exterior"":[""Alloy Wheels""],""interior"":[""Air Conditioning"",""Dual Power Seats"",""Leather"",""Moon Roof"",""Power Door Locks"",""Power Windows"",""Sun Roof (Sliding)"",""Tilt Wheel""],""safety"":[""ABS (4-Wheel)"",""Dual Air Bags"",""Side Air Bags"",""Stability Control"",""Traction Control""],""mechanical"":[""Power Steering""],""technology"":[""AM/FM Stereo"",""Bluetooth Wireless"",""CD/MP3 (Multi Disc)"",""Cruise Control""],""other"":[""Premium Sound""]}",20,"This 2006 Acura TSX has 241,000 miles and is in very good condition. The black exterior with tan leather interior creates a sharp look. The 2.4L VTEC engine delivers reliable performance with automatic transmission.<br><br>Key features include:<br> Leather seats with dual power adjustment<br> Sliding sunroof<br> Bluetooth connectivity and premium sound system<br> Dual-zone climate control<br> Alloy wheels<br> Full safety package with multiple airbags and stability control<br><br>The TSX offers a good balance of comfort and driving experience. Everything works as it should. <br>1) Replaced radiator<br>2) replaced condenser<br>3) replaced 3 door actuators<br>4)Ice cold air conditioning <br>5) Drove to Minnesota (1300 miles) with no problems last fall<br><br><br>Chat me if you have any questions about the car.","[PREMIUM]",7,,,,,"[PREMIUM]"
"780383149","2026-05-25 21:29:10.336","2026-05-25 21:29:10.336","780383149","[PREMIUM]","A2320AA",2006,"SUB","Subaru","SUBOUTBK","Outback","3.0R L.L. Bean","WAGON","Used","Used 2006 Subaru Outback 3.0R L.L. Bean",204000,"[PREMIUM]",,"Great","[PREMIUM]",3085,4335,"Champagne Gold Opal","GOLD","Taupe","TAN","6CLDR","6-Cylinder","All wheel drive","AUT","5-Speed Automatic","Automatic","G","Gasoline","Gas",19,26,3,true,11,false,false,true,false,false,false,false,"PREMIUM",,"[PREMIUM]","[PREMIUM]","[PREMIUM]",,"[PREMIUM]",,,1521,4.3,418,0,"[""NO_SALVAGE_TITLE"",""ACCIDENTS_REPORTED"",""NO_ONE_OWNER""]","{""exterior"":[""17\"" x 7\"" Alloy 3.0 R L.L. Bean Design Wheels"",""Alloy Wheel Locks"",""Alloy wheels"",""Bodyside moldings"",""Bumpers: body-color"",""Front fog lights"",""Heated door mirrors"",""Power door mirrors"",""Rear window wiper"",""Roof rack"",""Spoiler"",""Turn signal indicator mirrors""],""interior"":[""2-Tone Perforated Leather-Trimmed Seat Upholstery"",""Air Conditioning"",""All Weather Floor Mats"",""Anti-whiplash front head restraints"",""Auto-dimming Rear-View mirror"",""Driver door bin"",""Driver vanity mirror"",""Front Bucket Seats"",""Front Center Armrest"",""Front beverage holders"",""Front dual zone A/C"",""Front reading lights"",""Heated Front Bucket Seats"",""Heated front seats"",""Leather Shift Knob"",""Leather steering wheel"",""Passenger door bin"",""Passenger vanity mirror"",""Power driver seat"",""Power moonroof"",""Power passenger seat"",""Power windows"",""Rear seat center armrest"",""Rear window defroster"",""Split folding rear seat"",""Steering wheel mounted audio controls"",""Tachometer"",""Taupe Center Armrest Extension"",""Tilt steering wheel"",""Trip computer"",""Variably intermittent wipers""],""safety"":[""ABS brakes"",""Dual front impact airbags"",""Dual front side impact airbags"",""Low tire pressure warning"",""Occupant sensing airbag"",""Overhead airbag"",""Panic alarm"",""Security system""],""mechanical"":[""4-Wheel Disc Brakes"",""Four wheel independent suspension"",""Power steering"",""Speed-sensing steering""],""technology"":[""6 Speakers"",""AM/FM Stereo w/6 Disc In-Dash CD Player"",""AM/FM radio"",""Automatic temperature control"",""CD player"",""Remote keyless entry"",""Speed control""],""other"":[""Auto-Dimming Mirror w/Compass & HomeLink Upgrade"",""Front anti-roll bar"",""Illuminated entry"",""Outside temperature display"",""Rear anti-roll bar""]}",67,"Priced below KBB Fair Purchase Price! Champagne Gold Opal 2006 Subaru Outback 3.0R L.L. Bean AWD 5-Speed Automatic with Overdrive 3.0L H6 DOHC SMPI 3.0L H6 DOHC SMPI.<br><br>Recent Arrival!<br><br><br>You just found your new vehicle! Whether you're looking for a new car, truck, SUV or car we have the vehicle you need! We have a great selection of premium GMC Sierra 1500, 2500HD, 3500HD, Yukon, Terrain, Acadia, Chevrolet Silverado, Ford F-150, F-250, F-350 Toyota Tacoma and Tundra as well as Dodge Ram 1500, 2500 and 3500 models. We're known for our selection of Duramax, Powerstroke and Cummins trucks in popular Lariat, Platinum, Raptor, Laramie, Rubicon, Unlimited, Trailhawk, TRX, Limited, High Country, LTZ, LS, LT, Z06, Denali and AT4 trims. Whether you re looking for a crew cab, Megacab, long bed, short bed or standard bed; we have it all! We sell more than just Buick and GMC! We even carry specialty products like Porsche, Range Rover, SRT, Tesla, Mercedes AMG, BMW M, Audi A, Q, S, RS and Lexus. If you're looking for something a little more custom, we have a selection of built and customized trucks that will fit your budget! Need something offroad capable? We have a huge selection of Wrangler, Gladiator, 4Runner and Bronco models. Need to move the whole family? We have the Expedition, Suburban, Tahoe, Explorer or Escalade you want. AWD vehicles to safely conquer the Utah snow, RWD vehicles for performance or track focused vehicles, 4WD for rock climbing and extreme off-roading; we carry it all. We offer luxury vehicles with heated seat, cooled seat, Apple-Car Play, backup camera, blind spot, adaptive cruise. Pick any year you want! 2015, 2016, 2017, 2018, 2019, 2020, 2021, 2022, 2023: we have a selection of vehicles that fit any budget. We carry the best! Only at National Auto Plaza Sandy. www.napsales.com.","[PREMIUM]",6,,,,,"[PREMIUM]"
"779060693","2026-05-25 21:28:50.183","2026-05-25 21:28:50.183","779060693","[PREMIUM]","A7859090",2006,"CHEV","Chevrolet","COBALT","Cobalt","LS","SEDAN","Used","Used 2006 Chevrolet Cobalt LS",179853,"[PREMIUM]",,,"[PREMIUM]",1625,2250,"Blue Granite Metallic","BLUE","Gray","GRAY","4CLDR","4-Cylinder","2 wheel drive - front","MAN","5-Speed Manual","Manual","G","Gasoline","Gas",25,34,2.2,false,25,false,false,true,false,false,false,false,"PREMIUM",,"[PREMIUM]","[PREMIUM]","[PREMIUM]",,"[PREMIUM]",,,163,4.1,1401,0,"[""NO_SALVAGE_TITLE"",""NO_ACCIDENTS_REPORTED"",""NO_ONE_OWNER""]","{""exterior"":[""15\"" Steel Wheels w/Full Bolt-On Wheel Covers"",""Bumpers: body-color"",""Delay-off headlights"",""Fully automatic headlights""],""interior"":[""Air Conditioning"",""Cloth Seat Trim"",""Driver door bin"",""Front Bucket Seats"",""Passenger door bin"",""Passenger vanity mirror"",""Rear window defroster"",""Speed-Sensitive Wipers"",""Split folding rear seat"",""Tachometer"",""Tilt steering wheel"",""Trip computer"",""Variably intermittent wipers""],""safety"":[""Dual front impact airbags"",""Occupant sensing airbag""],""mechanical"":[""3.63 Axle Ratio"",""Front wheel independent suspension"",""Power steering"",""Speed-sensing steering""],""technology"":[""4 Speakers"",""AM/FM radio"",""CD player"",""Radio data system"",""Weather band radio""],""other"":[""**ALL CREDIT APPLICATIONS ACCEPTED**"",""**Financing available at very competitive rates**"",""**Trades welcome**"",""Front anti-roll bar"",""Outside temperature display"",""Preferred Equipment Group 1LS"",""Rear anti-roll bar""]}",35,"Clean CARFAX. 2006 Chevrolet Cobalt Blue Granite Metallic LS FWD 5-Speed Manual ECOTEC 2.2L I4 SFI DOHC 16V **Trades welcome**, **ALL CREDIT APPLICATIONS ACCEPTED**, **Financing available at very competitive rates**.<br><br>**PERFECT CAR FAX** 25/34 City/Highway MPG<br><br><br>Great Customer Service!","[PREMIUM]",28,,,,,"[PREMIUM]"
"780344599","2026-05-25 21:27:50.020","2026-05-25 21:27:50.020","780344599","[PREMIUM]","SP603584",2006,"KIA","Kia","SORENTO","Sorento","2WD","SUV","Used","Used 2006 Kia Sorento 2WD",146528,"[PREMIUM]",,,"[PREMIUM]",0,0,"White","WHITE","Gray","GRAY","6CLDR","6-Cylinder","2 wheel drive - rear",,,,"G","Gasoline","Gas",,,3.5,false,11,false,false,true,false,false,false,false,"PREMIUM",,"[PREMIUM]","[PREMIUM]","[PREMIUM]",,"[PREMIUM]",,,,0,0,0,"[""NO_SALVAGE_TITLE"",""ACCIDENTS_REPORTED"",""NO_ONE_OWNER""]","{""exterior"":[""7.0JJ x 16\"" Alloy Wheels"",""Heated door mirrors"",""Power door mirrors"",""Rear window wiper""],""interior"":[""Air Conditioning"",""Driver door bin"",""Driver vanity mirror"",""Front Bucket Seats"",""Front Center Armrest w/Storage"",""Front reading lights"",""Overhead console"",""Passenger door bin"",""Passenger vanity mirror"",""Power windows"",""Rear seat center armrest"",""Rear window defroster"",""Split folding rear seat"",""Tachometer"",""Tilt steering wheel"",""Variably intermittent wipers""],""safety"":[""Dual front impact airbags"",""Occupant sensing airbag"",""Overhead airbag""],""mechanical"":[""4-Wheel Disc Brakes"",""Front wheel independent suspension"",""Power steering"",""Speed-sensing steering""],""technology"":[""AM/FM radio"",""CD player"",""Speed control""],""other"":[""Front anti-roll bar"",""Great Value"",""Illuminated entry"",""Low Miles"",""Must See"",""Rear anti-roll bar"",""Service Records Available""]}",37,"This vehicle has undergone a thorough inspection of its tires, brakes, and steering components to ensure safety, reliability and full road worthiness. All systems have been checked and confirmed to be in proper working order for confident driving.<br><br>Low Miles, Great Value, Must See, Sorento LX, 4D Sport Utility, 3.5L V6 DOHC 24V, 5-Speed Automatic with Overdrive.<br><br><br>Colorado s Original Toyota Location has served drivers from this address for 60 years, and Groove Toyota continues that legacy with a focus on transparency and long-term relationships. Every vehicle is competitively priced using real time market data and third-party valuation tools, so you see clear, market-based pricing from the start without inflated numbers or unexpected add-ons. Our process is efficient, professional, and designed to deliver a straightforward buying experience. Dealer Documentation fee of $799 is included in the quoted price. Sales tax, tag, title, registration, and government fees are not included.","[PREMIUM]",29,,,,,"[PREMIUM]"
"781041134","2026-05-25 21:27:49.984","2026-05-25 21:27:49.984","781041134","[PREMIUM]","332109",2006,"NISSAN","Nissan","ALTIMA","Altima","2.5 S","SEDAN","Used","Used 2006 Nissan Altima 2.5 S w/ (P01) Special Edition Pkg",232053,"[PREMIUM]",,,"[PREMIUM]",600,1070,,,,,"4CLDR","4-Cylinder","2 wheel drive - front","AUT","4-Speed Automatic","Automatic","G","Gasoline","Gas",23,29,2.5,false,3,false,true,false,false,false,false,false,"PREMIUM",,"[PREMIUM]","[PREMIUM]","[PREMIUM]",,"[PREMIUM]",,,1291,4.3,1338,1,"[""NO_SALVAGE_TITLE"",""NO_ACCIDENTS_REPORTED"",""NO_ONE_OWNER""]","{""exterior"":[""Steel Wheels""],""interior"":[""Air Conditioning"",""Power Door Locks"",""Power Windows"",""Tilt Wheel""],""safety"":[""ABS (4-Wheel)"",""Dual Air Bags""],""mechanical"":[""4-Cyl 2.5 Liter"",""Automatic"",""FWD"",""Power Steering""],""technology"":[""AM/FM Stereo"",""CD/MP3 (Single Disc)"",""Cassette"",""Cruise Control""],""other"":[""Special Edition""]}",16,"*OPTIMUS AUTO*<br>4310 L Street, Omaha, NE 68107<br><br>? Open 7 Days a Week<br><br><br>?? Call/text:  <br>?? *Se Habla Espa ol*<br><br>Browse our full inventory online anytime at:<br>?? &lt;a href=http://www.OptimusAuto.com target=_new&gt;*www.OptimusAuto.com*<br><br>***CLEAN TITLE***<br><br>***TRADE IN SPECIAL***<br><br>Trade in car, got it from a customer, was a daily drive. Runs and drive great, AC and heater works fine. Engine and transmission is in good shape. Selling it as is.<br><br><br><br><br>*Disclaimer:* All vehicles are subject to prior sale. We reserve the right to make changes without notice and are not responsible for errors or omissions. Prices do not include government fees, taxes, finance charges, documentation fees or emissions testing fees.<br><br>*Tags:*<br>Cruze, Sentra, Hyundai, Santa Fe, Ford, Nissan, Legacy, Volkswagen, Passat, Buick, Atlas, Chrysler, Honda, Escape, Kia, Sportage, Rogue, GMC, Toyota, Subaru, Hybrid, Jeep, Camry, Chevy, Mazda, Mazda 6, Mazda 3, Tucson, CX-5, Chevrolet, Wrangler, Compass, Mitsubishi, Outlander, BMW, AWD, Highlander, Pilot, Sonata, Malibu, Maxima, Infiniti, Dodge, Lexus, Audi, Omaha, Nebraska Clear, Rebuilt, Branded, Clean, Fremont, Lincoln, Hyundai Sonata, Hyundai Elantra, Chevy Malibu, Chevrolet Malibu, Chevrolet Impala, Ford Fusion, Toyota Corolla, Buick Verano, Buick LaCrosse, Chrysler 200, Volkswagen Jetta, Volkswagen Passat, Honda Accord, Honda Civic, Nissan Altima, Nissan Maxima, Kia K5, Kia Optima, Subaru Forester, Subaru Crosstrek, Subaru Legacy, Toyota RAV4, Honda CR-V, Honda Pilot, Toyota Highlander, Toyota Tacoma, Chevy Equinox, Chevrolet Equinox, Chevrolet Traverse, Chevrolet Trax, GMC Acadia, GMC Terrain, Jeep Wrangler, Jeep Cherokee, Jeep Grand Cherokee, Toyota 4Runner, Jeep Compass, Jeep Renegade, Impreza, Outback, Tacoma<br>2010, 2011, 2012, 2013, 2014, 2015, 2016, 2017, 2018, 2019, 2020, 2021, 2022, 2023, 2024, 2025<br><br><br>","[PREMIUM]",19,,,,,"[PREMIUM]"
"779678788","2026-05-25 21:27:49.979","2026-05-25 21:27:49.979","779678788","[PREMIUM]","260188A",2006,"CHEV","Chevrolet","HHR","HHR","LT","WAGON","Used","Used 2006 Chevrolet HHR LT",182378,"[PREMIUM]",,,"[PREMIUM]",1675,2600,"Sandstone Metallic","TAN","Cashmere","OFFWHITE","4CLDR","4-Cylinder","2 wheel drive - front","AUT","4-Speed Automatic","Automatic","G","Gasoline","Gas",,,2.4,false,19,false,false,true,false,false,false,false,"PREMIUM",,"[PREMIUM]","[PREMIUM]","[PREMIUM]",,"[PREMIUM]",,,186,4.3,909,0,"[""NO_SALVAGE_TITLE"",""NO_ACCIDENTS_REPORTED"",""ONE_OWNER""]","{""exterior"":[""16\"" Machined-Face Aluminum Wheels"",""Alloy wheels"",""Bright Chrome Appearance Package"",""Bright Chrome Grille"",""Bumpers: body-color"",""Color-Keyed to Exterior Running Boards"",""Delay-off headlights"",""Fully automatic headlights"",""Power Outside Rear-View Mirrors"",""Power door mirrors"",""Rear window wiper""],""interior"":[""Air Conditioning"",""Cloth Seat Trim"",""Driver door bin"",""Driver vanity mirror"",""Driver's Seat Mounted Armrest"",""Front Bucket Seats"",""Front reading lights"",""Passenger door bin"",""Passenger seat mounted armrest"",""Passenger vanity mirror"",""Power driver seat"",""Power windows"",""Rear reading lights"",""Rear window defroster"",""Speed-Sensitive Wipers"",""Split folding rear seat"",""Tachometer"",""Tilt steering wheel"",""Trip computer"",""Variably intermittent wipers""],""safety"":[""4-Wheel Antilock Front Disc/Rear Drum Brakes"",""All-Speed Traction Control"",""Dual front impact airbags"",""Front and Rear Side Head Curtain Airbags"",""Occupant sensing airbag"",""Panic alarm"",""Security system""],""mechanical"":[""4.17 Axle Ratio"",""Front wheel independent suspension"",""Power steering"",""Speed-sensing steering""],""technology"":[""6 Speakers"",""AM/FM radio"",""CD player"",""Radio data system"",""Remote Vehicle Starter System"",""Remote keyless entry"",""Remote start"",""Speed control""],""other"":[""1 owner & clean accident free vehicle history report"",""Front & Rear Molded Splash Guards"",""Front anti-roll bar"",""Illuminated entry"",""LT Package"",""Outside temperature display"",""Rear anti-roll bar""]}",57,"This 2006 Chevrolet HHR LT is a well-equipped and versatile vehicle that's sure to impress. With its ECOTEC 2.4L I4 engine and 4-speed automatic transmission, this HHR delivers an impressive blend of power and efficiency, earning an EPA-estimated 23 MPG city and 30 MPG highway.<br><br>- Remote start<br>- Bright chrome grille, outside mirrors, liftgate applique, door handles and roof-mounted side rails<br>- Color-keyed running boards<br>- Front and rear molded splash guards<br>- Bright chrome appearance package<br>- LT package<br><br>Inside, you'll find a well-appointed cabin with features like power windows, power door locks, speed control, and a remote vehicle starter system for added convenience. The spacious interior offers ample room for passengers and cargo, with a split-folding rear seat for flexible storage options.<br><br>Safety is also a top priority, with features like 4-wheel antilock brakes, dual front airbags, and front and rear side head curtain airbags to help protect you and your loved ones.<br><br>This 1-owner HHR comes with a clean accident-free vehicle history report, giving you peace of mind in your purchase. Don't miss your chance to experience the versatility and value of this well-equipped 2006 Chevrolet HHR LT.","[PREMIUM]",23,,,,,"[PREMIUM]"
"778874514","2026-05-25 21:27:19.814","2026-05-25 21:27:19.814","778874514","[PREMIUM]","6C556145P",2006,"TOYOTA","Toyota","MATRIX","Matrix","AWD","WAGON","Used","Used 2006 Toyota Matrix AWD",258832,"[PREMIUM]",,,"[PREMIUM]",2255,3430,"Cosmic Blue Metallic","BLUE","Fa13","GRAY","4CLDR","4-Cylinder","All wheel drive","AUT","4-Speed Automatic","Automatic","G","Gasoline","Gas",26,31,1.8,false,27,false,false,false,false,false,false,false,"PREMIUM",,"[PREMIUM]","[PREMIUM]","[PREMIUM]",,"[PREMIUM]",,,349139,4.6,591,1,"[""NO_SALVAGE_TITLE"",""NO_FRAME_DAMAGE"",""NO_FLOOD_WATER_DAMAGE"",""NO_ACCIDENTS_REPORTED"",""ONE_OWNER""]","{""exterior"":[""Steel Wheels"",""Tires - Front Performance"",""Tires - Rear Performance"",""Wheel Covers""],""interior"":[""AC"",""Adjustable Steering Wheel"",""Bucket Seats"",""Cloth Seats"",""Intermittent Wipers"",""Pass-Through Rear Seat"",""Power Door Locks"",""Power Outlet"",""Power Windows"",""Rear Defrost""],""safety"":[""ABS"",""Brake Assist"",""Child Safety Locks"",""Daytime Running Lights"",""Driver Air Bag"",""Front Head Air Bag"",""Front Side Air Bag"",""Passenger Air Bag"",""Temporary Spare Tire"",""Tire Pressure Monitor""],""mechanical"":[""4 Cylinder Engine"",""4-Speed A/T"",""All Wheel Drive"",""Front Disc/Rear Drum Brakes"",""Gasoline Fuel"",""Power Steering""],""technology"":[""AM/FM Stereo"",""CD Player"",""Cruise Control"",""Engine Immobilizer"",""Keyless Entry""]}",35,"2006 Toyota Matrix Blue ***VEHICLE IS SOLD AS-IS - This VALUE Vehicle is NOT INSPECTED by the dealership***, AWD, 6.5J x 16 Steel Wheels, ABS brakes, Cloth Seat Trim, Deluxe AM/FM CD Radio w/4 Speakers, Four wheel independent suspension, Illuminated entry, Low tire pressure warning, Rear window defroster.<br><br>26/31 City/Highway MPG<br><br>If you dont see the vehicle that you want please call  . We have access to over 2,000 pre-owned vehicles. Price does not include licensing costs, registration fees and taxes which are to be paid by the consumer. Prices include $280 dealer doc fee. Does not include optional accessories of $24 CVR filing fee.","[PREMIUM]",35,,,,,"[PREMIUM]"
"780191308","2026-05-25 21:27:09.647","2026-05-25 21:27:09.647","780191308","[PREMIUM]","258367",2006,"INFIN","INFINITI","M35","M35","x","SEDAN","Used","Used 2006 INFINITI M35 x",157331,"[PREMIUM]",,"Good","[PREMIUM]",2470,4345,"Silver","SILVER","Black","BLACK","6CLDR","6-Cylinder","All wheel drive","AUT","5-Speed Automatic","Automatic","G","Gasoline","Gas",17,24,3.5,true,13,false,false,true,false,false,false,false,"PREMIUM",,"[PREMIUM]","[PREMIUM]","[PREMIUM]",,"[PREMIUM]",,,347502,4.8,301,0,"[""NO_SALVAGE_TITLE"",""NO_ACCIDENTS_REPORTED"",""NO_ONE_OWNER""]","{""exterior"":[""Alloy Wheels""],""interior"":[""Air Conditioning"",""Cooled Seats"",""Dual Power Seats"",""Leather"",""Moon Roof"",""Power Door Locks"",""Power Windows"",""Tilt Wheel""],""safety"":[""ABS (4-Wheel)"",""Dual Air Bags"",""Side Air Bags"",""Traction Control""],""mechanical"":[""Automatic"",""Power Steering"",""V6 3.5 Liter""],""technology"":[""AM/FM Stereo"",""Bluetooth Wireless"",""CD/MP3 (Multi Disc)"",""Cruise Control"",""Navigation System""],""other"":[""15012""]}",22,"===== Unleash Pure Performance: 2006 INFINITI M35x Sedan 4D for Enthusiasts =====<br><br>Get ready to elevate every drive with this exhilarating 2006 INFINITI M35x Sedan 4D, designed for performance lovers who crave excitement behind the wheel. Its striking silver exterior and bold black leather interior perfectly complement a spirited driving experience, while advanced technology and premium features await your command. If you demand thrilling capability, refined comfort, and dynamic style in your next ride, this sedan will ignite your passion for the road.<br><br>*Key Features:*<br><br>  * *AWD* Take on any road with confidence and exceptional handling in all conditions.<br>  * *Navigation System* Effortlessly find your next adventure with intuitive, in-dash navigation.<br>  * *Cooled Seats* Stay cool and comfortable, even on the most spirited drives.<br>  * *Bluetooth Wireless* Seamlessly connect for calls and music without missing a beat.<br>  * *Moon Roof* Bring in the sunlight and fresh air for an immersive driving experience.<br><br>This M35x stands ready to thrill with a robust V6, 3. 5 Liter engine, a responsive automatic transmission, and a suite of amenities tailored to the true enthusiast. Priced at just $3,995 with 157,331 miles, this is your opportunity to command the road with legendary INFINITI performance and luxury. Unleash your driving spirit today this outstanding sedan is waiting for you!","[PREMIUM]",7,,,,,"[PREMIUM]"
"778638336","2026-05-25 21:27:09.638","2026-05-25 21:27:09.638","778638336","[PREMIUM]","26384C",2006,"MB","Mercedes-Benz","ML350","ML 350","4MATIC","SUV","Used","Used 2006 Mercedes-Benz ML 350 4MATIC",197199,"[PREMIUM]",,,"[PREMIUM]",2745,3520,"Blue","BLUE",,,"6CLDR","6-Cylinder","4 wheel drive","AUT","7-Speed Automatic","Automatic","G","Gasoline","Gas",16,20,3.5,false,30,false,false,false,false,false,false,false,"PREMIUM",,"[PREMIUM]","[PREMIUM]","[PREMIUM]",,"[PREMIUM]",,,1180,4.3,236,1,"[""NO_SALVAGE_TITLE"",""ACCIDENTS_REPORTED"",""NO_ONE_OWNER""]","{""exterior"":[""Alloy wheels"",""Bodyside moldings"",""Bumpers: body-color"",""Delay-off headlights"",""Front fog lights"",""Fully automatic headlights"",""Heated door mirrors"",""Power door mirrors"",""Rear fog lights"",""Rear window wiper"",""Spoiler"",""Turn signal indicator mirrors""],""interior"":[""Air Conditioning"",""Cloth Seat Upholstery"",""Driver door bin"",""Driver vanity mirror"",""Front Bucket Seats"",""Front Center Armrest w/Storage"",""Front Power Bucket Seats"",""Front dual zone A/C"",""Front reading lights"",""Leather steering wheel"",""Passenger door bin"",""Passenger vanity mirror"",""Power driver seat"",""Power passenger seat"",""Power windows"",""Rear air conditioning"",""Rear reading lights"",""Rear seat center armrest"",""Rear window defroster"",""Speed-Sensitive Wipers"",""Split folding rear seat"",""Steering wheel mounted audio controls"",""Tachometer"",""Tilt steering wheel"",""Trip computer""],""safety"":[""ABS brakes"",""Brake assist"",""Child-Seat-Sensing Airbag"",""Dual front impact airbags"",""Dual front side impact airbags"",""Electronic Stability Control"",""Low tire pressure warning"",""Occupant sensing airbag"",""Overhead airbag"",""Panic alarm"",""Security system"",""Traction control""],""mechanical"":[""3.90 Rear Axle Ratio"",""4-Wheel Disc Brakes"",""Four wheel independent suspension"",""Power steering""],""technology"":[""8 Speakers"",""AM/FM radio"",""Automatic temperature control"",""CD player"",""Remote keyless entry"",""Speed control"",""Weather band radio""],""other"":[""7.5 x 17\"" Alloy 7-Spoke Design Wheels"",""COMANDﾮ AM/FM Stereo w/Single CD"",""Front anti-roll bar"",""Illuminated entry"",""Outside temperature display"",""Rear anti-roll bar""]}",66,"WATCH VIDEO : https://youtu.be/DMn9SJjaLSM<br><br>Our great-looking 2006 Mercedes-Benz ML 350 4MATIC, presented in a stunning Metallic finish, is a sporty option with fantastic features. Powered by a 3.5 Liter V6 that offers 268hp connected to an innovative 7 Speed Automatic transmission. This Four Wheel Drive SUV earns nearly 21mpg on the highway while boasting roof rails, a unique grille, a sunroof, heated power mirrors, and 17-inch aluminum wheels.<br><br>This ML 350 interior offers ample space with all the features you have been searching for. Slide into the interior to find MB Tex seating on power-adjustable heated front seats and a 60/40 split-folding rear seat. One look at the polished brown birdseye maple wood trim accenting the interior, and you will fall in love while enjoying modern technology with the aftermarket touchscreen stereo. Grip the leather-trimmed steering wheel with audio/display controls, set your ideal temperature on the dual-zone automatic climate control, and be on your way with style!<br><br>This Mercedes-Benz was awarded for its top-shelf safety equipment, including ABS, tire pressure monitoring, LATCH for child seats, and plenty of airbags. We know you will love this ML 350 for years to come, so Save this Page and Call for Availability. We Know You Will Enjoy Your Test Drive Towards Ownership! <br><br>We Are Your Schererville, IN New and Certified Pre-owned BMW Dealership near Chicago, Valparaiso, Gary, Merrillville, Homewood, Crown Point, Whiting, Olympia Fields, St. John, Cedar Lake, Hobart, Portage, Lowell, Highland, Munster, Dyer, Flossmoor, Hammond. Chicagoland's ONLY two time BMW Center of Excellence Award Winner! Are you wondering, where is BMW of Schererville or what is the closest BMW dealer near me? BMW of Schererville is located at 1400 US Highway 41, Schererville, IN 46375. You can call our Sales Department at   All.<br><br>Blue 2006 Mercedes-Benz M-Class 4D Sport Utility ML 350 4MATIC? 3.5L V6 DOHC 7-Speed Automatic with Overdrive 4MATIC?<br><br><br>The sale price incorporates the BMW of Schererville's Premium protection package for a period of 90 days.","[PREMIUM]",31,,,,,"[PREMIUM]"
"780095877","2026-05-25 21:27:09.635","2026-05-25 21:27:09.635","780095877","[PREMIUM]",,2006,"FORD","Ford","EXPLOR","Explorer","XLT","SUV","Used","Used 2006 Ford Explorer XLT",137771,"[PREMIUM]",,,"[PREMIUM]",2795,3870,"White","WHITE","Tan","TAN","6CLDR","6-Cylinder","2 wheel drive - rear","AUT","5-Speed Automatic","Automatic","G","Gasoline","Gas",15,21,4,false,14,false,false,true,false,false,false,false,"PREMIUM",,"[PREMIUM]","[PREMIUM]","[PREMIUM]",,"[PREMIUM]",,,349550,4.3,454,0,"[""NO_SALVAGE_TITLE"",""NO_ACCIDENTS_REPORTED"",""NO_ONE_OWNER""]","{""exterior"":[""Front Bumper Color - Body-Color"",""Front Fog Lights"",""Rear Bumper Color - Body-Color"",""Rear Wiper - Intermittent"",""Tire Type - All Season"",""Trailer Hitch""],""interior"":[""Cargo Area Light"",""Center Console - Front Console With Storage"",""Clock"",""Cupholders"",""Driver Seat Manual Adjustments - Lumbar"",""Driver Seat Manual Adjustments - Reclining"",""Driver Seat Power Adjustments - 6"",""Driver Seat Power Adjustments - Height"",""Floor Mat Material - Carpet"",""Floor Mats - Front"",""Floor Mats - Rear"",""Front Air Conditioning"",""Front Headrests - 2"",""Front Headrests - Adjustable"",""Front Seat Type - Bucket"",""Front Wipers - Speed Sensitive"",""Gauge - Tachometer"",""Overhead Console - Front"",""Passenger Seat Manual Adjustments - 4"",""Passenger Seat Manual Adjustments - Reclining"",""Power Door Locks"",""Power Outlet(S) - Front"",""Power Windows"",""Reading Lights - Front"",""Rear Headrests - Adjustable"",""Rear Privacy Glass"",""Rear Seat Folding - Split"",""Rear Seat Manual Adjustments - Reclining"",""Rear Seat Type - Split-Bench"",""Steering Wheel - Tilt"",""Steering Wheel Mounted Controls - Cruise Control"",""Steering Wheel Trim - Leather"",""Storage - Cargo Tie-Down Anchors And Hooks"",""Storage - Door Pockets"",""Storage - Organizer"",""Upholstery - Premium Cloth"",""Window Defogger - Rear""],""safety"":[""Abs - 4-Wheel"",""Airbag Deactivation - Occupant Sensing Passenger"",""Child Safety Door Locks"",""Child Seat Anchors"",""Electronic Brakeforce Distribution"",""Front Airbags - Dual"",""Rear Seatbelts - Center 3-Point"",""Roll Stability Control"",""Seatbelt Force Limiters"",""Seatbelt Pretensioners"",""Side Airbags - Front"",""Spare Tire Mount Location - Underbody"",""Spare Tire Size - Full-Size"",""Stability Control"",""Tire Pressure Monitoring System"",""Traction Control""],""mechanical"":[""Axle Ratio - 3.55"",""Front Spring Type - Coil"",""Front Stabilizer Bar"",""Front Suspension Classification - Independent"",""Front Suspension Type - Double Wishbone"",""Power Steering"",""Rear Spring Type - Coil"",""Rear Stabilizer Bar"",""Rear Suspension Classification - Independent"",""Rear Suspension Type - Multi-Link""],""technology"":[""Compass"",""Cruise Control"",""In-Dash Cd - Mp3 Playback"",""In-Dash Cd - Single Disc"",""Radio - Am/Fm""],""other"":[""Anti-Theft System - Vehicle Immobilizer"",""Exterior Entry Lights - Approach Lamps"",""External Temperature Display"",""Front Brake Type - Ventilated Disc"",""Front Wipers - Intermittent"",""Grille Color - Chrome"",""Liftgate Window - Manual Flip-Up"",""Multi-Function Remote - Keyless Entry"",""Rear Brake Type - Disc"",""Rear Trunk/Liftgate - Liftgate"",""Rear Vents - Second Row"",""Roof Rack Crossbars - Black"",""Side Mirror Adjustments - Power"",""Tire Prefix - P"",""Warnings And Reminders - Low Fuel Level"",""Wheel Diameter - 16 Inch""]}",90,"CLEAN TITLE<br><br>137K MILES<br><br>4.0 V6 REAR WHEEL DRIVE<br><br>3RD ROW<br><br>Vin-1FMEU63EX6ZA17571<br><br>3 OWNER/NO ACCIDENTS<br><br>Runs and drives great<br><br>Super Wheels<br><br>14726 NW Expressway<br><br>Piedmont OK 73078<br><br>","[PREMIUM]",12,,,,,"[PREMIUM]"
"776988500","2026-05-25 21:26:59.477","2026-05-25 21:26:59.477","776988500","[PREMIUM]","26487A",2006,"VOLVO","Volvo","V50","V50","2.4i","WAGON","Used","Used 2006 Volvo V50 2.4i",165973,"[PREMIUM]",,,"[PREMIUM]",0,0,"Red","RED","Quartz Beige","BEIGE","5CLDR","5-Cylinder","2 wheel drive - front","AUT","5-Speed Shiftable Automatic","Automatic","G","Gasoline","Gas",22,30,2.4,false,48,false,false,false,false,false,false,false,"PREMIUM",,"[PREMIUM]","[PREMIUM]","[PREMIUM]",,"[PREMIUM]",,,,0,0,0,"[""NO_SALVAGE_TITLE"",""NO_ACCIDENTS_REPORTED"",""ONE_OWNER""]","{""exterior"":[""16\"" x 6.5\"" Caligo Alloy Wheels"",""Delay-off headlights"",""Heated door mirrors"",""Power door mirrors"",""Rear fog lights"",""Rear window wiper"",""Turn signal indicator mirrors""],""interior"":[""Air Conditioning"",""Anti-whiplash front head restraints"",""Driver door bin"",""Driver vanity mirror"",""Front Bucket Seats"",""Front dual zone A/C"",""Front reading lights"",""Overhead console"",""Passenger door bin"",""Passenger vanity mirror"",""Power windows"",""Rear reading lights"",""Rear window defroster"",""Split folding rear seat"",""Tachometer"",""Telescoping steering wheel"",""Tilt steering wheel"",""Variably intermittent wipers""],""safety"":[""ABS brakes"",""Brake assist"",""Dual front impact airbags"",""Dual front side impact airbags"",""Occupant sensing airbag"",""Overhead airbag"",""Panic alarm"",""Security system""],""mechanical"":[""4-Wheel Disc Brakes"",""Four wheel independent suspension"",""Power steering"",""Speed-sensing steering""],""technology"":[""6 Speakers"",""AM/FM radio"",""CD player"",""Remote keyless entry"",""Speed control""],""other"":[""Dynamic T-Tec Seating Surfaces"",""Front anti-roll bar"",""Illuminated entry"",""Outside temperature display"",""Rear anti-roll bar""]}",47,"WATCH VIDEO : https://youtu.be/2UQzuq9AQwo<br><br>Recent Arrival! CARFAX One-Owner.<br><br>Our agile and versatile One Owner 2006 Volvo V50 2.4L Wagon presented in Passion Red is sure to impress. Powered by a 2.4 Liter 5 Cylinder delivering 168hp paired with a 5 Speed Geartronic Automatic transmission. Our Front Wheel Drive scores nearly 31mpg on the highway and shows off with bright wheels, chrome accents, a roof rack, a sunroof, and sleek lines.<br><br>Slide into the driver's seat of this 2.4L, where you will experience a practical and beautiful car with all the features you need. Our V50 seats five comfortably and is equipped with power accessories, AM/FM/CD stereo, multi-function steering wheel, and manual climate control. The power-adjustable driver's seat and adjustable steering wheel allow you to customize your ride.<br><br>Safety is always first with Volvo and adds features such as electronic brake assistance, daytime running lights, front and side airbags, and side curtain airbags so that you can drive with confidence. Whether it's a trip to the city or a drive cross-country, this V50 2.4L has everything you need! Save this Page and Call for Availability. We Know You Will Enjoy Your Test Drive Towards Ownership!<br><br>We Are Your Schererville, IN New and Certified Pre-owned BMW Dealership near Chicago, Valparaiso, Gary, Merrillville, Homewood, Crown Point, Whiting, Olympia Fields, St. John, Cedar Lake, Hobart, Portage, Lowell, Highland, Munster, Dyer, Flossmoor, Hammond. Chicagoland's ONLY two time BMW Center of Excellence Award Winner! Are you wondering, where is BMW of Schererville or what is the closest BMW dealer near me? BMW of Schererville is located at 1400 US Highway 41, Schererville, IN 46375. You can call our Sales Department at   All.<br><br>22/30 City/Highway MPG Red 2006 Volvo V50 4D Wagon 2.4i 2.4L 5-Cylinder MPI DOHC 5-Speed Automatic with Geartronic FWD<br><br><br>The sale price incorporates the BMW of Schererville's Premium protection package for a period of 90 days.","[PREMIUM]",35,,,,,"[PREMIUM]"
"779996729","2026-05-25 21:26:59.439","2026-05-25 21:26:59.439","779996729","[PREMIUM]","P7594A_1",2006,"CHEV","Chevrolet","TRAILBLZ","TrailBlazer","LS","SUV","Used","Used 2006 Chevrolet TrailBlazer LS w/ LS Preferred Equipment Group",139353,"[PREMIUM]",,,"[PREMIUM]",1700,2450,,,,,"6CLDR","6-Cylinder","2 wheel drive - rear","AUT","4-Speed Automatic","Automatic","G","Gasoline","Gas",16,22,4.2,false,16,false,false,false,false,false,false,false,"PREMIUM",,"[PREMIUM]","[PREMIUM]","[PREMIUM]",,"[PREMIUM]",,,348561,4.3,1929,0,"[""NO_SALVAGE_TITLE"",""NO_ACCIDENTS_REPORTED"",""ONE_OWNER""]","{""exterior"":[""Body liftgate with liftglass"",""Door handles Black"",""Exhaust aluminized stainless-steel muffler and tailpipe"",""Fascias front and rear color-keyed includes Charcoal accents rear step includes pad"",""Grille chrome bar"",""Headlamps dual composite halogen includes automatic lamp control"",""Tires P245/65R17 all-season blackwall (Upgradeable to (QTE) Tires P245/65R17 on-/off-road blackwall or (QTR) Tires P245/65R17 on-/off-road White outlined-letter)"",""Wheels 4 - 17 x 7 (43.2 cm x 17.8 cm) sport aluminum includes center caps and steel spare"",""Wipers intermittent rear wiper/washer""],""interior"":[""Armrests driver and passenger doors padded"",""Cupholders front and rear"",""Floor covering full-floor color-keyed carpeting"",""Mirror inside rearview prismatic"",""Power outlets auxiliary"",""Steering wheel vinyl"",""Visors padded color-keyed driver and passenger side with cloth trim and vanity mirror""],""safety"":[""Daytime running lamps"",""StabiliTrak stability control system"",""Wheel 16 spare full-size""],""mechanical"":[""Engine Vortec 4200 SFI I6 includes transmission oil cooler (291 HP 217 kW @ 6000 rpm 277 lb.-ft. 375 N-m @ 4800 rpm)"",""Rear axle 3.42 ratio"",""Rear wheel drive"",""Stabilizer bars front and rear"",""Steering power"",""Suspension front independent"",""Suspension rear 5-link coil springs"",""Transmission 4-speed automatic electronically controlled with overdrive""],""technology"":[""Theft-deterrent system PASSlock""],""other"":[""Air conditioning dual-zone manual individual climate settings for driver and right front passenger"",""Alternator 150 amps (Standard with (LL8) Engine Vortec 4200 SFI I6)"",""Assist handles front passenge>"",""Battery heavy-duty includes rundown protection and retained accessory power"",""Brakes 4-wheel antilock 4-wheel disc"",""Console floor includes CD/cassette storage and cupholders"",""Door trim with integral padded armrest and front door map pockets"",""EXTERIOR"",""Enhanced Quiet Package includes acoustic laminate in windows and strategically-placed elements of sound insulation"",""GVWR 5550 lbs. (2517 kg) (CS15506 Models only)"",""Glass Solar-Ray"",""Heater and defogger includes front and side front door window defoggers and rear passenger heating ducts"",""INTERIOR"",""Instrumentation analog includes speedometer odometer with trip odometer fuel level voltmeter engine temperature oil pressure gauges tachometer liftgate ajar warning light for safety belt ABS/parking brake directional hazard signals and high beam"",""Key single 2-sided"",""Lighting theater dimming cargo compartment reading lamps for front seats 2nd row dome light door-and tailgate-activated switches illuminated entry exit feature"",""MECHANICAL"",""Mirrors outside rearview foldaway manual Black"",""OnStar one-year of Safe and Sound service. Includes Automatic Notification of Air Bag Deployment Emergency Services Stolen Vehicle Location Assistance Remote Door Unlock OnStar Vehicle Diagnostics Roadside Assistance Accident Assist and Remote Horn and Li"",""Paint solid"",""Seats front Premium Cloth reclining buckets with driver adjustable lumbar support adjustable head restraint manual recline"",""Side rails roof-mounted Black"",""Steering column Tilt-Wheel adjustable includes brake/transmission shift interlock"",""Suspension Package Premium Smooth Ride"",""Tire P235/75R16 blackwall spare full-size (Requires (NZ3) Wheel 16 spare full-size)"",""Tools mechanical jack and wheel wrench"",""Trailering equipment heavy-duty includes trailer hitch platform 7-wire harness CHMSL wire and heavy-duty flasher (With (B4U) SS Package 4-wire and 7-wire trailer adaptors are shipped loose in the glove box)"",""Wipers intermittent front includes pulse washers""]}",56,"C3Auto.com is honored to present a wonderful example of pure vehicle design... this 2006 Chevrolet TrailBlazer LS only has 139,353mi on it and could potentially be the vehicle of your dreams! Off-road or on the street, this Chevrolet TrailBlazer LS handles with ease. This low mileage Chevrolet TrailBlazer has barely been touched. It's the next best thing to buying new. This is the one. Just what you've been looking for. Look no further, you have found exactly what you've been looking for.","[PREMIUM]",21,,,,,"[PREMIUM]"
"779492452","2026-05-25 21:26:49.250","2026-05-25 21:26:49.250","779492452","[PREMIUM]","065144",2006,"HONDA","Honda","CIVIC","Civic","EX","SEDAN","Used","Used 2006 Honda Civic EX",246717,"[PREMIUM]",,,"[PREMIUM]",1625,2950,"Gray","GRAY",,,"4CLDR","4-Cylinder","2 wheel drive - front","AUT","5-Speed Automatic","Automatic","G","Gasoline","Gas",30,40,1.8,false,20,false,false,true,false,false,false,false,"PREMIUM",,"[PREMIUM]","[PREMIUM]","[PREMIUM]",,"[PREMIUM]",,,751,4.5,2050,0,"[""NO_SALVAGE_TITLE"",""NO_ACCIDENTS_REPORTED"",""NO_ONE_OWNER""]","{""exterior"":[""16\"" x 6.5\""J Alloy Wheels"",""Alloy Wheels"",""Alloy wheels"",""Bodyside moldings"",""Bumpers: body-color"",""Power door mirrors""],""interior"":[""Air Conditioning"",""Anti-whiplash front head restraints"",""Cloth Seat Trim"",""Driver door bin"",""Driver vanity mirror"",""Front Bucket Seats"",""Front Center Armrest"",""Front reading lights"",""Passenger door bin"",""Passenger vanity mirror"",""Power moonroof"",""Power windows"",""Rear seat center armrest"",""Rear window defroster"",""Split folding rear seat"",""Steering wheel mounted audio controls"",""Tachometer"",""Telescoping steering wheel"",""Tilt steering wheel"",""Variably intermittent wipers""],""safety"":[""ABS brakes"",""Brake Assist"",""Dual front impact airbags"",""Dual front side impact airbags"",""Occupant sensing airbag"",""Overhead airbag"",""Panic alarm"",""Security system""],""mechanical"":[""4-Wheel Disc Brakes"",""Four wheel independent suspension"",""Power steering"",""Speed-sensing steering""],""technology"":[""6 Speakers"",""AM/FM radio"",""CD player"",""Cruise Control"",""Keyless Entry"",""Remote keyless entry"",""Speed control""],""other"":[""CLEAN CARFAX"",""Front anti-roll bar"",""Illuminated entry"",""Outside temperature display"",""Radio: AM/FM/XM Ready CD Audio System"",""Rear anti-roll bar"",""Safety Package""]}",52,"Gray 2006 Honda Civic EX FWD Compact 5-Speed Automatic 1.8L I4 SOHC 16V VTEC Safety Package, Keyless Entry, Alloy Wheels, CLEAN CARFAX, Cruise Control, Brake Assist, Cloth.<br><br>LOCATED AT ZOOM MOTORS OF BRISTOL! ALL TRADES WELCOMED! CALL US AT  . LOCATED AT 1841 VOLUNTEER PARKWAY BRISTOL, TN 37620! Recent Arrival! 30/40 City/Highway MPG<br><br>Awards:<br>* NACTOY 2006 North American Car of the Year","[PREMIUM]",22,,,,,"[PREMIUM]"
"778625679","2026-05-25 21:26:49.242","2026-05-25 21:26:49.242","778625679","[PREMIUM]","61279766",2006,"BUICK","Buick","LACROSSE","LaCrosse","CXL","SEDAN","Used","Used 2006 Buick LaCrosse CXL w/ Driver Confidence Package",152530,"[PREMIUM]",,,"[PREMIUM]",3450,4300,"Slatestone Metallic","GRAY","Ebony","BLACK","6CLDR","6-Cylinder","2 wheel drive - front","AUT","4-Speed Automatic","Automatic","G","Gasoline","Gas",20,30,3.8,true,30,false,false,false,false,false,false,false,"PREMIUM",,"[PREMIUM]","[PREMIUM]","[PREMIUM]",,"[PREMIUM]",,,89,4.4,340,0,"[""NO_SALVAGE_TITLE"",""ACCIDENTS_REPORTED"",""NO_ONE_OWNER""]","{""exterior"":[""16\"" 8-Spoke Chrome-Tech Aluminum Wheels"",""16\"" 8-Spoke Painted Aluminum Wheels"",""Alloy wheels"",""Bodyside moldings"",""Bumpers: body-color"",""Chrome Appearance Package"",""Delay-off headlights"",""Fully automatic headlights"",""Power Outside Rear-View Body-Color Heated Mirrors"",""Power door mirrors"",""Rear Spoiler""],""interior"":[""*DUAL CLIMATE CONTROL*"",""*LEATHER"",""*POWER WINDOWS"",""6-Way Power Front Passenger Seat Adjuster"",""Air Conditioning"",""Driver door bin"",""Driver vanity mirror"",""Electrochromic Inside Rear-View Mirror"",""Front Bucket Seats"",""Front Center Armrest"",""Front dual zone A/C"",""Front reading lights"",""Heated Driver & Front Passenger Seats"",""Interior Rear Reading Switchable Lights"",""Leather steering wheel"",""Nuance Sandstone Leather-Appointed Seat Trim"",""Passenger door bin"",""Passenger vanity mirror"",""Power Tilt-Sliding Electric Sunroof"",""Power driver seat"",""Power windows"",""Rear seat center armrest"",""Rear window defroster"",""Split folding rear seat"",""Tachometer"",""Tilt & Telescopic Steering Column"",""Tilt steering wheel"",""Trip computer"",""Universal Home Remote"",""Variably intermittent wipers"",""Voltmeter""],""safety"":[""ABS brakes"",""Dual front impact airbags"",""Occupant sensing airbag"",""Overhead airbag"",""Panic alarm"",""Security system"",""Traction control""],""mechanical"":[""4-Wheel Disc Brakes"",""Four wheel independent suspension"",""Power steering""],""technology"":[""6 Speakers"",""AM/FM radio"",""Automatic temperature control"",""CD player"",""Compass"",""ETR AM/FM Stereo w/6 Disc In-Dash CD Changer"",""Remote Vehicle Starter System"",""Remote keyless entry"",""Sound System Feature"",""Speed control"",""Ultrasonic Rear Parking Assist"",""XM Satellite Radio Sound System Feature""],""other"":[""& MIRRORS*"",""*HAS SERVICE RECORDS*"",""*PREMIUM SOUND*"",""Driver Confidence Package"",""Emergency communication system: OnStar"",""Front anti-roll bar"",""Illuminated entry"",""Interior Protection Package"",""LOCKS"",""Outside temperature display"",""Rear anti-roll bar"",""Steering Wheel Mounted Radio Controls""]}",76,"2006 Buick LaCrosse CXL FWD *DUAL CLIMATE CONTROL*, *HAS SERVICE RECORDS*, *LEATHER, *POWER WINDOWS, LOCKS, &amp; MIRRORS*, *PREMIUM SOUND*.<br><br><br>Commuter Cars and Trucks is Family-Owned and Operated with multiple locations. We have been providing exceptional service to our community across the Treasure Coast and Okeechobee for over 18 years! Our growing Commuter Car family has averaged a 4.8 average review score. We currently have locations in Port St Lucie and Okeechobee Florida. We regularly ship and deliver anywhere in the Country. TEXT or CALL   for additional details. We look forward to speaking with you. All pricing reflects applicable finance incentives, trade credits, and excludes taxes, title, license, and fees.","[PREMIUM]",14,,,,,"[PREMIUM]"
"780678310","2026-05-25 21:26:19.052","2026-05-25 21:26:19.052","780678310","[PREMIUM]","058443",2006,"TOYOTA","Toyota","COROL","Corolla","LE","SEDAN","Used","Used 2006 Toyota Corolla LE",244218,"[PREMIUM]",,,"[PREMIUM]",2595,3845,"Silver Streak Mica","SILVER","Stone Cloth","GRAY","4CLDR","4-Cylinder","2 wheel drive - front",,,,"G","Gasoline","Gas",,,1.8,false,7,false,false,false,false,false,false,false,"PREMIUM",,"[PREMIUM]","[PREMIUM]","[PREMIUM]",,"[PREMIUM]",,,1599,4.7,1507,0,"[""NO_SALVAGE_TITLE"",""NO_ACCIDENTS_REPORTED"",""ONE_OWNER""]","{""exterior"":[""Power Mirrors""],""interior"":[""12 Volt Power Source"",""Air Conditioning"",""Bucket Seats"",""Cloth Seats"",""Power Door Locks"",""Power Windows"",""Rear Window Defroster"",""Tilt Wheel""],""safety"":[""Driver Air Bag"",""Passenger Air Bag""],""technology"":[""Cruise Control"",""Keyless Entry""]}",13,"See all of our inventory and the CARFAX on our  Call us at","[PREMIUM]",20,,,,,"[PREMIUM]"
"775385770","2026-05-25 21:26:08.917","2026-05-25 21:26:08.917","775385770","[PREMIUM]","CE6432B",2006,"CAD","Cadillac","DTS","DTS",,"SEDAN","Used","Used 2006 Cadillac DTS",168419,"[PREMIUM]",,,"[PREMIUM]",1280,2755,"Blue Ice","BLUE",,,"8CLDR","8-Cylinder","2 wheel drive - front","AUT","4-Speed Automatic","Automatic","G","Gasoline","Gas",17,25,4.6,true,66,false,false,false,false,false,false,false,"PREMIUM",,"[PREMIUM]","[PREMIUM]","[PREMIUM]",,"[PREMIUM]",,,117,4.6,250,0,"[""NO_SALVAGE_TITLE"",""ACCIDENTS_REPORTED"",""NO_ONE_OWNER""]","{""exterior"":[""Alloy wheels"",""Auto headlights"",""Bodyside moldings"",""Bumpers: body-color"",""Delay-off headlights"",""Fog Lights"",""Heated Manual Folding Outside Rear-View Mirror"",""Heated Wiper Nozzles"",""Heated door mirrors"",""High intensity discharge headlights: Bi-xenon"",""Power Folding Heated Outside Rear-View Mirrors"",""Power door mirrors"",""Turn signal indicator mirrors""],""interior"":[""40/20/40 Front Split-Bench Seat"",""Air Conditioning"",""Auto-dimming Rear-View mirror"",""Driver & Front Passenger 4-Way Power Lumbar Control"",""Driver door bin"",""Driver vanity mirror"",""Front Bucket Seats"",""Front Center Armrest w/Storage"",""Front dual zone A/C"",""Front reading lights"",""Heated & Cooled Front Seats"",""Heated Leather-Wrapped Steering Wheel Rim"",""Heated Rear Outboard Seating Positions"",""Leather Shift Knob"",""Leather steering wheel"",""Nuance Leather Seating Surfaces"",""Nuance Leather Seating Surfaces w/Perforation"",""Passenger door bin"",""Passenger vanity mirror"",""Power Tilt & Telescopic Steering Column"",""Power driver seat"",""Power passenger seat"",""Power windows"",""Rear air conditioning"",""Rear reading lights"",""Rear seat center armrest"",""Rear window defroster"",""Steering wheel mounted audio controls"",""Tachometer"",""Tilt steering wheel"",""Trip computer"",""Trunk Cargo Convenience Net"",""Universal Home Remote"",""Variably intermittent wipers"",""Voltmeter""],""safety"":[""ABS brakes"",""Brake Assist"",""Dual front impact airbags"",""Dual front side impact airbags"",""Low tire pressure warning"",""Occupant sensing airbag"",""Overhead airbag"",""Panic alarm"",""Security system"",""StabiliTrak"",""Traction control""],""mechanical"":[""4-Wheel Disc Brakes"",""Auto-leveling suspension"",""Four wheel independent suspension"",""Power steering"",""Speed-sensing steering""],""technology"":[""8 Speakers"",""AM/FM radio"",""Auto temperature control"",""CD player"",""Compass"",""ETR AM/FM Stereo w/6-Disc In-Dash CD Changer"",""Front & Rear Ultrasonic Parking Assist"",""Quad Band Antenna"",""Radio data system"",""Remote keyless entry"",""Speed control"",""XM Satellite Radio Sound System Feature""],""other"":[""1SC Decor"",""Emergency communication system: OnStar"",""Front anti-roll bar"",""Illuminated entry"",""IntelliBeam Headlamps"",""Local Trade"",""Memory Package"",""Outside temperature display"",""Preferred Equipment Group 1SC"",""RainSense Generation II Front Intermittent Wipers"",""Rear anti-roll bar"",""Trunk Mat & Decklid Tie Down""]}",88,"Get help fast! Call or Text Tyler,  <br>&lt;a href=https://youtu.be/Dx8DLu-zVvs target=_blank rel=noopener noreferrer&gt;Watch this video for a walkaround!<br>This 2006 Cadillac DTS Base offers an exceptional blend of luxury, performance, and convenience. Featuring a striking blue exterior, this well-maintained sedan is ready to elevate your driving experience.<br><br>- Local Trade<br>- SEATS, FRONT LEATHER SEATING SURFACES 40/20/40 SPLIT-BENCH, COLUMN SHIFT<br>- CD player<br>- XM Satellite Radio Sound System Feature<br>- Auto temperature control<br>- Power driver seat<br>- Auto headlights<br>- Fog Lights<br>- Power passenger seat<br>- Alloy wheels<br><br>Powered by the renowned Northstar 4.6L V8 SFI DOHC engine and equipped with a 4-Speed Automatic with Overdrive transmission, this DTS delivers an impressive blend of power and efficiency, with an EPA-estimated 17 MPG in the city and 25 MPG on the highway.<br><br>Beyond its impressive performance, this Cadillac DTS Base is packed with an array of premium features that cater to your every need. Enjoy the convenience of the Memory Package, Preferred Equipment Group 1SC, and an ETR AM/FM Stereo with a 6-Disc In-Dash CD Changer. Stay connected with the OnStar emergency communication system, while the Front &amp; Rear Ultrasonic Parking Assist and IntelliBeam Headlamps provide added safety and convenience.<br><br>Indulge in the luxurious Nuance Leather Seating Surfaces, which offer both heating and cooling for maximum comfort. The Power Tilt &amp; Telescopic Steering Column and Heated Leather-Wrapped Steering Wheel Rim further enhance the driving experience, allowing you to find your perfect position behind the wheel.<br><br>This Cadillac DTS Base is a testament to Cadillac's commitment to craftsmanship and attention to detail. With its impressive array of features and well-maintained condition, it's a compelling choice for those seeking a sophisticated and capable luxury sedan.<br><br>Don't miss your chance to experience the exceptional quality and refined elegance of this 2006 Cadillac DTS Base. Call or text Tyler directly at   to schedule a test drive and learn more about the available financing options.<br><br>Have questions about the vehicle?<br>Want to check availability?<br>Need help with financing options?<br>Looking to see what your trade might be worth?<br><br>Call or text Tyler directly at","[PREMIUM]",35,,,,,"[PREMIUM]"
"778017430","2026-05-25 21:26:08.892","2026-05-25 21:26:08.892","778017430","[PREMIUM]","208141",2006,"CAD","Cadillac","DTS","DTS",,"SEDAN","Used","Used 2006 Cadillac DTS w/ Trunk Convenience Package",218599,"[PREMIUM]",,,"[PREMIUM]",600,1725,"Light Cashmere","BEIGE",,,"8CLDR","8-Cylinder","2 wheel drive - front","AUT","4-Speed Automatic","Automatic","G","Gasoline","Gas",17,25,4.6,true,37,false,false,true,false,false,false,false,"PREMIUM",,"[PREMIUM]","[PREMIUM]","[PREMIUM]",,"[PREMIUM]",,,117,4.6,250,0,"[""NO_SALVAGE_TITLE"",""ACCIDENTS_REPORTED"",""NO_ONE_OWNER""]","{""exterior"":[""Alloy wheels"",""Bodyside moldings"",""Bumpers: body-color"",""Delay-off headlights"",""Front fog lights"",""Fully automatic headlights"",""Heated door mirrors"",""High intensity discharge headlights: Bi-xenon"",""Power door mirrors"",""Turn signal indicator mirrors""],""interior"":[""40/20/40 Front Split-Bench Seat"",""Air Conditioning"",""Auto-dimming Rear-View mirror"",""Driver door bin"",""Driver vanity mirror"",""Front Center Armrest w/Storage"",""Front dual zone A/C"",""Front reading lights"",""Leather steering wheel"",""Nuance Leather Seating Surfaces w/Perforation"",""Passenger door bin"",""Passenger vanity mirror"",""Power driver seat"",""Power passenger seat"",""Power windows"",""Rear air conditioning"",""Rear reading lights"",""Rear seat center armrest"",""Rear window defroster"",""Steering wheel mounted audio controls"",""Tachometer"",""Tilt steering wheel"",""Trip computer"",""Trunk Cargo Convenience Net"",""Universal Home Remote"",""Variably intermittent wipers"",""Voltmeter""],""safety"":[""ABS brakes"",""Dual front impact airbags"",""Dual front side impact airbags"",""Low tire pressure warning"",""Occupant sensing airbag"",""Overhead airbag"",""Panic alarm"",""Security system"",""Traction control""],""mechanical"":[""4-Wheel Disc Brakes"",""Auto-leveling suspension"",""Four wheel independent suspension"",""Power steering"",""Speed-sensing steering""],""technology"":[""8 Speakers"",""Automatic temperature control"",""CD player"",""Compass"",""Radio data system"",""Remote keyless entry"",""Speed control"",""XM Satellite Radio Sound System Feature""],""other"":[""Emergency communication system: OnStar"",""Front anti-roll bar"",""Illuminated entry"",""Outside temperature display"",""Rear anti-roll bar"",""Trunk Mat & Decklid Tie Down""]}",65,"Light Cashmere 2006 Cadillac DTS FWD 4-Speed Automatic with Overdrive Northstar 4.6L V8 SFI DOHC<br><br>LOCATED AT ZOOM MOTORS OF BRISTOL! ALL TRADES WELCOMED! CALL US AT  . LOCATED AT 1841 VOLUNTEER PARKWAY BRISTOL, TN 37620! Recent Arrival!","[PREMIUM]",22,,,,,"[PREMIUM]"
"780080162","2026-05-25 21:25:38.703","2026-05-25 21:25:38.703","780080162","[PREMIUM]","77512809",2006,"CHRY","Chrysler","TANDC","Town & Country",,"VANS","Used","Used 2006 Chrysler Town & Country w/ Popular Equipment Group I",182975,"[PREMIUM]",,,"[PREMIUM]",2165,2715,"Stone White","WHITE","Dk Khaki/Lt Graystone","BEIGE","6CLDR","6-Cylinder","2 wheel drive - front","AUT","4-Speed Automatic","Automatic","G","Gasoline","Gas",19,26,3.3,false,14,false,false,false,false,false,false,false,"PREMIUM",,"[PREMIUM]","[PREMIUM]","[PREMIUM]",,"[PREMIUM]",,,373,4,969,0,"[""SALVAGE_TITLE"",""ACCIDENTS_REPORTED"",""NO_ONE_OWNER""]","{""exterior"":[""15\"" x 6.5\"" Steel Wheels"",""Bodyside moldings"",""Bumpers: body-color"",""Delay-off headlights"",""Rear window wiper""],""interior"":[""3rd row seats: bench"",""Air Conditioning"",""Cloth Low-Back Bucket Seats"",""Driver door bin"",""Driver vanity mirror"",""Driver's Seat Mounted Armrest"",""Front Bucket Seats"",""Front reading lights"",""Passenger door bin"",""Passenger seat mounted armrest"",""Passenger vanity mirror"",""Power windows"",""Rear window defroster"",""Reclining 3rd row seat"",""Tilt steering wheel"",""Variably intermittent wipers""],""safety"":[""Dual front impact airbags"",""Knee airbag"",""Occupant sensing airbag"",""Panic alarm""],""mechanical"":[""3.62 Axle Ratio"",""Front wheel independent suspension"",""Power steering""],""technology"":[""4 Speakers"",""AM/FM radio"",""CD player"",""Remote keyless entry"",""Speed control""],""other"":[""AM/FM Compact Disc w/Changer Control"",""Deluxe Bench Seats w/Rear Bench"",""Front anti-roll bar"",""Illuminated entry"",""Normal Duty Suspension""]}",38,"Get ready for the road ahead with this dependable pre-owned vehicle, newly arrived at Corwin Public Wholesale! Perfect for winter adventures, daily commuting, or weekend getaways. Located at 217 38th St S, Fargo.<br><br>Dk Khaki/Lt Graystone Cloth. Priced below KBB Fair Purchase Price!<br><br>Stone White 2006 Chrysler Town &amp; Country 4D Passenger Van FWD 3.3L V6 OHV 19/26 City/Highway MPG www.corwinwholesale.com , Family Driven for over 100 Years! Excellent selection of Used Vehicles!","[PREMIUM]",36,,,,,"[PREMIUM]"
"780209208","2026-05-25 21:25:38.701","2026-05-25 21:25:38.701","780209208","[PREMIUM]","P35604B",2006,"SATURN","Saturn","VUE","Vue","2WD V6","SUV","Used","Used 2006 Saturn Vue 2WD V6 w/ Sun & Sound Pkg",313727,"[PREMIUM]",,"Great","[PREMIUM]",2175,2625,"Onyx Black","BLACK","Grey","GRAY","6CLDR","6-Cylinder","2 wheel drive - front","AUT","5-Speed Automatic","Automatic","G","Gasoline","Gas",20,28,3.5,false,12,false,false,false,false,false,false,false,"PREMIUM",,"[PREMIUM]","[PREMIUM]","[PREMIUM]",,"[PREMIUM]",,,1473,4,1055,0,"[""NO_SALVAGE_TITLE"",""ACCIDENTS_REPORTED"",""NO_ONE_OWNER""]","{""exterior"":[""16\"" Alloy Wheels"",""17\"" Alloy Wheels"",""Alloy wheels"",""Bright Rooftop Luggage Rails"",""Bumpers: body-color"",""Chrome Package"",""Delay-off headlights"",""Front Fog Lamps"",""Fully automatic headlights"",""Power door mirrors"",""Rear window wiper""],""interior"":[""6-Way Power Driver Seat Adjuster"",""Air Conditioning"",""Auto-dimming Rear-View mirror"",""Copernicus Cloth Seat Trim"",""Driver door bin"",""Driver vanity mirror"",""Driver's Seat Mounted Armrest"",""Front & Rear Carpeted Floormats"",""Front Bucket Seats"",""Front reading lights"",""Heated Driver & Front Passenger Seats"",""Leather steering wheel"",""Passenger door bin"",""Passenger seat mounted armrest"",""Passenger vanity mirror"",""Power Sunroof"",""Power windows"",""Rear window defroster"",""Reclining Front Bucket Seats"",""Split folding rear seat"",""Steering wheel mounted audio controls"",""Tachometer"",""Tilt steering wheel"",""Variably intermittent wipers""],""safety"":[""ABS brakes"",""Dual front impact airbags"",""Occupant sensing airbag"",""Panic alarm"",""Security system"",""Traction control""],""mechanical"":[""4.06 Axle Ratio"",""Four wheel independent suspension"",""Power steering"",""Speed-sensing steering""],""technology"":[""6 Speakers"",""AM/FM radio"",""CD player"",""Compass"",""Radio data system"",""Remote keyless entry"",""Speed control"",""Weather band radio"",""XM Satellite Radio""],""other"":[""Comfort Package"",""Emergency communication system: OnStar"",""Front anti-roll bar"",""Illuminated entry"",""Manual Lumbar Driver Seat Adjuster"",""Outside temperature display"",""Rear anti-roll bar"",""Sun & Sound Package""]}",62,"Priced below KBB Fair Purchase Price!<br><br>***Wholesale to the Public*** Take advantage and save thousands before these vehicles are sent to auction. *CASH PURCHASE ONLY* Vehicles sold AS-IS. No offsite deliveries or transportation. Must take delivery in person at dealership in Flint, MI.<br>16 Alloy Wheels, 17 Alloy Wheels, 4.06 Axle Ratio, 6 Speakers, 6-Way Power Driver Seat Adjuster, ABS brakes, Air Conditioning, Alloy wheels, AM/FM radio, Auto-dimming Rear-View mirror, Bright Rooftop Luggage Rails, Bumpers: body-color, CD player, Chrome Package, Comfort Package, Compass, Copernicus Cloth Seat Trim, Delay-off headlights, Driver door bin, Driver vanity mirror, Driver's Seat Mounted Armrest, Dual front impact airbags, Emergency communication system: OnStar, Four wheel independent suspension, Front &amp; Rear Carpeted Floormats, Front anti-roll bar, Front Bucket Seats, Front Fog Lamps, Front reading lights, Fully automatic headlights, Heated Driver &amp; Front Passenger Seats, Illuminated entry, Leather steering wheel, Manual Lumbar Driver Seat Adjuster, Occupant sensing airbag, Outside temperature display, Panic alarm, Passenger door bin, Passenger seat mounted armrest, Passenger vanity mirror, Power door mirrors, Power steering, Power Sunroof, Power windows, Radio data system, Rear anti-roll bar, Rear window defroster, Rear window wiper, Reclining Front Bucket Seats, Remote keyless entry, Security system, Speed control, Speed-sensing steering, Split folding rear seat, Steering wheel mounted audio controls, Sun &amp; Sound Package, Tachometer, Tilt steering wheel, Traction control, Variably intermittent wipers, Weather band radio, XM Satellite Radio.<br>V6 3.5L V6 MPI SOHC 24V 5-Speed Automatic FWD Onyx Black<br><br>Recent Arrival!","[PREMIUM]",14,,,,,"[PREMIUM]"
"776368145","2026-05-25 21:25:08.443","2026-05-25 21:25:08.443","776368145","[PREMIUM]","5N1AN08W36C519271",2006,"NISSAN","Nissan","XTERRA","Xterra","S","SUV","Used","Used 2006 Nissan Xterra S w/ (U01) Utility Pkg",189999,"[PREMIUM]",,,"[PREMIUM]",2775,3775,"Silver","SILVER","Gray","GRAY","6CLDR","6-Cylinder","4 wheel drive","AUT","5-Speed Automatic","Automatic","G","Gasoline","Gas",16,21,4,false,55,false,false,false,false,false,false,false,"PREMIUM",,"[PREMIUM]","[PREMIUM]","[PREMIUM]",,"[PREMIUM]",,,1385,4.5,533,,"[""NO_SALVAGE_TITLE"",""NO_ACCIDENTS_REPORTED"",""NO_ONE_OWNER""]","{""exterior"":[""Alloy Wheels"",""Premium Wheels"",""Roof Rack"",""Running Boards""],""interior"":[""Air Conditioning"",""Power Door Locks"",""Power Windows"",""Tilt Wheel""],""safety"":[""ABS (4-Wheel)"",""Dual Air Bags"",""Traction Control"",""Vehicle Dynamic Control""],""mechanical"":[""Power Steering""],""technology"":[""AM/FM Stereo"",""CD/MP3 (Single Disc)"",""Cassette"",""Cruise Control""]}",17,"This is just a solid truck, the 4WD works great, it runs so good it's good run til mid 200's no problem...<br><br>I tuned it up a recently thiose are 2019 Pathdfinder rims, new JVC radio, painted all the roofrac, oil change.. Ive taken care of this guy,<br><br>Prior owner was a close friend and MECHANIC.  He sold it to me as a favor for my move to Tahoe he wanted to keep it.. I'm movin go SF and passing it forward.<br>----------------------------------<br>4WD is great on this frame, THULE Snowboard/Ski rack, A/C, sold 6-cyl does geat atow kit yo install is only $120","[PREMIUM]",11,,,,,"[PREMIUM]"
"778757552","2026-05-25 21:25:08.439","2026-05-25 21:25:08.439","778757552","[PREMIUM]","U1794",2006,"CHEV","Chevrolet","CHEVIMP","Impala","LT","SEDAN","Used","Used 2006 Chevrolet Impala LT",134534,"[PREMIUM]",,,"[PREMIUM]",2295,2945,"Silverstone Metallic","SILVER","Gray","GRAY","6CLDR","6-Cylinder","2 wheel drive - front","AUT","4-Speed Automatic","Automatic","G","Gasoline","Gas",19,27,3.9,true,28,false,false,false,false,false,false,false,"PREMIUM",,"[PREMIUM]","[PREMIUM]","[PREMIUM]",,"[PREMIUM]",,,185,4.3,1014,0,"[""NO_SALVAGE_TITLE"",""ACCIDENTS_REPORTED"",""NO_ONE_OWNER""]","{""exterior"":[""Aluminum Wheels"",""Automatic Headlights"",""Fog Lamps"",""Power Mirror(s)"",""Rear Spoiler"",""Tires - Front Performance"",""Tires - Rear Performance""],""interior"":[""A/C"",""Adjustable Steering Wheel"",""Bucket Seats"",""Driver Adjustable Lumbar"",""Driver Illuminated Vanity Mirror"",""Driver Vanity Mirror"",""Emergency Trunk Release"",""Floor Mats"",""Intermittent Wipers"",""LEATHER SEAT TRIM"",""Leather Steering Wheel"",""Multi-Zone A/C"",""Pass-Through Rear Seat"",""Passenger Illuminated Visor Mirror"",""Passenger Vanity Mirror"",""Power Door Locks"",""Power Driver Seat"",""Power Windows"",""Rear Defrost"",""Rear Reading Lamps"",""Remote Trunk Release"",""SEATS  FRONT CLOTH  40/40 BUCKET  (STD)"",""SEATS  FRONT LEATHER SEATING SURFACES  40/40 BUCKET   includes (KA1) Seats  heated driver and front passenger and (AG2) Seat adjuster  power  passenger  6-way"",""Steering Wheel Audio Controls"",""Woodgrain Interior Trim""],""safety"":[""ABS"",""Child Safety Locks"",""Daytime Running Lights"",""Driver Air Bag"",""Front Head Air Bag"",""Passenger Air Bag"",""Security System"",""Temporary Spare Tire"",""Tire Pressure Monitor"",""Traction Control""],""mechanical"":[""4-Wheel Disc Brakes"",""ENGINE  3.9L 3900 V6 SFI  (STD)"",""Front Wheel Drive"",""Power Steering"",""TRANSMISSION  4-SPEED AUTOMATIC  ELECTRONICALLY CONTROLLED WITH OVERDRIVE  (STD)""],""technology"":[""AM/FM Stereo"",""Auxiliary Audio Input"",""CD Player"",""Cruise Control"",""Immobilizer"",""Keyless Entry"",""MP3 Capability"",""ONSTAR  DELETE"",""Remote Engine Start""],""other"":[""PREFERRED EQUIPMENT GROUP   includes Standard Equipment"",""Requires Subscription"",""SOUND SYSTEM  ETR AM/FM STEREO WITH CD PLAYER AND MP3 PLAYBACK   includes Radio Data System (RDS)  seek-and-scan  digital clock  auto-tone control  automatic volume  TheftLock and auxiliary input jack (STD)""]}",59,"FRONT WHEEL DRIVE, REMOTE KEYLESS ENTRY, LEATHER SEAT TRIM, POWER FRONT SEATS, POWER MIRRORS, SECURITY SYSTEM, REMOTE ENGINE START, CRUISE CONTROL, CD PLAYER, POWER DOOR LOCKS.<br>Toyota Muscatine is your one-stop-shop for all things automotive in Muscatine, Iowa. Serving Muscatine, IA and surrounding communities including Davenport, IA, Illinois City, IL, Fruitland, IA, Wilton, IA, Columbus Junction, IA, Moline, IL, Iowa City, IA, Cedar Rapids, IA, and more. Our Certified Toyota Technicians use Genuine Toyota Parts ensuring your Toyota stays a Toyota after the purchase of your new or pre-owned vehicle. Toyota Muscatine gives you Toyota excellence with a small town feel. Give us a call today to work with our proficient Toyota team!<br>Phone:  <br>3000 N Highway 38 Muscatine, IA 52761","[PREMIUM]",17,,,,,"[PREMIUM]"
"776647918","2026-05-25 21:25:08.423","2026-05-25 21:25:08.423","776647918","[PREMIUM]","WVGZM77L26D021045",2006,"VOLKS","Volkswagen","TOUAREG","Touareg","V8","SUV","Used","Used 2006 Volkswagen Touareg V8",66000,"[PREMIUM]",,,"[PREMIUM]",3740,5640,"Silver","SILVER","Black","BLACK","8CLDR","8-Cylinder","4 wheel drive","AUT","6-Speed Automatic","Automatic","G","Gasoline","Gas",14,18,4.2,true,53,false,false,false,false,false,false,false,"PREMIUM",,"[PREMIUM]","[PREMIUM]","[PREMIUM]",,"[PREMIUM]",,,347812,4.1,305,,"[""NO_SALVAGE_TITLE"",""ACCIDENTS_REPORTED"",""NO_ONE_OWNER""]","{""exterior"":[""Alloy Wheels""],""interior"":[""Air Conditioning"",""Dual Power Seats"",""Leather"",""Moon Roof"",""Power Door Locks"",""Power Windows""],""safety"":[""ABS (4-Wheel)"",""Dual Air Bags"",""F&R Side Air Bags"",""Side Air Bags"",""Stability Control"",""Traction Control""],""mechanical"":[""Power Steering""],""technology"":[""AM/FM Stereo"",""Backup Camera"",""CD/MP3 (Multi Disc)"",""CD/MP3 (Single Disc)"",""Cruise Control"",""Hill Descent Control""],""other"":[""Premium Sound"",""Telescoping Wheel""]}",22,"2006 VW Touareg. 66k miles. 4.2l V8, runs and drives great. AWD with low and diff lock. Interior is in nearly perfect condition, leather heated seats, backup cam, sunroof. Exterior has some blemishes, all cosmetic though. New front pads/rotors and back pads. New tires &amp; alignment. Check engine light on for a thermostat, I've got the part just didn't want to spend any more time or money putting it in. Doesn't affect anything.","[PREMIUM]",10,,,,,"[PREMIUM]"
"780301538","2026-05-25 21:24:58.236","2026-05-25 21:24:58.236","780301538","[PREMIUM]","4B46188",2006,"FORD","Ford","ESCAPE","Escape","XLT","SUV","Used","Used 2006 Ford Escape XLT",246008,"[PREMIUM]",,,"[PREMIUM]",1150,2800,"Blazing Copper Clearcoat Metal","ORANGE","Medium/Dark Pebble","BEIGE","6CLDR","6-Cylinder","4 wheel drive","AUT","4-Speed Automatic","Automatic","G","Gasoline","Gas",19,23,3,true,12,false,false,true,false,false,false,false,"PREMIUM",,"[PREMIUM]","[PREMIUM]","[PREMIUM]",,"[PREMIUM]",,,348167,4.4,1319,0,"[""NO_SALVAGE_TITLE"",""ACCIDENTS_REPORTED"",""NO_ONE_OWNER""]","{""exterior"":[""16\"" Bright Machined Aluminum Wheels"",""Alloy wheels"",""Front fog lights"",""Power door mirrors"",""Rear window wiper"",""Roof rack""],""interior"":[""Air Conditioning"",""Driver door bin"",""Driver vanity mirror"",""Front Bucket Seats"",""Front Center Armrest"",""Front reading lights"",""Passenger door bin"",""Passenger vanity mirror"",""Power driver seat"",""Power windows"",""Premium Cloth Bucket Seats"",""Rear window defroster"",""Split folding rear seat"",""Tachometer"",""Tilt steering wheel"",""Variably intermittent wipers""],""safety"":[""ABS brakes"",""Brake assist"",""Dual front impact airbags"",""Low tire pressure warning"",""Occupant sensing airbag"",""Panic alarm"",""Security system""],""mechanical"":[""2.93 Axle Ratio"",""4-Wheel Disc Brakes"",""Four wheel independent suspension"",""Power steering""],""technology"":[""4 Speakers"",""AM/FM radio"",""CD player"",""Radio data system"",""Remote keyless entry"",""Speed control""],""other"":[""640 lbs Payload Package"",""AM/FM 6CD In-Dash/MP3 & Satellite Capable"",""Front anti-roll bar"",""GVWR: 4"",""Illuminated entry"",""Rear anti-roll bar""]}",45,"Our 2006 Ford Escape XLT AWD in Blazing Copper Clearcoat Metallic is ready to impress with a sporty attitude and versatile SUV practicality. Powered by a Duratec 3.0 Liter V6 delivering 200hp paired with a 4 Speed Automatic transmission. This All Wheel Drive SUV offers nearly 23mpg on the highway. With its bold stance, alloy wheels, roof rack, privacy glass, and rugged styling, this Escape still looks right at home on today s roads.<br><br>Inside, the XLT cabin was designed with comfort and convenience in mind. Supportive seating, full-power accessories, air conditioning, cruise control, premium audio, and ample cargo space make this SUV an excellent fit for commuting, road trips, or busy daily routines. The spacious interior offers versatile storage solutions, along with the practicality that Ford buyers have appreciated for years.<br><br>Ford engineered this Escape with safety and confidence in mind, offering features such as advanced airbags, stability control, traction control, ABS, and a durable body structure for additional peace of mind. With useful versatility and classic SUV styling, this Escape XLT is a fantastic value, ready for its next adventure. Save this Page and Call for Availability. We Know You Will Enjoy Your Test Drive Towards Ownership!<br><br>www.corwinmotorskalispell.com Excellent selection of Used Vehicles, Financing Options, serving Kalispell, Missoula, Butte, Bozeman, Great Fall, Helena, Havre, Cut Bank, Libby, Ronan, Polson, Flathead County, Lake County, Mineral County, Lincoln County and Glacier Park. KALISPELL MONTANA CORWIN MOTORS of KALISPELL.","[PREMIUM]",19,,,,,"[PREMIUM]"
"778852438","2026-05-25 21:24:48.025","2026-05-25 21:24:48.025","778852438","[PREMIUM]","26986A",2006,"CHEV","Chevrolet","HHR","HHR","LT","WAGON","Used","Used 2006 Chevrolet HHR LT w/ Preferred Equipment Group",156171,"[PREMIUM]",,,"[PREMIUM]",2015,2940,"Sport Red Metallic","RED","Cashmere","OFFWHITE","4CLDR","4-Cylinder","2 wheel drive - front","AUT","4-Speed Automatic","Automatic","G","Gasoline","Gas",,,2.4,true,27,false,false,false,false,false,false,false,"PREMIUM",,"[PREMIUM]","[PREMIUM]","[PREMIUM]",,"[PREMIUM]",,,186,4.3,909,0,"[""NO_SALVAGE_TITLE"",""NO_ACCIDENTS_REPORTED"",""ONE_OWNER""]","{""exterior"":[""**ALLOY WHEELS**"",""16\"" Machined-Face Aluminum Wheels"",""17\"" High Polished Forged Aluminum Wheels"",""Alloy wheels"",""Bright Chrome Appearance Package"",""Bright Chrome Grille"",""Bumpers: body-color"",""Color-Keyed to Exterior Running Boards"",""Delay-off headlights"",""Front Fog Lamps"",""Fully automatic headlights"",""Power Outside Rear-View Mirrors"",""Power door mirrors"",""Rear window wiper""],""interior"":[""**LEATHER**"",""Air Conditioning"",""Cloth Seat Trim"",""Driver door bin"",""Driver vanity mirror"",""Driver's Seat Mounted Armrest"",""Front Bucket Seats"",""Front reading lights"",""Inside Rear-View Auto-Dimming Mirror w/Compass"",""Leather-Wrapped Shift Knob"",""Leather-Wrapped Steering Wheel"",""Passenger door bin"",""Passenger seat mounted armrest"",""Passenger vanity mirror"",""Power Sunroof"",""Power driver seat"",""Power windows"",""Rear reading lights"",""Rear window defroster"",""Speed-Sensitive Wipers"",""Split folding rear seat"",""Tachometer"",""Tilt steering wheel"",""Trip computer"",""Variably intermittent wipers""],""safety"":[""4-Wheel Antilock Front Disc/Rear Drum Brakes"",""All-Speed Traction Control"",""Dual front impact airbags"",""Front and Rear Side Head Curtain Airbags"",""Occupant sensing airbag"",""Panic alarm"",""Security system""],""mechanical"":[""4.17 Axle Ratio"",""Front wheel independent suspension"",""Power steering"",""Speed-sensing steering"",""Sport Suspension""],""technology"":[""**CD PLAYER**"",""**CRUISE CONTROL**"",""6 Speakers"",""7-Speaker Sound System Feature"",""AM/FM radio"",""CD player"",""OnStar 1-Year of Safe & Sound Service"",""Radio data system"",""Remote Vehicle Starter System"",""Remote keyless entry"",""Speed control"",""XM Satellite Radio Sound System Feature""],""other"":[""**1 OWNER**"",""**CLEAN CARFAX"",""2LT Package"",""Front anti-roll bar"",""Illuminated entry"",""NO ACCIDENT HISTORY**"",""Outside temperature display"",""Rear anti-roll bar"",""Roof Mounted Side Rails"",""Smoker's Package""]}",73,"Sport Red Metallic 2006 Chevrolet HHR LT FWD 4-Speed Automatic ECOTEC 2.4L I4 SFI DOHC **LEATHER**, **1 OWNER**, **CLEAN CARFAX, NO ACCIDENT HISTORY**, **ALLOY WHEELS**, **CRUISE CONTROL**, **CD PLAYER**.<br><br>Located in Fort Collins, but we also serve Denver, Loveland, Windsor, and the greater Northern Colorado area. 23/30 City/Highway MPG<br><br>Awards:<br>* 2006 KBB.com Top 10 Coolest New Cars Under $18,000<br>Buy from the people you know and trust. Located in Ft. Collins CO, but also serving Loveland, Windsor, Greeley, Timnath, Berthoud, and Longmont. Please call for availability  .","[PREMIUM]",20,,,,,"[PREMIUM]"
"781113934","2026-05-25 21:24:27.865","2026-05-25 21:24:27.865","781113934","[PREMIUM]","A60777A",2006,"HONDA","Honda","ACCORD","Accord","EX-L","SEDAN","Used","Used 2006 Honda Accord EX-L",225501,"[PREMIUM]",,,"[PREMIUM]",2135,3485,"Carbon Bronze Pearl","GRAY",,,"4CLDR","4-Cylinder","2 wheel drive - front","AUT","5-Speed Automatic","Automatic","G","Gasoline","Gas",24,34,2.4,true,3,false,true,false,false,false,false,false,"PREMIUM",,"[PREMIUM]","[PREMIUM]","[PREMIUM]",,"[PREMIUM]",,,263726,4.7,2331,0,"[""NO_SALVAGE_TITLE"",""NO_ACCIDENTS_REPORTED"",""ONE_OWNER""]","{""exterior"":[""16\"" Alloy Wheels"",""Bodyside moldings"",""Bumpers: body-color"",""Delay-off headlights"",""Heated door mirrors"",""Power door mirrors""],""interior"":[""Air Conditioning"",""Driver door bin"",""Driver vanity mirror"",""Front Center Armrest w/Storage"",""Front dual zone A/C"",""Front reading lights"",""Heated front seats"",""Leather Seat Trim"",""Leather Shift Knob"",""Leather steering wheel"",""Overhead console"",""Passenger door bin"",""Passenger vanity mirror"",""Power driver seat"",""Power moonroof"",""Power windows"",""Rear seat center armrest"",""Rear window defroster"",""Steering wheel mounted audio controls"",""Tachometer"",""Telescoping steering wheel"",""Tilt steering wheel"",""Variably intermittent wipers""],""safety"":[""ABS brakes"",""Dual front impact airbags"",""Dual front side impact airbags"",""Occupant sensing airbag"",""Overhead airbag"",""Security system""],""mechanical"":[""4-Wheel Disc Brakes"",""Four wheel independent suspension"",""Power steering"",""Speed-sensing steering""],""technology"":[""120-Watt AM/FM/6-Disc In-Dash CD Changer"",""6 Speakers"",""AM/FM radio: XM"",""Automatic temperature control"",""CD player"",""Remote keyless entry"",""Speed control""],""other"":[""Front anti-roll bar"",""Illuminated entry"",""Outside temperature display"",""Rear anti-roll bar""]}",50,"***WHOLESALE TO THE PUBLIC*** This motor vehicle is SOLD AS IS without any warranty, either expressed or implied. The purchaser will bear the entire expense of repairing or correcting any defects that presently exist or that may occur in the vehicle. We encourage a third party inspection at the purchaser's expense prior to buying. This vehicle is being offered to the public prior to private auction. 120-Watt AM/FM/6-Disc In-Dash CD Changer, 16 Alloy Wheels, AM/FM radio: XM, Automatic temperature control, Front dual zone A/C, Heated door mirrors, Heated front seats, Leather Shift Knob, Leather steering wheel, Outside temperature display, Power moonroof, Security system, Telescoping steering wheel, Tilt steering wheel.<br><br>CARFAX One-Owner. Clean CARFAX.<br><br><br>Get MOHR for your money at the ALL NEW Andy Mohr Honda/Hyundai in Bloomington! Call us today at  . You consent to receive autodialed, pre-recorded and artificial voice telemarketing and sales calls, text messages and/or emails from or on behalf of Andy Mohr at the phone number and/or email provided in this application, including cell phone numbers. You understand that this consent is not a condition of purchase of a vehicle or any services from Andy Mohr. This vehicle may have optional Theft Deterrent at $299 and Ziebart at $799 added to vehicle.","[PREMIUM]",6,,,,,"[PREMIUM]"
"778113970","2026-05-25 21:24:17.676","2026-05-25 21:24:17.676","778113970","[PREMIUM]","MT0200P",2006,"BUICK","Buick","RENDEZVOUS","Rendezvous","2WD","SUV","Used","Used 2006 Buick Rendezvous 2WD w/ CX Luxury Package",181987,"[PREMIUM]",,,"[PREMIUM]",2600,3125,"Frost White","WHITE","Gray","GRAY","6CLDR","6-Cylinder","2 wheel drive - front","AUT","4-Speed Automatic","Automatic","G","Gasoline","Gas",19,26,3.5,false,35,false,false,false,false,false,false,false,"PREMIUM",,"[PREMIUM]","[PREMIUM]","[PREMIUM]",,"[PREMIUM]",,,97,4,706,0,"[""NO_SALVAGE_TITLE"",""NO_ACCIDENTS_REPORTED"",""NO_ONE_OWNER""]","{""exterior"":[""17\"" Aluminum Wheels"",""Bumpers: body-color"",""Front fog lights"",""Fully automatic headlights"",""Power door mirrors"",""Rear window wiper""],""interior"":[""3rd Row Flip-Fold Bench Seat"",""6-Way Power Driver Seat Adjuster"",""Air Conditioning"",""Driver door bin"",""Driver vanity mirror"",""Front Bucket Seats"",""Front Center Armrest"",""Front beverage holders"",""Front reading lights"",""Leather steering wheel"",""Leather-Wrapped Steering Wheel Rim w/Wood Trim"",""Overhead console"",""Passenger door bin"",""Passenger vanity mirror"",""Power windows"",""Rear Storage System"",""Rear reading lights"",""Rear seat center armrest"",""Rear window defroster"",""Split folding rear seat"",""Tachometer"",""Tilt steering wheel"",""Variably intermittent wipers"",""Woodgrain Trim""],""safety"":[""4-Wheel Antilock Disc Brakes"",""Driver & Right Front Passenger Frontal Airbags"",""Dual front impact airbags"",""Occupant sensing airbag"",""Panic alarm"",""Security system""],""mechanical"":[""3.29 Axle Ratio"",""4-Wheel Disc Brakes"",""Four wheel independent suspension"",""Power steering"",""Speed-sensing steering""],""technology"":[""6 Speakers"",""AM/FM radio"",""CD player"",""Radio data system"",""Remote keyless entry"",""Speed control""],""other"":[""Emergency communication system: OnStar"",""Front anti-roll bar"",""Illuminated entry"",""Rear anti-roll bar"",""Roof rack: rails only"",""Steering Wheel Mounted Radio Controls""]}",53,"Frost White 2006 Buick Rendezvous CX FWD 4-Speed Automatic with Overdrive 3.5L SFI V6 17 Aluminum Wheels, 3.29 Axle Ratio, 3rd Row Flip-Fold Bench Seat, 4-Wheel Antilock Disc Brakes, 4-Wheel Disc Brakes, 6 Speakers, 6-Way Power Driver Seat Adjuster, Air Conditioning, AM/FM radio, Bumpers: body-color, CD player, Driver &amp; Right Front Passenger Frontal Airbags, Driver door bin, Driver vanity mirror, Dual front impact airbags, Emergency communication system: OnStar, Four wheel independent suspension, Front anti-roll bar, Front Bucket Seats, Front Center Armrest, Front fog lights, Front reading lights, Fully automatic headlights, Illuminated entry, Leather steering wheel, Leather-Wrapped Steering Wheel Rim w/Wood Trim, Occupant sensing airbag, Overhead console, Panic alarm, Passenger door bin, Passenger vanity mirror, Power door mirrors, Power steering, Power windows, Radio data system, Rear anti-roll bar, Rear reading lights, Rear seat center armrest, Rear Storage System, Rear window defroster, Rear window wiper, Remote keyless entry, Roof rack: rails only, Security system, Speed control, Speed-sensing steering, Split folding rear seat, Steering Wheel Mounted Radio Controls, Tachometer, Tilt steering wheel, Variably intermittent wipers, Woodgrain Trim.<br><br>19/26 City/Highway MPG","[PREMIUM]",26,,,,,"[PREMIUM]"
"778086530","2026-05-25 21:24:17.669","2026-05-25 21:24:17.669","778086530","[PREMIUM]","3VWWJ71K26M791568",2006,"VOLKS","Volkswagen","JET","Jetta","GLI","SEDAN","Used","Used 2006 Volkswagen Jetta GLI",173000,"[PREMIUM]",,,"[PREMIUM]",2450,3350,"Black","BLACK","Gray","GRAY","4CLDR","4-Cylinder Turbo","2 wheel drive - front",,,,"G","Gasoline","Gas",,,2,false,36,false,false,false,false,false,false,false,"PREMIUM",,"[PREMIUM]","[PREMIUM]","[PREMIUM]",,"[PREMIUM]",,,1711,4.5,1096,,"[""NO_SALVAGE_TITLE"",""NO_ACCIDENTS_REPORTED"",""NO_ONE_OWNER""]","{""exterior"":[""Alloy Wheels"",""Rear Spoiler""],""interior"":[""Air Conditioning"",""Power Door Locks"",""Power Windows"",""Tilt Wheel""],""safety"":[""ABS (4-Wheel)"",""Dual Air Bags"",""Side Air Bags"",""Stability Control"",""Traction Control""],""mechanical"":[""Power Steering""],""technology"":[""AM/FM Stereo"",""CD/MP3 (Multi Disc)"",""Cruise Control""]}",15,"Very well maintained vehicle. Drives good. Has been lowered. Message for more information.<br><br>Phone.<br>4---2---3----4----4----3---1---1---1----1","[PREMIUM]",7,,,,,"[PREMIUM]"
"780160311","2026-05-25 21:24:07.540","2026-05-25 21:24:07.540","780160311","[PREMIUM]","D8467A",2006,"NISSAN","Nissan","SENTRA","Sentra","1.8 S","SEDAN","Used","Used 2006 Nissan Sentra 1.8 S w/ (S04) 1.8S Special Editto Pkg",212683,"[PREMIUM]",,,"[PREMIUM]",1995,2570,"Radium Metallic","RED","Charcoal","BLACK","4CLDR","4-Cylinder","2 wheel drive - front","AUT","4-Speed Automatic","Automatic","G","Gasoline","Gas",28,34,1.8,false,13,false,false,true,false,false,false,false,"PREMIUM",,"[PREMIUM]","[PREMIUM]","[PREMIUM]",,"[PREMIUM]",,,1296,4.1,852,0,"[""NO_SALVAGE_TITLE"",""FRAME_DAMAGE"",""NO_FLOOD_WATER_DAMAGE"",""NO_ACCIDENTS_REPORTED"",""NO_ONE_OWNER""]","{""exterior"":[""15\"" x 6\"" Steel Wheels w/Full Wheel Covers"",""Bodyside moldings"",""Bumpers: body-color""],""interior"":[""Air Conditioning"",""Driver door bin"",""Front Bucket Seats"",""Front Center Armrest"",""Front beverage holders"",""Knit Cloth Seat Trim"",""Passenger door bin"",""Passenger vanity mirror"",""Rear window defroster"",""Tilt steering wheel""],""safety"":[""Dual front impact airbags""],""mechanical"":[""Front wheel independent suspension"",""Power steering"",""Speed-sensing steering""],""technology"":[""AM/FM/CD w/4 Speakers""],""other"":[""Rear anti-roll bar""]}",19,"Recent Arrival!<br><br>28/34 City/Highway MPG<br>Radium Metallic 2006 Nissan Sentra 4D Sedan 1.8 S FWD 4-Speed Automatic with Overdrive 1.8L I4 DOHC 16V<br><br>Springs Automotive Group offers our 30-day Exclusive Warranty to customers for peace of mind. 30 days or 1000 miles from date of purchase, whichever comes first. Vehicles 10 years or older OR vehicles with over 150,000 miles are not eligible. Vehicles priced under $10,000.00 are not eligible. $100.00 Deductible applies. Contractual Limit of Liability is $1500.00. Price excludes tax, tag and title, and any other applicable state or local fees. **$500 OFF CERTIFIED VEHICLES WITH AN ACTIVE MILITARY ID.**<br><br><br>Springs Automotive Group has over 450 vehicles to choose from and a selection that can t be beat! Whether you are looking for your first car, family car, or dream car, we have the ride that you re looking for!","[PREMIUM]",23,,,,,"[PREMIUM]"
"780190171","2026-05-25 21:23:47.383","2026-05-25 21:23:47.383","780190171","[PREMIUM]","KP16909",2006,"JEEP","Jeep","LIBERTY","Liberty","Sport","SUV","Used","Used 2006 Jeep Liberty Sport",76055,"[PREMIUM]",,,"[PREMIUM]",2940,3865,"Atlantic Blue Pearlcoat","BLUE","Med Slate Gray","GRAY","6CLDR","6-Cylinder","2 wheel drive - rear","MAN","6-Speed Manual","Manual","G","Gasoline","Gas",18,22,3.7,false,13,false,false,true,false,false,false,false,"PREMIUM",,"[PREMIUM]","[PREMIUM]","[PREMIUM]",,"[PREMIUM]",,,890,4.1,1395,0,"[""NO_SALVAGE_TITLE"",""NO_ACCIDENTS_REPORTED"",""NO_ONE_OWNER""]","{""exterior"":[""Bodyside moldings"",""Delay-off headlights"",""Power door mirrors"",""Rear window wiper""],""interior"":[""Air Conditioning"",""Cloth High-Back Bucket Seats"",""Driver door bin"",""Driver vanity mirror"",""Front Bucket Seats"",""Front Center Armrest"",""Front reading lights"",""Passenger door bin"",""Passenger vanity mirror"",""Power windows"",""Rear window defroster"",""Split folding rear seat"",""Tachometer"",""Tilt steering wheel"",""Variably intermittent wipers""],""safety"":[""ABS brakes"",""Brake assist"",""Dual front impact airbags"",""Electronic Stability Control"",""Occupant sensing airbag"",""Panic alarm"",""Traction control""],""mechanical"":[""3.55 Axle Ratio"",""4-Wheel Disc Brakes"",""Front wheel independent suspension"",""Power steering""],""technology"":[""6 Speakers"",""AM/FM radio"",""CD player"",""Remote keyless entry""],""other"":[""16' x 7.0' Luxury Styled Steel Wheels"",""AM/FM Compact Disc w/Changer Control"",""Front anti-roll bar"",""Illuminated entry"",""Rear anti-roll bar"",""Roof rack: rails only""]}",40,"Here is the advertisement for the 2006 Jeep Liberty Sport:<br><br>This Jeep Liberty Sport is ready to take you on your next adventure. With its PowerTech 3.7L V6 engine and 6-speed manual transmission, this Liberty delivers the performance and capability you expect from a Jeep.<br><br>- 6 Speakers<br>- AM/FM Compact Disc w/Changer Control<br>- 3.55 Axle Ratio<br>- Air Conditioning<br>- Rear Window Defroster<br>- Power Steering<br>- Power Windows<br>- Remote Keyless Entry<br>- Electronic Stability Control<br>- Traction Control<br>- Delay-Off Headlights<br>- Power Door Mirrors<br>- Roof Rack: Rails Only<br>- Cloth High-Back Bucket Seats<br>- Front Center Armrest<br>- Split Folding Rear Seat<br>- 16&quot; x 7.0&quot; Luxury Styled Steel Wheels<br><br>With its rugged good looks and versatile interior, the 2006 Jeep Liberty Sport is ready to take you anywhere the road leads. Experience the freedom and capability that only a Jeep can provide.","[PREMIUM]",31,,,,,"[PREMIUM]"
"780005430","2026-05-25 21:23:37.232","2026-05-25 21:23:37.232","780005430","[PREMIUM]","98968A",2006,"ACURA","Acura","TL","TL",,"SEDAN","Used","Used 2006 Acura TL",196827,"[PREMIUM]",,,"[PREMIUM]",2670,4345,"Alabaster Silver Metallic","SILVER","Ebony","BLACK","6CLDR","6-Cylinder","2 wheel drive - front","AUT","5-Speed Automatic","Automatic","G","Gasoline","Gas",20,29,3.2,true,16,false,false,true,false,false,false,false,"PREMIUM",,"[PREMIUM]","[PREMIUM]","[PREMIUM]",,"[PREMIUM]",,,2,4.8,777,0,"[""NO_SALVAGE_TITLE"",""ACCIDENTS_REPORTED"",""ONE_OWNER""]","{""exterior"":[""Aluminum Wheels"",""Automatic Headlights"",""Fog Lamps"",""HID headlights"",""Heated Mirrors"",""Mirror Memory"",""Power Mirror(s)"",""Tires - Front Performance"",""Tires - Rear Performance""],""interior"":[""A/C"",""Adjustable Steering Wheel"",""Auto-Dimming Rearview Mirror"",""Bucket Seats"",""Climate Control"",""Driver Adjustable Lumbar"",""Driver Illuminated Vanity Mirror"",""Driver Vanity Mirror"",""Emergency Trunk Release"",""Floor Mats"",""Front Reading Lamps"",""Generic Sun/Moonroof"",""Heated Front Seat(s)"",""Intermittent Wipers"",""Leather Seats"",""Leather Steering Wheel"",""Multi-Zone A/C"",""Pass-Through Rear Seat"",""Passenger Illuminated Visor Mirror"",""Passenger Vanity Mirror"",""Power Door Locks"",""Power Driver Seat"",""Power Outlet"",""Power Passenger Seat"",""Power Windows"",""Rear Defrost"",""Rear Reading Lamps"",""Remote Trunk Release"",""Seat Memory"",""Steering Wheel Audio Controls"",""Sun/Moonroof"",""Trip Computer"",""Universal Garage Door Opener"",""Variable Speed Intermittent Wipers""],""safety"":[""ABS"",""Brake Assist"",""Child Safety Locks"",""Driver Air Bag"",""Front Head Air Bag"",""Front Side Air Bag"",""Passenger Air Bag"",""Passenger Air Bag Sensor"",""Security System"",""Stability Control"",""Tire Pressure Monitor"",""Traction Control""],""mechanical"":[""4-Wheel Disc Brakes"",""Front Wheel Drive"",""Power Steering""],""technology"":[""AM/FM Stereo"",""Bluetooth Connection"",""CD Changer"",""CD Player"",""Cassette"",""Cruise Control"",""Immobilizer"",""Keyless Entry"",""Navigation System"",""Satellite Radio""],""other"":[""Requires Subscription""]}",69,"Non-Smoker vehicle, CARFAX 1-Owner, Very Nice. JUST REPRICED FROM $4,900. Alabaster Silver Metallic exterior and Ebony interior, Navigation System trim. Heated Leather Seats, Nav System, Moonroof, Aluminum Wheels, Satellite Radio, Non-Smoker vehicle. SEE MORE!<br><br>AS-IS<br>***This vehicle is being sold AS-IS. No dealer warranty.*** Luther White Bear Motors AS-IS vehicles are SAFETY inspected. Minor repairs are completed to ensure a safe mode of transportation for a fair budget. Sold 100% AS-IS. All vehicles are available for you to take to your mechanic. Carfax safety inspection and reconditioning repair orders available for your viewing. Not eligible for warranty, return or exchange policy.<br><br>EXPERTS RAVE<br>Edmunds.com explains If getting lots of bang for your buck is important, its hard to beat the Acura TL, as few entry-level luxury cars pack its level of standard equipment. Well-built, reliable and exceedingly easy to live with as an everyday companion, the TL is a superb choice.. 5 Star Driver Front Crash Rating. 4 Star Driver Side Crash Rating.<br><br>Check whether a vehicle is subject to open recalls for safety <br><br><br>Horsepower calculations based on trim engine configuration. Fuel economy calculations based on original manufacturer data for trim engine configuration. Please confirm the accuracy of the included equipment by calling us prior to purchase.<br><br>The price of this vehicle includes a $350 documentation fee.","[PREMIUM]",34,,,,,"[PREMIUM]"
"780072855","2026-05-25 21:23:37.195","2026-05-25 21:23:37.195","780072855","[PREMIUM]","6T233710A",2006,"CHRY","Chrysler","PTCRUIS","PT Cruiser","Touring","WAGON","Used","Used 2006 Chrysler PT Cruiser Touring",98189,"[PREMIUM]",,,"[PREMIUM]",2730,3455,"Red","RED","Pastel Slate Gray","GRAY","4CLDR","4-Cylinder","2 wheel drive - front","AUT","4-Speed Automatic","Automatic","G","Gasoline","Gas",,,2.4,false,14,false,false,false,false,false,false,false,"PREMIUM",,"[PREMIUM]","[PREMIUM]","[PREMIUM]",,"[PREMIUM]",,,355,4,1493,0,"[""NO_SALVAGE_TITLE"",""NO_FRAME_DAMAGE"",""NO_FLOOD_WATER_DAMAGE"",""ACCIDENTS_REPORTED"",""NO_ONE_OWNER""]","{""exterior"":[""Power Mirror(s)"",""Rear Spoiler"",""Steel Wheels"",""Tires - Front All-Season"",""Tires - Rear All-Season"",""Wheel Covers""],""interior"":[""AC"",""Adjustable Steering Wheel"",""Bucket Seats"",""Cloth Seats"",""Driver Illuminated Vanity Mirror"",""Driver Vanity Mirror"",""Floor Mats"",""Front Reading Lamps"",""Intermittent Wipers"",""Pass-Through Rear Seat"",""Passenger Illuminated Visor Mirror"",""Passenger Vanity Mirror"",""Power Door Locks"",""Power Outlet"",""Power Windows"",""Rear Defrost"",""Remote Trunk Release"",""Variable Speed Intermittent Wipers""],""safety"":[""Child Safety Locks"",""Driver Air Bag"",""Passenger Air Bag"",""Security System"",""Temporary Spare Tire""],""mechanical"":[""4 Cylinder Engine"",""5-Speed M/T"",""Front Disc/Rear Drum Brakes"",""Front Wheel Drive"",""Gasoline Fuel"",""Power Steering""],""technology"":[""AM/FM Stereo"",""CD Player"",""Engine Immobilizer"",""Keyless Entry""]}",39,"Inferno Red Crystal Pearl 21/26 City/Highway MPG 2006 Chrysler PT Cruiser Touring FWD 4-Speed Automatic 2.4L 4-Cylinder SMPI DOHC 16V<br><br>MECHANICS SPECIAL! Looking for a fixer-upper or a parts vehicle? This one￢??s for you! No inspection has been done, but if youre handy and love a project, this could be the perfect opportunity. Offered as-is at a wholesale price￢??act fast before it￢??s gone!<br><br>21/26 City/Highway MPG","[PREMIUM]",25,,,,,"[PREMIUM]"
"779008315","2026-05-25 21:23:27.046","2026-05-25 21:23:27.046","779008315","[PREMIUM]","8140M",2006,"CHEV","Chevrolet","CHEV150","Silverado 1500","LT","TRUCKS","Used","Used 2006 Chevrolet Silverado 1500 LT w/ Light Duty Power Package",180000,"[PREMIUM]",,"Great","[PREMIUM]",6645,8145,"Victory Red","RED","Dark Charcoal","BLACK","8CLDR","8-Cylinder","4 wheel drive","AUT","4-Speed Automatic","Automatic","F","Flexible Fuel","Gas",15,19,5.3,true,25,false,false,false,false,false,false,false,"PREMIUM",,"[PREMIUM]","[PREMIUM]","[PREMIUM]",,"[PREMIUM]",,,348630,4.5,3170,0,"[""NO_SALVAGE_TITLE"",""NO_FRAME_DAMAGE"",""NO_FLOOD_WATER_DAMAGE"",""ACCIDENTS_REPORTED"",""ONE_OWNER""]","{""exterior"":[""17' x 7.5' 6-Lug Polished Cast Aluminum Wheels"",""Black Power Heated Outside Rear-View Mirrors"",""Body-Colored Bodyside Moldings w/Chrome Insert"",""Bodyside moldings"",""Bumpers: chrome"",""Chrome Surround Grille w/Black Insert"",""Delay-off headlights"",""Front Halogen Fog Lamps"",""Fully automatic headlights"",""Heated door mirrors"",""Power door mirrors"",""Rear Chrome Step Bumper w/Pad"",""Rear step bumper""],""interior"":[""Air Conditioning"",""Auto-dimming Rear-View mirror"",""Automatic Dual-Zone Climate Control"",""Black Leather-Wrapped Steering Wheel Rim"",""Color-Keyed Carpeted Floor Covering"",""Custom Leather Seating Surfaces"",""Deep-Tinted Manual Rear Sliding Window"",""Driver door bin"",""Electric Rear-Window Defogger"",""Electrochromic Inside Rear-View Mirror"",""Front dual zone A/C"",""Front reading lights"",""Leather steering wheel"",""Mini Overhead Console w/Map Lights"",""Overhead console"",""Passenger door bin"",""Passenger vanity mirror"",""Power Door Locks"",""Power Windows w/Driver & Passenger Express-Down"",""Power windows"",""Rear seat center armrest"",""Rear window defroster"",""Solar-Ray Deep Tinted Glass"",""Split folding rear seat"",""Tachometer"",""Tilt steering wheel"",""Variably intermittent wipers"",""Voltmeter""],""safety"":[""ABS brakes"",""Dual front impact airbags"",""Panic alarm"",""Security system""],""mechanical"":[""3.42 Rear Axle Ratio"",""Engine Block Heater"",""Front wheel independent suspension"",""Handling/Trailering Suspension Package"",""Heavy-Duty Auxiliary External Transmission Oil Cooler"",""Power steering""],""technology"":[""6 Speakers"",""AM/FM radio"",""CD player"",""Compass"",""Electronic Cruise Control w/Set & Resume Speed"",""Radio data system"",""Remote Keyless Entry"",""Remote keyless entry"",""Speed control""],""other"":[""Front anti-roll bar"",""Heavy-Duty Rear Locking Differential"",""Heavy-Duty Trailering Equipment"",""Illuminated entry"",""Light Duty Power Package"",""Outside temperature display"",""Stainless Steel Chrome Plated Tubular Assist Steps"",""Steering Wheel Mounted Radio Controls""]}",68,"Elevate your driving experience with this well-equipped 2006 Chevrolet Silverado 1500 LT LT1. This sturdy 4WD pickup boasts a Vortec 5.3L V8 engine paired with a smooth-shifting 4-speed automatic transmission, delivering a powerful and efficient performance. - WINDOW, REAR SLIDING, MANUAL, DEEP-TINTED - SEAT ADJUSTER, POWER, DRIVER 6-WAY - MIRRORS, OUTSIDE REARVIEW, POWER FOLDING, POWER, HEATED, BLACK, DRIVER SIDE ELECTROCHROMIC (LIGHT-SENSITIVE AUTO-DIMMING) AND TURN SIGNAL IN GLASS - ENGINE BLOCK HEATER - LIGHT DUTY POWER PACKAGE - TIRES, P265/70R17, ON-/OFF-ROAD, WHITE OUTLINED-LETTER - SPARE TIRE LOCK - FOG LAMPS, FRONT, HALOGEN - SOUND SYSTEM FEATURE, STEERING WHEEL MOUNTED RADIO CONTROLS, RADIO AND DRIVER INFORMATION CENTER (DIC) This Silverado offers a host of premium features to enhance your driving experience, including dual-zone climate control, power windows and locks, and a premium sound system with steering wheel-mounted controls. The rugged exterior boasts chrome accents, fog lamps, and a deep-tinted rear sliding window, while the interior showcases a leather-wrapped steering wheel and an electrochromic rearview mirror. With a spacious cabin and a powerful 4WD drivetrain, this Silverado is ready to tackle any adventure, whether it's hauling heavy loads, towing your toys, or navigating challenging terrain. Backed by Chevrolet's reputation for reliability, this Silverado is a must-see for any discerning truck enthusiast. Schedule a test drive today and experience the exceptional capabilities and premium features of this 2006 Chevrolet Silverado 1500 LT LT1.","[PREMIUM]",5,,,,,"[PREMIUM]"
"777020305","2026-05-25 21:23:16.902","2026-05-25 21:23:16.902","777020305","[PREMIUM]","1579",2006,"NISSAN","Nissan","SENTRA","Sentra","1.8 S","SEDAN","Used","Used 2006 Nissan Sentra 1.8 S",136500,"[PREMIUM]",,"Good","[PREMIUM]",2525,3100,"Gray","GRAY","Gray","GRAY","4CLDR","4-Cylinder","2 wheel drive - front","AUT","4-Speed Automatic","Automatic","G","Gasoline","Gas",28,34,1.8,false,48,false,false,false,false,false,false,false,"PREMIUM",,"[PREMIUM]","[PREMIUM]","[PREMIUM]",,"[PREMIUM]",,,1296,4.1,852,0,"[""NO_SALVAGE_TITLE"",""NO_ACCIDENTS_REPORTED"",""NO_ONE_OWNER""]","{""exterior"":[""Alloy Wheels""],""interior"":[""Air Conditioning"",""Power Door Locks"",""Power Windows"",""Tilt Wheel""],""safety"":[""ABS (4-Wheel)"",""Dual Air Bags""],""mechanical"":[""4-Cyl 1.8 Liter"",""Automatic"",""FWD"",""Power Steering""],""technology"":[""AM/FM Stereo"",""CD/MP3 (Single Disc)"",""Cruise Control""]}",14,"**<br><br>Power Door Locks, Air Conditioning, CD/MP3 (Single Disc), Dual Air Bags, FWD, Power Steering, Cruise Control, AM/FM Stereo, Tilt Wheel, Power Windows, Automatic, Alloy Wheels, ABS (4-Wheel), 4-Cyl, 1.8 Liter","[PREMIUM]",25,,,,,"[PREMIUM]"
"775537660","2026-05-25 21:23:16.898","2026-05-25 21:23:16.898","775537660","[PREMIUM]","25781A",2006,"HYUND","Hyundai","TUCSON","Tucson","GLS","SUV","Used","Used 2006 Hyundai Tucson GLS",120263,"[PREMIUM]",,"Good","[PREMIUM]",3470,4420,"Desert Sage","TAN","Beige","BEIGE","6CLDR","6-Cylinder","4 wheel drive","AUT","4-Speed Automatic","Automatic","G","Gasoline","Gas",19,24,2.7,false,64,false,false,false,false,false,false,false,"PREMIUM",,"[PREMIUM]","[PREMIUM]","[PREMIUM]",,"[PREMIUM]",,,819,4.5,379,0,"[""NO_SALVAGE_TITLE"",""NO_ACCIDENTS_REPORTED"",""NO_ONE_OWNER""]","{""exterior"":[""Aluminum Wheels"",""Fog Lamps"",""Heated Mirrors"",""Power Mirror(s)""],""interior"":[""AC"",""Bucket Seats"",""Cloth Seats"",""Driver Adjustable Lumbar"",""Driver Illuminated Vanity Mirror"",""Driver Vanity Mirror"",""Front Reading Lamps"",""Intermittent Wipers"",""Leather Steering Wheel"",""Pass-Through Rear Seat"",""Passenger Illuminated Visor Mirror"",""Passenger Vanity Mirror"",""Power Door Locks"",""Power Outlet"",""Power Windows"",""Privacy Glass"",""Rear Defrost"",""Trip Computer"",""Variable Speed Intermittent Wipers""],""safety"":[""ABS"",""Child Safety Locks"",""Driver Air Bag"",""Front Head Air Bag"",""Passenger Air Bag"",""Rear Head Air Bag"",""Security System"",""Stability Control"",""Temporary Spare Tire""],""mechanical"":[""4-Wheel Disc Brakes""],""technology"":[""AM/FM Stereo"",""CD Player"",""Cassette"",""Cruise Control"",""Equalizer"",""Keyless Entry"",""MP3 Player""]}",40,"In Good Shape. PRICE DROP FROM $8,995, $500 below Kelley Blue Book!, FUEL EFFICIENT 24 MPG Hwy/19 MPG City! CD Player, Alloy Wheels, 4WD, Serviced here, Non-Smoker vehicle, Current NJ state inspection, Local trade!<br><br>KEY FEATURES INCLUDE<br>CD Player, Aluminum Wheels MP3 Player, Privacy Glass, Keyless Entry, Child Safety Locks, Electronic Stability Control. 2006 Hyundai Tucson with Desert Sage exterior and Beige interior features a V6 Cylinder Engine with 173 HP at 6000 RPM*.<br><br>EXPERTS ARE SAYING<br>The Tucsons cabin boasts modern design and good build quality. -Edmunds.com. Great Gas Mileage: 24 MPG Hwy.<br><br>A GREAT TIME TO BUY<br>In Good Shape Was $8,995. This Tucson is priced $500 below Kelley Blue Book.<br><br>Pricing analysis performed on 5/14/2026. Horsepower calculations based on trim engine configuration. Fuel economy calculations based on original manufacturer data for trim engine configuration. Please confirm the accuracy of the included equipment by calling us prior to purchase.<br>","[PREMIUM]",19,,,,,"[PREMIUM]"
"778643495","2026-05-25 21:23:06.740","2026-05-25 21:23:06.740","778643495","[PREMIUM]","P11333B",2006,"NISSAN","Nissan","PATHARMADA","Armada","SE","SUV","Used","Used 2006 Nissan Armada SE",236676,"[PREMIUM]",,"Good","[PREMIUM]",2730,3930,,,,,"8CLDR","8-Cylinder","4 wheel drive","AUT","5-Speed Automatic","Automatic","G","Gasoline","Gas",13,18,5.6,true,30,false,false,true,false,false,false,false,"PREMIUM",,"[PREMIUM]","[PREMIUM]","[PREMIUM]",,"[PREMIUM]",,,1313,4.5,436,1,"[""NO_SALVAGE_TITLE"",""ACCIDENTS_REPORTED"",""NO_ONE_OWNER""]","{""exterior"":[""Aluminum Wheels"",""Fog Lamps"",""Heated Mirrors"",""Integrated Turn Signal Mirrors"",""Mirror Memory"",""Power Mirror(s)"",""Tires - Front All-Season"",""Tires - Rear All-Season"",""Tow Hitch""],""interior"":[""3rd Row Seat"",""AC"",""Auto-Dimming Rearview Mirror"",""Bucket Seats"",""Climate Control"",""Heated Seats"",""Intermittent Wipers"",""Leather Seats"",""Multi-Zone A/C"",""Pass-Through Rear Seat"",""Power Door Locks"",""Power Driver Seat"",""Power Liftgate"",""Power Outlet"",""Power Passenger Seat"",""Power Windows"",""Privacy Glass"",""Rear A/C"",""Rear Bucket Seats"",""Rear Defrost"",""Remote Trunk Release"",""Seat Memory"",""Steering Wheel Audio Controls"",""Universal Garage Door Opener"",""Variable Speed Intermittent Wipers""],""safety"":[""ABS"",""Child Safety Locks"",""Conventional Spare Tire"",""Driver Air Bag"",""Front Head Air Bag"",""Front Side Air Bag"",""Passenger Air Bag"",""Rear Head Air Bag"",""Security System"",""Stability Control"",""Tire Pressure Monitor"",""Traction Control""],""mechanical"":[""4-Wheel Disc Brakes"",""5-Speed A/T"",""8 Cylinder Engine"",""Air Suspension"",""Four Wheel Drive"",""Gasoline Fuel"",""Power Steering"",""Transmission Overdrive Switch""],""technology"":[""AM/FM Stereo"",""CD Changer"",""CD Player"",""Cruise Control"",""Engine Immobilizer"",""Keyless Entry"",""Rear Parking Aid"",""Rear Seat Audio Controls""],""other"":[""Locking/Limited Slip Differential"",""Premium Sound"",""Running Boards/Side Steps""]}",65,"WAS $4,495. LE trim. Third Row Seat, Heated Leather Seats, Running Boards, Rear Air, Power Liftgate, Captains Chairs, Aluminum Wheels, Trailer Hitch, 4x4, ConsumerReports.orgs review says Very roomy and relatively agile for its size.. 4 Star Driver Front Crash Rating. SEE MORE!<br><br>KEY FEATURES INCLUDE<br>Leather Seats, Third Row Seat, 4x4, Quad Bucket Seats, Power Liftgate, Rear Air, Heated Driver Seat, Running Boards, Premium Sound System, Multi-CD Changer, Trailer Hitch, Aluminum Wheels, Dual Zone A/C, Heated Seats, Heated Leather Seats Rear Seat Audio Controls, Keyless Entry, Remote Trunk Release, Privacy Glass, Steering Wheel Controls.<br><br>EXCELLENT SAFETY FOR YOUR FAMILY<br>4 Star Driver Front Crash Rating. 5 Star Passenger Front Crash Rating. Child Safety Locks, Electronic Stability Control, 4-Wheel ABS, Tire Pressure Monitoring System, 4-Wheel Disc Brakes<br><br>EXPERTS REPORT<br>Edmunds.com explains If youre going to utilize its rough-and-tumble strengths, the Nissan Armada is an excellent choice for a full-size SUV..<br><br>BUY FROM AN AWARD WINNING DEALER<br>Big city deals with a hometown feel. Experience the difference. Drive Hubler Certified Pre-owned. Call   for more information.<br><br>Please confirm the accuracy of the included equipment by calling us prior to purchase.<br>","[PREMIUM]",26,,,,,"[PREMIUM]"
"775715580","2026-05-25 21:23:06.727","2026-05-25 21:23:06.727","775715580","[PREMIUM]","W1273",2006,"VOLVO","Volvo","V70","V70","2.5T","WAGON","Used","Used 2006 Volvo V70 2.5T",150098,"[PREMIUM]",,,"[PREMIUM]",2465,3815,"Silver Metallic","SILVER","Black","BLACK","5CLDR","5-Cylinder Turbo","2 wheel drive - front","AUT","5-Speed Automatic","Automatic","G","Gasoline","Gas",21,29,2.5,true,62,false,false,true,false,false,false,false,"PREMIUM",,"[PREMIUM]","[PREMIUM]","[PREMIUM]",,"[PREMIUM]",,,1752,4,302,1,"[""NO_SALVAGE_TITLE"",""NO_ACCIDENTS_REPORTED"",""NO_ONE_OWNER""]","{""exterior"":[""Front Fog Lights"",""Headlights - Auto Delay Off"",""Rear Fog Lights"",""Rear Wiper - Intermittent"",""Side Mirrors - Heated"",""Tire Type - All Season""],""interior"":[""Active Head Restraints - Dual Front"",""Air Filtration"",""Armrests - Rear Folding"",""Cargo Area Light"",""Cargo Cover"",""Center Console - Front Console With Storage"",""Clock"",""Cupholders"",""Driver Seat Manual Adjustments - Lumbar"",""Driver Seat Power Adjustments"",""Floor Mat Material - Carpet"",""Floor Mats - Front"",""Floor Mats - Rear"",""Front Air Conditioning - Automatic Climate Control"",""Front Air Conditioning Zones - Dual"",""Front Seat Type - Bucket"",""Gauge - Tachometer"",""Memorized Settings - Driver Seat"",""Passenger Seat Manual Adjustments"",""Power Door Locks"",""Power Outlet(S) - Front"",""Power Windows"",""Reading Lights - Front"",""Rear Headrests - Adjustable"",""Rear Seat Folding - Split"",""Rear Seat Type - Split-Bench"",""Shift Knob Trim - Leather"",""Steering Wheel - Tilt And Telescopic"",""Steering Wheel Mounted Controls - Audio"",""Steering Wheel Mounted Controls - Cruise Control"",""Steering Wheel Trim - Leather"",""Storage - Door Pockets"",""Storage - Seatback"",""Upholstery - Cloth"",""Window Defogger - Rear""],""safety"":[""Abs - 4-Wheel"",""Airbag Deactivation - Occupant Sensing Passenger"",""Anti-Theft System - Alarm"",""Child Safety Door Locks"",""Child Seat Anchors"",""Daytime Running Lights"",""Electronic Brakeforce Distribution"",""Front Airbags - Dual"",""Rear Seatbelts - Center 3-Point"",""Seatbelt Pretensioners"",""Side Airbags - Front"",""Side Curtain Airbags - Front"",""Traction Control""],""mechanical"":[""Front Stabilizer Bar"",""Front Struts - Macpherson"",""Front Suspension Classification - Independent"",""Power Steering"",""Rear Stabilizer Bar"",""Rear Suspension Classification - Independent"",""Rear Suspension Type - Multi-Link""],""technology"":[""Cruise Control"",""In-Dash Cd - Single Disc"",""Radio - Am/Fm"",""Satellite Communications - Volvo On-Call""],""other"":[""Anti-Theft System - Vehicle Immobilizer"",""Exterior Entry Lights - Approach Lamps"",""External Temperature Display"",""Front Brake Type - Ventilated Disc"",""Front Wipers - Intermittent"",""Grille Color - Chrome"",""Multi-Function Remote - Keyless Entry"",""Multi-Function Remote - Trunk Release"",""Rear Brake Type - Disc"",""Rear Vents - Second Row"",""Side Curtain Airbags - Rear"",""Side Mirror Adjustments - Power"",""Trip Odometer"",""Warnings And Reminders - Low Fuel Level"",""Wheel Diameter - 16 Inch""]}",80,"***RARE FIND*** 2006 VOLVO V70 2.5T**SUPER CLEAN**SUPER HARD TO FIND IN THIS CONDITION**FULLY SERVICED**RUNS GREAT**GREAT SERVICE HISTORY**<br><br>Introducing the 2006 Volvo V70 2.5T, a vehicle that combines luxury, performance, and safety all in one. This stunning car is powered by a powerful 2L TC I5 engine with a double overhead cam and 20 valves, delivering smooth and efficient performance. And with a 5-speed shiftable automatic transmission, you'll have complete control over your driving experience.<br><br>Step inside the spacious and stylish interior, equipped with plush leather seats and a premium sound system, making every ride a comfortable and enjoyable one. And with its versatile cargo space, the Volvo V70 2.5T is perfect for both everyday errands and long road trips.<br><br>But what truly sets this car apart is its commitment to safety. With features like airbags, stability control, and anti-lock brakes, you can have peace of mind knowing that you and your loved ones are protected on the road.<br><br>Don't miss your chance to own this 2006 Volvo V70 2.5T. With its impressive features and timeless design, it's the perfect choice for anyone looking for a reliable and luxurious vehicle. Come take a test drive today and experience the Volvo difference for yourself!","[PREMIUM]",26,,,,,"[PREMIUM]"
"780064161","2026-05-25 21:22:56.480","2026-05-25 21:22:56.480","780064161","[PREMIUM]","1D4HD38K46F150801",2006,"DODGE","Dodge","DURANG","Durango","SXT","SUV","Used","Used 2006 Dodge Durango SXT",201366,"[PREMIUM]",,,"[PREMIUM]",685,1935,"White","WHITE","Gray","GRAY","6CLDR","6-Cylinder","2 wheel drive - rear","AUT","4-Speed Automatic","Automatic","G","Gasoline","Gas",16,21,3.7,false,14,false,false,false,false,false,false,false,"PREMIUM",,"[PREMIUM]","[PREMIUM]","[PREMIUM]",,"[PREMIUM]",,,347905,4.4,763,,"[""NO_SALVAGE_TITLE"",""NO_ACCIDENTS_REPORTED"",""NO_ONE_OWNER""]","{""exterior"":[""Alloy Wheels""],""interior"":[""Power Door Locks"",""Power Windows"",""Tilt Wheel""],""safety"":[""ABS (4-Wheel)"",""Dual Air Bags"",""Side Air Bags"",""Stability Control""],""mechanical"":[""Power Steering""],""technology"":[""AM/FM Stereo"",""CD/MP3 (Single Disc)"",""Cruise Control""],""other"":[""Quad Seating (4 Buckets)""]}",13,"My 2006 Dodge Durango SXT has been a reliable family vehicle with plenty of space for passengers and cargo. White exterior with gray interior and 201,366 miles on the odometer. Features a 3.7L V6 engine with automatic transmission.<br><br>Key features include:<br> Quad bucket seating for comfortable rides<br> Cruise control for highway driving<br> Power windows and door locks<br> CD/MP3 stereo system<br> Stability control and ABS braking<br> Alloy wheels<br> Multiple airbags for safety<br><br>The Durango offers good visibility and handles well for daily driving. Perfect for families who need extra room or anyone wanting a practical SUV. Ready for its next owner who will appreciate the space and functionality.<br><br>Feel free to chat me if you have any questions about the vehicle.","[PREMIUM]",6,,,,,"[PREMIUM]"
"777588741","2026-05-25 21:22:46.363","2026-05-25 21:22:46.363","777588741","[PREMIUM]","CM26379B",2006,"CHEV","Chevrolet","COLORADO","Colorado","LT","TRUCKS","Used","Used 2006 Chevrolet Colorado LT w/ LT Preferred Equipment Group",307245,"[PREMIUM]",,"Great","[PREMIUM]",4365,5265,"Cherry Red Metallic","RED","Very Dark Pewter","GRAY","5CLDR","5-Cylinder","2 wheel drive - rear","AUT","4-Speed Automatic","Automatic","G","Gasoline","Gas",19,24,3.5,false,41,false,false,false,false,false,false,false,"PREMIUM",,"[PREMIUM]","[PREMIUM]","[PREMIUM]",,"[PREMIUM]",,,348618,4.1,1057,0,"[""NO_SALVAGE_TITLE"",""NO_FRAME_DAMAGE"",""NO_FLOOD_WATER_DAMAGE"",""NO_ACCIDENTS_REPORTED"",""NO_ONE_OWNER""]","{""exterior"":[""15\"" x 6.5\"" Aluminum Wheels"",""15\"" x 7\"" Cast Aluminum Wheels"",""Alloy wheels"",""Body-Color Front & Rear Bumpers"",""Body-Color Front Fascia"",""Bumpers: chrome"",""Color-Keyed Grille Bar"",""Dark Smoke Gray Bodyside Moldings"",""Front Halogen Fog Lamps"",""Fully automatic headlights"",""Power door mirrors"",""Rear step bumper""],""interior"":[""2nd Row Flat-Folding 60/40 Split-Bench Seat"",""Air Conditioning"",""Color-Keyed Carpeted Floor Covering"",""Deluxe Cloth Seat Trim"",""Driver door bin"",""Dual Auxiliary 12V Covered Power Outlets"",""Front & Rear Molded Carpeted Floormats"",""Front 60/40 Split-Bench Seat"",""Front Center Armrest w/Storage"",""Front Manual Air Conditioning"",""Front Rubberized Vinyl Floormats"",""Leather steering wheel"",""Leather-Wrapped Rim Steering Wheel"",""Manual Day/Night Inside Rear-View Mirror"",""Passenger door bin"",""Passenger vanity mirror"",""Power windows"",""Prismatic Inside Rear-View Mirror"",""Rear Rubberized Vinyl Floormats"",""Solar-Ray Deep Tinted Glass"",""Split folding rear seat"",""Tachometer"",""Tilt Steering Wheel"",""Tilt steering wheel"",""Variably intermittent wipers""],""safety"":[""4-Wheel Antilock Front Disc/Rear Drum Brakes"",""ABS brakes"",""Dual front impact airbags"",""Occupant sensing airbag"",""Panic alarm""],""mechanical"":[""3.73 Rear Axle Ratio"",""Front wheel independent suspension"",""Independent Front Torsion Bar Suspension"",""Power steering"",""Standard Suspension Package""],""technology"":[""6 Speakers"",""AM/FM radio"",""CD player"",""Cruise Control"",""Radio data system"",""Remote keyless entry"",""Speed control""],""other"":[""2 Front Frame-Mounted Recovery Hooks"",""Automatic Rear Locking Differential"",""CLEAN AUTO CHECK HISTORY"",""Comfort Convenience Package"",""Dark Smoke Gray Molded Splash Guards"",""Fleetside Pickup Box"",""Front anti-roll bar"",""Illuminated entry"",""LT Decor"",""LT Decor w/3LT"",""Off-Road Suspension Package"",""Power Convenience Package"",""Power Outside Rear-View Fold-Away Mirrors"",""Preferred Equipment Group 2LT""]}",68,"Priced below KBB Fair Purchase Price! CLEAN AUTO CHECK HISTORY, 3.5L 5-Cylinder MPI DOHC, 15 x 6.5 Aluminum Wheels, 15 x 7 Cast Aluminum Wheels, 2 Front Frame-Mounted Recovery Hooks, 2nd Row Flat-Folding 60/40 Split-Bench Seat, 3.73 Rear Axle Ratio, 4-Wheel Antilock Front Disc/Rear Drum Brakes, 6 Speakers, ABS brakes, Air Conditioning, Alloy wheels, AM/FM radio, Automatic Rear Locking Differential, Body-Color Front &amp; Rear Bumpers, Body-Color Front Fascia, Bumpers: chrome, CD player, Color-Keyed Carpeted Floor Covering, Color-Keyed Grille Bar, Comfort Convenience Package, Cruise Control, Dark Smoke Gray Bodyside Moldings, Dark Smoke Gray Molded Splash Guards, Deluxe Cloth Seat Trim, Driver door bin, Dual Auxiliary 12V Covered Power Outlets, Dual front impact airbags, Fleetside Pickup Box, Front &amp; Rear Molded Carpeted Floormats, Front 60/40 Split-Bench Seat, Front anti-roll bar, Front Center Armrest w/Storage, Front Halogen Fog Lamps, Front Manual Air Conditioning, Front Rubberized Vinyl Floormats, Front wheel independent suspension, Fully automatic headlights, Illuminated entry, Independent Front Torsion Bar Suspension, Leather steering wheel, Leather-Wrapped Rim Steering Wheel, LT Decor, LT Decor w/3LT, Manual Day/Night Inside Rear-View Mirror, Occupant sensing airbag, Off-Road Suspension Package, Panic alarm, Passenger door bin, Passenger vanity mirror, Power Convenience Package, Power door mirrors, Power Outside Rear-View Fold-Away Mirrors, Power steering, Power windows, Preferred Equipment Group 2LT, Prismatic Inside Rear-View Mirror, Radio data system, Rear Rubberized Vinyl Floormats, Rear step bumper, Remote keyless entry, Solar-Ray Deep Tinted Glass, Speed control, Split folding rear seat, Standard Suspension Package, Tachometer, Tilt Steering Wheel, Tilt steering wheel, Variably intermittent wipers, 3.5L 5-Cylinder MPI DOHC.","[PREMIUM]",16,,,,,"[PREMIUM]"
"778881514","2026-05-25 21:22:36.213","2026-05-25 21:22:36.213","778881514","[PREMIUM]","L522761",2006,"NISSAN","Nissan","SENTRA","Sentra","SE-R Spec V","SEDAN","Used","Used 2006 Nissan Sentra SE-R Spec V",216405,"[PREMIUM]",,"Great","[PREMIUM]",3515,4215,"Orange","ORANGE","Gray","GRAY","4CLDR","4-Cylinder","2 wheel drive - front","MAN","6-Speed Manual","Manual","G","Gasoline","Gas",23,29,2.5,false,27,false,false,false,false,false,false,false,"PREMIUM",,"[PREMIUM]","[PREMIUM]","[PREMIUM]",,"[PREMIUM]",,,1302,4.1,852,0,"[""NO_SALVAGE_TITLE"",""NO_ACCIDENTS_REPORTED"",""NO_ONE_OWNER""]","{""exterior"":[""Front Fog Lights"",""Rear Spoiler"",""Tire Type - All Season""],""interior"":[""Cargo Area Light"",""Center Console - Front Console With Storage"",""Clock"",""Cupholders"",""Driver Seat Manual Adjustments - 8"",""Emergency Interior Trunk Release"",""Front Air Conditioning"",""Front Headrests - Adjustable"",""Front Seat Type - Sport Bucket"",""Gauge - Tachometer"",""Overhead Console - Front"",""Passenger Seat Manual Adjustments"",""Power Door Locks"",""Power Outlet(S) - Front"",""Power Windows"",""Reading Lights - Front"",""Rear Headrests - Adjustable"",""Rear Seat Folding - Split"",""Rear Seat Type - Bench"",""Steering Wheel - Tilt"",""Steering Wheel Trim - Leather"",""Storage - Door Pockets"",""Upholstery - Premium Cloth"",""Window Defogger - Rear""],""safety"":[""Child Safety Door Locks"",""Child Seat Anchors"",""Front Airbags - Dual"",""Rear Seatbelts - Center 3-Point"",""Seatbelt Force Limiters"",""Seatbelt Pretensioners"",""Spare Tire Mount Location - Inside""],""mechanical"":[""Front Stabilizer Bar"",""Front Struts - Macpherson"",""Front Suspension Classification - Independent"",""Power Steering"",""Rear Stabilizer Bar"",""Rear Suspension Classification - Independent"",""Rear Suspension Type - Multi-Link""],""technology"":[""Cruise Control"",""In-Dash Cd - Single Disc"",""Radio - Am/Fm"",""Subwoofer - 1""],""other"":[""External Temperature Display"",""Front Brake Type - Ventilated Disc"",""Front Wipers - Intermittent"",""Multi-Function Remote - Keyless Entry"",""Multi-Function Remote - Trunk Release"",""Rear Brake Type - Disc"",""Rear Vents - Second Row"",""Side Mirror Adjustments - Power"",""Tire Prefix - P"",""Tire Speed Rating - H"",""Trip Odometer"",""Warnings And Reminders - Low Fuel Level"",""Wheel Diameter - 16 Inch""]}",58,"<br>2006 Nissan Sentra SE-R Spec V Sporty 6-Speed Manual<br>Looking for a fun, affordable performance sedan? Check out this Sentra SE-R Spec V a rare find with a 6-speed manual transmission and a peppy 2.5L 4-cylinder engine.<br>Vehicle Details:<br>Engine: I4 2.5L<br>Transmission: Manual 6-Speed<br>Mileage: 216,405<br>Stock #: L522761<br>This Spec V model is known for its sporty handling and responsive performance perfect for someone who enjoys driving.<br>Financing Available W.A.C.<br>Warranties Available<br>Tennessee residents are responsible for sales tax and applicable title fees.<br>Call or stop by today:<br>Monroe Autos Plus Lexington, Tennessee<br>","[PREMIUM]",20,,,,,"[PREMIUM]"
"779360761","2026-05-25 21:22:26.062","2026-05-25 21:22:26.062","779360761","[PREMIUM]","74191337",2006,"CHEV","Chevrolet","EQUINOX","Equinox","LS","SUV","Used","Used 2006 Chevrolet Equinox LS",169684,"[PREMIUM]",,,"[PREMIUM]",1680,3030,"Galaxy Silver Metallic","SILVER","Light Gray","GRAY","6CLDR","6-Cylinder","All wheel drive","AUT","5-Speed Automatic","Automatic","G","Gasoline","Gas",18,23,3.4,false,23,false,false,true,false,false,false,false,"PREMIUM",,"[PREMIUM]","[PREMIUM]","[PREMIUM]",,"[PREMIUM]",,,242,3.9,858,0,"[""NO_SALVAGE_TITLE"",""ACCIDENTS_REPORTED"",""NO_ONE_OWNER""]","{""exterior"":[""16\"" x 6.5\"" Cast Aluminum Wheels"",""16\"" x 6.5\"" Steel Wheels w/Bolt-On Covers"",""Bodyside moldings"",""Bumpers: body-color"",""Fully automatic headlights"",""Power door mirrors"",""Rear window wiper"",""Spoiler""],""interior"":[""Air Conditioning"",""Custom Cloth Seat Trim"",""Driver door bin"",""Driver vanity mirror"",""Front Bucket Seats"",""Front Center Armrest w/Storage"",""Front Reclining Bucket Seats"",""Passenger door bin"",""Passenger vanity mirror"",""Power windows"",""Rear window defroster"",""Split folding rear seat"",""Tachometer"",""Tilt steering wheel"",""Variably intermittent wipers""],""safety"":[""ABS brakes"",""Dual front impact airbags"",""Panic alarm"",""Security system""],""mechanical"":[""2.70 Axle Ratio"",""Engine Block Heater"",""Four wheel independent suspension"",""Power steering"",""Speed-sensing steering""],""technology"":[""6 Speakers"",""AM/FM radio"",""CD player"",""Radio data system"",""Remote keyless entry"",""Speed control"",""Weather band radio""],""other"":[""Equipment Group 1LS"",""Front anti-roll bar"",""Illuminated entry"",""Rear anti-roll bar"",""Roof rack: rails only""]}",44,"Get ready for the road ahead with this dependable pre-owned vehicle, newly arrived at Corwin Public Wholesale! Perfect for winter adventures, daily commuting, or weekend getaways. Located at 217 38th St S, Fargo.<br><br>AWD.<br><br>Galaxy Silver Metallic 2006 Chevrolet Equinox LS 4D Sport Utility AWD 3.4L V6 3400 www.corwinwholesale.com , Family Driven for over 100 Years! Excellent selection of Used Vehicles!","[PREMIUM]",34,,,,,"[PREMIUM]"
"777995065","2026-05-25 21:22:26.053","2026-05-25 21:22:26.053","777995065","[PREMIUM]","W007579PA",2006,"NISSAN","Nissan","SENTRA","Sentra","1.8 S","SEDAN","Used","Used 2006 Nissan Sentra 1.8 S",159393,"[PREMIUM]",,,"[PREMIUM]",2355,2930,"Inferno Metallic","RED","Charcoal","BLACK","4CLDR","4-Cylinder","2 wheel drive - front","AUT","4-Speed Automatic","Automatic","G","Gasoline","Gas",28,34,1.8,false,37,false,false,true,false,false,false,false,"PREMIUM",,"[PREMIUM]","[PREMIUM]","[PREMIUM]",,"[PREMIUM]",,,1296,4.1,852,0,"[""NO_SALVAGE_TITLE"",""NO_ACCIDENTS_REPORTED"",""NO_ONE_OWNER""]","{""exterior"":[""15\"" x 6\"" Steel Wheels w/Full Wheel Covers"",""Alloy Wheels"",""Bodyside moldings"",""Bumpers: body-color"",""Power door mirrors""],""interior"":[""Air Conditioning"",""Driver door bin"",""Driver vanity mirror"",""Front Bucket Seats"",""Front Center Armrest"",""Front reading lights"",""Knit Cloth Seat Trim"",""Overhead console"",""Passenger door bin"",""Passenger vanity mirror"",""Power windows"",""Rear window defroster"",""Split folding rear seat"",""Tachometer"",""Tilt steering wheel"",""Trip computer"",""Variably intermittent wipers""],""safety"":[""Dual front impact airbags"",""Panic alarm"",""Stability Control""],""mechanical"":[""Front wheel independent suspension"",""Power steering"",""Speed-sensing steering""],""technology"":[""4 Speakers"",""AM/FM radio"",""AM/FM/CD w/4 Speakers"",""CD player"",""Remote keyless entry"",""Speed control""],""other"":[""=== BEAR BARGAIN VEHICLE!! ==="",""=== FRESH VEHICLE - COMPLETING SAFETY & MECHANICAL INSPECTION ==="",""Front anti-roll bar"",""Illuminated entry"",""Outside temperature display"",""Rear anti-roll bar"",""USB""]}",41,"=== FRESH VEHICLE - COMPLETING SAFETY &amp; MECHANICAL INSPECTION ===, === BEAR BARGAIN VEHICLE!! ===, Alloy Wheels, Stability Control, USB.<br><br>=== BEAR BARGAIN UNITS === This Vehicle Is In Our BEAR BARGAIN Row, Also Known As The Mechanics Specials. All BEAR BARGAIN Vehicles Are Sold As-Is. If You're Okay With Some Cosmetic Flaws (Scratches, Dings, Dents), But Are Looking For a Decent Runner, This May Be a Car You'd Like. Our Certified Technicians Have Inspected the Engine, Transmission, Turn Signals, Brakes and Tires To Ensure This Vehicle Will Get You From Point A to Point B. The BEAR wants AFFORDABLE TRANSPORTATION to be AVAILABLE to everyone!! === Call   or email us Today and Schedule Your Test Drive! **<br><br>2006 Nissan Sentra 1.8 S FWD<br>28/34 City/Highway MPG<br><br><br>=== Why do our guests love buying vehicles from White Bear Mitsubishi? It could be our transparent, ONE LOW PRICE, PLAIN &amp; SIMPLE-ALWAYS approach, by comparing third party software of the greater Minneapolis St. Paul market area daily, White Bear Mitsubishi provides a great valued priced vehicle right up front! Maybe its that we provide REAL CASH VALUE for your trade, whether you buy from us or not!! === Or finally, Maybe it's the fact that most of our vehicles qualify for a 7-DAY RETURN &amp; 30-DAY EXCHANGE Policy...providing the Peace of Mind that you CANNOT buy the wrong vehicle!! === Did you know that our salespeople are not paid on commission? WOW, this results in a Relaxed Sales Process which provides a friendly consulting approach to meet you and your family's wants and needs in your next vehicle. === Come see why people love buying cars at White Bear Mitsubishi! === Please call us  , or email us to schedule a test drive today!!","[PREMIUM]",27,,,,,"[PREMIUM]"
"776165958","2026-05-25 21:22:15.864","2026-05-25 21:22:15.864","776165958","[PREMIUM]","S3802A",2006,"SATURN","Saturn","VUE","Vue","2WD V6","SUV","Used","Used 2006 Saturn Vue 2WD V6 w/ Chrome Pkg",156303,"[PREMIUM]",,,"[PREMIUM]",2825,3275,"Storm Grey","GRAY","Grey","GRAY","6CLDR","6-Cylinder","2 wheel drive - front","AUT","5-Speed Automatic","Automatic","G","Gasoline","Gas",20,28,3.5,false,57,false,false,false,false,false,false,false,"PREMIUM",,"[PREMIUM]","[PREMIUM]","[PREMIUM]",,"[PREMIUM]",,,1473,4,1055,0,"[""NO_SALVAGE_TITLE"",""NO_FRAME_DAMAGE"",""NO_FLOOD_WATER_DAMAGE"",""ACCIDENTS_REPORTED"",""ONE_OWNER""]","{""exterior"":[""Automatic Headlights"",""Dent-resistant polymer front fenders door panels rear quarter panels & bumper fascias"",""Power Mirror(s)""],""interior"":[""Intermittent Wipers"",""Privacy Glass"",""Rear window intermittent wiper/washer""],""safety"":[""16 x 4 spare steel wheel (2005)"",""3-point manual safety belts in all rear seating positions (2005)"",""Driver & front passenger dual stage airbags"",""Front height-adjustable 3-point manual safety belt system w/energy absorbing retractors pretensioners (2005)"",""Temporary Spare Tire""],""mechanical"":[""4.06 axle ratio"",""Power Steering""],""other"":[""16 gallon fuel tank"",""4894 lbs GVWR"",""Lower anchorages & top tethers for children (LATCH) in all rear seating positions (2005)"",""Tinted rear door glass (2005)""]}",17,"JD Power gave this 2006 VUE a Power Circle Rating of 5 in Powertrain Quality Mechanical, and Powertrain Quality Design. CARFAX says the car has had only one previous owner. Get it while it's hot! This vehicle comes with a great EPA estimated fuel economy rating of 24 MPG combined. Rest easy knowing that this VUE received a 5-star safety rating for Frontal Driver, Frontal Passenger, Side Driver and Rear Passenger impact. Features include: power mirrors, security system, cruise control and airbags.","[PREMIUM]",28,,,,,"[PREMIUM]"
"776407869","2026-05-25 21:22:05.701","2026-05-25 21:22:05.701","776407869","[PREMIUM]","541881P",2006,"FORD","Ford","EXPEDI","Expedition","XLT","SUV","Used","Used 2006 Ford Expedition XLT",228983,"[PREMIUM]",,,"[PREMIUM]",2610,4235,"Black Clearcoat","BLACK","Medium Flint Gray","GRAY","8CLDR","8-Cylinder","4 wheel drive","AUT","4-Speed Automatic","Automatic","G","Gasoline","Gas",14,17,5.4,false,54,false,false,true,false,false,false,false,"PREMIUM",,"[PREMIUM]","[PREMIUM]","[PREMIUM]",,"[PREMIUM]",,,348173,4.5,658,0,"[""NO_SALVAGE_TITLE"",""ACCIDENTS_REPORTED"",""NO_ONE_OWNER""]","{""exterior"":[""17\"" Aluminum Wheels"",""Alloy wheels"",""Delay-off headlights"",""Front fog lights"",""Fully automatic headlights"",""Power door mirrors"",""Rear window wiper""],""interior"":[""3rd row seats: split-bench"",""Air Conditioning"",""Cloth 40/60 Power Driver Split Bench"",""Driver door bin"",""Driver vanity mirror"",""Front Center Armrest"",""Front reading lights"",""Overhead console"",""Passenger door bin"",""Passenger vanity mirror"",""Power driver seat"",""Power windows"",""Rear air conditioning"",""Rear reading lights"",""Rear window defroster"",""Speed-Sensitive Wipers"",""Split folding rear seat"",""Tachometer"",""Tilt steering wheel"",""Variably intermittent wipers"",""Voltmeter""],""safety"":[""ABS brakes"",""Brake assist"",""Dual front impact airbags"",""Low tire pressure warning"",""Panic alarm""],""mechanical"":[""3.73 Axle Ratio"",""4-Wheel Disc Brakes"",""Four wheel independent suspension"",""Power steering"",""Speed-sensing steering""],""technology"":[""4 Speakers"",""AM/FM Premium CD/Cassette Dual Media"",""AM/FM radio"",""CD player"",""Cassette"",""Radio data system"",""Remote keyless entry"",""Speed control""],""other"":[""300 lbs Payload Package"",""Front anti-roll bar"",""GVWR: 7"",""Illuminated entry"",""Rear anti-roll bar"",""Roof rack: rails only""]}",52,"Black Clearcoat 2006 Ford Expedition XLT Sport 4WD 4-Speed Automatic with Overdrive 5.4L V8 SOHC 24V","[PREMIUM]",11,,,,,"[PREMIUM]"
"779034191","2026-05-25 21:22:05.667","2026-05-25 21:22:05.667","779034191","[PREMIUM]","1HGCM66596A061276",2006,"HONDA","Honda","ACCORD","Accord","EX-L","SEDAN","Used","Used 2006 Honda Accord EX-L",203700,"[PREMIUM]",,"Good","[PREMIUM]",2715,4065,"Gold","GOLD","Gold","GOLD","6CLDR","6-Cylinder","2 wheel drive - front","AUT","5-Speed Automatic","Automatic","G","Gasoline","Gas",20,29,3,true,25,false,false,false,false,false,false,false,"PREMIUM",,"[PREMIUM]","[PREMIUM]","[PREMIUM]",,"[PREMIUM]",,,263726,4.7,2331,,"[""NO_SALVAGE_TITLE"",""NO_ACCIDENTS_REPORTED"",""NO_ONE_OWNER""]","{""exterior"":[""Alloy Wheels""],""interior"":[""Dual Power Seats"",""Leather"",""Power Door Locks"",""Power Windows"",""Sun Roof (Sliding)"",""Tilt Wheel""],""safety"":[""ABS (4-Wheel)"",""Dual Air Bags"",""Side Air Bags"",""Traction Control""],""mechanical"":[""Power Steering""],""technology"":[""AM/FM Stereo"",""CD/MP3 (Multi Disc)"",""Cruise Control""]}",15,"Very fast and reliable 2006 V6 Accord. Interior and exterior has wear and tear. Air conditioning need servicing. Other than that everything is great with this car. Will make a great working car for someone needing fast transportation. Of course Honda reliability in a powerful V6.","[PREMIUM]",9,,,,,"[PREMIUM]"
"780822130","2026-05-25 21:22:05.661","2026-05-25 21:22:05.661","780822130","[PREMIUM]","1GNDT13S362337973",2006,"CHEV","Chevrolet","TRAILBLZ","TrailBlazer","LS","SUV","Used","Used 2006 Chevrolet TrailBlazer LS w/ LS Preferred Equipment Group",200000,"[PREMIUM]",,,"[PREMIUM]",1075,1350,"Red","RED","Brown","BROWN","6CLDR","6-Cylinder","4 wheel drive","AUT","4-Speed Automatic","Automatic","G","Gasoline","Gas",15,21,4.2,false,5,false,true,false,false,false,false,false,"PREMIUM",,"[PREMIUM]","[PREMIUM]","[PREMIUM]",,"[PREMIUM]",,,348561,4.3,1929,,"[""NO_SALVAGE_TITLE"",""ACCIDENTS_REPORTED"",""NO_ONE_OWNER""]","{""exterior"":[""Alloy Wheels"",""Roof Rack""],""interior"":[""Air Conditioning"",""Power Door Locks"",""Power Windows"",""Tilt Wheel""],""safety"":[""ABS (4-Wheel)"",""Dual Air Bags"",""StabiliTrak""],""mechanical"":[""Power Steering"",""Towing Pkg""],""technology"":[""AM/FM Stereo"",""CD/MP3 (Single Disc)"",""Cassette"",""Cruise Control"",""OnStar""]}",16,"As is. Title on hand, free and clear. Doesn't run, needs work. Willing to negotiate.","[PREMIUM]",10,,,,,"[PREMIUM]"
"778120905","2026-05-25 21:21:45.484","2026-05-25 21:21:45.484","778120905","[PREMIUM]","1C3EL45X16N131190",2006,"CHRY","Chrysler","CHRYSEB","Sebring","Convertible","CONVERT","Used","Used 2006 Chrysler Sebring Convertible",66680,"[PREMIUM]",,,"[PREMIUM]",2175,2450,"White","WHITE","Charcoal","BLACK","4CLDR","4-Cylinder","2 wheel drive - front","AUT","4-Speed Automatic","Automatic","G","Gasoline","Gas",22,30,2.4,false,35,false,false,false,false,false,false,false,"PREMIUM",,"[PREMIUM]","[PREMIUM]","[PREMIUM]",,"[PREMIUM]",,,358,3.9,910,,"[""NO_SALVAGE_TITLE"",""NO_ACCIDENTS_REPORTED"",""NO_ONE_OWNER""]","{""exterior"":[""Premium Wheels""],""interior"":[""Air Conditioning"",""Power Door Locks"",""Power Windows"",""Tilt Wheel""],""safety"":[""ABS (4-Wheel)"",""Dual Air Bags""],""mechanical"":[""Power Steering""],""technology"":[""AM/FM Stereo"",""CD/MP3 (Single Disc)"",""Cruise Control""]}",11,"Purchased this car in 2008.<br>2nd Owner - Meticulously cared for and kept inside garage. <br>Recently inspected and serviced by expert local mechanic.<br>All fully functional except top motor need to be replaced.<br>Driven less than 2600 miles/year.<br>","[PREMIUM]",10,,,,,"[PREMIUM]"
"780393428","2026-05-25 21:21:25.349","2026-05-25 21:21:25.349","780393428","[PREMIUM]","105627",2006,"DODGE","Dodge","STRATU","Stratus","SXT","SEDAN","Used","Used 2006 Dodge Stratus SXT w/ Protection Value Pkg",107735,"[PREMIUM]",,"Great","[PREMIUM]",2260,2910,"Green","GREEN","Black","BLACK","6CLDR","6-Cylinder","2 wheel drive - front","AUT","4-Speed Automatic","Automatic","F","Flexible Fuel","Gas",22,30,2.7,false,11,false,false,false,false,false,false,false,"PREMIUM",,"[PREMIUM]","[PREMIUM]","[PREMIUM]",,"[PREMIUM]",,,404,4,949,0,"[""NO_SALVAGE_TITLE"",""ACCIDENTS_REPORTED"",""NO_ONE_OWNER""]","{""exterior"":[""Headlights - Auto Delay Off"",""Tire Type - All Season""],""interior"":[""Cargo Area Light"",""Center Console - Front Console With Storage"",""Clock"",""Cupholders"",""Emergency Interior Trunk Release"",""Floor Mat Material - Carpet"",""Floor Mats - Rear"",""Front Air Conditioning"",""Front Headrests - Adjustable"",""Front Seat Type - Bucket"",""Gauge - Tachometer"",""Power Door Locks"",""Power Outlet(S) - Front"",""Power Windows"",""Rear Seat Folding - Split"",""Rear Seat Type - Bench"",""Steering Wheel - Tilt"",""Storage - Door Pockets"",""Upholstery - Cloth"",""Window Defogger - Rear""],""safety"":[""Airbag Deactivation - Occupant Sensing Passenger"",""Child Safety Door Locks"",""Child Seat Anchors"",""Front Airbags - Dual"",""Rear Seatbelts - Center 3-Point"",""Seatbelt Pretensioners"",""Spare Tire Mount Location - Inside""],""mechanical"":[""Front Stabilizer Bar"",""Front Suspension Classification - Independent"",""Front Suspension Type - Double Wishbone"",""Power Steering"",""Rear Suspension Classification - Independent"",""Rear Suspension Type - Multi-Link""],""technology"":[""Cruise Control"",""In-Dash Cd - Single Disc"",""Radio - Am/Fm""],""other"":[""Anti-Theft System - Vehicle Immobilizer"",""Front Brake Type - Ventilated Disc"",""Front Wipers - Intermittent"",""Multi-Function Remote - Trunk Release"",""Rear Brake Type - Drum"",""Side Mirror Adjustments - Power"",""Tire Prefix - P"",""Tire Speed Rating - T"",""Warnings And Reminders - Low Fuel Level"",""Wheel Diameter - 16 Inch""]}",48,"This vehicle has received a full inspection. To see its video test drive, diagnostics, and tire depth, please visit https://www.remarketspace.com/vehicles/105627/2006-dodge-stratus-sale-brainerd-minnesota<br><br>Why Buy From Remarket Space?<br><br>All the value of a marketplace. None of the hassle.<br><br>We built Remarket Space for people who want a better way to buy a used car.<br>No pressure, no guessing, and no endless back-and-forth. Just real vehicles, real inspections, and full transparency so you can shop with confidence and make an offer that works for you.<br><br>- 10,000+ cars sold | 4.6/5 Google rating<br>- Independent, unbiased inspection on every vehicle<br>- Free VIN-based vehicle history report included<br>- Every vehicle is electronically checked for hidden issues<br>- Full condition disclosure down to tire tread depth<br>- Video test drives and detailed walkarounds<br>- Make an offer that fits your budget<br>- 100% online purchase with no dealership pressure<br><br>Buy with the confidence of bringing your own mechanic without the risk of peer-to-peer marketplaces.<br><br>Each vehicle's advertised price is a &quot;Buy Now&quot; price. Vehicles may be purchased for less than this price at auction. Additional fees apply at checkout. For full pricing about vehicle fees based on the vehicle's selling price ( a minimum of $338 through admin, delivery, and buyer premium fees), visit: https://www.remarketspace.com/buyer-premium-fees<br><br>Why Buy From Remarket Space?<br><br>All the value of a marketplace. None of the hassle.<br><br>We built Remarket Space for people who want a better way to buy a used car.<br>No pressure, no guessing, and no endless back-and-forth. Just real vehicles, real inspections, and full transparency so you can shop with confidence and make an offer that works for you.<br><br>- 10,000+ cars sold | 4.6/5 Google rating<br>- Independent, unbiased inspection on every vehicle<br>- Free VIN-based vehicle history report included<br>- Every vehicle is electronically checked for hidden issues<br>- Full condition disclosure down to tire tread depth<br>- Video test drives and detailed walkarounds<br>- Make an offer that fits your budget<br>- 100% online purchase with no dealership pressure<br><br>Buy with the confidence of bringing your own mechanic without the risk of peer-to-peer marketplaces.<br><br>Each vehicle's advertised price is a &quot;Buy Now&quot; price. Vehicles may be purchased for less than this price at auction. Additional fees apply at checkout. For full pricing about vehicle fees based on the vehicle's selling price ( a minimum of $338 through admin, delivery, and buyer premium fees), visit: https://www.remarketspace.com/buyer-premium-fees","[PREMIUM]",44,,,,,"[PREMIUM]"
"779928000","2026-05-25 21:21:25.338","2026-05-25 21:21:25.338","779928000","[PREMIUM]","4109",2006,"NISSAN","Nissan","SENTRA","Sentra","SE-R","SEDAN","Used","Used 2006 Nissan Sentra SE-R w/ (J01) Sunroof Pkg",149615,"[PREMIUM]",,"Good","[PREMIUM]",3475,4125,"Silver","SILVER","Black","BLACK","4CLDR","4-Cylinder","2 wheel drive - front","AUT","4-Speed Automatic","Automatic","G","Gasoline","Gas",23,28,2.5,false,16,false,false,true,false,false,false,false,"PREMIUM",,"[PREMIUM]","[PREMIUM]","[PREMIUM]",,"[PREMIUM]",,,1301,4.1,852,0,"[""NO_SALVAGE_TITLE"",""ACCIDENTS_REPORTED"",""NO_ONE_OWNER""]","{""other"":[""A/C Front AM/FM Stereo Adjustable Steering Wheel Air Bag - Driver Air Bag - Passenger CD Player Child Safety Rear Door Locks Cruise Control Emergency Trunk Release Fog Lamps Front Bucket Seats Front Disc - Rear Drum Brakes Front Reading Lamps Front Wheel""]}",1,"This is a CLEAN TITLE Sedan and this Sedan was driven only 7481 miles/year currently at 149615 miles. The automatic transmission makes driving easier in stop-and-go traffic and on hilly roads plus enjoy driving this dependable 4 Cylinder engine while getting amazing fuel mileage and reliability. The front wheel drive delivers better traction and stability in snow and ice plus unbelievable fuel mileage at 23 MPG around town and 28 MPG on the highway. The keyless entry enables you to access your vehicle with ease additionally the cruise control helps avoid speedy situations by maintaining a constant speed. This Nissan will save a substantial amount of fuel on the HWY thanks to the overdrive transmission meanwhile the rear spoiler adds to the overall style and design. The power windows are so convenient that it's hard to make do without them moreover the CD player is a must have for any daily driver. Thanks to the installed power outlet you can plug in devices when on the move.... Read the full description on our Website at: www.simplyautoaz.com","[PREMIUM]",30,,,,,"[PREMIUM]"
"779165327","2026-05-25 21:21:25.336","2026-05-25 21:21:25.336","779165327","[PREMIUM]","105267",2006,"MINI","MINI","COOPER","Cooper","Convertible","CONVERT","Used","Used 2006 MINI Cooper Convertible",118442,"[PREMIUM]",,"Great","[PREMIUM]",2995,4020,"Green","GREEN","Black","BLACK","4CLDR","4-Cylinder","2 wheel drive - front",,,,"G","Gasoline","Gas",,,1.6,false,24,false,false,false,false,false,false,false,"PREMIUM",,"[PREMIUM]","[PREMIUM]","[PREMIUM]",,"[PREMIUM]",,,382871,4.5,516,0,"[""NO_SALVAGE_TITLE"",""ACCIDENTS_REPORTED"",""NO_ONE_OWNER""]","{""exterior"":[""Headlights - Auto Delay Off"",""Tire Type - All Season""],""interior"":[""Air Filtration"",""Cargo Area Light"",""Clock"",""Cupholders"",""Front Air Conditioning"",""Front Headrests - Adjustable"",""Front Seat Type - Bucket"",""Gauge - Tachometer"",""Passenger Seat Manual Adjustments"",""Power Door Locks"",""Power Outlet(S) - Front"",""Power Windows - Remotely Operated"",""Reading Lights - Front"",""Rear Headrests - Adjustable"",""Rear Seat Folding - Split"",""Rear Seat Type - Bench"",""Steering Wheel - Tilt"",""Steering Wheel Trim - Leather"",""Upholstery - Vinyl"",""Window Defogger - Rear""],""safety"":[""Abs - 4-Wheel"",""Airbag Deactivation - Occupant Sensing Passenger"",""Child Seat Anchors"",""Daytime Running Lights"",""Electronic Brakeforce Distribution"",""Front Airbags - Dual"",""Rollover Protection System"",""Seatbelt Pretensioners"",""Side Airbags - Front"",""Tire Pressure Monitoring System""],""mechanical"":[""Front Stabilizer Bar"",""Front Struts - Macpherson"",""Front Suspension Classification - Independent"",""Power Steering"",""Rear Stabilizer Bar"",""Rear Suspension Classification - Independent"",""Rear Suspension Type - Multi-Link""],""technology"":[""In-Dash Cd - Single Disc"",""Parking Sensors - Rear"",""Radio - Am/Fm"",""Speed Sensitive Volume Control""],""other"":[""Anti-Theft System - Vehicle Immobilizer"",""Convertible Rear Window - Glass"",""External Temperature Display"",""Front Brake Type - Ventilated Disc"",""Front Wipers - Intermittent"",""Rear Brake Type - Disc"",""Side Mirror Adjustments - Power"",""Tire Speed Rating - H"",""Warnings And Reminders - Low Fuel Level"",""Wheel Diameter - 15 Inch""]}",53,"This vehicle has received a full inspection. To see its video test drive, diagnostics, and tire depth, please visit https://www.remarketspace.com/vehicles/105267/2006-mini-cooper-sale-elk-river-minnesota<br><br>Why Buy From Remarket Space?<br><br>All the value of a marketplace. None of the hassle.<br><br>We built Remarket Space for people who want a better way to buy a used car.<br>No pressure, no guessing, and no endless back-and-forth. Just real vehicles, real inspections, and full transparency so you can shop with confidence and make an offer that works for you.<br><br>- 10,000+ cars sold | 4.6/5 Google rating<br>- Independent, unbiased inspection on every vehicle<br>- Free VIN-based vehicle history report included<br>- Every vehicle is electronically checked for hidden issues<br>- Full condition disclosure down to tire tread depth<br>- Video test drives and detailed walkarounds<br>- Make an offer that fits your budget<br>- 100% online purchase with no dealership pressure<br><br>Buy with the confidence of bringing your own mechanic without the risk of peer-to-peer marketplaces.<br><br>Each vehicle's advertised price is a &quot;Buy Now&quot; price. Vehicles may be purchased for less than this price at auction. Additional fees apply at checkout. For full pricing about vehicle fees based on the vehicle's selling price ( a minimum of $338 through admin, delivery, and buyer premium fees), visit: https://www.remarketspace.com/buyer-premium-fees<br><br>Why Buy From Remarket Space?<br><br>All the value of a marketplace. None of the hassle.<br><br>We built Remarket Space for people who want a better way to buy a used car.<br>No pressure, no guessing, and no endless back-and-forth. Just real vehicles, real inspections, and full transparency so you can shop with confidence and make an offer that works for you.<br><br>- 10,000+ cars sold | 4.6/5 Google rating<br>- Independent, unbiased inspection on every vehicle<br>- Free VIN-based vehicle history report included<br>- Every vehicle is electronically checked for hidden issues<br>- Full condition disclosure down to tire tread depth<br>- Video test drives and detailed walkarounds<br>- Make an offer that fits your budget<br>- 100% online purchase with no dealership pressure<br><br>Buy with the confidence of bringing your own mechanic without the risk of peer-to-peer marketplaces.<br><br>Each vehicle's advertised price is a &quot;Buy Now&quot; price. Vehicles may be purchased for less than this price at auction. Additional fees apply at checkout. For full pricing about vehicle fees based on the vehicle's selling price ( a minimum of $338 through admin, delivery, and buyer premium fees), visit: https://www.remarketspace.com/buyer-premium-fees<br><br>Why Buy From Remarket Space?<br><br>All the value of a marketplace. None of the hassle.<br><br>We built Remarket Space for people who want a better way to buy a used car.<br>No pressure, no guessing, and no endless back-and-forth. Just real vehicles, real inspections, and full transparency so you can shop with confidence and make an offer that works for you.<br><br>- 10,000+ cars sold | 4.6/5 Google rating<br>- Independent, unbiased inspection on every vehicle<br>- Free VIN-based vehicle history report included<br>- Every vehicle is electronically checked for hidden issues<br>- Full condition disclosure down to tire tread depth<br>- Video test drives and detailed walkarounds<br>- Make an offer that fits your budget<br>- 100% online purchase with no dealership pressure<br><br>Buy with the confidence of bringing your own mechanic without the risk of peer-to-peer marketplaces.<br><br>Each vehicle's advertised price is a &quot;Buy Now&quot; price. Vehicles may be purchased for less than this price at auction. Additional fees apply at checkout. For full pricing about vehicle fees based on the vehicle's selling price ( a minimum of $338 through","[PREMIUM]",45,,,,,"[PREMIUM]"
"777875163","2026-05-25 21:21:25.327","2026-05-25 21:21:25.327","777875163","[PREMIUM]","W1577P",2006,"DODGE","Dodge","DODCHAR","Charger",,"SEDAN","Used","Used 2006 Dodge Charger",156093,"[PREMIUM]",,,"[PREMIUM]",2890,4115,"Midnight Blue Pearl","BLUE","Slate/Graystone","GRAY","6CLDR","6-Cylinder","2 wheel drive - rear","AUT","5-Speed Automatic","Automatic","G","Gasoline","Gas",19,27,3.5,false,38,false,false,false,false,false,false,false,"PREMIUM",,"[PREMIUM]","[PREMIUM]","[PREMIUM]",,"[PREMIUM]",,,384,4.6,839,0,"[""NO_SALVAGE_TITLE"",""ACCIDENTS_REPORTED"",""NO_ONE_OWNER""]","{""exterior"":[""17\"" Wheel Covers"",""17\"" x 7\"" Steel Wheels"",""Bodyside moldings"",""Bumpers: body-color"",""Delay-off headlights"",""Power door mirrors""],""interior"":[""Air Conditioning"",""Cloth Low-Back Bucket Seats"",""Driver door bin"",""Front Bucket Seats"",""Front Center Armrest"",""Front beverage holders"",""Front reading lights"",""Overhead console"",""Passenger door bin"",""Passenger vanity mirror"",""Power windows"",""Rear reading lights"",""Rear window defroster"",""Speed-Sensitive Wipers"",""Tachometer"",""Telescoping steering wheel"",""Tilt steering wheel"",""Variably intermittent wipers""],""safety"":[""ABS brakes"",""Brake assist"",""Dual front impact airbags"",""Electronic Stability Control"",""Occupant sensing airbag"",""Panic alarm"",""Traction control""],""mechanical"":[""4-Wheel Disc Brakes"",""Four wheel independent suspension"",""Power steering""],""technology"":[""4 Speakers"",""AM/FM radio"",""CD player"",""Remote keyless entry"",""Speed control""],""other"":[""AM/FM Compact Disc w/Changer Control"",""Front anti-roll bar"",""Illuminated entry"",""Manufacturer's Statement of Origin"",""Outside temperature display"",""Quick Order Package 27E"",""Rear anti-roll bar""]}",46,"Midnight Blue Pearl 2006 Dodge Charger SE RWD 5-Speed Automatic 3.5L V6 MPI 24V High-Output Slate/Graystone Cloth, 17 Wheel Covers, 17 x 7 Steel Wheels, 4 Speakers, 4-Wheel Disc Brakes, ABS brakes, Air Conditioning, AM/FM Compact Disc w/Changer Control, AM/FM radio, Bodyside moldings, Brake assist, Bumpers: body-color, CD player, Cloth Low-Back Bucket Seats, Delay-off headlights, Driver door bin, Dual front impact airbags, Electronic Stability Control, Four wheel independent suspension, Front anti-roll bar, Front Bucket Seats, Front Center Armrest, Front reading lights, Illuminated entry, Manufacturer's Statement of Origin, Occupant sensing airbag, Outside temperature display, Overhead console, Panic alarm, Passenger door bin, Passenger vanity mirror, Power door mirrors, Power steering, Power windows, Quick Order Package 27E, Rear anti-roll bar, Rear reading lights, Rear window defroster, Remote keyless entry, Speed control, Speed-Sensitive Wipers, Tachometer, Telescoping steering wheel, Tilt steering wheel, Traction control, Variably intermittent wipers, Slate/Graystone Cloth.<br><br>19/27 City/Highway MPG","[PREMIUM]",25,,,,,"[PREMIUM]"
"779463957","2026-05-25 21:21:25.310","2026-05-25 21:21:25.310","779463957","[PREMIUM]","8926",2006,"FORD","Ford","F150PICKUP","F150","Lariat","TRUCKS","Used","Used 2006 Ford F150 Lariat",269999,"[PREMIUM]",,"Great","[PREMIUM]",3435,5160,"Tan","TAN","Tan","TAN","8CLDR","8-Cylinder","4 wheel drive","AUT","4-Speed Automatic","Automatic","F","Flexible Fuel","Gas",14,18,5.4,true,20,false,false,true,false,false,false,false,"PREMIUM",,"[PREMIUM]","[PREMIUM]","[PREMIUM]",,"[PREMIUM]",,,348433,4.5,2566,0,"[""NO_SALVAGE_TITLE"",""NO_ACCIDENTS_REPORTED"",""NO_ONE_OWNER""]","{""exterior"":[""Autolamp-inc: automatic on/off headlamps"",""Black door & tailgate handles"",""Tailgate- removable w/key lock & lift assist""],""interior"":[""(2) instrument panel cupholders"",""(2) rear cupholders"",""Cargo lamp integrated"",""Electronic shift-on-the-fly (ESOF) transfer case"",""Front map lights (function as dome lamp)"",""Glove box"",""Interval wipers"",""Overhead console w/small storage bin"",""Rear dome lamp"",""Tachometer"",""Tilt steering column""],""safety"":[""Center front 2-point safety belt"",""Dual stage driver & front passenger airbags"",""Outside front lap & shoulder safety belts-inc: height adjusters- pretensioners- energy management retractors"",""Seat Belt Minder system""],""mechanical"":[""4-wheel drive"",""Front stabilizer bar"",""Independent coil-over-shock double wishbone front suspension"",""Pwr rack & pinion steering"",""Solid rear axle w/leaf spring rear suspension""],""technology"":[""SecuriLock anti-theft ignition (PATS)"",""Speed control""],""other"":[""(2) front tow hooks"",""(4) full-size doors"",""130-amp alternator"",""2-ton jack"",""2nd row grab handles"",""3-point safety belts at all rear seat positions"",""58-amp/hr maintenance-free battery"",""Auto lock safety belt feature for child seats"",""Color-coordinated carpet"",""Delayed accessory pwr"",""Display center-inc: warning messages & text functions"",""Driver & passenger side A-pillar grab handles"",""Dual note horn"",""Engine block heater *STD on retail vehicles only in AK- MN- ND- SD- MT- WI & WY.  Optional on fleet vehicles*"",""Fade-to-off interior lighting"",""Gauges-inc: voltmeter- oil pressure- engine coolant temp- speedometer & odometer"",""Outside temp gauge & compass""]}",42,"Visit our website www.used-trucks-used-trailers.com for more information and photos on this or any of our other vehicles or call us today for a test drive at  .","[PREMIUM]",11,,,,,"[PREMIUM]"
"779165333","2026-05-25 21:21:15.100","2026-05-25 21:21:15.100","779165333","[PREMIUM]","105392",2006,"DODGE","Dodge","GRANDCARAV","Grand Caravan",,"VANS","Used","Used 2006 Dodge Grand Caravan w/ PWR Convenience Group",127292,"[PREMIUM]",,"Great","[PREMIUM]",2370,3170,"White","WHITE","Black","BLACK","6CLDR","6-Cylinder","2 wheel drive - front","AUT","4-Speed Automatic","Automatic","G","Gasoline","Gas",17,24,3.3,false,24,false,false,false,false,false,false,false,"PREMIUM",,"[PREMIUM]","[PREMIUM]","[PREMIUM]",,"[PREMIUM]",,,461,4,828,0,"[""NO_SALVAGE_TITLE"",""NO_ACCIDENTS_REPORTED"",""NO_ONE_OWNER""]","{""exterior"":[""Rear Wiper - Intermittent"",""Tire Type - All Season"",""Wheel Covers - Full"",""Wheels - Steel""],""interior"":[""Cargo Area Light"",""Center Console - Front Console With Storage"",""Clock"",""Cupholders - Front"",""Driver Seat Manual Adjustments - 8"",""Front Air Conditioning"",""Front Seat Type - Bucket"",""Passenger Seat Manual Adjustments"",""Power Outlet(S) - Front"",""Reading Lights - Front"",""Storage - Under Seat"",""Upholstery - Cloth"",""Window Defogger - Rear""],""safety"":[""Abs - 4-Wheel"",""Airbag Deactivation - Occupant Sensing Passenger"",""Electronic Brakeforce Distribution"",""Front Airbags - Dual"",""Knee Airbags - Driver"",""Seatbelt Pretensioners"",""Spare Tire Mount Location - Underbody"",""Spare Tire Size - Full-Size Matching""],""mechanical"":[""Front Spring Type - Coil"",""Front Stabilizer Bar"",""Front Struts - Macpherson"",""Front Suspension Classification - Independent"",""Front Suspension Type - Lower Control Arms"",""Power Steering"",""Rear Stabilizer Bar"",""Rear Suspension Classification - Solid Axle""],""technology"":[""In-Dash Cd - Single Disc"",""Radio - Am/Fm""],""other"":[""Anti-Theft System - Vehicle Immobilizer"",""Front Brake Type - Ventilated Disc"",""Front Wipers - Intermittent"",""Oem Roof Height - Undefined"",""Rear Brake Type - Disc"",""Rear Trunk/Liftgate - Liftgate"",""Side Door Type - Passenger-Side Manual Sliding"",""Side Mirror Adjustments - Manual"",""Tire Prefix - P"",""Warnings And Reminders - Low Fuel Level"",""Wheel Diameter - 16 Inch""]}",46,"This vehicle has received a full inspection. To see its video test drive, diagnostics, and tire depth, please visit https://www.remarketspace.com/vehicles/105392/2006-dodge-grand-caravan-sale-clearwater-minnesota<br><br>Why Buy From Remarket Space?<br><br>All the value of a marketplace. None of the hassle.<br><br>We built Remarket Space for people who want a better way to buy a used car.<br>No pressure, no guessing, and no endless back-and-forth. Just real vehicles, real inspections, and full transparency so you can shop with confidence and make an offer that works for you.<br><br>- 10,000+ cars sold | 4.6/5 Google rating<br>- Independent, unbiased inspection on every vehicle<br>- Free VIN-based vehicle history report included<br>- Every vehicle is electronically checked for hidden issues<br>- Full condition disclosure down to tire tread depth<br>- Video test drives and detailed walkarounds<br>- Make an offer that fits your budget<br>- 100% online purchase with no dealership pressure<br><br>Buy with the confidence of bringing your own mechanic without the risk of peer-to-peer marketplaces.<br><br>Each vehicle's advertised price is a &quot;Buy Now&quot; price. Vehicles may be purchased for less than this price at auction. Additional fees apply at checkout. For full pricing about vehicle fees based on the vehicle's selling price ( a minimum of $338 through admin, delivery, and buyer premium fees), visit: https://www.remarketspace.com/buyer-premium-fees<br><br>Why Buy From Remarket Space?<br><br>All the value of a marketplace. None of the hassle.<br><br>We built Remarket Space for people who want a better way to buy a used car.<br>No pressure, no guessing, and no endless back-and-forth. Just real vehicles, real inspections, and full transparency so you can shop with confidence and make an offer that works for you.<br><br>- 10,000+ cars sold | 4.6/5 Google rating<br>- Independent, unbiased inspection on every vehicle<br>- Free VIN-based vehicle history report included<br>- Every vehicle is electronically checked for hidden issues<br>- Full condition disclosure down to tire tread depth<br>- Video test drives and detailed walkarounds<br>- Make an offer that fits your budget<br>- 100% online purchase with no dealership pressure<br><br>Buy with the confidence of bringing your own mechanic without the risk of peer-to-peer marketplaces.<br><br>Each vehicle's advertised price is a &quot;Buy Now&quot; price. Vehicles may be purchased for less than this price at auction. Additional fees apply at checkout. For full pricing about vehicle fees based on the vehicle's selling price ( a minimum of $338 through admin, delivery, and buyer premium fees), visit: https://www.remarketspace.com/buyer-premium-fees","[PREMIUM]",42,,,,,"[PREMIUM]"
"780449940","2026-05-25 21:21:15.099","2026-05-25 21:21:15.099","780449940","[PREMIUM]","105456",2006,"MIT","Mitsubishi","ENDEAVOR","Endeavor","Limited","SUV","Used","Used 2006 Mitsubishi Endeavor Limited",231838,"[PREMIUM]",,"Great","[PREMIUM]",2205,2905,"Silver","SILVER","Black","BLACK","6CLDR","6-Cylinder","All wheel drive","AUT","4-Speed Automatic","Automatic","G","Gasoline","Gas",17,21,3.8,false,10,false,false,true,false,false,false,false,"PREMIUM",,"[PREMIUM]","[PREMIUM]","[PREMIUM]",,"[PREMIUM]",,,1232,4.6,330,0,"[""NO_SALVAGE_TITLE"",""NO_ACCIDENTS_REPORTED"",""NO_ONE_OWNER""]","{""exterior"":[""Front Fog Lights"",""Headlights - Auto Delay Off"",""Rear Wiper - Intermittent"",""Tire Type - All Season""],""interior"":[""Armrests - Rear Folding"",""Cargo Area Light"",""Cargo Cover"",""Center Console - Front Console With Storage"",""Clock"",""Cupholders"",""Driver Seat Manual Adjustments - Lumbar"",""Driver Seat Power Adjustments - Height"",""Floor Mat Material - Carpet"",""Floor Mats - Rear"",""Front Air Conditioning - Automatic Climate Control"",""Front Headrests - Adjustable"",""Front Seat Type - Bucket"",""Gauge - Tachometer"",""Moonroof / Sunroof - Power Glass"",""Overhead Console - Front"",""Passenger Seat Power Adjustments - 6"",""Power Door Locks"",""Power Outlet(S) - Front"",""Power Windows"",""Reading Lights - Front"",""Rear Headrests - Adjustable"",""Rear Privacy Glass"",""Rear Seat Folding - Split"",""Rear Seat Manual Adjustments - Reclining"",""Rear Seat Type - Split-Bench"",""Steering Wheel - Tilt"",""Steering Wheel Mounted Controls - Cruise Control"",""Storage - Seatback"",""Upholstery - Premium Cloth"",""Window Defogger - Rear""],""safety"":[""Abs - 4-Wheel"",""Airbag Deactivation - Occupant Sensing Passenger"",""Child Safety Door Locks"",""Child Seat Anchors"",""Daytime Running Lights"",""Electronic Brakeforce Distribution"",""Front Airbags - Dual"",""Rear Seatbelts - Center 3-Point"",""Seatbelt Force Limiters"",""Seatbelt Pretensioners"",""Side Airbags - Front"",""Spare Tire Mount Location - Underbody"",""Spare Tire Size - Full-Size Matching"",""Tire Pressure Monitoring System""],""mechanical"":[""Front Stabilizer Bar"",""Front Struts - Macpherson"",""Front Suspension Classification - Independent"",""Limited Slip Differential - Center"",""Power Steering"",""Rear Stabilizer Bar"",""Rear Suspension Classification - Independent"",""Rear Suspension Type - Multi-Link""],""technology"":[""Compass"",""Cruise Control"",""In-Dash Cd - Mp3 Playback"",""Premium Brand - Infinity"",""Radio - Am/Fm"",""Subwoofer - 1""],""other"":[""Anti-Theft System - Vehicle Immobilizer"",""External Temperature Display"",""Front Brake Type - Ventilated Disc"",""Front Wipers - Intermittent"",""Grille Color - Chrome"",""Liftgate Window - Manual Flip-Up"",""Multi-Function Remote - Keyless Entry"",""Rear Brake Type - Disc"",""Rear Trunk/Liftgate - Liftgate"",""Rear Vents - Second Row"",""Roof Rack Crossbars - Black"",""Side Mirror Adjustments - Power"",""Tire Prefix - P"",""Tire Speed Rating - S"",""Trip Odometer"",""Warnings And Reminders - Low Fuel Level"",""Wheel Diameter - 17 Inch"",""Wheels - Polished Aluminum Alloy""]}",81,"This vehicle has received a full inspection. To see its video test drive, diagnostics, and tire depth, please visit https://www.remarketspace.com/vehicles/105456/2006-mitsubishi-endeavor-sale-elk-river-minnesota<br><br>Why Buy From Remarket Space?<br><br>All the value of a marketplace. None of the hassle.<br><br>We built Remarket Space for people who want a better way to buy a used car.<br>No pressure, no guessing, and no endless back-and-forth. Just real vehicles, real inspections, and full transparency so you can shop with confidence and make an offer that works for you.<br><br>- 10,000+ cars sold | 4.6/5 Google rating<br>- Independent, unbiased inspection on every vehicle<br>- Free VIN-based vehicle history report included<br>- Every vehicle is electronically checked for hidden issues<br>- Full condition disclosure down to tire tread depth<br>- Video test drives and detailed walkarounds<br>- Make an offer that fits your budget<br>- 100% online purchase with no dealership pressure<br><br>Buy with the confidence of bringing your own mechanic without the risk of peer-to-peer marketplaces.<br><br>Each vehicle's advertised price is a &quot;Buy Now&quot; price. Vehicles may be purchased for less than this price at auction. Additional fees apply at checkout. For full pricing about vehicle fees based on the vehicle's selling price ( a minimum of $338 through admin, delivery, and buyer premium fees), visit: https://www.remarketspace.com/buyer-premium-fees<br><br>Why Buy From Remarket Space?<br><br>All the value of a marketplace. None of the hassle.<br><br>We built Remarket Space for people who want a better way to buy a used car.<br>No pressure, no guessing, and no endless back-and-forth. Just real vehicles, real inspections, and full transparency so you can shop with confidence and make an offer that works for you.<br><br>- 10,000+ cars sold | 4.6/5 Google rating<br>- Independent, unbiased inspection on every vehicle<br>- Free VIN-based vehicle history report included<br>- Every vehicle is electronically checked for hidden issues<br>- Full condition disclosure down to tire tread depth<br>- Video test drives and detailed walkarounds<br>- Make an offer that fits your budget<br>- 100% online purchase with no dealership pressure<br><br>Buy with the confidence of bringing your own mechanic without the risk of peer-to-peer marketplaces.<br><br>Each vehicle's advertised price is a &quot;Buy Now&quot; price. Vehicles may be purchased for less than this price at auction. Additional fees apply at checkout. For full pricing about vehicle fees based on the vehicle's selling price ( a minimum of $338 through admin, delivery, and buyer premium fees), visit: https://www.remarketspace.com/buyer-premium-fees<br><br>Why Buy From Remarket Space?<br><br>All the value of a marketplace. None of the hassle.<br><br>We built Remarket Space for people who want a better way to buy a used car.<br>No pressure, no guessing, and no endless back-and-forth. Just real vehicles, real inspections, and full transparency so you can shop with confidence and make an offer that works for you.<br><br>- 10,000+ cars sold | 4.6/5 Google rating<br>- Independent, unbiased inspection on every vehicle<br>- Free VIN-based vehicle history report included<br>- Every vehicle is electronically checked for hidden issues<br>- Full condition disclosure down to tire tread depth<br>- Video test drives and detailed walkarounds<br>- Make an offer that fits your budget<br>- 100% online purchase with no dealership pressure<br><br>Buy with the confidence of bringing your own mechanic without the risk of peer-to-peer marketplaces.<br><br>Each vehicle's advertised price is a &quot;Buy Now&quot; price. Vehicles may be purchased for less than this price at auction. Additional fees apply at checkout. For full pricing about vehicle fees based on the vehicle's selling price ( a minimum of $338","[PREMIUM]",45,,,,,"[PREMIUM]"
"777504859","2026-05-25 21:21:15.090","2026-05-25 21:21:15.090","777504859","[PREMIUM]","0026",2006,"CHEV","Chevrolet","EQUINOX","Equinox","LS","SUV","Used","Used 2006 Chevrolet Equinox LS",126235,"[PREMIUM]",,"Great","[PREMIUM]",2230,3580,"Sandstone Metallic","TAN","Light Gray Cloth","GRAY","6CLDR","6-Cylinder","All wheel drive","AUT","5-Speed Automatic","Automatic","G","Gasoline","Gas",18,23,3.4,false,42,false,false,false,false,false,false,false,"PREMIUM",,"[PREMIUM]","[PREMIUM]","[PREMIUM]",,"[PREMIUM]",,,242,3.9,858,0,"[""NO_SALVAGE_TITLE"",""NO_ACCIDENTS_REPORTED"",""NO_ONE_OWNER""]","{""exterior"":[""Headlights - Auto Delay Off"",""Headlights - Auto On/Off"",""Liftgate Window - Fixed"",""Rear Spoiler"",""Rear Wiper - Intermittent"",""Tire Type - All Season"",""Wheel Covers - Full"",""Wheels - Steel""],""interior"":[""Cargo Area Light"",""Cargo Cover"",""Center Console - Front Console With Storage"",""Clock"",""Cupholders"",""Driver Seat Manual Adjustments - 8"",""Driver Seat Manual Adjustments - Height"",""Front Air Conditioning"",""Front Headrests - Adjustable"",""Front Seat Type - Bucket"",""Gauge - Tachometer"",""Passenger Seat Manual Adjustments"",""Power Door Locks"",""Power Outlet(S) - Front"",""Power Windows"",""Reading Lights - Front"",""Rear Headrests - Adjustable"",""Rear Seat Folding - Split"",""Rear Seat Manual Adjustments - Reclining"",""Rear Seat Type - Split-Bench"",""Steering Wheel - Tilt"",""Storage - Cargo Tie-Down Anchors And Hooks"",""Storage - Door Pockets"",""Storage - Organizer"",""Upholstery - Cloth"",""Window Defogger - Rear""],""safety"":[""Abs - 4-Wheel"",""Anti-Theft System - Alarm"",""Child Safety Door Locks"",""Child Seat Anchors"",""Daytime Running Lights"",""Electronic Brakeforce Distribution"",""Front Airbags - Dual"",""Rear Seatbelts - Center 3-Point"",""Seatbelt Pretensioners""],""mechanical"":[""4wd Type - On Demand"",""Emissions - Federal"",""Front Stabilizer Bar"",""Front Struts - Macpherson"",""Front Suspension Classification - Independent"",""Power Steering"",""Rear Stabilizer Bar"",""Rear Suspension Classification - Independent"",""Rear Suspension Type - Multi-Link""],""technology"":[""Cruise Control"",""In-Dash Cd - Single Disc"",""Radio - Am/Fm"",""Radio Data System"",""Speed Sensitive Volume Control""],""other"":[""Anti-Theft System - Vehicle Immobilizer"",""Front Brake Type - Ventilated Disc"",""Front Wipers - Intermittent"",""Multi-Function Remote - Keyless Entry"",""Rear Brake Type - Drum"",""Rear Trunk/Liftgate - Liftgate"",""Roof Rack Crossbars - Black"",""Side Mirror Adjustments - Power"",""Tire Prefix - P"",""Warnings And Reminders - Low Fuel Level"",""Wheel Diameter - 16 Inch""]}",68,"PLEASE PLEASE!!!! CALL or TEXT   to make sure your new vehicle is still available . Most vehicles are PRICED HUNDREDS even THOIUSANDS less then retail market price .<br><br>The Equinox has a check engine light on (emission leak ) runs and drives good, Selling as Mechanics special - reduced price .Introducing the 2006 Chevrolet Equinox LS, a versatile and powerful SUV that will elevate your driving experience. This Equinox is equipped with a 3L NA V6 overhead valves (OHV) engine, delivering impressive performance and fuel efficiency. With a 5-speed automatic transmission, you'll enjoy a smooth and responsive ride every time.<br><br>Step inside the spacious and comfortable interior, featuring premium cloth seats and plenty of room for your passengers and cargo. The Equinox LS also comes equipped with a range of convenient features such as power windows, remote keyless entry, and a CD player.<br><br>Not only is this Equinox practical and reliable, but it also boasts a sleek and stylish exterior design. The metallic silver paint shines in the sunlight, making heads turn wherever you go. Plus, with its low mileage and well-maintained condition, this SUV is ready to hit the road with you.<br><br>Don't miss out on the opportunity to own this 2006 Chevrolet Equinox LS. With its powerful engine, smooth transmission, and comfortable interior, it's the perfect vehicle for your daily commutes or weekend adventures. Visit our dealership today and take it for a test drive!","[PREMIUM]",10,,,,,"[PREMIUM]"
"780033806","2026-05-25 21:21:15.071","2026-05-25 21:21:15.071","780033806","[PREMIUM]","28486A",2006,"DODGE","Dodge","RAM1504WD","Ram 1500 Truck","SLT","TRUCKS","Used","Used 2006 Dodge Ram 1500 Truck SLT w/ TRX4 Group",192907,"[PREMIUM]",,"Great","[PREMIUM]",5360,6235,"Bright Silver Metallic Clearco","SILVER","Medium Slate Gray","GRAY","8CLDR","8-Cylinder","4 wheel drive","AUT","5-Speed Automatic","Automatic","G","Gasoline","Gas",,,5.7,false,15,false,false,false,false,false,false,false,"PREMIUM",,"[PREMIUM]","[PREMIUM]","[PREMIUM]",,"[PREMIUM]",,,349041,4.5,2306,0,"[""NO_SALVAGE_TITLE"",""NO_ACCIDENTS_REPORTED"",""NO_ONE_OWNER""]","{""exterior"":[""17\"" x 8\"" Aluminum Wheels"",""Alloy wheels"",""Bumpers: chrome"",""Delay-off headlights"",""Heated door mirrors"",""Power door mirrors"",""Rear step bumper""],""interior"":[""Air Conditioning"",""Cloth 40/20/40 Bench Seat"",""Driver door bin"",""Folding Rear Seat"",""Front Center Armrest"",""Front reading lights"",""Overhead console"",""Passenger door bin"",""Passenger vanity mirror"",""Power windows"",""Speed-Sensitive Wipers"",""Tachometer"",""Tilt steering wheel"",""Trip computer"",""Variably intermittent wipers"",""Voltmeter""],""safety"":[""ABS brakes"",""Dual front impact airbags"",""Panic alarm""],""mechanical"":[""4-Wheel Disc Brakes"",""Front wheel independent suspension"",""Power steering""],""technology"":[""4 Speakers"",""AM/FM radio"",""CD player"",""Compass"",""Remote keyless entry"",""Speed control""],""other"":[""AM/FM Compact Disc w/Changer Control"",""Front anti-roll bar"",""Illuminated entry"",""Outside temperature display""]}",39,"Clean CARFAX.<br><br>2006 Dodge Ram 1500 SLT Bright Silver Metallic Clearcoat HEMI 5.7L V8 Multi Displacement 4WD 5-Speed Automatic<br><br>ABS brakes, Alloy wheels, Compass, Heated door mirrors, Illuminated entry, Remote keyless entry.<br><br>14/18 City/Highway MPG","[PREMIUM]",12,,,,,"[PREMIUM]"
"775444729","2026-05-25 21:21:04.895","2026-05-25 21:21:04.895","775444729","[PREMIUM]","LT3711PA",2006,"LEXUS","Lexus","RX330","RX 330","AWD","SUV","Used","Used 2006 Lexus RX 330 AWD",200216,"[PREMIUM]",,"Great","[PREMIUM]",4815,6115,"Bamboo Pearl","GREEN","Light Gray","GRAY","6CLDR","6-Cylinder","All wheel drive","AUT","5-Speed Automatic","Automatic","G","Gasoline","Gas",18,24,3.3,true,65,false,false,true,false,false,false,false,"PREMIUM",,"[PREMIUM]","[PREMIUM]","[PREMIUM]",,"[PREMIUM]",,,978,4.7,624,0,"[""NO_SALVAGE_TITLE"",""NO_ACCIDENTS_REPORTED"",""NO_ONE_OWNER""]","{""exterior"":[""17\"" x 6.5\"" Alloy Wheels"",""Alloy wheels"",""Auto-dimming door mirrors"",""Bodyside moldings"",""Bumpers: body-color"",""Delay-off headlights"",""Front fog lights"",""Fully automatic headlights"",""Headlamp Washers"",""Heated door mirrors"",""Power door mirrors"",""Rear window wiper"",""Roof Rails w/Rack"",""Spoiler""],""interior"":[""Air Conditioning"",""Auto-dimming Rear-View mirror"",""Bucket Seats"",""Cloth Seat Trim"",""Driver door bin"",""Driver vanity mirror"",""Driver's Seat Mounted Armrest"",""Front Bucket Seats"",""Front dual zone A/C"",""Front reading lights"",""Genuine wood console insert"",""Genuine wood door panel insert"",""Heated Front Seats"",""Leather Shift Knob"",""Leather Trim Interior"",""Leather steering wheel"",""One-Touch Open/Close Moonroof"",""Overhead console"",""Passenger door bin"",""Passenger seat mounted armrest"",""Passenger vanity mirror"",""Power Liftgate"",""Power Tilt/Telescoping Steering Wheel"",""Power driver seat"",""Power passenger seat"",""Power windows"",""Rear seat center armrest"",""Rear window defroster"",""Split folding rear seat"",""Steering wheel mounted audio controls"",""Tachometer"",""Tilt steering wheel"",""Trip computer"",""Variably intermittent wipers""],""safety"":[""ABS brakes"",""Brake assist"",""Dual front impact airbags"",""Dual front side impact airbags"",""Electronic Stability Control"",""Knee airbag"",""Low tire pressure warning"",""Occupant sensing airbag"",""Overhead airbag"",""Panic alarm"",""Security system"",""Traction control""],""mechanical"":[""3.47 Axle Ratio"",""4-Wheel Disc Brakes"",""Four wheel independent suspension"",""Power steering"",""Speed-sensing steering""],""technology"":[""8 Speakers"",""AM/FM radio"",""Automatic temperature control"",""CD player"",""Cassette"",""Compass"",""Garage door transmitter: HomeLink"",""Lexus AM/FM/Cassette/CD"",""Radio data system"",""Remote keyless entry"",""Speed control""],""other"":[""Front anti-roll bar"",""Illuminated entry"",""Lexus Memory System"",""Outside temperature display"",""Premium Package"",""Rear anti-roll bar""]}",82,"This vehicle is being offered to you as an alternative to us taking it to the auction. It's being offered COMPLETELY AS IS in it's current condition. It comes with no guarantees. Below are some details on this vehicle and additional info from our appraisal team.<br><br>Our team performed an oil and filter change, replaced the front sway bar links, performed an alignment, a four wheel balance, and replaced the hood support shock. They noted that the valve cover gaskets are leaking and the drive belts are showing signs of wear.<br><br>- Premium Package<br>- AM/FM radio, Cassette, CD player<br>- Automatic temperature control, Front dual zone A/C<br>- Lexus Memory System, Power driver seat<br>- Remote keyless entry, Power Liftgate<br>- Front fog lights, Fully automatic headlights, Headlamp Washers<br>- Heated door mirrors, Power door mirrors, Auto-dimming Rear-View mirror<br>- Cloth Seat Trim, Leather Shift Knob, Leather steering wheel<br>- Illuminated entry, Outside temperature display<br>- Power Tilt/Telescoping Steering Wheel, Bucket Seats<br>- Driver's Seat Mounted Armrest, Front Bucket Seats, Heated Front Seats<br>- Leather Trim Interior, Power passenger seat, Split folding rear seat<br>- Roof Rails w/Rack, One-Touch Open/Close Moonroof<br>- 17 x 6.5 Alloy Wheels<br><br>This 2006 Lexus RX 330 is a well-equipped and versatile luxury SUV that offers a refined driving experience and a wealth of premium features. With its 3.3L V6 engine, 5-speed automatic transmission, and all-wheel drive, this RX 330 delivers a smooth and capable performance, whether you're navigating city streets or exploring the open road.<br><br>The silver exterior gives the RX 330 a sleek and sophisticated look, while the spacious and well-appointed interior provides a comfortable and luxurious environment for you and your passengers. Boasting an impressive array of premium amenities, including dual-zone automatic climate control, a power liftgate, and a premium audio system, this RX 330 is designed to cater to your every need.<br><br>One of the standout features of this vehicle is the Lexus Memory System, which allows you to customize your driving experience by saving your preferred settings for the driver's seat, steering wheel, and side mirrors. This not only adds to the convenience of your daily commute but also ensures that you can enjoy a personalized and comfortable ride every time you get behind the wheel.<br><br>The all-wheel-drive capability of the RX 330 also makes it a versatile choice, whether you're navigating slippery roads or exploring off-the-beaten-path destinations. With its responsive handling and impressive fuel efficiency, this SUV is a practical and enjoyable option for a wide range of driving scenarios.<br><br>As you consider your next vehicle purchase, we encourage you to come in and take this 2006 Lexus RX 330 for a test drive. We're confident that you'll be impressed by its exceptional quality, performance, and features, and we're here to answer any questions you may have. Let us help you find the perfect vehicle to meet your needs and enhance your driving experience.","[PREMIUM]",33,,,,,"[PREMIUM]"
"778671463","2026-05-25 21:21:04.889","2026-05-25 21:21:04.889","778671463","[PREMIUM]","A12086A",2006,"DODGE","Dodge","DURANG","Durango","SLT","SUV","Used","Used 2006 Dodge Durango SLT",202930,"[PREMIUM]",,"Great","[PREMIUM]",1205,2780,"Bright Silver Clearcoat Metall","SILVER","Med Slate Gray","GRAY","8CLDR","8-Cylinder","2 wheel drive - rear","AUT","5-Speed Automatic","Automatic","G","Gasoline","Gas",16,21,4.7,true,30,false,false,false,false,false,false,false,"PREMIUM",,"[PREMIUM]","[PREMIUM]","[PREMIUM]",,"[PREMIUM]",,,347785,4.4,763,1,"[""NO_SALVAGE_TITLE"",""NO_ACCIDENTS_REPORTED"",""NO_ONE_OWNER""]","{""exterior"":[""17\"" x 8\"" Cast Aluminum Wheels"",""Alloy wheels"",""Bodyside moldings"",""Bumpers: body-color"",""Front fog lights"",""Power door mirrors"",""Rear window wiper""],""interior"":[""3rd Row 3-Passenger 60/40 Split Seat"",""3rd row seats: bench"",""40/20/40 Reclining 2nd Row Seat"",""Air Conditioning"",""Cargo Net"",""Cloth Bucket Seats"",""Console Flood Lamp"",""Driver door bin"",""Front Bucket Seats"",""Front Center Armrest"",""Front reading lights"",""Leather Trimmed Bucket Seats"",""Leather Wrapped Steering Wheel"",""Low Back Bucket Seats"",""Overhead Console"",""Passenger door bin"",""Passenger vanity mirror"",""Power driver seat"",""Power windows"",""Rear Courtesy/Reading Lamps"",""Rear air conditioning"",""Rear seat center armrest"",""Rear window defroster"",""Rear-Seat Video System"",""Split folding rear seat"",""Sun Visors w/Illuminated Vanity Mirrors"",""Tachometer"",""Tilt steering wheel"",""Universal Garage Door Opener"",""Variably intermittent wipers""],""safety"":[""ABS brakes"",""Dual front impact airbags"",""Occupant sensing airbag"",""Panic alarm"",""Security Alarm""],""mechanical"":[""3.55 Axle Ratio"",""4-Wheel Disc Brakes"",""Front wheel independent suspension"",""Power steering""],""technology"":[""4 Speakers"",""AM/FM radio"",""Bluetooth"",""CD player"",""Call SIRIUS To Activate @ 888-539-7474"",""Remote keyless entry"",""SIRIUS Satellite Radio"",""Sentry Key Theft Deterrent System"",""Speed control""],""other"":[""1-Owner"",""AM/FM Compact Disc w/Changer Control"",""Automatic Headlamps"",""Clean Carfax"",""Front anti-roll bar"",""Illuminated entry"",""Inspected"",""Interior Convenience Group"",""Manufacturer's Statement of Origin"",""Quick Order Package 26G"",""Rear anti-roll bar"",""Roof rack: rails only""]}",67,"2006 Dodge Durango SLT Bright Silver Clearcoat Metallic Inspected, Bluetooth, 1-Owner, Clean Carfax, Magnum 4.7L V8.<br>SLT 14/19 City/Highway MPG","[PREMIUM]",41,,,,,"[PREMIUM]"
"777330393","2026-05-25 21:21:04.866","2026-05-25 21:21:04.866","777330393","[PREMIUM]","NSY287891",2006,"PONT","Pontiac","G6","G6","GTP","CONVERT","Used","Used 2006 Pontiac G6 GTP w/ Premium Value Package",115517,"[PREMIUM]",,"Great","[PREMIUM]",4010,5135,"Black","BLACK",,,"6CLDR","6-Cylinder","2 wheel drive - front","AUT","4-Speed Automatic","Automatic","G","Gasoline","Gas",18,26,3.9,false,45,false,false,false,false,false,false,false,"PREMIUM",,"[PREMIUM]","[PREMIUM]","[PREMIUM]",,"[PREMIUM]",,,1402,4.1,1163,0,"[""NO_SALVAGE_TITLE"",""NO_ACCIDENTS_REPORTED"",""NO_ONE_OWNER""]","{""exterior"":[""Alloy Wheels"",""Automatic Headlights"",""Fog Lights"",""Power Adjustable Exterior Mirror""],""interior"":[""Air Conditioning"",""Driver Multi-Adjustable Power Seat"",""Interval Wipers"",""Power Door Locks"",""Power Windows"",""Rear Window Defogger"",""Second Row Folding Seat"",""Tachometer"",""Telescopic Steering Column"",""Tilt Steering"",""Tilt Steering Column""],""safety"":[""ABS Brakes"",""Daytime Running Lights"",""Driver Airbag"",""Passenger Airbag"",""Traction Control"",""Vehicle Anti-Theft"",""Vehicle Stability Control System""],""technology"":[""AM/FM Radio"",""CD Player"",""Cruise Control"",""Keyless Entry"",""Subwoofer""],""other"":[""Removable Top"",""Trunk Anti-Trap Device""]}",29,"VISIT L.A. TRADING CO FOR YOUR NEXT VEHICLE! CALL US TODAY AT   OR VISIT OUR STORE AT 21015 ALLEN RD WOODHAVEN, MI 48183 WE OFFER GUARANTEED APPROVALS NO MATTER THE CREDIT SITUATION! EVERYONE IS APPROVED. BUY WITH CONFIDENCE ALL OF OUR VEHICLES GET SAFETY INSPECTED BEFORE LISTING ONLINE. WE HAVE BEEN IN BUSINESS FOR OVER 30+ YEARS WITH OVER 4.8 GOOGLE REVIEWS!","[PREMIUM]",12,,,,,"[PREMIUM]"
"779126724","2026-05-25 21:21:04.856","2026-05-25 21:21:04.856","779126724","[PREMIUM]","28",2006,"MAZDA","MAZDA","MPV","MPV","LX","VANS","Used","Used 2006 MAZDA MPV LX w/ LX Plus Pkg",95617,"[PREMIUM]",,"Great","[PREMIUM]",4950,5575,"Bronze Metal","BROWN","Beige Velour, Leather",,"6CLDR","6-Cylinder","2 wheel drive - front","AUT","5-Speed Automatic","Automatic","G","Gasoline","Gas",18,25,3,true,25,false,false,false,false,false,false,false,"PREMIUM",,"[PREMIUM]","[PREMIUM]","[PREMIUM]",,"[PREMIUM]",,,1081,4.2,357,0,"[""NO_SALVAGE_TITLE"",""NO_ACCIDENTS_REPORTED"",""NO_ONE_OWNER""]","{""exterior"":[""Rear Wiper - Intermittent"",""Tire Type - All Season""],""interior"":[""Air Filtration"",""Cargo Area Light"",""Center Console - Front Console With Storage"",""Clock"",""Cupholders"",""Driver Seat Manual Adjustments - 8"",""Driver Seat Manual Adjustments - Height"",""Driver Seat Manual Adjustments - Lumbar"",""Front Air Conditioning"",""Front Headrests - Adjustable"",""Front Seat Type - Bucket"",""Gauge - Tachometer"",""Overhead Console - Front"",""Passenger Seat Manual Adjustments"",""Power Door Locks"",""Power Outlet(S) - Front"",""Power Windows"",""Reading Lights - Front"",""Rear Headrests - Adjustable"",""Rear Quarter Windows - Manual"",""Rear Seat Folding"",""Rear Seat Manual Adjustments - Reclining"",""Rear Seat Type - Captains Chairs"",""Steering Wheel - Tilt"",""Steering Wheel Mounted Controls - Audio"",""Steering Wheel Mounted Controls - Cruise Control"",""Storage - Cargo Tie-Down Anchors And Hooks"",""Storage - Door Pockets"",""Storage - Grocery Bag Holder"",""Storage - Seatback"",""Storage - Under Seat"",""Third Row Seat Folding"",""Upholstery - Premium Cloth"",""Window Defogger - Rear""],""safety"":[""Abs - 4-Wheel"",""Airbag Deactivation - Occupant Sensing Passenger"",""Child Safety Door Locks"",""Child Seat Anchors"",""Electronic Brakeforce Distribution"",""Front Airbags - Dual"",""Seatbelt Force Limiters"",""Seatbelt Pretensioners""],""mechanical"":[""Front Stabilizer Bar"",""Front Struts - Macpherson"",""Front Suspension Classification - Independent"",""Power Steering"",""Rear Suspension Type - Torsion Beam""],""technology"":[""Cruise Control"",""In-Dash Cd - Single Disc"",""Radio - Am/Fm""],""other"":[""Front Brake Type - Ventilated Disc"",""Front Wipers - Intermittent"",""Multi-Function Remote - Keyless Entry"",""Oem Roof Height - Undefined"",""Rear Brake Type - Ventilated Disc"",""Rear Trunk/Liftgate - Liftgate"",""Rear Vents - Second Row"",""Side Door Type - Passenger-Side Manual Sliding"",""Side Mirror Adjustments - Power"",""Tire Prefix - P"",""Tire Speed Rating - H"",""Warnings And Reminders - Low Fuel Level"",""Wheel Diameter - 16 Inch""]}",65,"Looking for a spacious and reliable minivan? Look no further than this 2006 Mazda MPV with a 3.0L NA V6 double overhead cam (DOHC) 24V engine and a 5-speed automatic transmission. With plenty of room for the whole family and all your gear, this MPV is perfect for road trips, daily commutes, or running errands around town.<br><br>This MPV comes equipped with features such as power windows, locks, and mirrors, as well as a CD player and air conditioning to keep everyone comfortable on the road. The powerful 3.0L V6 engine provides plenty of power for merging onto the highway or climbing steep hills, while the 5-speed automatic transmission ensures smooth and efficient shifts.<br><br>With its sleek and modern exterior design, this 2006 Mazda MPV is sure to turn heads wherever you go. Plus, the spacious interior offers plenty of legroom and cargo space, making it perfect for both passengers and their belongings. Whether you're hauling the kids to soccer practice or loading up for a weekend camping trip, this MPV has you covered.<br><br>With only 95617 miles on the odometer, this 2006 Mazda MPV has plenty of life left and is ready to take on whatever adventures you have in store. Don't miss out on the opportunity to own this reliable and spacious minivan. Come take it for a test drive today and see for yourself why the Mazda MPV is a top choice for families everywhere.<br><br>.........................<br>All used vehicle pricing does not include taxes, a $110 Tag Agency Fee, title fees, registration fees, and a pre-delivery service fee of $699, which charges represent costs and profits to the dealer for items such as inspecting, cleaning, and adjusting vehicles and preparing documents related to the sale. All offers are mutually exclusive. The price does not include any applicable dealer-installed options and accessories. All vehicles are subject to prior sale. Pricing throughout the website does not include any options that may have been installed at the dealership. See the dealer for complete details.<br><br>The vehicle pictures on this site may not match your vehicle exactly; however, they will match as closely as possible. Not responsible for pricing or typographical errors.<br><br>Terms of Sale Overview: We retain the right to terminate this listing at any time if the vehicle is no longer available for sale, and sales prices may change without prior notice.<br><br>Fees and Taxes: The price does not include taxes, title, license, dealer processing fee, &amp; finance charges. Buyers are accountable for all state, county, and city taxes, along with dealer fees, as well as title/registration fees applicable to the state where the vehicle will be registered.<br><br>Accepted Payment Type: Cash and personal checks (in person), certified checks, bank transfers, electronic funds transfer (EFT), or third-party financing are all acceptable.<br><br>DISCLAIMER:<br>The dealership and dealerscloud.com bear no responsibility for typographical errors or price and equipment misprints. Total prices for financed vehicles may vary. We offer financing for individuals with all credit types. Approval is possible for everyone. To obtain the Internet Price, customers must present a printed copy of this Ad before the sale.","[PREMIUM]",16,,,,,"[PREMIUM]"
"781161858","2026-05-25 21:20:44.649","2026-05-25 21:20:44.649","781161858","[PREMIUM]","NTT1354B",2006,"CHEV","Chevrolet","EQUINOX","Equinox","LT","SUV","Used","Used 2006 Chevrolet Equinox LT",178293,"[PREMIUM]",,,"[PREMIUM]",1430,2755,"Galaxy Silver Metallic","SILVER","Light Gray","GRAY","6CLDR","6-Cylinder","2 wheel drive - front","AUT","5-Speed Automatic","Automatic","G","Gasoline","Gas",19,24,3.4,false,2,false,true,false,false,false,false,false,"PREMIUM",,"[PREMIUM]","[PREMIUM]","[PREMIUM]",,"[PREMIUM]",,,226416,3.9,858,0,"[""NO_SALVAGE_TITLE"",""NO_FRAME_DAMAGE"",""NO_FLOOD_WATER_DAMAGE"",""NO_ACCIDENTS_REPORTED"",""NO_ONE_OWNER""]","{""exterior"":[""16\"" x 6.5\"" Cast Aluminum Wheels"",""Alloy wheels"",""Bodyside moldings"",""Bumpers: body-color"",""Front fog lights"",""Fully automatic headlights"",""Power door mirrors"",""Rear window wiper"",""Spoiler""],""interior"":[""Air Conditioning"",""Driver door bin"",""Driver vanity mirror"",""Front Bucket Seats"",""Front Center Armrest w/Storage"",""Front Reclining Bucket Seats"",""Front reading lights"",""Manhattan Cloth Seat Trim"",""Passenger door bin"",""Passenger vanity mirror"",""Power windows"",""Rear window defroster"",""Split folding rear seat"",""Tachometer"",""Tilt steering wheel"",""Variably intermittent wipers""],""safety"":[""ABS brakes"",""Dual front impact airbags"",""Panic alarm"",""Security system"",""Traction control""],""mechanical"":[""2.70 Axle Ratio"",""Four wheel independent suspension"",""Power steering"",""Speed-sensing steering""],""technology"":[""6 Speakers"",""AM/FM radio"",""CD player"",""Radio data system"",""Remote keyless entry"",""Speed control"",""Weather band radio""],""other"":[""Equipment Group 1LT"",""Front anti-roll bar"",""Illuminated entry"",""Rear anti-roll bar"",""Roof rack: rails only""]}",46,"Looking for a practical and comfortable SUV with dependable V6 performance and everyday versatility? This 2006 Chevrolet Equinox LT in Galaxy Silver Metallic is powered by a 3.4L V6 engine paired with a 5-speed automatic transmission, delivering smooth performance and easy drivability for commuting, errands, and road trips alike. The Light Gray interior features Manhattan cloth seating, cruise control, keyless entry, power windows and locks, air conditioning, an AM/FM/CD/MP3 audio system, and versatile cargo space with a pass-through rear seat and cargo shade for added practicality. Equipped with the LT Preferred Equipment Group, aluminum wheels, fog lamps, privacy glass, roof rails, traction control, and anti-lock brakes, this Equinox LT offers a well-rounded blend of comfort, utility, and everyday value. Available now at Ricart Automotive Used Car Factory.<br><br>Recent Arrival!<br><br><br>Galaxy Silver Metallic 2006 Chevrolet Equinox LT 4D Sport Utility 3.4L V6 3400 19/24 City/Highway MPG 5-Speed Automatic Electronic with Overdrive FWD<br><br><br>Experience Hassle-Free Shopping at Ricart:<br><br>- Premium Quality Assurance: Rest assured with our meticulous vehicle reconditioning, averaging over $1300 per car, ensuring your peace of mind when purchasing an used vehicle.<br><br>- Express Checkout for Time Efficiency: Streamline your purchase process by completing most of the deal remotely, whether from the comfort of your workplace or home, saving you valuable time.<br><br>- Unmatched Transparency: Prior to your purchase, gain full visibility into the service history of the vehicle, ensuring complete transparency and confidence in your decision.<br><br>- Competitive Pricing: We recognize the extensive research done by shoppers, hence we offer highly competitive prices online to match your needs and expectations.<br><br>- Exceptional Service by Exceptional People: Surround yourself with a team of friendly experts ready to address any inquiries. Recognized as one of the top workplaces for the past decade, Ricart ensures you enjoy great company throughout your vehicle purchase journey!","[PREMIUM]",16,,,,,"[PREMIUM]"
"780052184","2026-05-25 21:20:44.629","2026-05-25 21:20:44.629","780052184","[PREMIUM]","2G1WB58K369272993",2006,"CHEV","Chevrolet","CHEVIMP","Impala","LS","SEDAN","Used","Used 2006 Chevrolet Impala LS",147000,"[PREMIUM]",,,"[PREMIUM]",1970,2620,"Gray","GRAY","Gray","GRAY","6CLDR","6-Cylinder","2 wheel drive - front","AUT","4-Speed Automatic","Automatic","F","Flexible Fuel","Gas",21,31,3.5,false,15,false,false,false,false,false,false,false,"PREMIUM",,"[PREMIUM]","[PREMIUM]","[PREMIUM]",,"[PREMIUM]",,,179,4.3,1014,,"[""NO_SALVAGE_TITLE"",""ACCIDENTS_REPORTED"",""NO_ONE_OWNER""]","{""exterior"":[""Alloy Wheels""],""interior"":[""Air Conditioning"",""Power Door Locks"",""Power Seat"",""Power Windows"",""Tilt Wheel""],""safety"":[""ABS (4-Wheel)"",""Dual Air Bags"",""F&R Side Air Bags"",""Traction Control""],""mechanical"":[""Power Steering""],""technology"":[""AM/FM Stereo"",""CD/MP3 (Single Disc)"",""Cruise Control"",""OnStar""]}",15,"Excellent Transportation car. Mechanically perfect. Cold AC. Lots of new parts are installed on this car. 147,000 miles. Has been a family car.","[PREMIUM]",8,,,,,"[PREMIUM]"
"778593871","2026-05-25 21:20:34.486","2026-05-25 21:20:34.486","778593871","[PREMIUM]","2320",2006,"CHEV","Chevrolet","HHR","HHR","LT","WAGON","Used","Used 2006 Chevrolet HHR LT",88495,"[PREMIUM]",,"Great","[PREMIUM]",2895,3820,"White","WHITE","Gray","GRAY","4CLDR","4-Cylinder","2 wheel drive - front","AUT","4-Speed Automatic","Automatic","G","Gasoline","Gas",,,2.4,false,31,false,false,false,false,false,false,false,"PREMIUM",,"[PREMIUM]","[PREMIUM]","[PREMIUM]",,"[PREMIUM]",,,186,4.3,909,0,"[""NO_SALVAGE_TITLE"",""NO_ACCIDENTS_REPORTED"",""NO_ONE_OWNER""]","{""exterior"":[""Rear Wiper"",""Tire Type - All Season""],""interior"":[""Air Filtration"",""Cargo Area Floor Mat"",""Center Console - Front Console With Storage"",""Clock"",""Cupholders"",""Driver Seat Manual Adjustments - Reclining"",""Driver Seat Power Adjustments - 6"",""Driver Seat Power Adjustments - Height"",""Driver Seat Power Adjustments - Lumbar"",""Floor Mat Material - Carpet"",""Floor Mats - Front"",""Floor Mats - Rear"",""Front Air Conditioning"",""Front Headrests - 2"",""Front Headrests - Adjustable"",""Front Seat Type - Bucket"",""Gauge - Tachometer"",""Passenger Seat Manual Adjustments - 4"",""Passenger Seat Manual Adjustments - Reclining"",""Power Door Locks"",""Power Outlet(S) - Front"",""Power Windows"",""Reading Lights - Front"",""Rear Headrests - Adjustable"",""Rear Privacy Glass"",""Rear Seat Folding - Split"",""Rear Seat Type - Split-Bench"",""Steering Wheel - Tilt"",""Steering Wheel Mounted Controls - Cruise Control"",""Storage - Cargo Net"",""Storage - Cargo Tie-Down Anchors And Hooks"",""Storage - Door Pockets"",""Storage - Grocery Bag Holder"",""Storage - Seatback"",""Upholstery - Cloth"",""Window Defogger - Rear""],""safety"":[""Airbag Deactivation - Occupant Sensing Passenger"",""Anti-Theft System - Alarm"",""Child Safety Door Locks"",""Child Seat Anchors"",""Daytime Running Lights"",""Front Airbags - Dual"",""Rear Seatbelts - Center 3-Point"",""Seatbelt Pretensioners"",""Spare Tire Mount Location - Inside""],""mechanical"":[""Axle Ratio - 4.17"",""Front Stabilizer Bar"",""Front Struts - Macpherson"",""Front Suspension Classification - Independent"",""Power Steering"",""Rear Stabilizer Bar"",""Rear Suspension Type - Torsion Beam""],""technology"":[""Cruise Control"",""In-Dash Cd - Mp3 Playback"",""In-Dash Cd - Single Disc"",""Radio - Am/Fm"",""Radio Data System"",""Speed Sensitive Volume Control""],""other"":[""Anti-Theft System - Vehicle Immobilizer"",""Front Brake Diameter - 11.7"",""Front Brake Type - Disc"",""Front Brake Width - 1.02"",""Front Wipers - Intermittent"",""Grille Color - Chrome"",""Multi-Function Remote - Keyless Entry"",""Rear Brake Diameter - 9.8"",""Rear Brake Type - Drum"",""Side Mirror Adjustments - Power"",""Tire Prefix - P"",""Trip Odometer"",""Warnings And Reminders - Low Fuel Level"",""Wheel Diameter - 16 Inch""]}",74,"2006 CHEVROLET HHR!! LT TRIM!! 2.4 INLINE 4 CYLINDER!! RELIABLE TRANSPORTATION!! CLEAN CARFAX NO ACCIDENTS!! MORE PICTURES AVAILABLE AT WWW.HOYLEAUTOSALESNC.COM","[PREMIUM]",28,,,,,"[PREMIUM]"
"780957312","2026-05-25 21:20:34.292","2026-05-25 21:20:34.292","780957312","[PREMIUM]","BCP0177A",2006,"BMW","BMW","325I","325i","Sedan","SEDAN","Used","Used 2006 BMW 325i Sedan",236757,"[PREMIUM]",,,"[PREMIUM]",1270,2770,"Black","BLACK",,,"6CLDR","6-Cylinder","2 wheel drive - rear",,,,"G","Gasoline","Gas",,,3,false,4,false,true,false,false,false,false,false,"PREMIUM",,"[PREMIUM]","[PREMIUM]","[PREMIUM]",,"[PREMIUM]",,,32,4.5,1174,1,"[""NO_SALVAGE_TITLE"",""ACCIDENTS_REPORTED"",""NO_ONE_OWNER""]","{""exterior"":[""16\"" x 7\"" Double Spoke Light-Alloy Wheels"",""Alloy wheels"",""Bumpers: body-color"",""Delay-off headlights"",""Front fog lights"",""Fully automatic headlights"",""Heated door mirrors"",""Power door mirrors""],""interior"":[""Air Conditioning"",""Driver door bin"",""Driver vanity mirror"",""Front Bucket Seats"",""Front Center Armrest"",""Front dual zone A/C"",""Front reading lights"",""Genuine wood console insert"",""Genuine wood dashboard insert"",""Genuine wood door panel insert"",""Leather Shift Knob"",""Leather steering wheel"",""Leatherette Upholstery"",""Passenger door bin"",""Passenger vanity mirror"",""Power moonroof"",""Power windows"",""Rear air conditioning"",""Rear reading lights"",""Rear seat center armrest"",""Rear window defroster"",""Steering wheel mounted audio controls"",""Tachometer"",""Telescoping steering wheel"",""Tilt steering wheel"",""Trip computer"",""Variably intermittent wipers""],""safety"":[""ABS brakes"",""Brake assist"",""Dual front impact airbags"",""Dual front side impact airbags"",""Electronic Stability Control"",""Low tire pressure warning"",""Occupant sensing airbag"",""Overhead airbag"",""Traction control""],""mechanical"":[""4-Wheel Disc Brakes"",""Four wheel independent suspension"",""Power steering"",""Speed-sensing steering""],""technology"":[""10 Speakers"",""AM/FM radio"",""Anti-Theft AM/FM Stereo CD/MP3 Player"",""Automatic temperature control"",""CD player"",""Radio data system"",""Rain sensing wipers"",""Remote keyless entry"",""Speed control""],""other"":[""Front anti-roll bar"",""Illuminated entry"",""Outside temperature display"",""Rear anti-roll bar"",""Steering wheel mounted A/C controls""]}",62,"Black 2006 BMW 3 Series 325i 4D Sedan RWD 3.0L I6 DOHC SMPI 6-Speed<br><br>Awards:<br>* 2006 KBB.com Best Resale Value Awards<br>At Bowman Auto Group we are with you every mile and are proud to offer Transparent Pricing! Proudly serving: Oakland County, Clarkston, Bloomfield Hills, Flint, Waterford, Holly, Whitelake, Lake Orion and Detroit All advertised prices for pre-owned vehicles are subject to change without prior notice at the sole discretion of the dealer. The listed sales price does not include applicable state and local taxes, title and registration fees, or licensing costs. Additional fees include, but may not be limited to, a dealer documentation fee of $280, a vehicle reconditioning fee of $399, and an out-of-state title processing fee of $499 where applicable. Final purchase price may vary based on selected vehicle, residency, and other applicable factors. Dealer reserves the right to correct any pricing errors or omissions.","[PREMIUM]",33,,,,,"[PREMIUM]"
"778257039","2026-05-25 21:20:34.289","2026-05-25 21:20:34.289","778257039","[PREMIUM]","CM1312",2006,"HONDA","Honda","RIDGELINE","Ridgeline","RTL","TRUCKS","Used","Used 2006 Honda Ridgeline RTL",140982,"[PREMIUM]",,"Great","[PREMIUM]",7445,8620,"Green","GREEN","Gray","GRAY","6CLDR","6-Cylinder","4 wheel drive","AUT","5-Speed Automatic","Automatic","G","Gasoline","Gas",16,21,3.5,true,34,false,false,false,false,false,false,false,"PREMIUM",,"[PREMIUM]","[PREMIUM]","[PREMIUM]",,"[PREMIUM]",,,785,4.6,756,0,"[""NO_SALVAGE_TITLE"",""NO_ACCIDENTS_REPORTED"",""NO_ONE_OWNER""]","{""exterior"":[""245/65R17 Tire Size"",""Alloy Wheel Material"",""Auto on/off Headlights"",""Dual-action Liftgate/Tailgate"",""Halogen Headlights"",""Heated Mirrors"",""Reflector Headlights"",""Tailgate"",""Tailgate ajar Displays""],""interior"":[""2nd row Table"",""3 Power Outlet(s)"",""6 Cupholders"",""60/40 split-folding"",""Adjustable Head Restraints"",""Air filter Air Conditioning"",""All-Weather Floor Mats"",""Buckets Seats - Front"",""Cargo Lights"",""Door Power Locks"",""Door ajar Displays"",""Dual zone Air Conditioning"",""Emergency Trunk Release"",""Glovebox"",""Heated Seats - Front"",""Heater ducts"",""Leather Upholstery"",""Leather-wrapped Steering Wheel"",""Low fuel indicator Displays"",""Lumbar support"",""Maintenance interval Displays"",""Map Lights"",""Oil pressure Displays"",""Pockets"",""Power Windows"",""Rear Defoggers"",""Rear Storage"",""Reclining Seats - Front"",""Storage"",""Storage Consoles"",""Tachometer Instrument Panels"",""Tilt Steering Column"",""Tint Glass"",""Under seat Storage"",""digital Instrument Panels"",""door Storage"",""illuminated Visors"",""lockable Storage"",""power Seats - Driver"",""rear Heat/Ventilation Systems"",""seatback Storage""],""safety"":[""3-Point Seat Belts in All Positions"",""Airbag - Front Driver Side"",""Airbag - Front Passenger Side"",""Airbag - Occupant Sensor"",""Anti-theft Security Systems"",""Dual-stage Airbag - Driver"",""Dual-stage Airbag - Front Passenger"",""LATCH Child Seat Anchors"",""Pretensioners Safety Belt Systems"",""Side Curtain Airbags"",""Tire pressure Monitors"",""rear doors Child Safety Features""],""mechanical"":[""4WD Drive System"",""Power Steering"",""Power-assisted Brakes"",""ULEV II Emissions"",""disc Brakes""],""technology"":[""6-disc CD changer"",""7 Audio - Speakers"",""AM/FM Audio - Radio"",""Cruise Control"",""Engine Immobilizing System"",""Fixed Antenna"",""HomeLink Garage Door Opener"",""XM Satellite radio Subscriptions"",""dash Audio - CD/MP3""],""other"":[""12-volt"",""17 X 7.5 Wheel Size"",""4-wheel"",""8-way adjuster"",""All Season 105S Tires"",""Automatic Air Conditioning"",""Body-color Mirrors"",""Brakes - ABS"",""Controls"",""Door Beams Side-Impact Protection"",""Electronic Brake Distribution (EBD) Brakes"",""Fuel filler door Remote Releases"",""Heat rejecting Glass"",""Heavy duty Floor Mats"",""Hooks"",""Locks"",""Manual Mirrors"",""Mirror"",""Odometer"",""Outside temperature Displays"",""Quick Brake Assist Brakes"",""Rack & pinion Steering"",""Side"",""Trip odometer(s)"",""Variable intermittent"",""Variable-assist Steering"",""audio Steering Wheel"",""folding Table"",""front Wipers"",""in-bed Cargo Bed"",""lift-up Seats - Rear"",""tie down Cargo Area""]}",108,"WE HAVE CLEAN TITLE, 4 WHEEL DRIVE, RTL 1ST GEN RIDGELINE. THIS TRUCK IS SOUTHERN OWNED BUT DOES HAVE RUST AND IS PRICED ACCORDINGLY. PAINT IS FADED, IN BED TRUNK IS INOPERABLE DUE TO A RUSTED ARM BUT THIS RIDGELINE IS IN GOOD MECHANICAL CONDITION. JUST SERVICED HERE NEW FLUIDS (OIL, TRANSMISSION, REAR DIFF), NEW OIL PAN AND NEW BATTERY. SORRY WE DON'T FINANCE AND WE SHOW CARS BY APPT ONLY.","[PREMIUM]",24,,,,,"[PREMIUM]"
"779192631","2026-05-25 21:20:34.288","2026-05-25 21:20:34.288","779192631","[PREMIUM]","P36035A",2006,"PONT","Pontiac","VIBE","Vibe",,"HATCH","Used","Used 2006 Pontiac Vibe w/ Sun And Sound Package",299358,"[PREMIUM]",,"Great","[PREMIUM]",2295,2995,"Stealth (gray Metallic)",,"Graphite","GRAY","4CLDR","4-Cylinder","2 wheel drive - front","AUT","4-Speed Automatic","Automatic","G","Gasoline","Gas",,,1.8,false,24,false,false,false,false,false,false,false,"PREMIUM",,"[PREMIUM]","[PREMIUM]","[PREMIUM]",,"[PREMIUM]",,,349138,4.7,830,1,"[""NO_SALVAGE_TITLE"",""NO_ACCIDENTS_REPORTED"",""NO_ONE_OWNER""]","{""exterior"":[""16\"" Steel Wheels w/Bolt-On Covers"",""Bodyside moldings"",""Bumpers: body-color"",""Front fog lights"",""Fully automatic headlights"",""Power door mirrors"",""Rear window wiper""],""interior"":[""Air Conditioning"",""Body-Colored Door Handles"",""Body-Colored Lower Cladding"",""Cyber Cloth Seat Trim"",""Driver door bin"",""Driver vanity mirror"",""Front Bucket Seats"",""Front Center Armrest"",""Interior Lighting"",""Passenger door bin"",""Passenger vanity mirror"",""Power Door Locks"",""Power Programmable Door Locks"",""Power Sunroof"",""Power Windows"",""Rear window defroster"",""Split folding rear seat"",""Tachometer"",""Tilt steering wheel"",""Variably intermittent wipers""],""safety"":[""Dual front impact airbags"",""Occupant sensing airbag""],""mechanical"":[""Front wheel independent suspension"",""Power steering""],""technology"":[""4 Speakers"",""AM/FM radio"",""CD player"",""Cruise Control"",""Radio data system"",""Remote Keyless Entry"",""Weather band radio""],""other"":[""Body-Colored Mirrors"",""Front anti-roll bar"",""Outside temperature display"",""Preferred Package"",""Premium Monotone Appearance Package"",""Rear anti-roll bar"",""Roof rack: rails only"",""Sun & Sound Package""]}",46,"Priced below KBB Fair Purchase Price!<br><br>***Wholesale to the Public*** Take advantage and save thousands before these vehicles are sent to auction. *CASH PURCHASE ONLY* Vehicles sold AS-IS. No offsite deliveries or transportation. Must take delivery in person at dealership in Flint, MI.<br>16 Steel Wheels w/Bolt-On Covers, 4 Speakers, Air Conditioning, AM/FM radio, Body-Colored Door Handles, Body-Colored Lower Cladding, Body-Colored Mirrors, Bodyside moldings, Bumpers: body-color, CD player, Cruise Control, Cyber Cloth Seat Trim, Driver door bin, Driver vanity mirror, Dual front impact airbags, Front anti-roll bar, Front Bucket Seats, Front Center Armrest, Front fog lights, Front wheel independent suspension, Fully automatic headlights, Interior Lighting, Occupant sensing airbag, Outside temperature display, Passenger door bin, Passenger vanity mirror, Power Door Locks, Power door mirrors, Power Programmable Door Locks, Power steering, Power Sunroof, Power Windows, Preferred Package, Premium Monotone Appearance Package, Radio data system, Rear anti-roll bar, Rear window defroster, Rear window wiper, Remote Keyless Entry, Roof rack: rails only, Split folding rear seat, Sun &amp; Sound Package, Tachometer, Tilt steering wheel, Variably intermittent wipers, Weather band radio.<br>1.8L 4-Cylinder VVT-i 4-Speed Automatic with Overdrive FWD Stealth (Gray Metallic)","[PREMIUM]",13,,,,,"[PREMIUM]"
"780648322","2026-05-25 21:20:34.269","2026-05-25 21:20:34.269","780648322","[PREMIUM]","4A4MM21S96E024612",2006,"MIT","Mitsubishi","ENDEAVOR","Endeavor","LS","SUV","Used","Used 2006 Mitsubishi Endeavor LS",182857,"[PREMIUM]",,,"[PREMIUM]",1295,1820,"Gray","GRAY","Black","BLACK","6CLDR","6-Cylinder","2 wheel drive - front","AUT","4-Speed Automatic","Automatic","G","Gasoline","Gas",17,23,3.8,false,8,false,false,false,false,false,false,false,"PREMIUM",,"[PREMIUM]","[PREMIUM]","[PREMIUM]",,"[PREMIUM]",,,1241,4.6,330,,"[""NO_SALVAGE_TITLE"",""NO_ACCIDENTS_REPORTED"",""NO_ONE_OWNER""]","{""exterior"":[""Alloy Wheels"",""Roof Rack""],""interior"":[""Air Conditioning"",""Power Door Locks"",""Power Seat"",""Power Windows"",""Tilt Wheel""],""safety"":[""ABS (4-Wheel)"",""Dual Air Bags"",""Side Air Bags"",""Traction Control""],""mechanical"":[""Power Steering""],""technology"":[""AM/FM Stereo"",""CD/MP3 (Single Disc)"",""Cassette"",""Cruise Control""]}",16,"This 2006 Mitsubishi Endeavor LS is in good condition with 182,857 miles. Gray exterior with black interior. Timing Belt Replaced At 90,000 miles. Replaced parts include door handles, two window mechanics, trunk hydraulics, windshield wipers, replaced gas cap, new windshield, new battery. Engine runs amazingly and is reliable. Cargo area is roomy, and the rear passage seats have excellent room. Air conditioning is strong and ice cold. Only one key. <br><br>Features include:<br> Air conditioning and cruise control<br> Power windows, locks, and steering<br> AM/FM stereo with CD/MP3 and cassette player<br> Dual and side airbags with ABS brakes<br> Roof rack for extra cargo<br> Alloy wheels<br> Power driver seat<br><br>Chat me if you have any questions.","[PREMIUM]",9,,,,,"[PREMIUM]"
"778335379","2026-05-25 21:20:34.267","2026-05-25 21:20:34.267","778335379","[PREMIUM]","SAJWA51A86WE84912",2006,"JAG","Jaguar","XTYPE","X-TYPE","3.0","SEDAN","Used","Used 2006 Jaguar X-TYPE 3.0",162230,"[PREMIUM]",,,"[PREMIUM]",1790,2665,"White","WHITE","White","WHITE","6CLDR","6-Cylinder","All wheel drive","AUT","5-Speed Automatic","Automatic","G","Gasoline","Gas",18,24,3,true,33,false,false,false,false,false,false,false,"PREMIUM",,"[PREMIUM]","[PREMIUM]","[PREMIUM]",,"[PREMIUM]",,,852,4.1,380,,"[""NO_SALVAGE_TITLE"",""ACCIDENTS_REPORTED"",""NO_ONE_OWNER""]","{""exterior"":[""Alloy Wheels""],""interior"":[""Air Conditioning"",""Dual Power Seats"",""Leather"",""Moon Roof"",""Power Door Locks"",""Power Windows"",""Tilt Wheel""],""safety"":[""ABS (4-Wheel)"",""Dual Air Bags"",""Side Air Bags""],""mechanical"":[""Power Steering""],""technology"":[""AM/FM Stereo"",""CD/MP3 (Single Disc)"",""Cruise Control""]}",15,"This 2006 Jaguar X-Type has 162,230 miles and features a 3.0L V6 engine with automatic transmission and all-wheel drive. The white exterior matches the white leather interior. <br><br>Key features include:<br> Dual power seats with leather<br> Moon roof<br> AM/FM stereo with CD/MP3 player<br> Cruise control<br> Alloy wheels<br> Multiple airbags and ABS braking<br><br>The all-wheel drive system provides good traction in various weather conditions. The V6 engine offers decent power for highway driving. Interior space is comfortable for passengers.<br><br>Chat me if you have any questions about the car.","[PREMIUM]",7,,,,,"[PREMIUM]"
"781263096","2026-05-25 21:20:24.042","2026-05-25 21:20:24.042","781263096","[PREMIUM]","TS559501",2006,"TOYOTA","Toyota","TUNDRA","Tundra","SR5","TRUCKS","Used","Used 2006 Toyota Tundra SR5",301414,"[PREMIUM]",,"Great","[PREMIUM]",4800,6100,"Desert Sand Mica","TAN","Taupe","TAN","8CLDR","8-Cylinder","2 wheel drive - rear","AUT","5-Speed Automatic","Automatic","G","Gasoline","Gas",16,19,4.7,false,1,false,true,false,false,false,false,false,"PREMIUM",,"[PREMIUM]","[PREMIUM]","[PREMIUM]",,"[PREMIUM]",,,1695,4.8,1315,0,"[""NO_SALVAGE_TITLE"",""NO_ACCIDENTS_REPORTED"",""NO_ONE_OWNER""]","{""exterior"":[""Bodyside moldings"",""Bumpers: body-color"",""Power door mirrors"",""Rear step bumper""],""interior"":[""Air Conditioning"",""Cloth Seat Trim"",""Driver door bin"",""Driver vanity mirror"",""Driver's Seat Mounted Armrest"",""Front Bucket Seats"",""Front Captain's Chairs"",""Front Center Armrest w/Storage"",""Front reading lights"",""Overhead console"",""Passenger door bin"",""Passenger seat mounted armrest"",""Passenger vanity mirror"",""Power windows"",""Rear seat center armrest"",""Rear window defroster"",""Split folding rear seat"",""Tachometer"",""Tilt steering wheel"",""Variably intermittent wipers"",""Voltmeter""],""safety"":[""ABS brakes"",""Dual front impact airbags"",""Low tire pressure warning"",""Occupant sensing airbag""],""mechanical"":[""3.92 Axle Ratio"",""Front wheel independent suspension"",""Power steering"",""Speed-sensing steering""],""technology"":[""6 Speakers"",""AM/FM Stereo CD w/6 Speakers"",""AM/FM radio"",""CD player"",""Speed control""],""other"":[""Front anti-roll bar""]}",39,"This vehicle is being sold &quot;AS-IS&quot; and &quot;WITH ALL FAULTS.&quot; The seller makes no representations, warranties, or guarantees-either express or implied-regarding the vehicle's mechanical condition, safety, or fitness for a particular purpose. Any descriptions provided are for informational purposes only. The buyer is encouraged to inspect the vehicle thoroughly or have it inspected by a third-party mechanic prior to purchase. Once the sale is finalized, all repairs and maintenance become the sole responsibility of the buyer.<br><br>- 6 Speakers<br>- AM/FM radio<br>- AM/FM Stereo CD w/6 Speakers<br>- CD player<br>- 3.92 Axle Ratio<br>- Air Conditioning<br>- Rear window defroster<br>- Power steering<br>- Power windows<br>- Speed control<br>- Speed-sensing steering<br>- Bodyside moldings<br>- Bumpers: body-color<br>- Power door mirrors<br>- Rear step bumper<br>- Cloth Seat Trim<br>- Driver door bin<br>- Driver vanity mirror<br>- Front reading lights<br>- Overhead console<br>- Passenger seat mounted armrest<br>- Passenger vanity mirror<br>- Rear seat center armrest<br>- Tachometer<br>- Tilt steering wheel<br>- Voltmeter<br>- ABS brakes<br>- Dual front impact airbags<br>- Front anti-roll bar<br>- Front wheel independent suspension<br>- Low tire pressure warning<br>- Occupant sensing airbag<br>- Driver's Seat Mounted Armrest<br>- Front Bucket Seats<br>- Front Captain's Chairs<br>- Split folding rear seat<br>- Front Center Armrest w/Storage<br>- Passenger door bin<br>- Variably intermittent wipers<br><br>This 2006 Toyota Tundra 4.7L V8 is a reliable and capable full-size pickup that's ready to take on your toughest jobs. With its powerful V8 engine, smooth-shifting 5-speed automatic transmission, and rear-wheel drive, this Tundra delivers the performance and utility you need. Inside, you'll find a well-appointed cabin with plenty of comfort and convenience features, including air conditioning, power windows and locks, and a premium audio system. Whether you're hauling heavy loads or just need a dependable daily driver, this Tundra is a solid choice. Come in today and let us show you all this truck has to offer.","[PREMIUM]",25,,,,,"[PREMIUM]"
"779656804","2026-05-25 21:20:24.032","2026-05-25 21:20:24.032","779656804","[PREMIUM]","6A900366A",2006,"MB","Mercedes-Benz","E350","E 350","Sedan","SEDAN","Used","Used 2006 Mercedes-Benz E 350 Sedan",152970,"[PREMIUM]",,,"[PREMIUM]",1675,3425,,,,,"6CLDR","6-Cylinder","2 wheel drive - rear","AUT","7-Speed Automatic","Automatic","G","Gasoline","Gas",19,27,3.5,true,19,false,false,false,false,false,false,false,"PREMIUM",,"[PREMIUM]","[PREMIUM]","[PREMIUM]",,"[PREMIUM]",,,1134,4.6,690,1,"[""NO_SALVAGE_TITLE"",""NO_FRAME_DAMAGE"",""NO_FLOOD_WATER_DAMAGE"",""ACCIDENTS_REPORTED"",""NO_ONE_OWNER""]","{""exterior"":[""17\"" x 8\"" Silver Alloy Wheels"",""Alloy wheels"",""Auto-dimming door mirrors"",""Bodyside moldings"",""Bumpers: body-color"",""Delay-off headlights"",""Front fog lights"",""Heated door mirrors"",""Power door mirrors"",""Rear fog lights"",""Turn signal indicator mirrors""],""interior"":[""Air Conditioning"",""Anti-whiplash front head restraints"",""Auto-dimming Rear-View mirror"",""Driver door bin"",""Driver vanity mirror"",""Front Bucket Seats"",""Front Center Armrest w/Storage"",""Front dual zone A/C"",""Front reading lights"",""Genuine wood console insert"",""Genuine wood dashboard insert"",""Genuine wood door panel insert"",""HVAC memory"",""Head restraints memory"",""Leather Shift Knob"",""Leather steering wheel"",""Memory seat"",""Overhead console"",""Passenger door bin"",""Passenger vanity mirror"",""Power adjustable front head restraints"",""Power adjustable rear head restraints"",""Power driver seat"",""Power passenger seat"",""Power windows"",""Rear reading lights"",""Rear seat center armrest"",""Rear window defroster"",""Steering wheel memory"",""Steering wheel mounted audio controls"",""Tachometer"",""Telescoping steering wheel"",""Tilt steering wheel"",""Trip computer"",""Variably intermittent wipers""],""safety"":[""ABS brakes"",""Brake assist"",""Dual front impact airbags"",""Dual front side impact airbags"",""Electronic Stability Control"",""Emergency communication system: Tele Aid"",""Low tire pressure warning"",""Occupant sensing airbag"",""Overhead airbag"",""Panic alarm"",""Rear side impact airbag"",""Security system"",""Traction control""],""mechanical"":[""4-Wheel Disc Brakes"",""Four wheel independent suspension"",""Power steering"",""Speed-sensing steering""],""technology"":[""9 Speakers"",""AM/FM radio"",""Audio memory"",""Automatic temperature control"",""CD player"",""Garage door transmitter: Homelink"",""Rain sensing wipers"",""Remote keyless entry"",""Speed control"",""Weather band radio""],""other"":[""Auto tilt-away steering wheel"",""COMANDﾮ AM/FM Stereo w/Single CD"",""Front anti-roll bar"",""Illuminated entry"",""Leather Seating Inserts"",""Outside temperature display"",""Premium audio system: COMANDﾮ"",""Rear anti-roll bar""]}",81,"Indulge yourself in our 2006 Mercedes-Benz E-Class E 350 Sedan in Silver Metallic! Powered by a 3.5 Liter V6 that offers 268hp while connected to a 7 Speed Automatic transmission. This Rear Wheel Drive Sedan offers an amazing ride and nearly 26mpg on the road! This sedan is nothing less than stylish and all-around gorgeous with fog lamps, a large sunroof, great-looking alloy wheels, and the iconic Mercedes-Benz hood ornament! <br><br>Inside our E350, you will find numerous features and amenities you will appreciate. Enjoy power-adjustable heated leather front seats with memory, beautiful burl walnut wood interior trim, keyless entry, the COMAND interface that features a touchscreen display and available navigation, and dual-zone automatic climate control. Grip the wood and leather-wrapped steering wheel with mounted controls, choose your tunes on the stellar audio system with available Sirius radio and a premium Harman/Kardon sound, and enjoy your drive! <br><br>Mercedes-Benz offers so many safety features for you, including ABS, LATCH, daytime running lights, airbags, and more! Don't wait another minute! This sleek E 350 Sedan is just waiting to be revved up! Save this Page and Call for Availability. We Know You Will Enjoy Your Test Drive Towards Ownership! Our professional and well-trained staff is ready to assist you with your automotive needs. Call us at   or stop by the dealership at 3515 Jackson Road, Ann Arbor, MI to set up a test drive! Price does not include licensing costs, registration fees and taxes which are to be paid by the consumer. Prices include $280 dealer doc fee. Does not include optional accessories of $24 CVR filing fee.","[PREMIUM]",28,,,,,"[PREMIUM]"
"778694850","2026-05-25 21:20:13.884","2026-05-25 21:20:13.884","778694850","[PREMIUM]","J0784A",2006,"VOLKS","Volkswagen","PASS","Passat","2.0T","SEDAN","Used","Used 2006 Volkswagen Passat 2.0T",133141,"[PREMIUM]",,,"[PREMIUM]",2790,3215,"Blue","BLUE","Latte Macchiato","BROWN","4CLDR","4-Cylinder Turbo","2 wheel drive - front","AUT","6-Speed Automatic","Automatic","G","Gasoline","Gas",22,31,2,false,30,false,false,true,false,false,false,false,"PREMIUM",,"[PREMIUM]","[PREMIUM]","[PREMIUM]",,"[PREMIUM]",,,1714,4.1,542,1,"[""NO_SALVAGE_TITLE"",""NO_ACCIDENTS_REPORTED"",""NO_ONE_OWNER""]","{""exterior"":[""Aluminum Wheels"",""Bodyside moldings"",""Bumpers: body-color"",""Heated Mirrors"",""Heated door mirrors"",""Integrated Turn Signal Mirrors"",""Power Mirror(s)"",""Power door mirrors"",""Tires - Front Performance"",""Tires - Rear Performance"",""Turn signal indicator mirrors"",""Wheel Locks""],""interior"":[""A/C"",""Adjustable Steering Wheel"",""Air Conditioning"",""Anti-whiplash front head restraints"",""Bucket Seats"",""Climate Control"",""Driver & Front Passenger Comfort Seats"",""Driver Adjustable Lumbar"",""Driver Illuminated Vanity Mirror"",""Driver Vanity Mirror"",""Driver door bin"",""Driver vanity mirror"",""Emergency Trunk Release"",""Floor Mats"",""Front Bucket Seats"",""Front Center Armrest"",""Front Reading Lamps"",""Front reading lights"",""Intermittent Wipers"",""Leatherette Seat Trim"",""Overhead console"",""Pass-Through Rear Seat"",""Passenger Adjustable Lumbar"",""Passenger Illuminated Visor Mirror"",""Passenger Vanity Mirror"",""Passenger door bin"",""Passenger vanity mirror"",""Power Door Locks"",""Power Driver Seat"",""Power Outlet"",""Power Windows"",""Power windows"",""Premium Synthetic Seats"",""Rear Bench Seat"",""Rear Defrost"",""Rear Reading Lamps"",""Rear seat center armrest"",""Rear window defroster"",""Remote Trunk Release"",""Split folding rear seat"",""Tachometer"",""Telescoping steering wheel"",""Tilt steering wheel"",""Trip Computer"",""Trip computer"",""Variable Speed Intermittent Wipers"",""Variably intermittent wipers""],""safety"":[""ABS"",""ABS brakes"",""Brake Assist"",""Brake assist"",""Child Safety Locks"",""Conventional Spare Tire"",""Daytime Running Lights"",""Driver Air Bag"",""Dual front impact airbags"",""Dual front side impact airbags"",""Electronic Stability Control"",""Front Head Air Bag"",""Front Side Air Bag"",""Low tire pressure warning"",""Occupant sensing airbag"",""Overhead airbag"",""Panic alarm"",""Passenger Air Bag"",""Rear Head Air Bag"",""Security System"",""Security system"",""Stability Control"",""Tire Pressure Monitor"",""Traction Control"",""Traction control""],""mechanical"":[""4-Wheel Disc Brakes"",""Brake Actuated Limited Slip Differential"",""Four wheel independent suspension"",""Front Wheel Drive"",""Power Steering"",""Power steering"",""Speed-sensing steering"",""Turbocharged""],""technology"":[""8 Speakers"",""AM/FM Stereo"",""AM/FM radio"",""AM/FM w/In-Dash Single CD Player"",""CD Player"",""CD player"",""Compass"",""Cruise Control"",""Immobilizer"",""Keyless Entry"",""MP3 Capability"",""Remote keyless entry"",""Speed control""],""other"":[""Front anti-roll bar"",""Illuminated entry"",""Outside temperature display"",""Rear anti-roll bar""]}",109,"Your 2006 Volkswagen Passat 2.0T is perfect for daily work or weekend road trips to our neighboring communities of Grove City.<br><br>*SERVICE &amp; MAINTENANCE COMPLETED:* on Stock# J0784A *FEATURES NO LESS THAN $600 IN PREVENTATIVE MAINTENANCE &amp; SAFETY EQUIPMENT UPGRADES* including the following items: Completed a Used Car Detail, Performed a Used Car Inspection, and Completed Regular Oil and Filter Change. Hugh White Honda also offers extended vehicle service contracts so our Columbus, OH area drivers enjoy a worry free used car, SUV or van ownership experience.<br><br>This fwd 2006 Volkswagen Passat 2.0T is one of those used cars Columbus shoppers seek out for its Shadow Blue exterior with a Pure Beige Interior. With 133,141 miles this 2006 Passat with a 4cyl,, 200 hp engine is your best buy near Hilliard, OH.<br><br>This 2006 Volkswagen Passat for sale includes a for your peace of mind!<br><br>Your Shadow Blue 2006 Volkswagen Passat 2.0T near Columbus is available for immediate test drives in Columbus, OH.<br><br>*Our Car Dealership in Columbus, OH:* Call Hugh White Honda today at * TO SCHEDULE YOUR TEST DRIVE* of this 2006 Volkswagen Passat 2.0T! Hugh White Honda serves Columbus. You can also visit us at, 1215 Auto Mall Dr #1360, Columbus, OH 43228 to check it out in person! Hugh White Honda Used car dealership only sells used cars Columbus, OH buyers can trust for safety and worry free driving.<br><br>*MECHANICAL FEATURES:* This Volkswagen Passat comes factory equipped with an impressive 4cyl,, 200 hp engine, an automatic transmission. Other installed mechanical features include Heated Mirrors, Power One-touch down windows, Power Mirrors, Traction Control, Ventilated Disc Brakes, Cruise Control, Intermittent Wipers, Variable Speed Intermittent Wipers, Power Steering, Tachometer, Trip Computer. Hugh White Honda is Central Ohio's only location where you can test drive a new, used or Certified car. That's why more Ohio used car shoppers and owners drive to Hugh White Honda in Columbus for used cars, trucks &amp; SUVs sales, service, parts and accessories.<br><br>*INTERIOR OPTIONS:* Compass, Bucket Front Seats, Air Conditioning, Telescoping Wheel, Illuminated entry, Center Console Storage, Rear Seat Center Armrest, Single-Disc CD Player, Overhead Console, Tilt Steering Wheel, Trip Odometer, Center Armrest, Outside Temperature Gauge, Split Folding Rear Seat, Rear Window Defroster, Reading Lights, AM/FM Stereo, Vanity Mirrors<br><br>*SAFETY OPTIONS:* Electronic Stability Control, Security System, Integrated Turn Signal Mirrors, Brake Assist, Aftermarket Anti Theft System, Overhead airbag, Speed Sensitive Power Steering, Tire Pressure Monitoring System, ABS Brakes, Dual Air Bags, Driver Front Side Impact Air Bag, Front anti-whiplash head restraints, Low tire pressure warning, Passenger Air Bag Sensor. This 2006 Volkswagen Passat 2.0T comes standard with peace of mind for any driving conditions<br><br>*Why utilize Honda Financial Services Financing?* You can use our Honda Dealer car payment calculator to calculate your payment on this Shadow Blue 2006 Volkswagen Passat 2.0T. Our Hugh White Honda Honda Financial Services Specialists work with every level of credit and Honda Financing needs. From bad credit car financing to the highest credit scores, our Honda Financial Services experts offer more and better credit options than used car lots in Columbus, OH.<br><br>The Hugh White Honda used car dealership in Central Ohio is an easy drive or fly in from anywhere in the United States. Your 2006 Volkswagen Passat 2.0T will be waiting for your test drive and/or shipping instructions.<br><br>Looking for used cars in Columbus? We're glad you found this used Volkswagen Passat for sale at our car dealership in Columbus, OH. Looking for financing? Our Hugh White Honda finance specialist will find the best rates available for this used Volkswagen Passat for sale. Hugh White Honda has new car&gt;","[PREMIUM]",31,,,,,"[PREMIUM]"
"776054523","2026-05-25 21:20:13.836","2026-05-25 21:20:13.836","776054523","[PREMIUM]","2HGFG11816H538888",2006,"HONDA","Honda","CIVIC","Civic","EX","COUPE","Used","Used 2006 Honda Civic EX",271000,"[PREMIUM]",,,"[PREMIUM]",1475,2500,"Beige","BEIGE","Gray","GRAY","4CLDR","4-Cylinder","2 wheel drive - front","MAN","5-Speed Manual","Manual","G","Gasoline","Gas",30,38,1.8,false,59,false,false,false,false,false,false,false,"PREMIUM",,"[PREMIUM]","[PREMIUM]","[PREMIUM]",,"[PREMIUM]",,,756,4.5,2050,,"[""NO_SALVAGE_TITLE"",""NO_ACCIDENTS_REPORTED"",""NO_ONE_OWNER""]","{""exterior"":[""Rear Spoiler""],""interior"":[""Air Conditioning"",""Moon Roof"",""Power Door Locks"",""Power Windows"",""Tilt Wheel""],""safety"":[""ABS (4-Wheel)"",""Dual Air Bags"",""Side Air Bags""],""mechanical"":[""Power Steering""],""technology"":[""AM/FM Stereo"",""CD/MP3 (Single Disc)"",""Cruise Control""],""other"":[""Premium Sound""]}",14,"Car runs well but needs an engine mount and some electrical work. Swapped engine has about 70K miles.","[PREMIUM]",9,,,,,"[PREMIUM]"
"778149026","2026-05-25 21:20:03.749","2026-05-25 21:20:03.749","778149026","[PREMIUM]","5FNRL38766B054978",2006,"HONDA","Honda","ODYSSEY","Odyssey","EX-L","VANS","Used","Used 2006 Honda Odyssey EX-L",130000,"[PREMIUM]",,,"[PREMIUM]",3495,4495,"Silver","SILVER","Gray","GRAY","6CLDR","6-Cylinder","2 wheel drive - front","AUT","5-Speed Automatic","Automatic","G","Gasoline","Gas",20,28,3.5,true,35,false,false,false,false,false,false,false,"PREMIUM",,"[PREMIUM]","[PREMIUM]","[PREMIUM]",,"[PREMIUM]",,,263728,4.5,776,,"[""NO_SALVAGE_TITLE"",""NO_ACCIDENTS_REPORTED"",""NO_ONE_OWNER""]","{""exterior"":[""Alloy Wheels"",""Rear Spoiler""],""interior"":[""Air Conditioning"",""Leather"",""Moon Roof"",""Power Door Locks"",""Power Seat"",""Power Sliding Doors"",""Power Windows"",""Tilt Wheel""],""safety"":[""ABS (4-Wheel)"",""Dual Air Bags"",""Side Air Bags"",""Traction Control""],""mechanical"":[""Power Steering""],""technology"":[""AM/FM Stereo"",""Backup Camera"",""CD/MP3 (Multi Disc)"",""Cruise Control"",""DVD System""],""other"":[""Quad Seating (4 Buckets)"",""Rear""]}",22,"I'm selling my 2006 Honda Odyssey with 129,000 miles. The vehicle runs smoothly and has been well maintained over the years. It's reliable, spacious, and perfect for families or daily commuting.<br><br>This vehicle has been lightly used in recent times, averaging about 50100 miles per month for day-to-day errands.<br><br>Recent maintenance includes replacement of the timing belt, alternator, and battery, adding extra value and peace of mind for the next owner.<br><br>I recently purchased a new Odyssey, which is the only reason for selling this one. The car is in good working condition with no major issues.<br><br>Asking price is $5,000, and I'm open to reasonable negotiation. Serious buyers only, please.<br><br>Feel free to reach out if you have any questions or would like to schedule a test drive.","[PREMIUM]",30,,,,,"[PREMIUM]"
"778238191","2026-05-25 21:20:03.724","2026-05-25 21:20:03.724","778238191","[PREMIUM]","1FTRE14W46DB05221",2006,"FORD","Ford","E150ECON","E-150 and Econoline 150",,"VANS","Used","Used 2006 Ford E-150 and Econoline 150",181197,"[PREMIUM]",,,"[PREMIUM]",1505,2705,"White","WHITE","Gray","GRAY","8CLDR","8-Cylinder","2 wheel drive - rear","AUT","4-Speed Automatic","Automatic","G","Gasoline","Gas",15,19,4.6,false,34,false,false,false,false,false,false,false,"PREMIUM",,"[PREMIUM]","[PREMIUM]","[PREMIUM]",,"[PREMIUM]",,,523,4.4,329,,"[""NO_SALVAGE_TITLE"",""NO_ACCIDENTS_REPORTED"",""NO_ONE_OWNER""]","{""exterior"":[""Steel Wheels""],""interior"":[""Air Conditioning"",""Power Door Locks"",""Power Windows"",""Tilt Wheel""],""safety"":[""ABS (4-Wheel)"",""Dual Air Bags""],""mechanical"":[""Power Steering""],""technology"":[""AM/FM Stereo"",""Cruise Control""]}",10,"I have officially retired and need to sell my work van. Very dependable I just have no use for it anymore. Extras include <br>Rear back up alarm<br>After market plug in rear camera <br>Shelving on both sides of rear <br>Van Partition Wall <br>Clipboard pedestal in between seats <br>And organizer shelves","[PREMIUM]",15,,,,,"[PREMIUM]"
"779965130","2026-05-25 21:19:53.475","2026-05-25 21:19:53.475","779965130","[PREMIUM]","T61114A",2006,"FORD","Ford","F150PICKUP","F150","XL","TRUCKS","Used","Used 2006 Ford F150 XL",242079,"[PREMIUM]",,,"[PREMIUM]",2980,3905,"Bright Red Clearcoat","RED","Medium Flint","GRAY","6CLDR","6-Cylinder","2 wheel drive - rear",,,,"G","Gasoline","Gas",,,4.2,false,16,false,false,true,false,false,false,false,"PREMIUM",,"[PREMIUM]","[PREMIUM]","[PREMIUM]",,"[PREMIUM]",,,349456,4.5,2566,0,"[""NO_SALVAGE_TITLE"",""ACCIDENTS_REPORTED"",""ONE_OWNER""]","{""exterior"":[""17\"" Gray Styled Steel Wheels"",""Rear step bumper""],""interior"":[""Driver door bin"",""Front Center Armrest"",""Front reading lights"",""Passenger door bin"",""Passenger vanity mirror"",""Tachometer"",""Tilt steering wheel"",""Variably intermittent wipers"",""Voltmeter""],""safety"":[""ABS brakes"",""Dual front impact airbags"",""Occupant sensing airbag""],""mechanical"":[""3.31 Axle Ratio"",""4-Wheel Disc Brakes"",""Front wheel independent suspension"",""Power steering""],""technology"":[""4 Speakers"",""AM/FM Stereo/Clock"",""AM/FM radio""],""other"":[""Front anti-roll bar""]}",22,"**THIS VEHICLE HAS NEVER BEEN INSPECTED, ADVISE INSPECTING BEFORE PURCHASE, VEHICLE SOLD 100% AS-IS**<br><br>Discover the versatility and reliability of this 2006 Ford F-150 XL. Boasting a 4.2L V6 engine and 4-speed automatic transmission, this truck is ready to take on your toughest tasks. Key features include:<br><br>- ABS brakes<br>- 4 Speakers<br>- AM/FM radio<br>- AM/FM Stereo/Clock<br>- 3.31 Axle Ratio<br>- Power steering<br>- Rear step bumper<br>- Driver door bin<br>- Front reading lights<br>- Passenger vanity mirror<br>- Tachometer<br>- Tilt steering wheel<br>- Voltmeter<br>- 4-Wheel Disc Brakes<br>- Dual front impact airbags<br>- Front anti-roll bar<br>- Front wheel independent suspension<br>- Occupant sensing airbag<br>- Front Center Armrest<br>- Passenger door bin<br>- 17 Gray Styled Steel Wheels<br>- Variably intermittent wipers<br><br>This F-150 XL is the perfect blend of capability and convenience. Its spacious interior and rugged exterior make it a versatile choice for work or play. Whether you're hauling equipment, towing a trailer, or simply commuting in comfort, this truck is up for the challenge.<br><br>Experience the confidence and dependability of this 2006 Ford F-150 XL. Visit our showroom today and let us demonstrate how this reliable workhorse can enhance your driving experience.","[PREMIUM]",19,,,,,"[PREMIUM]"
"777529124","2026-05-25 21:19:53.474","2026-05-25 21:19:53.474","777529124","[PREMIUM]","618037",2006,"FORD","Ford","EXPEDI","Expedition","XLT","SUV","Used","Used 2006 Ford Expedition XLT",252238,"[PREMIUM]",,"Great","[PREMIUM]",2360,3985,"Pueblo Gold Clearcoat Metallic","GOLD","Medium Parchment","TAN","8CLDR","8-Cylinder","4 wheel drive","AUT","4-Speed Automatic","Automatic","G","Gasoline","Gas",14,17,5.4,true,41,false,false,false,false,false,false,false,"PREMIUM",,"[PREMIUM]","[PREMIUM]","[PREMIUM]",,"[PREMIUM]",,,348173,4.5,658,0,"[""NO_SALVAGE_TITLE"",""NO_FRAME_DAMAGE"",""NO_FLOOD_WATER_DAMAGE"",""ACCIDENTS_REPORTED"",""NO_ONE_OWNER""]","{""exterior"":[""17\"" Aluminum Wheels"",""Delay-off headlights"",""Front fog lights"",""Fully automatic headlights"",""Power door mirrors"",""Rear window wiper""],""interior"":[""***3rd Row Seating"",""***Leather Seats"",""3rd Row Seating"",""Air Conditioning"",""Center Floor Console"",""Cloth 40/60 Power Driver Split Bench"",""Driver door bin"",""Driver vanity mirror"",""Front Center Armrest"",""Front reading lights"",""Leather Steering Wheel"",""Overhead console"",""Passenger door bin"",""Passenger vanity mirror"",""Power driver seat"",""Power windows"",""Rear air conditioning"",""Rear reading lights"",""Rear window defroster"",""Speed-Sensitive Wipers"",""Split folding rear seat"",""Tachometer"",""Tilt steering wheel"",""Variably intermittent wipers"",""Voltmeter""],""safety"":[""ABS brakes"",""Brake assist"",""Dual front impact airbags"",""Low tire pressure warning"",""Panic alarm""],""mechanical"":[""3.73 Axle Ratio"",""4-Wheel Disc Brakes"",""Four wheel independent suspension"",""Power steering"",""Speed-sensing steering""],""technology"":[""4 Speakers"",""AM/FM Premium CD/Cassette Dual Media"",""AM/FM radio"",""CD player"",""Cassette"",""Remote keyless entry"",""Speed control""],""other"":[""***Local Trade-In"",""300 lbs Payload Package"",""Front License Plate Bracket"",""Front anti-roll bar"",""GVWR: 7"",""Illuminated entry"",""Leather High Back Captain's Chairs"",""Rear anti-roll bar"",""Roof rack: rails only""]}",57,"2006 Ford Expedition 4D Sport Utility XLT 5.4L V8 SOHC 24V 4WD ***Leather Seats***3rd Row Seating***Local Trade-In***Pueblo Gold Clearcoat Metallic Exterior***Medium Parchment w/Leather High Back Captain's Chairs Interior<br><br>Pre-Auction Vehicle. These are vehicles that are typically flawed in some way. They are typically higher mileage, older, lower-priced vehicles. They are generally vehicles that we would otherwise wholesale to a small dealer or independent lot. They fall outside of our Risk Free vehicle guidelines but we have found that our customers have requested that we make these vehicles available as 2nd cars, college cars, kid's cars or other basic transportation to the public for retail sale. Some general guidelines:<br><br>-basic oil change and safety inspection, we encourage you to have your own inspection done by a 3rd party if you so choose<br><br>-they are priced with consideration of condition and possible repairs needed<br><br>-they are sold without a warranty<br><br>-they are offered for a limited time only-3-4 weeks<br><br>-they are sold 100% AS-IS<br><br>-they are also sold with our best price on the windshield<br><br>While there is always some risk in purchasing these types of vehicles, we feel that there is also a great opportunity for you the consumer to get a great deal. Eide Ford pre-owned vehicles come standard with one key. If we received more than one key from the previous owner, we include them. Additional keys, as well as dealer-installed accessories, may be purchased at the time of sale.","[PREMIUM]",32,,,,,"[PREMIUM]"
"776803114","2026-05-25 21:19:53.450","2026-05-25 21:19:53.450","776803114","[PREMIUM]","W30679A",2006,"JEEP","Jeep","LIBERTY","Liberty","Limited","SUV","Used","Used 2006 Jeep Liberty Limited",198791,"[PREMIUM]",,"Great","[PREMIUM]",2365,3490,"Stone White Clearcoat","WHITE","Dk/Lt Slate Gray","GRAY","6CLDR","6-Cylinder","4 wheel drive","AUT","4-Speed Automatic","Automatic","G","Gasoline","Gas",17,22,3.7,true,51,false,false,true,false,false,false,false,"PREMIUM",,"[PREMIUM]","[PREMIUM]","[PREMIUM]",,"[PREMIUM]",,,898,4.1,1395,0,"[""NO_SALVAGE_TITLE"",""NO_ACCIDENTS_REPORTED"",""NO_ONE_OWNER""]","{""exterior"":[""17\"" x 7.5\"" Aluminum Wheels"",""3.7L Badge"",""Alloy wheels"",""Bodyside moldings"",""Bumpers: body-color"",""Delay-off headlights"",""Front fog lights"",""Power Heated Fold-Away Mirrors"",""Power door mirrors"",""Rear window wiper""],""interior"":[""Air Conditioning"",""Auto-Dimming Rear-View Mirror"",""Cloth Low-Back Bucket Seats"",""Driver door bin"",""Driver vanity mirror"",""Front Bucket Seats"",""Front Center Armrest"",""Front reading lights"",""Heated Front Seats"",""Leather steering wheel"",""Luxury Door Trim Panel"",""Mini Overhead Console"",""Passenger door bin"",""Passenger vanity mirror"",""Power Front Driver & Passenger Seats"",""Power driver seat"",""Power windows"",""Rear window defroster"",""Split folding rear seat"",""Steering Wheel Mounted Audio Controls"",""Tachometer"",""Tilt steering wheel"",""Traveler/Mini Trip Computer"",""Universal Garage Door Opener"",""Variably intermittent wipers""],""safety"":[""ABS brakes"",""Brake assist"",""Dual front impact airbags"",""Electronic Stability Control"",""Low tire pressure warning"",""Occupant sensing airbag"",""Panic alarm"",""Security system"",""Traction control""],""mechanical"":[""3.73 Axle Ratio"",""4-Wheel Disc Brakes"",""Front wheel independent suspension"",""Lock-Up Torque Converter"",""Power steering"",""Selec-Trac Full Time 4WD System""],""technology"":[""6 Speakers"",""AM/FM radio"",""CD player"",""Remote keyless entry"",""Speed control"",""Vehicle Information Center""],""other"":[""AM/FM Compact Disc w/Changer Control"",""Front anti-roll bar"",""Illuminated entry"",""Premium Leather Trimmed Bucket Seats"",""Quick Order Package 28G"",""Rear anti-roll bar"",""Roof rack: rails only""]}",63,"2006 Jeep Liberty Limited 4WD. 4WD Clean CARFAX. 4-Speed Automatic PowerTech 3.7L V6<br>Mechanic Special-- Low Price!<br>Sold As-Is. Financing not available on this unit.<br><br><br>To see more quality vehicles visit www.mcmautos.com or call us at   to schedule your test drive today !","[PREMIUM]",16,,,,,"[PREMIUM]"
"778318570","2026-05-25 21:19:53.447","2026-05-25 21:19:53.447","778318570","[PREMIUM]","6G609737A",2006,"MERC","Mercury","MONTEGO","Montego","Premier","SEDAN","Used","Used 2006 Mercury Montego Premier",228547,"[PREMIUM]",,"Good","[PREMIUM]",1110,2085,"Black","BLACK","Charcoal Black","BLACK","6CLDR","6-Cylinder","2 wheel drive - front","AUT","6-Speed Automatic","Automatic","G","Gasoline","Gas",21,29,3,true,33,false,false,true,false,false,false,false,"PREMIUM",,"[PREMIUM]","[PREMIUM]","[PREMIUM]",,"[PREMIUM]",,,348788,4.7,175,0,"[""NO_SALVAGE_TITLE"",""NO_FRAME_DAMAGE"",""NO_FLOOD_WATER_DAMAGE"",""NO_ACCIDENTS_REPORTED"",""NO_ONE_OWNER""]","{""exterior"":[""Aluminum Wheels"",""Automatic Headlights"",""Fog Lamps"",""HID headlights"",""Heated Mirrors"",""Mirror Memory"",""Power Mirror(s)"",""Tires - Front Performance"",""Tires - Rear Performance""],""interior"":[""AC"",""Adjustable Pedals"",""Adjustable Steering Wheel"",""Auto-Dimming Rearview Mirror"",""Bucket Seats"",""Climate Control"",""Driver Adjustable Lumbar"",""Driver Illuminated Vanity Mirror"",""Driver Vanity Mirror"",""Floor Mats"",""Front Reading Lamps"",""Heated Seats"",""Intermittent Wipers"",""Leather Seats"",""Leather Steering Wheel"",""Multi-Zone A/C"",""Pass-Through Rear Seat"",""Passenger Adjustable Lumbar"",""Passenger Illuminated Visor Mirror"",""Passenger Vanity Mirror"",""Power Door Locks"",""Power Driver Seat"",""Power Outlet"",""Power Passenger Seat"",""Power Windows"",""Rear Defrost"",""Rear Reading Lamps"",""Remote Trunk Release"",""Seat Memory"",""Steering Wheel Audio Controls"",""Trip Computer"",""Universal Garage Door Opener"",""Woodgrain Interior Trim""],""safety"":[""ABS"",""Child Safety Locks"",""Driver Air Bag"",""Passenger Air Bag"",""Security System"",""Temporary Spare Tire"",""Traction Control""],""mechanical"":[""4-Wheel Disc Brakes"",""6-Speed A/T"",""Front Wheel Drive"",""Gasoline Fuel"",""Power Steering"",""V6 Cylinder Engine""],""technology"":[""AM/FM Stereo"",""CD Changer"",""CD Player"",""Cruise Control"",""Engine Immobilizer"",""Keyless Entry"",""MP3 Player""]}",62,"Black Clean CARFAX. 21/29 City/Highway MPG 2006 Mercury Montego Premier FWD 6-Speed Automatic Duratec 3.0L V6 24V<br><br>MECHANICS SPECIAL! Looking for a fixer-upper or a parts vehicle? This one￢??s for you! No inspection has been done, but if youre handy and love a project, this could be the perfect opportunity. Offered as-is at a wholesale price￢??act fast before it￢??s gone!<br><br>21/29 City/Highway MPG","[PREMIUM]",23,,,,,"[PREMIUM]"
"781064115","2026-05-25 21:19:33.213","2026-05-25 21:19:33.213","781064115","[PREMIUM]","B2031B",2006,"DODGE","Dodge","RAM1504WD","Ram 1500 Truck","ST","TRUCKS","Used","Used 2006 Dodge Ram 1500 Truck ST w/ V6 Value Group",258556,"[PREMIUM]",,"Great","[PREMIUM]",4480,5330,"Patriot Blue Pearl","BLUE","Khaki","BEIGE","6CLDR","6-Cylinder","2 wheel drive - rear","AUT","4-Speed Automatic","Automatic","G","Gasoline","Gas",,,3.7,false,3,false,true,false,false,false,false,false,"PREMIUM",,"[PREMIUM]","[PREMIUM]","[PREMIUM]",,"[PREMIUM]",,,349191,4.5,2306,1,"[""NO_SALVAGE_TITLE"",""NO_ACCIDENTS_REPORTED"",""NO_ONE_OWNER""]","{""exterior"":[""17\"" x 7\"" Argent Steel Wheels"",""17\"" x 8\"" Chrome Clad Steel Wheels"",""Bumpers: chrome"",""Delay-off headlights"",""Power Heated Fold-Away Mirrors"",""Rear step bumper""],""interior"":[""Air Conditioning"",""Carpet Floor Covering"",""Cloth 40/20/40 Split Bench Seat"",""Driver door bin"",""Folding Rear Seat"",""Front & Rear Floor Mats"",""Front Center Armrest"",""Passenger door bin"",""Power Accessory Group"",""Power Locks"",""Power Windows w/Driver One-Touch"",""Speed-Sensitive Wipers"",""Tachometer"",""Tilt steering wheel"",""Variably intermittent wipers"",""Voltmeter""],""safety"":[""ABS brakes"",""Dual front impact airbags""],""mechanical"":[""4-Wheel Disc Brakes"",""Front wheel independent suspension"",""Power steering""],""technology"":[""4 Speakers"",""AM/FM radio"",""CD player""],""other"":[""AM/FM Compact Disc w/Changer Control"",""Front anti-roll bar"",""Heavy Duty Vinyl 40/20/40 Split Bench Seat"",""Quick Order Package 28A"",""V6 Value Group""]}",35,"This 2006 Dodge Ram 1500 ST is a solid, reliable truck ready to take on your toughest tasks. Featuring the Magnum 3.7L V6 engine paired with a 4-speed automatic transmission, it delivers a smooth, responsive driving experience with impressive fuel efficiency of 16 city/21 highway MPG.<br><br>- V6 VALUE GROUP: Includes 17 chrome clad steel wheels, cloth 40/20/40 split bench seat, carpet floor covering, front &amp; rear floor mats<br>- PWR ACCESSORY GROUP: Includes folding power heated mirrors, power locks, power windows with driver one-touch down<br>- 3.92 AXLE RATIO<br><br>This Ram 1500 ST also comes equipped with a host of convenient features, including:<br><br>- AM/FM radio with CD player<br>- Air conditioning<br>- Power locks, windows, and mirrors<br>- Tilt steering wheel<br>- Tachometer and voltmeter<br><br>With its durable construction, capable performance, and practical amenities, this 2006 Dodge Ram 1500 ST is an excellent choice for work or play. Experience the confidence and capability it can bring to your driving needs.","[PREMIUM]",10,,,,,"[PREMIUM]"
"781238158","2026-05-25 21:19:23.087","2026-05-25 21:19:23.087","781238158","[PREMIUM]","2034204",2006,"HYUND","Hyundai","SONATA","Sonata","LX","SEDAN","Used","Used 2006 Hyundai Sonata LX",141277,"[PREMIUM]",,,"[PREMIUM]",2880,3805,"Tan","TAN","Gray","GRAY","6CLDR","6-Cylinder","2 wheel drive - front","AUT","5-Speed Automatic","Automatic","G","Gasoline","Gas",20,30,3.3,true,2,false,true,false,false,false,false,false,"PREMIUM",,"[PREMIUM]","[PREMIUM]","[PREMIUM]",,"[PREMIUM]",,,803,4.6,837,0,"[""NO_SALVAGE_TITLE"",""NO_ACCIDENTS_REPORTED"",""NO_ONE_OWNER""]","{""exterior"":[""Front Fog Lights"",""Headlights - Auto Delay Off"",""Headlights - Auto On/Off"",""Side Mirrors - Heated"",""Tire Type - All Season""],""interior"":[""Active Head Restraints - Dual Front"",""Air Filtration"",""Armrests - Rear Folding"",""Center Console - Front Console With Storage"",""Clock"",""Cupholders"",""Driver Seat - Heated"",""Emergency Interior Trunk Release"",""Floor Mat Material - Carpet"",""Floor Mats - Front"",""Floor Mats - Rear"",""Front Air Conditioning - Automatic Climate Control"",""Front Headrests - Adjustable"",""Front Seat Type - Bucket"",""Front Wipers - Speed Sensitive"",""Gauge - Tachometer"",""Overhead Console - Front"",""Passenger Seat - Heated"",""Passenger Seat Manual Adjustments"",""Power Door Locks"",""Power Outlet(S) - Front"",""Power Windows"",""Reading Lights - Front"",""Rear Seat Folding - Split"",""Rear Seat Type - Bench"",""Shift Knob Trim - Leather"",""Steering Wheel - Tilt And Telescopic"",""Steering Wheel Mounted Controls - Audio"",""Steering Wheel Mounted Controls - Cruise Control"",""Steering Wheel Trim - Leather"",""Storage - Seatback"",""Universal Remote Transmitter"",""Upholstery - Leather"",""Window Defogger - Rear""],""safety"":[""Abs - 4-Wheel"",""Airbag Deactivation - Occupant Sensing Passenger"",""Anti-Theft System - Alarm"",""Child Safety Door Locks"",""Child Seat Anchors"",""Electronic Brakeforce Distribution"",""Front Airbags - Dual"",""Rear Seatbelts - Center 3-Point"",""Seatbelt Force Limiters"",""Seatbelt Pretensioners"",""Side Airbags - Front"",""Side Curtain Airbags - Front"",""Spare Tire Mount Location - Inside"",""Stability Control"",""Traction Control""],""mechanical"":[""Front Stabilizer Bar"",""Front Suspension Classification - Independent"",""Front Suspension Type - Double Wishbone"",""Power Steering"",""Rear Stabilizer Bar"",""Rear Suspension Classification - Independent"",""Rear Suspension Type - Multi-Link""],""technology"":[""Compass"",""Cruise Control"",""In-Dash Cd - Mp3 Playback"",""In-Dash Cd - Single Disc"",""Radio - Am/Fm""],""other"":[""Dash Trim - Simulated Wood"",""External Temperature Display"",""Front Brake Type - Ventilated Disc"",""Front Wipers - Intermittent"",""Multi-Function Remote - Keyless Entry"",""Rear Brake Type - Disc"",""Rear Vents - Second Row"",""Rearview Mirror - Auto-Dimming"",""Side Curtain Airbags - Rear"",""Side Mirror Adjustments - Power"",""Tire Prefix - P"",""Trip Odometer"",""Warnings And Reminders - Low Fuel Level"",""Wheel Diameter - 17 Inch""]}",80,"Introducing the 2006 Hyundai SONATA, a powerful and reliable sedan that is sure to impress. Equipped with a 3L NA V6 engine and double overhead cam (DOHC) technology, this vehicle delivers an exhilarating driving experience. The 24-valve system ensures maximum efficiency and performance, making every trip a smooth and effortless one. Paired with a 5-speed shiftable automatic transmission, this car offers effortless gear changes and seamless acceleration.<br><br>This Hyundai SONATA not only boasts impressive performance, but it also exudes style and elegance. Its sleek exterior design is complemented by a spacious and comfortable interior, making it the perfect vehicle for both daily commutes and long road trips. With ample legroom and plenty of cargo space, you and your passengers can ride in utmost comfort.<br><br>Safety is always a top priority, and the 2006 Hyundai SONATA is no exception. It comes equipped with advanced safety features such as anti-lock brakes, stability control, and multiple airbags to ensure the utmost protection for you and your loved ones.<br><br>Don't miss out on the opportunity to own this fantastic 2006 Hyundai SONATA. With its impressive performance, stylish design, and advanced safety features, it is sure to exceed all your expectations. So why wait? Come and test drive this amazing vehicle today and experience the ultimate driving experience.","[PREMIUM]",35,,,,,"[PREMIUM]"
"777906734","2026-05-25 21:19:23.076","2026-05-25 21:19:23.076","777906734","[PREMIUM]","P11195B",2006,"BMW","BMW","325I","325i","Sedan","SEDAN","Used","Used 2006 BMW 325i Sedan",139295,"[PREMIUM]",,"Great","[PREMIUM]",3945,5370,,,,,"6CLDR","6-Cylinder","2 wheel drive - rear",,,,"G","Gasoline","Gas",,,3,false,36,false,false,true,false,false,false,false,"PREMIUM",,"[PREMIUM]","[PREMIUM]","[PREMIUM]",,"[PREMIUM]",,,32,4.5,1174,0,"[""NO_SALVAGE_TITLE"",""NO_ACCIDENTS_REPORTED"",""NO_ONE_OWNER""]","{""exterior"":[""Aluminum Wheels"",""Automatic Headlights"",""Fog Lamps"",""Heated Mirrors"",""Power Mirror(s)"",""Tires - Front Performance"",""Tires - Rear Performance""],""interior"":[""AC"",""Adjustable Steering Wheel"",""Bucket Seats"",""Climate Control"",""Driver Illuminated Vanity Mirror"",""Driver Vanity Mirror"",""Front Reading Lamps"",""Intermittent Wipers"",""Leather Steering Wheel"",""Multi-Zone A/C"",""Passenger Illuminated Visor Mirror"",""Passenger Vanity Mirror"",""Power Door Locks"",""Power Windows"",""Rear Reading Lamps"",""Remote Trunk Release"",""Steering Wheel Audio Controls"",""Sunroof / Moonroof"",""Variable Speed Intermittent Wipers"",""Woodgrain Interior Trim""],""safety"":[""ABS"",""Brake Assist"",""Daytime Running Lights"",""Driver Air Bag"",""Front Head Air Bag"",""Front Side Air Bag"",""Passenger Air Bag"",""Rear Head Air Bag"",""Stability Control"",""Tire Pressure Monitor"",""Traction Control""],""mechanical"":[""4-Wheel Disc Brakes"",""6-Speed M/T"",""Gasoline Fuel"",""Power Steering"",""Rear Wheel Drive"",""Straight 6 Cylinder Engine""],""technology"":[""AM/FM Stereo"",""CD Player"",""Cell Phone Hookup"",""Cruise Control"",""Engine Immobilizer"",""Keyless Entry"",""MP3 Player"",""Rain Sensing Wipers""],""other"":[""Premium Sound""]}",53,"REDUCED FROM $5,995!, FUEL EFFICIENT 30 MPG Hwy/20 MPG City! 325i trim. Moonroof, Aluminum Wheels, Premium Sound System, Dual Zone A/C, newCarTestDrive.com explains Bottom line, the new 3 Series sedans are great performers.. 4 Star Driver Front Crash Rating. READ MORE!<br><br>KEY FEATURES INCLUDE<br>Sunroof, Premium Sound System, Aluminum Wheels, Dual Zone A/C. MP3 Player, Remote Trunk Release, Keyless Entry, Steering Wheel Controls, Electronic Stability Control.<br><br>EXCELLENT SAFETY FOR YOUR FAMILY<br>4 Star Driver Front Crash Rating. 5 Star Driver Side Crash Rating. Brake Assist, 4-Wheel ABS, Tire Pressure Monitoring System, 4-Wheel Disc Brakes<br><br>VEHICLE REVIEWS<br>Edmunds.coms review says The 3 Series is BMWs top seller in the U.S. and for good reason -- endowed with world-class suspension, steering and brake components, these cars have an ability to communicate with their drivers that is unmatched in the entry-level luxury class and, indeed, unmatched by most cars at any price..<br><br>WHO WE ARE<br>Big city deals with a hometown feel. Experience the difference. Drive Hubler Certified Pre-owned. Call   for more information.<br><br>Fuel economy calculations based on original manufacturer data for trim engine configuration. Please confirm the accuracy of the included equipment by calling us prior to purchase.<br>","[PREMIUM]",27,,,,,"[PREMIUM]"
"779513357","2026-05-25 21:19:23.058","2026-05-25 21:19:23.058","779513357","[PREMIUM]","2HGFG11816H550765",2006,"HONDA","Honda","CIVIC","Civic","EX","COUPE","Used","Used 2006 Honda Civic EX",243000,"[PREMIUM]",,,"[PREMIUM]",1625,2650,"Red","RED","Black","BLACK","4CLDR","4-Cylinder","2 wheel drive - front","MAN","5-Speed Manual","Manual","G","Gasoline","Gas",30,38,1.8,false,20,false,false,false,false,false,false,false,"PREMIUM",,"[PREMIUM]","[PREMIUM]","[PREMIUM]",,"[PREMIUM]",,,756,4.5,2050,,"[""NO_SALVAGE_TITLE"",""NO_ACCIDENTS_REPORTED"",""NO_ONE_OWNER""]","{""exterior"":[""Rear Spoiler""],""interior"":[""Air Conditioning"",""Moon Roof"",""Power Door Locks"",""Power Windows"",""Tilt Wheel""],""safety"":[""ABS (4-Wheel)"",""Dual Air Bags"",""Side Air Bags""],""mechanical"":[""Power Steering""],""technology"":[""AM/FM Stereo"",""CD/MP3 (Single Disc)"",""Cruise Control""],""other"":[""Premium Sound""]}",14,"My 2006 Honda Civic EX Coupe is in very good condition with 243,000 miles. Red exterior with black interior looks sharp. The 1.8L VTEC engine paired with 5-speed manual transmission makes it fun to drive.<br>New tires, new brakes, new muffler, new catalytic converter, new rear shocks and current inspection.<br><br>Key features include:<br> Moon roof for open-air driving<br> Power windows and locks<br> Air conditioning and cruise control<br> CD/MP3 stereo with premium sound<br> Rear spoiler adds sporty look<br> ABS brakes and multiple airbags for safety<br><br>This coupe runs well and gets great gas mileage. Perfect for someone wanting reliable transportation with manual transmission experience. Chat me if you have any questions.<br>Runs great!","[PREMIUM]",12,,,,,"[PREMIUM]"
"780379642","2026-05-25 21:19:12.903","2026-05-25 21:19:12.903","780379642","[PREMIUM]","F7600A",2006,"DODGE","Dodge","DODCHAR","Charger",,"SEDAN","Used","Used 2006 Dodge Charger",122481,"[PREMIUM]",,"Great","[PREMIUM]",3470,4695,"Brilliant Black Crystal Prl","BLACK","Drk/Lt Slate Gray","GRAY","6CLDR","6-Cylinder","2 wheel drive - rear","AUT","5-Speed Automatic","Automatic","G","Gasoline","Gas",19,27,3.5,false,11,false,false,false,false,false,false,false,"PREMIUM",,"[PREMIUM]","[PREMIUM]","[PREMIUM]",,"[PREMIUM]",,,384,4.6,839,0,"[""NO_SALVAGE_TITLE"",""ACCIDENTS_REPORTED"",""NO_ONE_OWNER""]","{""exterior"":[""P215/65R17 All-Season Bsw Tires""],""interior"":[""Cloth Low-Back Front Bucket Seats""],""mechanical"":[""3.5L Mpi 24-Valve Ho V6 Engine"",""5-Speed Automatic Transmission W/Od"",""Federal Emissions""],""other"":[""27E Customer Preferred Order Selection Pkg"",""Standard Paint""]}",7,"The 2006 Dodge Charger 4dr Sdn RWD stands out with its sleek exterior finished in Brilliant Black Crystal Pearl, a color that accentuates its bold lines and dynamic presence on the road. Complementing its striking exterior is an interior swathed in Dark and Light Slate Gray, offering a sophisticated and polished look. Under the hood, you'll find a 3.5L MPI 24-valve HO V6 engine, providing a robust and responsive driving experience with plenty of power for both city driving and highway cruising.This Charger features the 27e Customer Preferred Order Selection Package, ensuring a well-rounded driving experience tailored to the driver's needs. The 5-speed automatic transmission with overdrive makes for smooth gear transitions, enhancing the vehicle's performance and efficiency. Federal emissions compliance means it meets stringent environmental standards without compromising on its strong performance. Inside, the cloth low-back front bucket seats offer comfort for both driver and passengers, ensuring a comfortable ride even on longer journeys. The combination of style, performance, and practicality makes the 2006 Dodge Charger 4dr Sdn RWD a standout choice for anyone seeking a reliable and stylish vehicle. With these features, this Charger is equipped to provide both enjoyment and reliability on the road. A perfect blend of innovation and classic design, this model encapsulates the enduring appeal of the Dodge Charger lineage.<br><br>","[PREMIUM]",24,,,,,"[PREMIUM]"
"778463476","2026-05-25 21:19:02.711","2026-05-25 21:19:02.711","778463476","[PREMIUM]","JTHBA30GX65174950",2006,"LEXUS","Lexus","ES330","ES 330",,"SEDAN","Used","Used 2006 Lexus ES 330",250500,"[PREMIUM]",,"Good","[PREMIUM]",1415,3015,"Blue","BLUE","Gray","GRAY","6CLDR","6-Cylinder","2 wheel drive - front","AUT","5-Speed Automatic","Automatic","G","Gasoline","Gas",21,29,3.3,true,32,false,false,false,false,false,false,false,"PREMIUM",,"[PREMIUM]","[PREMIUM]","[PREMIUM]",,"[PREMIUM]",,,955,4.8,323,,"[""NO_SALVAGE_TITLE"",""ACCIDENTS_REPORTED"",""NO_ONE_OWNER""]","{""exterior"":[""Alloy Wheels""],""interior"":[""Air Conditioning"",""Dual Power Seats"",""Leather"",""Moon Roof"",""Power Door Locks"",""Power Windows"",""Tilt Wheel""],""safety"":[""ABS (4-Wheel)"",""Dual Air Bags"",""Side Air Bags""],""mechanical"":[""Power Steering""],""technology"":[""AM/FM Stereo"",""CD/MP3 (Multi Disc)"",""Cassette"",""Cruise Control"",""Mark Levinson Sound""]}",17,"Privately owned 2006 Lexus ES 330 remains in good condition.  Smooth, comfortable ride.  Interior Pictures coming.<br>Has approximate 250,500 miles and still going. Majority highway with car driven 72 miles every weekday, from Burlington to Durham and back. <br><br>Not Interested in a Dealer trade-in.<br>Text me if you have any questions. <br>Send me a message through Autotrader, then will workout communication from there.<br><br>Key features include:<br> Mark Levinson premium sound system<br> Dual power seats with leather<br> Moon roof<br> CD/MP3 multi-disc player (plus cassette)<br> Cruise control and power accessories<br> Alloy wheels<br> Multiple airbags and ABS braking","[PREMIUM]",5,,,,,"[PREMIUM]"
"778340415","2026-05-25 21:18:52.593","2026-05-25 21:18:52.593","778340415","[PREMIUM]","M14589XB",2006,"JEEP","Jeep","COMMANDER","Commander","Limited","SUV","Used","Used 2006 Jeep Commander Limited w/ Trailer Tow Group IV",180958,"[PREMIUM]",,,"[PREMIUM]",3055,3630,"Bright Silver Metallic Clearco","SILVER","Slate Gray/Lt Graystone","GRAY","8CLDR","8-Cylinder","4 wheel drive","AUT","5-Speed Automatic","Automatic","G","Gasoline","Gas",15,19,5.7,true,33,false,false,true,false,false,false,false,"PREMIUM",,"[PREMIUM]","[PREMIUM]","[PREMIUM]",,"[PREMIUM]",,,885,4.1,715,0,"[""NO_SALVAGE_TITLE"",""NO_FRAME_DAMAGE"",""NO_FLOOD_WATER_DAMAGE"",""NO_ACCIDENTS_REPORTED"",""NO_ONE_OWNER""]","{""exterior"":[""17\"" x 7.5\"" Aluminum (WF6) Wheels"",""17\"" x 7.5\"" Aluminum Chrome Clad Wheels"",""Alloy wheels"",""Auto High-beam Headlights"",""Auto-dimming door mirrors"",""Bodyside moldings"",""Bumpers: body-color"",""Class IV Receiver Hitch"",""Delay-off headlights"",""Front fog lights"",""Heated door mirrors"",""Power door mirrors"",""Rear window wiper"",""Roof rack""],""interior"":[""3rd row seats: split-bench"",""Adjustable pedals"",""Air Conditioning"",""Auto-dimming Rear-View mirror"",""Driver door bin"",""Driver vanity mirror"",""Front Bucket Seats"",""Front Center Armrest"",""Front dual zone A/C"",""Front reading lights"",""Heated front seats"",""LT Graystone Seats"",""Leather Trimmed Bucket Seats"",""Leather steering wheel"",""Memory seat"",""Overhead console"",""Passenger door bin"",""Passenger vanity mirror"",""Pedal memory"",""Power driver seat"",""Power moonroof"",""Power passenger seat"",""Power windows"",""Rear air conditioning"",""Rear reading lights"",""Rear seat center armrest"",""Rear window defroster"",""Speed-Sensitive Wipers"",""Split folding rear seat"",""Steering wheel mounted audio controls"",""Tachometer"",""Tilt steering wheel"",""Trip computer"",""Variably intermittent wipers""],""safety"":[""ABS brakes"",""Brake assist"",""Dual front impact airbags"",""Electronic Stability Control"",""Low tire pressure warning"",""Occupant sensing airbag"",""Overhead airbag"",""Panic alarm"",""Security system"",""Traction control""],""mechanical"":[""3.73 Axle Ratio"",""4-Wheel Disc Brakes"",""Electronic Limited Slip Differential Front Axle"",""Electronic Limited Slip Differential Rear Axle"",""Front wheel independent suspension"",""Heavy-Duty Engine Cooling"",""Power steering"",""Quadra-Drive 4WD System"",""Trailer Tow Group IV""],""technology"":[""6 Speakers"",""6CD/Full Map GPS Display Navigation"",""7 Pin Wiring Harness"",""7 to 4 Pin Wiring Adapter"",""AM/FM CD/6-Disc/MP3"",""AM/FM radio: SIRIUS"",""Audio memory"",""Automatic temperature control"",""CD player"",""Compass"",""Garage door transmitter: Homelink"",""Radio data system"",""Rain sensing wipers"",""Remote keyless entry"",""Speed control""],""other"":[""Front anti-roll bar"",""Illuminated entry"",""Manufacturer's Statement of Origin"",""Normal Duty Suspension"",""Outside temperature display"",""Quick Order Package 25H"",""Rear anti-roll bar""]}",89,"This 2006 Commander is loaded up for its model year including options like the Hemi and Trailer Tow Package. These have tons of space and 3rd row seating making them a great choice for families!<br><br>Recent Arrival!<br><br>Apple AS-IS vehicles come with our 25 Point safety and mechanical inspection &amp; reconditioning requirements. All vehicles come standard with one key. In addition, this vehicle comes with our 7 day/300 mile return &amp; 30 day/1000 mile exchange program! ONE LOW PRICE, PLAIN AND SIMPLE, ALWAYS! Located at Apple Used Autos in Shakopee on Hwy 101 Reach us on:  .","[PREMIUM]",51,,,,,"[PREMIUM]"
"778958216","2026-05-25 21:18:42.429","2026-05-25 21:18:42.429","778958216","[PREMIUM]","6B028277",2006,"HONDA","Honda","PILOT","Pilot","EX-L","SUV","Used","Used 2006 Honda Pilot EX-L",186024,"[PREMIUM]",,"Good","[PREMIUM]",4125,5500,"Desert Rock Metallic","TAN","Saddle","UNAVAIL","6CLDR","6-Cylinder","4 wheel drive","AUT","5-Speed Automatic","Automatic","G","Gasoline","Gas",17,22,3.5,true,26,false,false,false,false,false,false,false,"PREMIUM",,"[PREMIUM]","[PREMIUM]","[PREMIUM]",,"[PREMIUM]",,,263729,4.7,994,0,"[""NO_SALVAGE_TITLE"",""NO_ACCIDENTS_REPORTED"",""NO_ONE_OWNER""]","{""exterior"":[""Rear Spoiler""],""interior"":[""3rd Row Seat"",""Leather Seats"",""Moonroof""],""other"":[""Standard Paint""]}",5,"* Moonroof<br>* Leather Seats<br>* 3rd Row Seat<br>* Rear Spoiler<br>* Standard Paint<br><br><br><br>This vehicle includes a Money-Back Guarantee* and passed our precise inspection process. Best of all the price you see is the price you pay. No haggling. No back and forth. No pressure. And this price is so good it is guaranteed. *Money-Back Guarantee is valid for 5 days or 250 miles, whichever comes first. Subject to certain terms and conditions. See store for details. Some restrictions apply.<br><br>This Honda Pilot EX-L has a tough exterior complemented by a well-designed interior that offers all the comforts you crave. When Honda created this vehicle with 4 wheel drive, they immediately enhanced the performance ability. Easily switch between two and four wheel drive to take advantage of the improved traction. The Pilot EX-L is well maintained and has just 186,023mi. This low amount of miles makes this vehicle incomparable to the competition. Marked by excellent quality and features with unmistakable refined leather interior that added value and class to the Honda Pilot EX-L. AutoNation SPECIAL VALUE Vehicle -BUY WITH CONFIDENCE WITH OUR 5 -DAY -250 MILE MONEY BACK GURANTEE<br><br>","[PREMIUM]",23,,,,,"[PREMIUM]"
"781250406","2026-05-25 21:18:42.415","2026-05-25 21:18:42.415","781250406","[PREMIUM]","15P1953C",2006,"GMC","GMC","ENVOY","Envoy","SLE","SUV","Used","Used 2006 GMC Envoy SLE",186867,"[PREMIUM]",,,"[PREMIUM]",1975,2850,"Steel Gray Metallic","GRAY","Light Gray","GRAY","6CLDR","6-Cylinder","4 wheel drive","AUT","4-Speed Automatic","Automatic","G","Gasoline","Gas",15,21,4.2,true,1,false,true,false,false,false,false,false,"PREMIUM",,"[PREMIUM]","[PREMIUM]","[PREMIUM]",,"[PREMIUM]",,,348967,4.5,976,0,"[""NO_SALVAGE_TITLE"",""NO_ACCIDENTS_REPORTED"",""NO_ONE_OWNER""]","{""exterior"":[""17\"" x 7\"" Cast Aluminum Wheels"",""Alloy wheels"",""Body-Color Grille"",""Bodyside moldings"",""Bumpers: body-color"",""Chrome Bodyside Moldings"",""Front & Rear Color-Keyed Fascias"",""Front fog lights"",""Fully automatic headlights"",""Outside Rear-View Black Power Mirrors"",""Power door mirrors"",""Rear window wiper""],""interior"":[""8-Way Power Driver Seat Adjuster"",""8-Way Power Passenger Seat Adjuster"",""Air Conditioning"",""Cargo Convenience Net"",""Color-Keyed Padded Visors"",""Color-Keyed Padded Visors w/Lighted Vanity Mirrors"",""Driver door bin"",""Dual-Zone Manual Air Conditioning"",""Electric Rear-Window Defogger"",""Front Bucket Seats"",""Front Center Armrest"",""Front Power Reclining Bucket Seats"",""Front dual zone A/C"",""Front reading lights"",""Inside Prismatic Rear-View Mirror"",""Leather steering wheel"",""Leather-Appointed Seat Trim"",""Leather-Wrapped Steering Wheel Rim"",""Overhead Custom Console"",""Passenger door bin"",""Power windows"",""Rear Reversible Cargo Mat"",""Rear reading lights"",""Rear window defroster"",""Split folding rear seat"",""Tachometer"",""Tilt steering wheel"",""Universal Home Remote"",""Variably intermittent wipers"",""Voltmeter""],""safety"":[""ABS brakes"",""Dual front impact airbags"",""Electronic Stability Control"",""Low tire pressure warning"",""Occupant sensing airbag"",""Panic alarm"",""Theft-Deterrent Alarm System"",""Traction control""],""mechanical"":[""**4 WHEEL DRIVE**"",""3.42 Rear Axle Ratio"",""4-Wheel Disc Brakes"",""Front wheel independent suspension"",""Power steering""],""technology"":[""6 Speakers"",""AM/FM radio"",""CD player"",""Compass"",""ETR AM/FM Stereo w/CD Player"",""Radio data system"",""Remote keyless entry"",""Speed control""],""other"":[""150 Amp Alternator"",""Black Adjustable Rooftop Luggage Rack"",""Black Roof-Mounted Luggage Rack"",""Emergency communication system: OnStar"",""Front License Plate Bracket"",""Front anti-roll bar"",""Illuminated entry"",""Luxury Ride Suspension Package"",""Outside Temperature Indicator"",""Preferred Equipment Group 3SA"",""Rear anti-roll bar"",""Smoker's Package""]}",75,"2006 GMC Envoy SLE Steel Gray Metallic 4WD Vortec 4200 4.2L I6 MPI DOHC<br>Recent Arrival!<br><br>Tow hitch with trailer wiring harness is equipped for towing.<br>Luggage rack adds extra rooftop cargo carrying capability.<br>Four-wheel drive helps with traction in changing road conditions.<br>AM/FM radio with CD player is included.<br>Cruise control is equipped.<br>Keyless entry and power door locks are included.<br>Power windows and power mirrors are equipped.<br>Cloth bucket seats include driver adjustable lumbar support.<br>Leather-wrapped steering wheel adds a more comfortable grip.<br>Rear bench seat includes a pass-through rear seat design.<br>Privacy glass and fog lamps are included.<br>Automatic headlights and daytime running lights are equipped.<br>Aluminum wheels with all-season tires are installed.<br>Rear liftgate with liftglass includes electric release and rear wiper/washer.<br>Stability control, traction control, and 4-wheel anti-lock brakes are included.<br>Front airbags, passenger sensing system, and child safety locks are equipped.<br>Rear defrost and front/side window defoggers are included.<br>Full-size spare tire is included.","[PREMIUM]",25,,,,,"[PREMIUM]"
"780954475","2026-05-25 21:18:32.259","2026-05-25 21:18:32.259","780954475","[PREMIUM]","66173A",2006,"CAD","Cadillac","STS","STS",,"SEDAN","Used","Used 2006 Cadillac STS w/ Preferred Equipment Group",121148,"[PREMIUM]",,,"[PREMIUM]",3120,4770,"Diamond White","OFFWHITE","Cashmere","OFFWHITE","6CLDR","6-Cylinder","2 wheel drive - rear","AUT","5-Speed Automatic","Automatic","G","Gasoline","Gas",18,27,3.6,true,4,false,true,false,false,false,false,false,"PREMIUM",,"[PREMIUM]","[PREMIUM]","[PREMIUM]",,"[PREMIUM]",,,347572,4.5,299,0,"[""NO_SALVAGE_TITLE"",""NO_ACCIDENTS_REPORTED"",""NO_ONE_OWNER""]","{""exterior"":[""17\"" x 7.5\"" Front & 17\"" x 8\"" Rear Polished Wheels"",""Alloy wheels"",""Auto-dimming door mirrors"",""Bumpers: body-color"",""Delay-off headlights"",""Front fog lights"",""Fully automatic headlights"",""Heated door mirrors"",""Power door mirrors""],""interior"":[""4-Way Power Lumbar Seat Adjuster"",""Air Conditioning"",""Auto-dimming Rear-View mirror"",""Cargo Net"",""Driver door bin"",""Driver vanity mirror"",""Electric Power Tilt-Sliding Sunroof w/Express Open"",""Eucalyptus Wood Trim"",""Front Bucket Seats"",""Front Center Armrest"",""Front dual zone A/C"",""Front reading lights"",""Heated Front Driver & Passenger Seats"",""Leather Shift Knob"",""Leather steering wheel"",""Nuance Leather Seating Surfaces"",""Overhead console"",""Passenger door bin"",""Passenger vanity mirror"",""Power driver seat"",""Power passenger seat"",""Power windows"",""Rear reading lights"",""Rear seat center armrest"",""Rear window defroster"",""Steering wheel mounted audio controls"",""Tachometer"",""Telescoping steering wheel"",""Tilt steering wheel"",""Trip computer"",""Universal Home Remote"",""Variably intermittent wipers"",""Voltmeter""],""safety"":[""ABS brakes"",""Brake assist"",""Dual front impact airbags"",""Dual front side impact airbags"",""Electronic Stability Control"",""Overhead airbag"",""Panic alarm"",""Security system"",""Traction control""],""mechanical"":[""4-Wheel Disc Brakes"",""Auto-leveling suspension"",""Four wheel independent suspension"",""Power steering"",""Speed-sensing steering""],""technology"":[""8 Speakers"",""AM/FM radio: XM"",""Automatic temperature control"",""CD player"",""Compass"",""ETR AM/FM Bose Stereo w/CD Player"",""Radio data system"",""Rainsense Wipers"",""Remote keyless entry"",""Speed control""],""other"":[""17\"" x 7.5\"" Front & 17\"" x 8\"" Rear Painted Wheels"",""Emergency communication system: OnStar"",""Front anti-roll bar"",""Illuminated entry"",""Luxury Package"",""Memory Package"",""Outside temperature display"",""Rear anti-roll bar""]}",74,"This 2006 Cadillac STS V6 is being offered to you as an alternative to us taking to the auction. It's being offered COMPLETELY AS IS in the condition it was traded. It comes with no guarantees. Below are some details on this vehicle and additional info from our appraisal team.<br><br>RWD 3.6L V6 VVT 5-Speed Automatic 4D Sedan Diamond White, Cashmere Leather, 8 Speakers, CD player, Electric Power Tilt-Sliding Sunroof w/Express Open, Front dual zone A/C, Heated Front Driver &amp; Passenger Seats, Power driver seat, Power windows, Speed control.<br><br>here are the following things noticed on the appraisal:<br>*Carfax reported minor damage<br>*runs, drives and shifts okay<br>*tires are okay<br>*front fender dented<br>*driver rear quarter dented<br>*airbag light is on<br>*scratches/scuffs/dings throughout the vehicle<br><br>AS-TRADED $4900 + TAXES &amp; FEES!!!","[PREMIUM]",29,,,,,"[PREMIUM]"
"781178554","2026-05-25 21:18:32.258","2026-05-25 21:18:32.258","781178554","[PREMIUM]","T0074013",2006,"SCION","Scion","TC","tC",,"HATCH","Used","Used 2006 Scion tC",207835,"[PREMIUM]",,,"[PREMIUM]",2935,4035,"Black","BLACK","Dark Charcoal","BLACK","4CLDR","4-Cylinder","2 wheel drive - front","AUT","4-Speed Automatic","Automatic","G","Gasoline","Gas",23,30,2.4,false,2,false,true,false,false,false,false,false,"PREMIUM",,"[PREMIUM]","[PREMIUM]","[PREMIUM]",,"[PREMIUM]",,,1484,4.7,713,0,"[""NO_SALVAGE_TITLE"",""ACCIDENTS_REPORTED"",""NO_ONE_OWNER""]","{""exterior"":[""17\"" Alloy Wheels"",""Alloy wheels"",""Bumpers: body-color"",""Power door mirrors"",""Turn signal indicator mirrors""],""interior"":[""Air Conditioning"",""Driver door bin"",""Driver vanity mirror"",""Front Bucket Seats"",""Front Center Armrest w/Storage"",""Front Sport Bucket Seats"",""Front reading lights"",""Passenger door bin"",""Passenger vanity mirror"",""Power moonroof"",""Power windows"",""Rear window defroster"",""Split folding rear seat"",""Steering wheel mounted audio controls"",""Tachometer"",""Tilt steering wheel"",""Variably intermittent wipers""],""safety"":[""ABS brakes"",""Brake assist"",""Dual front impact airbags"",""Knee airbag"",""Low tire pressure warning"",""Panic alarm""],""mechanical"":[""4-Wheel Disc Brakes"",""Four wheel independent suspension"",""Power steering""],""technology"":[""6 Speakers"",""AM/FM radio"",""CD player"",""Pioneer AM/FM Stereo w/CD Player Changer"",""Premium audio system: Pioneer"",""Remote keyless entry"",""Speed control""],""other"":[""Fabric Upholstery"",""Front anti-roll bar"",""Illuminated entry"",""Outside temperature display"",""Rear anti-roll bar""]}",43,"This 2006 Scion tC Base is the perfect blend of style, performance, and practicality. With its sleek exterior and well-appointed interior, this tC is sure to turn heads wherever you go.<br><br>- Premium audio system with Pioneer AM/FM stereo and CD player<br>- Air conditioning to keep you comfortable in any weather<br>- Power windows, locks, and mirrors for added convenience<br>- Steering wheel-mounted audio controls for easy access<br>- 17-inch alloy wheels that give the tC a sporty, aggressive stance<br><br>The tC's 2.4-liter 4-cylinder engine provides ample power, delivering an engaging driving experience. Paired with a 4-speed automatic transmission, this Scion offers a smooth and responsive ride.<br><br>Inside, the tC's cabin is both stylish and functional. The front sport bucket seats provide excellent support, while the split-folding rear seat offers versatility for your cargo needs. The power moonroof lets you enjoy the great outdoors, and the illuminated entry ensures you can see where you're going, even at night.<br><br>Safety is also a top priority, with features like dual front airbags, ABS brakes, and a panic alarm to give you peace of mind on the road.<br><br>Whether you're looking for a sporty daily driver or a versatile weekend warrior, this 2006 Scion tC Base is an excellent choice. Come in and experience it for yourself today.<br><br>At Five Star's Albany Chrysler Dodge Jeep Ram we believe in Market Pricing all vehicles in our inventory so that we are able to pass those savings along to our customers. Please call   for any questions. Proudly serving the Albany Georgia area along with these great cities: Columbus, Thomasville, Tifton, Valdosta, Moultrie, Americus, Cordele, Brunswick, Perry, Dothan, Tallahassee and surrounding areas. Price includes $899 service fee. Buyer is responsible for state, county and city taxes, tag, title and registration fees in the state where the vehicle will be registered. We sell and service all makes and models. Nissan, Toyota, Honda, Infiniti, Ford, Chevrolet, GMC, Lincoln, Hyundai, Kia, Lexus, Acura, Dodge, Ram, Jeep, Mercedes, BMW, Jaguar, Tahoe, Suburban, Yukon, F150, Silverado, Tacoma, Wrangler, Charger, Challenger, just to name a few.","[PREMIUM]",22,,,,,"[PREMIUM]"
"780172834","2026-05-25 21:18:32.241","2026-05-25 21:18:32.241","780172834","[PREMIUM]","127874A",2006,"TOYOTA","Toyota","RAV4","RAV4","Limited","SUV","Used","Used 2006 Toyota RAV4 Limited",172712,"[PREMIUM]",,"Great","[PREMIUM]",5785,6610,"Super White","WHITE","Taupe","TAN","4CLDR","4-Cylinder","4 wheel drive","AUT","4-Speed Automatic","Automatic","G","Gasoline","Gas",23,28,2.4,false,13,false,false,true,false,false,false,false,"PREMIUM",,"[PREMIUM]","[PREMIUM]","[PREMIUM]",,"[PREMIUM]",,,20753,4.4,803,0,"[""NO_SALVAGE_TITLE"",""NO_FRAME_DAMAGE"",""NO_FLOOD_WATER_DAMAGE"",""ACCIDENTS_REPORTED"",""NO_ONE_OWNER""]","{""exterior"":[""17\"" 6 Spoke Aluminum Wheels"",""Alloy wheels"",""Bumpers: body-color"",""Front fog lights"",""Heated door mirrors"",""Power door mirrors"",""Rear window wiper"",""Roof rack"",""Spoiler""],""interior"":[""Air Conditioning"",""Driver door bin"",""Driver vanity mirror"",""Front Bucket Seats"",""Front Center Armrest w/Storage"",""Front dual zone A/C"",""Front reading lights"",""Leather Shift Knob"",""Leather steering wheel"",""Overhead console"",""Passenger door bin"",""Passenger vanity mirror"",""Power driver seat"",""Power windows"",""Rear seat center armrest"",""Rear window defroster"",""Split folding rear seat"",""Steering wheel mounted audio controls"",""Tachometer"",""Telescoping steering wheel"",""Tilt steering wheel"",""Variably intermittent wipers""],""safety"":[""ABS brakes"",""Brake assist"",""Dual front impact airbags"",""Electronic Stability Control"",""Low tire pressure warning"",""Occupant sensing airbag"",""Panic alarm"",""Traction control""],""mechanical"":[""3.08 Axle Ratio"",""4-Wheel Disc Brakes"",""Four wheel independent suspension"",""Power steering"",""Speed-sensing steering""],""technology"":[""6 Speakers"",""AM/FM 6-Disc CD Changer"",""AM/FM radio"",""Automatic temperature control"",""CD player"",""Remote keyless entry"",""Speed control""],""other"":[""*160 Point Inspection*"",""Cloth Blocks Seat Trim"",""Front anti-roll bar"",""Illuminated entry"",""LOOKING FOR A SPECIFIC PRE OWNED CAR LET US HELP YOU FIND IT"",""MASTER MECHANIC 150 POINT INSPECTION"",""Outside temperature display"",""PRICED BELOW JD POWER'S SUGGESTED RETAIL PRICE"",""Rear anti-roll bar"",""WE WILL BRING THE CAR TO YOU""]}",61,"Sold AS-IS. Wholesale to the public. 23/28 City/Highway MPG<br>Limited Buy with confidence!","[PREMIUM]",4,,,,,"[PREMIUM]"
"780691683","2026-05-25 21:18:22.057","2026-05-25 21:18:22.057","780691683","[PREMIUM]","T6L094339V",2006,"HONDA","Honda","CIVIC","Civic","LX","SEDAN","Used","Used 2006 Honda Civic LX",264578,"[PREMIUM]",,,"[PREMIUM]",3310,3985,"Tan","TAN","Gray","GRAY","4CLDR","4-Cylinder","2 wheel drive - front","AUT","5-Speed Automatic","Automatic","G","Gasoline","Gas",30,40,1.8,false,7,false,false,true,false,false,false,false,"PREMIUM",,"[PREMIUM]","[PREMIUM]","[PREMIUM]",,"[PREMIUM]",,,746,4.5,2050,0,"[""NO_SALVAGE_TITLE"",""ACCIDENTS_REPORTED"",""ONE_OWNER""]","{""exterior"":[""16\"" x 6.5\""J Wheels w/Full Covers"",""Bodyside moldings"",""Bumpers: body-color"",""Power door mirrors""],""interior"":[""Air Conditioning"",""Anti-whiplash front head restraints"",""Cloth Seat Trim"",""Driver door bin"",""Driver vanity mirror"",""Front Bucket Seats"",""Front Center Armrest"",""Front reading lights"",""Passenger door bin"",""Passenger vanity mirror"",""Power windows"",""Rear window defroster"",""Tachometer"",""Telescoping steering wheel"",""Tilt steering wheel""],""safety"":[""ABS brakes"",""Dual front impact airbags"",""Dual front side impact airbags"",""Occupant sensing airbag"",""Overhead airbag"",""Panic alarm"",""Security system""],""mechanical"":[""Four wheel independent suspension"",""Power steering"",""Speed-sensing steering""],""technology"":[""4 Speakers"",""AM/FM CD Audio System"",""AM/FM radio"",""CD player"",""Remote keyless entry"",""Speed control""],""other"":[""Front anti-roll bar"",""Illuminated entry"",""Rear anti-roll bar"",""See Dealer for Details"",""WHOLESALE TO PUBLIC""]}",40,"2006 Beige Honda 4D Sedan Civic LX FWD Compact 5-Speed Automatic 1.8L I4 SOHC 16V VTEC<br><br>See Dealer for Details, WHOLESALE TO PUBLIC, Gray Cloth.<br><br><br>CARFAX One-Owner.<br><br>Awards:<br>* NACTOY 2006 North American Car of the Year<br><br>Proudly Serving: Nashville, Knoxville, Brentwood, Franklin, Huntsville, Hendersonville, Gallatin, Bowling Green, Murfreesboro, Clarksville, Hopkinsville, Paducah, Cookeville, Chattanooga, Decatur, Jackson, Louisville, Benton, Murray, Memphis, and all of greater Tennesee, Kentucky, and Alabama.","[PREMIUM]",26,,,,,"[PREMIUM]"
"780551999","2026-05-25 21:18:22.053","2026-05-25 21:18:22.053","780551999","[PREMIUM]","4247481",2006,"CHEV","Chevrolet","CHEVIMP","Impala","LT","SEDAN","Used","Used 2006 Chevrolet Impala LT",137537,"[PREMIUM]",,,"[PREMIUM]",2095,2920,"Ricochet Silver Metallic","SILVER","Gray","GRAY","6CLDR","6-Cylinder","2 wheel drive - front","AUT","4-Speed Automatic","Automatic","F","Flexible Fuel","Gas",21,31,3.5,false,9,false,false,true,false,false,false,false,"PREMIUM",,"[PREMIUM]","[PREMIUM]","[PREMIUM]",,"[PREMIUM]",,,185,4.3,1014,0,"[""NO_SALVAGE_TITLE"",""NO_ACCIDENTS_REPORTED"",""NO_ONE_OWNER""]","{""exterior"":[""Bodyside moldings"",""Bumpers: body-color"",""Delay-off headlights"",""Fully automatic headlights"",""Power door mirrors""],""interior"":[""40/20/40 Front Split-Bench Seat"",""Air Conditioning"",""Cloth Seat Trim"",""Driver door bin"",""Driver vanity mirror"",""Front Center Armrest w/Storage"",""Front dual zone A/C"",""Front reading lights"",""Passenger door bin"",""Passenger vanity mirror"",""Power driver seat"",""Power windows"",""Rear reading lights"",""Rear window defroster"",""Tachometer"",""Tilt steering wheel"",""Trip computer"",""Variably intermittent wipers""],""safety"":[""Dual front impact airbags"",""Occupant sensing airbag"",""Overhead airbag"",""Panic alarm"",""Security system""],""mechanical"":[""4-Wheel Disc Brakes"",""Four wheel independent suspension"",""Power steering""],""technology"":[""6 Speakers"",""AM/FM radio"",""CD player"",""Compass"",""Remote keyless entry"",""Speed control""],""other"":[""16\"" Steel Wheels w/Deluxe Bolt-On Covers"",""Emergency communication system: OnStar"",""Front anti-roll bar"",""Illuminated entry"",""Outside temperature display"",""Rear anti-roll bar""]}",43,"MEMORIAL SAVINGS HAPPENING @CORWIN CHRYSLER DODGE JEEP RAM OF FARGO!! WE HAVE SAVINGS ON ALL OF OUR PRE-OWNED VEHICLES AVAILABLE!! WE HAVE OUR LARGEST SELCTION OF VEHICLES IN ONE SINGLE LOCATION WE'VE HAD IN OVER A YEAR!! Recent Arrival! Ricochet Silver Metallic 2006 Chevrolet Impala LT 4D Sedan FWD 3.5L SFI V6 Clean CARFAX.<br><br>This Chevrolet Impala is well equipped and includes these key features and benefits. Odometer is 6844 miles below market average! 21/31 City/Highway MPG<br><br><br>Corwin is the largest Chrysler Dodge Jeep Ram dealer in the region! We have a huge selection of new &amp; used vehicles with financing options for everyone. Here at Corwin Chrysler Dodge Jeep Ram we're not only here to help you find your next car, we are your go-to source for all things automotive! Our expert dealership staff is here to help you with auto financing, car maintenance and repairs, or even finding the right parts for your next DIY project. Stop by our new and used car dealership in Fargo today and find out why folks keep coming back! We're here to help you get into the vehicle of your dreams and keep it running its best for many miles. Corwin Chrysler Dodge Jeep Ram 301 38th St S, Fargo, North Dakota CorwinChryslerDodge.com Corwin - Family Driven for Over 100 YearS.","[PREMIUM]",11,,,,,"[PREMIUM]"
"781259011","2026-05-25 21:18:22.047","2026-05-25 21:18:22.047","781259011","[PREMIUM]","26D476A",2006,"MB","Mercedes-Benz","S430","S 430","4MATIC","SEDAN","Used","Used 2006 Mercedes-Benz S 430 4MATIC",164053,"[PREMIUM]",,"Good","[PREMIUM]",3515,5340,"Obsidian Black Metallic","BLACK","Charcoal","BLACK","8CLDR","8-Cylinder","All wheel drive","AUT","5-Speed Automatic","Automatic","G","Gasoline","Gas",17,22,4.3,true,1,false,true,false,false,false,false,false,"PREMIUM",,"[PREMIUM]","[PREMIUM]","[PREMIUM]",,"[PREMIUM]",,,1154,4.5,120,0,"[""NO_SALVAGE_TITLE"",""ACCIDENTS_REPORTED"",""NO_ONE_OWNER""]","{""exterior"":[""17 x 7.5J Alloy Wheels"",""Alloy wheels"",""Auto-dimming door mirrors"",""Bodyside moldings"",""Bumpers: body-color"",""Delay-off headlights"",""Front fog lights"",""Heated door mirrors"",""Power door mirrors"",""Rear fog lights"",""Rearview mirror memory"",""Turn signal indicator mirrors""],""interior"":[""Air Conditioning"",""Auto-dimming Rear-View mirror"",""Calyptus Wood Interior Trim"",""Driver door bin"",""Driver vanity mirror"",""Front Bucket Seats"",""Front Center Armrest w/Storage"",""Front dual zone A/C"",""Front reading lights"",""Genuine wood console insert"",""Genuine wood dashboard insert"",""Genuine wood door panel insert"",""HVAC memory"",""Head restraints memory"",""Heated Front Bucket Seats"",""LEATHER"",""Leather Shift Knob"",""Leather steering wheel"",""MOONROOF"",""Memory seat"",""Overhead console"",""Passenger door bin"",""Passenger vanity mirror"",""Power adjustable front head restraints"",""Power adjustable rear head restraints"",""Power driver seat"",""Power moonroof"",""Power passenger seat"",""Power windows"",""Premium Leather Seating Surfaces"",""Rear Window Blind"",""Rear reading lights"",""Rear seat center armrest"",""Rear window defroster"",""Steering wheel memory"",""Steering wheel mounted audio controls"",""Tachometer"",""Telescoping steering wheel"",""Tilt steering wheel"",""Trip computer"",""Variably intermittent wipers""],""safety"":[""ABS brakes"",""Brake assist"",""Child-Seat-Sensing Airbag"",""Dual front impact airbags"",""Dual front side impact airbags"",""Electronic Stability Control"",""Emergency communication system: Tele Aid"",""Low tire pressure warning"",""Occupant sensing airbag"",""Overhead airbag"",""Panic alarm"",""Rear side impact airbag"",""Seatbelt memory"",""Security system"",""Traction control""],""mechanical"":[""4-Wheel Disc Brakes"",""Adaptive suspension"",""Auto-leveling suspension"",""Four wheel independent suspension"",""Power steering"",""Speed-sensing steering""],""technology"":[""12 Speakers"",""AM/FM Stereo In-Dash w/Single CD & MP3"",""AM/FM radio"",""Automatic temperature control"",""CD player"",""Garage door transmitter: Homelink"",""NAVIGATION"",""Rain sensing wipers"",""Remote keyless entry"",""Speed control"",""Weather band radio""],""other"":[""15012"",""Auto tilt-away steering wheel"",""Door auto-latch"",""Front anti-roll bar"",""Illuminated entry"",""Navigation system: COMANDﾮ"",""Outside temperature display"",""Rear anti-roll bar""]}",93,"Step into luxury with this meticulously maintained 2006 Mercedes-Benz S-Class S 430 4MATIC&reg;. This sophisticated sedan boasts an impressive array of premium features that elevate the driving experience.<br><br>- AWD<br>- LEATHER<br>- MOONROOF<br>- NAVIGATION<br><br>Indulge in the comfort of the leather-appointed interior, enhanced by the convenience of a power moonroof and the intuitive COMAND&reg; navigation system. With its 4.3L V8 engine and 5-speed automatic transmission with 4MATIC&reg; all-wheel drive, this S-Class delivers a smooth, confident ride no matter the conditions.<br><br>Additional highlights include:<br>- 12 Speakers<br>- AM/FM Stereo In-Dash w/Single CD &amp; MP3<br>- Automatic Temperature Control<br>- Adaptive Suspension<br>- Auto-Dimming Rearview Mirror<br>- Genuine Wood Interior Accents<br>- Heated Front Seats<br>- Power-Adjustable Front Seats with Memory<br>- Rear Window Blind<br><br>Meticulously maintained and ready to impress, this 2006 Mercedes-Benz S-Class S 430 4MATIC&reg; is the epitome of German engineering and luxury. Experience the difference for yourself - schedule a test drive today.","[PREMIUM]",7,,,,,"[PREMIUM]"
"779725932","2026-05-25 21:18:22.041","2026-05-25 21:18:22.041","779725932","[PREMIUM]","W68046446",2006,"TOYOTA","Toyota","4RUN","4Runner","SR5","SUV","Used","Used 2006 Toyota 4Runner SR5",269000,"[PREMIUM]",,"Great","[PREMIUM]",5115,6265,"Salsa Red Pearl","RED","Taupe","TAN","6CLDR","6-Cylinder","2 wheel drive - rear","AUT","5-Speed Automatic","Automatic","G","Gasoline","Gas",18,22,4,false,18,false,false,true,false,false,false,false,"PREMIUM",,"[PREMIUM]","[PREMIUM]","[PREMIUM]",,"[PREMIUM]",,,1617,4.8,992,1,"[""NO_SALVAGE_TITLE"",""ACCIDENTS_REPORTED"",""NO_ONE_OWNER""]","{""exterior"":[""16\"" x 7\"" Silver Alloy Wheels"",""Alloy wheels"",""Bumpers: body-color"",""Front fog lights"",""Power door mirrors"",""Rear window wiper""],""interior"":[""Air Conditioning"",""Cloth Bucket Seats"",""Driver door bin"",""Driver vanity mirror"",""Front Bucket Seats"",""Front Center Armrest w/Storage"",""Front reading lights"",""Overhead console"",""Passenger door bin"",""Passenger vanity mirror"",""Power windows"",""Rear seat center armrest"",""Rear window defroster"",""Split folding rear seat"",""Tachometer"",""Tilt steering wheel"",""Trip computer"",""Variably intermittent wipers""],""safety"":[""ABS brakes"",""Brake assist"",""Dual front impact airbags"",""Electronic Stability Control"",""Low tire pressure warning"",""Occupant sensing airbag"",""Panic alarm"",""Traction control""],""mechanical"":[""3.909 Axle Ratio"",""4-Wheel Disc Brakes"",""Front wheel independent suspension"",""Power steering"",""Speed-sensing steering""],""technology"":[""6 Speakers"",""AM/FM CD w/6 Speakers"",""AM/FM radio"",""Automatic temperature control"",""CD player"",""Remote keyless entry"",""Speed control""],""other"":[""Front anti-roll bar"",""Illuminated entry"",""Outside temperature display"",""Rear anti-roll bar""]}",48,"2006 Toyota 4Runner SR5 Taupe w/Cloth Bucket Seats, ABS brakes, Alloy wheels, Electronic Stability Control, Illuminated entry, Low tire pressure warning, Remote keyless entry, Traction control.<br><br><br>Here at All Star, your preferred choice among new and used car dealers in Louisiana, we understand your time is important. That is why we ve taken every precaution to ensure your car shopping experience is second to none! All Star's virtual dealership offers a wide variety of vehicles, special offers, service specials, and OEM parts savings. Conveniently located off Airline Hwy &amp; Coursey Blvd in Baton Rouge, South of I-12; we are just a short drive from Denham Springs and New Orleans, LA. Price excludes tax, title, license, $23 Convenience Charge. Includes $436 dealer doc fee.","[PREMIUM]",29,,,,,"[PREMIUM]"
"780653639","2026-05-25 21:18:01.820","2026-05-25 21:18:01.820","780653639","[PREMIUM]","YS3ED59G263514181",2006,"SAAB","Saab","9-5","9-5","2.3T","WAGON","Used","Used 2006 Saab 9-5 2.3T",197938,"[PREMIUM]",,,"[PREMIUM]",1530,2730,"Green","GREEN","Beige","BEIGE","4CLDR","4-Cylinder Turbo","2 wheel drive - front","AUT","5-Speed Automatic","Automatic","G","Gasoline","Gas",,,2.3,true,8,false,false,false,false,false,false,false,"PREMIUM",,"[PREMIUM]","[PREMIUM]","[PREMIUM]",,"[PREMIUM]",,,1456,3.9,424,,"[""NO_SALVAGE_TITLE"",""NO_ACCIDENTS_REPORTED"",""NO_ONE_OWNER""]","{""exterior"":[""Alloy Wheels""],""interior"":[""Air Conditioning"",""Dual Power Seats"",""Leather"",""Moon Roof"",""Power Door Locks"",""Power Windows"",""Tilt Wheel""],""safety"":[""ABS (4-Wheel)"",""Dual Air Bags"",""Side Air Bags"",""Stability Control"",""Traction Control""],""mechanical"":[""Power Steering""],""technology"":[""AM/FM Stereo"",""Cruise Control"",""Harman Kardon Sound"",""Integrated Phone"",""Navigation System"",""Parking Sensors""],""other"":[""Sport Pkg""]}",21,"This 2006 Saab wagon has 197,938 miles and is in good condition. The Arbor Green exterior is a rare color indeed. Only 1 of 27 according eSAABPARTS. The beige leather interior gives it a great look as well. The 2.3-liter turbo engine provides solid performance with automatic transmission.<br><br>I am the second owner of this car and bought it in 2014 with just over 100k miles on it.  And in the past twelve years she has been my daily and I put about another 100K on it.  It has been an overall very reliable car. <br><br>In the past few years I installed poly bushings on the subframe and rear control arms, new radiator and thermostat last year, new Pirelli tires in 2024 with only 15k miles on them, Android head unit with touchscreen and Apply Car play &amp; Android Auto, new EBC Red brake pads and front rotors, new shifter bushing, new DIC, and rebuilt one front axle. <br><br>The front passenger fender has a minor dent and the clear coat on the hood and roof is basically gone.  the rest of the car inside ad out is good for its age.  See photos for condition.<br><br>Mechanically she is sound but will probably need a fuel pump sooner rather than later.  Because she was my daily, I had to compromise  and installed a lesser brand for the sake of time.<br><br>It comes with a few extra parts - new aftermarket front axle (i had it installed while i rebuilt the OEM one but it is basically new).  Extra DIC (not OEM but will get you out of a jam and get you home to order one. Also a pet barrier, and a transmission linkage bushing.<br><br><br>Key features include:<br> Android head unit with touchscreen, wireless or wired Car play / Android Auto , Navigation, and factory Harman Kardon speakers<br> Dual power seats with leather upholstery<br> Moon roof and parking sensors<br> Sport package with alloy wheels<br> Safety features like stability control and multiple airbags<br><br>The wagon body style offers plenty of cargo space for daily use. Everything works as expected for a vehicle this age. Chat me if you have any questions about the car.","[PREMIUM]",32,,,,,"[PREMIUM]"
"778375784","2026-05-25 21:18:01.811","2026-05-25 21:18:01.811","778375784","[PREMIUM]","4JGBB75E86A066522",2006,"MB","Mercedes-Benz","ML500","ML 500","4MATIC","SUV","Used","Used 2006 Mercedes-Benz ML 500 4MATIC",150000,"[PREMIUM]",,,"[PREMIUM]",2650,3625,"Black","BLACK","Black","BLACK","8CLDR","8-Cylinder","4 wheel drive","AUT","7-Speed Automatic","Automatic","G","Gasoline","Gas",14,19,5,true,33,false,false,false,false,false,false,false,"PREMIUM",,"[PREMIUM]","[PREMIUM]","[PREMIUM]",,"[PREMIUM]",,,1173,4.3,236,,"[""NO_SALVAGE_TITLE"",""NO_ACCIDENTS_REPORTED"",""NO_ONE_OWNER""]","{""exterior"":[""Alloy Wheels"",""Roof Rack"",""Running Boards""],""interior"":[""Air Conditioning"",""Dual Power Seats"",""Leather"",""Moon Roof"",""Power Door Locks"",""Power Windows"",""Tilt Wheel""],""safety"":[""ABS (4-Wheel)"",""Dual Air Bags"",""F&R Side Air Bags"",""Side Air Bags"",""Stability Control"",""Traction Control""],""mechanical"":[""Power Steering""],""technology"":[""AM/FM Stereo"",""CD/MP3 (Single Disc)"",""Cruise Control"",""Hill Descent Control"",""Navigation System""],""other"":[""Power Liftgate Release""]}",23,"After market radio. Can drive it ti its new home today, clean title, just wanted an upgrade.","[PREMIUM]",6,,,,,"[PREMIUM]"
"780015548","2026-05-25 21:18:01.807","2026-05-25 21:18:01.807","780015548","[PREMIUM]","19UUA66256A015253",2006,"ACURA","Acura","TL","TL",,"SEDAN","Used","Used 2006 Acura TL",219565,"[PREMIUM]",,,"[PREMIUM]",1510,2935,"Charcoal","CHARCOAL","Gray","GRAY","6CLDR","6-Cylinder","2 wheel drive - front","AUT","5-Speed Automatic","Automatic","G","Gasoline","Gas",20,29,3.2,true,15,false,false,false,false,false,false,false,"PREMIUM",,"[PREMIUM]","[PREMIUM]","[PREMIUM]",,"[PREMIUM]",,,2,4.8,777,,"[""NO_SALVAGE_TITLE"",""NO_ACCIDENTS_REPORTED"",""NO_ONE_OWNER""]","{""exterior"":[""Alloy Wheels""],""interior"":[""Air Conditioning"",""Dual Power Seats"",""Leather"",""Moon Roof"",""Power Door Locks"",""Power Windows""],""safety"":[""ABS (4-Wheel)"",""Dual Air Bags"",""Side Air Bags"",""Stability Control"",""Traction Control""],""mechanical"":[""Power Steering""],""technology"":[""AM/FM Stereo"",""CD/MP3 (Multi Disc)"",""Cassette"",""Cruise Control""],""other"":[""Premium Sound"",""Telescoping Wheel""]}",19,"My 2006 Acura TL is in good condition with 219,565 miles. The charcoal exterior and gray leather interior still look nice. This car has the reliable 3.2L V6 VTEC engine with automatic transmission.<br><br>Key features include:<br> Leather seats with dual power adjustment<br> Moon roof for open-air driving<br> Premium sound system with CD/MP3 and cassette<br> Alloy wheels<br> Safety features like multiple airbags, ABS, stability and traction control<br> Power windows, locks, and steering<br> Air conditioning and cruise control<br><br>The engine runs smooth and the car drives well. Everything works as it should. Chat me if you have any questions about the vehicle.<br><br>Asking $3,500 OBO","[PREMIUM]",10,,,,,"[PREMIUM]"
"778476650","2026-05-25 21:17:51.611","2026-05-25 21:17:51.611","778476650","[PREMIUM]","1FMFU18516LA70632",2006,"FORD","Ford","EXPEDI","Expedition","Eddie Bauer","SUV","Used","Used 2006 Ford Expedition Eddie Bauer",147000,"[PREMIUM]",,"Good","[PREMIUM]",3690,5315,"Red","RED","Beige","BEIGE","8CLDR","8-Cylinder","4 wheel drive","AUT","4-Speed Automatic","Automatic","G","Gasoline","Gas",14,17,5.4,true,32,false,false,false,false,false,false,false,"PREMIUM",,"[PREMIUM]","[PREMIUM]","[PREMIUM]",,"[PREMIUM]",,,196213,4.5,658,,"[""NO_SALVAGE_TITLE"",""ACCIDENTS_REPORTED"",""NO_ONE_OWNER""]","{""exterior"":[""Alloy Wheels"",""Oversized Premium Wheels 20\""+"",""Roof Rack"",""Running Boards""],""interior"":[""Air Conditioning"",""Dual Power Seats"",""Leather"",""Power Door Locks"",""Power Seat"",""Power Windows"",""Sun Roof (Sliding)"",""Third Row Seat"",""Tilt Wheel""],""safety"":[""ABS (4-Wheel)"",""Dual Air Bags""],""mechanical"":[""Power Steering"",""Towing Pkg""],""technology"":[""AM/FM Stereo"",""Audiophile Premium Sound"",""CD/MP3 (Multi Disc)"",""Cassette"",""Cruise Control"",""Parking Sensors""],""other"":[""Quad Seating (4 Buckets)"",""Rear""]}",25,"My 2006 Ford Expedition Eddie Bauer is in good condition with 147,000 miles. Red exterior with beige leather interior. <br><br>Key features:<br> V8 5.4L engine with 4WD and automatic transmission<br> Three rows of seating with quad bucket configuration<br> Dual power seats and third row for extra passengers<br> Premium sound system with CD/MP3 and cassette<br> Sliding sunroof and rear air conditioning<br> Towing package and roof rack for hauling<br> 20+ inch premium alloy wheels<br> Running boards and parking sensors<br><br>The leather seats show normal wear but remain comfortable. Everything works as expected for a 2006 model. Great for families or anyone needing extra space and towing capability.<br><br>Chat me if you have questions.","[PREMIUM]",6,,,,,"[PREMIUM]"
"779421244","2026-05-25 21:17:31.489","2026-05-25 21:17:31.489","779421244","[PREMIUM]","6Z308570",2006,"TOYOTA","Toyota","TACOMA","Tacoma","4x4 Access Cab V6","TRUCKS","Used","Used 2006 Toyota Tacoma 4x4 Access Cab V6",174921,"[PREMIUM]",,"Great","[PREMIUM]",10070,11570,".white","WHITE","Gray","GRAY","6CLDR","6-Cylinder","4 wheel drive","AUT","5-Speed Automatic","Automatic","G","Gasoline","Gas",17,21,4,false,21,false,false,true,false,false,false,false,"PREMIUM",,"[PREMIUM]","[PREMIUM]","[PREMIUM]",,"[PREMIUM]",,,1668,4.7,1659,0,"[""NO_SALVAGE_TITLE"",""ACCIDENTS_REPORTED"",""NO_ONE_OWNER""]","{""exterior"":[""Steel Wheels"",""Tires - Front On/Off Road"",""Tires - Rear On/Off Road""],""interior"":[""A/C"",""Adjustable Steering Wheel"",""Bucket Seats"",""Cloth Seats"",""Front Reading Lamps"",""Passenger Vanity Mirror"",""Power Outlet""],""safety"":[""ABS"",""Brake Assist"",""Conventional Spare Tire"",""Driver Air Bag"",""Passenger Air Bag"",""Passenger Air Bag On/Off Switch"",""Passenger Air Bag Sensor"",""Tire Pressure Monitor""],""mechanical"":[""Four Wheel Drive"",""Front Disc/Rear Drum Brakes"",""Power Steering""],""technology"":[""AM/FM Stereo"",""CD Player"",""Immobilizer""]}",24,"2006 Toyota Tacoma 4.0L V6 SMPI DOHC, 4WD.<br>Welcome to Serra Ford Gaylord! This Toyota Tacoma is part of our Wholesale to the Public collection. Our service department has not inspected these vehicles. They have been designated as vehicles that will be sent to the auction. We make them available to the community for 30 days before they are sent to be sold at auction. We offer no warranty of any kind with these vehicles. They are priced below the average market value of similar vehicles and close to what we think they will sell for at the auction. Because we haven t inspected this vehicle what-so-ever, we strongly recommend that you have the vehicle inspected prior to purchasing. Here are just a few reasons you should consider us for your next vehicle. Aggressive and competitive pricing Total Transparency No Hassle One Price One Person sales process We actively serve and support our community Our BEST price... Right upfront Come and see why so many people are choosing Serra for their next vehicle!","[PREMIUM]",29,,,,,"[PREMIUM]"
"778625816","2026-05-25 21:17:31.480","2026-05-25 21:17:31.480","778625816","[PREMIUM]","U30187A",2006,"FORD","Ford","ESCAPE","Escape","XLT","SUV","Used","Used 2006 Ford Escape XLT",186184,"[PREMIUM]",,"Great","[PREMIUM]",2240,3890,"Oxford White Clearcoat","WHITE","Medium/Dark Flint","GRAY","6CLDR","6-Cylinder","4 wheel drive","AUT","4-Speed Automatic","Automatic","G","Gasoline","Gas",19,23,3,false,30,false,false,true,false,false,false,false,"PREMIUM",,"[PREMIUM]","[PREMIUM]","[PREMIUM]",,"[PREMIUM]",,,348167,4.4,1319,0,"[""NO_SALVAGE_TITLE"",""NO_ACCIDENTS_REPORTED"",""NO_ONE_OWNER""]","{""exterior"":[""16\"" Aluminum Wheels"",""ALUMINUM/ALLOY WHEELS"",""Alloy wheels"",""Front fog lights"",""Power door mirrors"",""Rear window wiper"",""Roof rack""],""interior"":[""Air Conditioning"",""Driver door bin"",""Driver vanity mirror"",""Front Bucket Seats"",""Front Center Armrest"",""Front reading lights"",""POWER LOCKS"",""POWER WINDOWS"",""Passenger door bin"",""Passenger vanity mirror"",""Power driver seat"",""Power windows"",""Premium Cloth Bucket Seats"",""Rear window defroster"",""Split folding rear seat"",""Tachometer"",""Tilt steering wheel"",""Variably intermittent wipers""],""safety"":[""ABS brakes"",""Brake assist"",""Dual front impact airbags"",""Low tire pressure warning"",""Occupant sensing airbag"",""Panic alarm"",""Security system""],""mechanical"":[""2.93 Axle Ratio"",""4-Wheel Disc Brakes"",""ALL WHEEL DRIVE"",""Four wheel independent suspension"",""Power steering""],""technology"":[""4 Speakers"",""AM/FM radio"",""CD player"",""CRUISE CONTROL"",""Radio data system"",""Remote keyless entry"",""Speed control""],""other"":[""640 lbs Payload Package"",""ACCIDENT FREE"",""AM/FM 6CD In-Dash/MP3 & Satellite Capable"",""CLEAN AUTOCHECK"",""Front anti-roll bar"",""GVWR: 4"",""Illuminated entry"",""LOCAL TRADE"",""PRICE REDUCED BASED ON CONDITION"",""Rear anti-roll bar"",""VISIT WWW.DANDEERYMOTORS.COM""]}",55,"This Escape is priced as a ** MECHANIC / COSMETIC SPECIAL **. It runs and drives, but has rust, a cracked windshield, a belt or pulley from the engine compartment is noisy, and it'll need brake work. It's priced AS-IS with no dealer inspection.<br><br>LOCAL TRADE, ALL WHEEL DRIVE, CRUISE CONTROL, POWER WINDOWS, POWER LOCKS, ALUMINUM/ALLOY WHEELS, PRICE REDUCED BASED ON CONDITION, ACCIDENT FREE, CLEAN AUTOCHECK, VISIT WWW.DANDEERYMOTORS.COM.<br><br>Serving the Cedar Valley Area for 3 Generations as one of MIDWEST'S LARGEST DEALER GROUPS including Cedar Rapids, Dubuque, Iowa City, Des Moines, West Des Moines, Davenport, Clinton, Urbandale, Marion, Marshalltown, Mason City, Fort Dodge, Ankeny, Waterloo, Ames, Burlington, Quad Cities, Waukee, Johnston &amp; Muscatine. Recent Arrival!","[PREMIUM]",20,,,,,"[PREMIUM]"
"780975822","2026-05-25 21:17:11.304","2026-05-25 21:17:11.304","780975822","[PREMIUM]","8625A",2006,"HONDA","Honda","CRV","CR-V","EX","SUV","Used","Used 2006 Honda CR-V EX",191930,"[PREMIUM]",,"Great","[PREMIUM]",4690,5490,"Brown","BROWN",,,"4CLDR","4-Cylinder","4 wheel drive","AUT","5-Speed Automatic","Automatic","G","Gasoline","Gas",22,27,2.4,false,4,false,true,false,false,false,false,false,"PREMIUM",,"[PREMIUM]","[PREMIUM]","[PREMIUM]",,"[PREMIUM]",,,767,4.6,831,1,"[""NO_SALVAGE_TITLE"",""ACCIDENTS_REPORTED"",""NO_ONE_OWNER""]","{""exterior"":[""Black body side molding"",""Chrome accent grille"",""Dual body-color pwr mirrors"",""Full-length taillights"",""Multi-reflector halogen headlamps"",""P215/65R16 tires"",""Rear intermittent wiper w/washer"",""Tailgate-mounted full size spare tire w/cover""],""interior"":[""(5) front/rear beverage holders"",""2-speed intermittent windshield wipers"",""Adjustable steering column"",""Air conditioning w/micron air-filtration system"",""Cargo Area Light"",""Cargo hooks"",""Door pocket storage bins"",""Driver seat manual height adjustment"",""Driver-side coat hook"",""Dual visor vanity mirrors"",""Front/rear 12V auxiliary pwr outlets"",""Heat-rejecting green-tinted glass"",""Map lights"",""Pwr moonroof w/tilt feature"",""Pwr windows w/driver-side auto-up/down"",""Rear privacy glass"",""Rear seat heater ducts"",""Rear window defroster"",""Reclining 60/40 split fold rear seats-inc: adjustable head restraints fold & tumble feature sliding capability"",""Reclining cloth front bucket seats w/adjustable head restraints"",""Retractable center tray table"",""Steering wheel audio controls"",""Sunglasses holder"",""Tachometer"",""Waterproof rear storage well""],""safety"":[""(3) rear 3-point seat belts"",""Childproof rear door locks"",""Driver & front passenger side-impact airbags w/passenger side occupant position detection system (OPDS)"",""Dual-stage dual-threshold driver & front passenger airbags (SRS)"",""Front 3-point seat belts-inc: automatic tensioning system adjustable anchors"",""Lower anchors & tethers for children (LATCH)"",""Side curtain airbags w/rollover sensor"",""Side-impact door beams""],""mechanical"":[""2.4L DOHC MPFI 16-valve i-VTEC I4 engine"",""5-speed automatic transmission w/OD"",""Control-link MacPherson strut front suspension"",""Front/rear stabilizer bars"",""Pwr front ventilated/rear solid disc brakes"",""Reactive-link double wishbone rear suspension"",""Real-Time 4-wheel drive"",""Variable pwr rack-and-pinion steering""],""technology"":[""AM/FM stereo w/cassette/6-disc in-dash CD changer-inc: (6) speakers"",""Cruise Control"",""Immobilizer theft-deterrent system""],""other"":[""(4) cargo tie-downs"",""15.3 gallon fuel tank"",""Drive-by-wire throttle"",""Full-swinging tailgate w/integrated glass hatch"",""Indicator lights-inc: low-fuel low-oil pressure door/tailgate open"",""Outside Temp Gauge"",""Remote Fuel Filler Door Release"",""Remote rear glass hatch release"",""Removable folding picnic table""]}",61,"This BROWN 2006 Honda CR-V EX would be a welcomed addition to your family/business. ***NEED MORE INFO OR WANT MORE DETAILS? CONTACT US AND WE WILL SEND A PERSONALIZED WALK AROUND VIDEO*** Call us today at   Convenience Cruise control with steering wheel mounted controls. Set it and forget it. Road trips used to be stressful, until cruise control set the pace. Simply set the desired speed using the steering wheel mounted controls and it will maintain that speed without driver intervention. This can help minimize driver fatigue and improve overall fuel economy. Resting your right foot is right at your fingertips thanks to cruise control with steering wheel mounted controls.Exterior and Appearance First-row sunroof - Let more of the outside in. Now you can be in the sun or gaze at the stars from the comfort of your seat, and have a more open cabin during your drive. Your first-row sunroof is a breath of fresh air. First-row power moonroof - Let more of the outside in. Now you can be in the sun or gaze at the stars from the comfort of your seat, and have a more open cabin during your drive. The first-row power moonroof is a breath of fresh air.Powertrain and Mechanical 4-wheel drive - All four safety. In wet or slippery conditions the more grip your wheels can maintain, the safer your drive. 4-wheel drive delivers power to all four wheels providing excellent traction in adverse weather and road conditions. Get a firm grip on the road and added peace of mind in poor weather conditions with 4-wheel drive. 4-wheel drive - All four safety. In wet or slippery conditions the more grip your wheels can maintain, the safer your drive. 4-wheel drive delivers power to all four wheels providing excellent traction in adverse weather and road conditions. Get a firm grip on the road and added peace of mind in poor weather conditions with 4-wheel drive. Variable valve timing - Change your output. There are a lot of variables in your drive, so why should your engine always operate the same? With variable valve timing, the engine is efficient at both low and high RPMs, so you get better fuel efficiency, cleaner emissions and improved performance. Variable valve timing provides a better drive, every time. Inline-4 engines produce adequate horsepower while typically offering better fuel efficiency and more economical maintenance than larger engines.Safety and Security Brake assist - Stop right there. Something jumps out into the middle of the road and you need to stop now! With brake assist, you will. It uses the speed of the brake pedals travel to sense panic braking, then applies all available power to boost your stopping power. Brake assist can stop the accident before it is one. Call or text   and start your buying advantage, buy rust free southern cars, trucks and SUV's. We are located at 2654 28th St SW Grand Rapids MI 49519. We look forward to seeing you soon. We have been servicing Wyoming, Grand Rapids, Hudsonville, Rockford, Grandville, Byron Center, and the surrounding area's for over 25 years! Call us today and Schedule an Appointment today!","[PREMIUM]",15,,,,,"[PREMIUM]"
"779506920","2026-05-25 21:17:11.286","2026-05-25 21:17:11.286","779506920","[PREMIUM]","SALSF25406A982042",2006,"ROV","Land Rover","RANGESPORT","Range Rover Sport","HSE","SUV","Used","Used 2006 Land Rover Range Rover Sport HSE",186000,"[PREMIUM]",,,"[PREMIUM]",2610,3835,"Green","GREEN","Tan","TAN","8CLDR","8-Cylinder","4 wheel drive","AUT","6-Speed Automatic","Automatic","G","Gasoline","Gas",14,19,4.4,true,20,false,false,false,false,false,false,false,"PREMIUM",,"[PREMIUM]","[PREMIUM]","[PREMIUM]",,"[PREMIUM]",,,950,4.5,151,,"[""NO_SALVAGE_TITLE"",""NO_ACCIDENTS_REPORTED"",""NO_ONE_OWNER""]","{""exterior"":[""Alloy Wheels""],""interior"":[""Air Conditioning"",""Dual Power Seats"",""Leather"",""Moon Roof"",""Power Door Locks"",""Power Windows"",""Tilt Wheel""],""safety"":[""ABS (4-Wheel)"",""Dual Air Bags"",""Side Air Bags"",""Stability Control"",""Traction Control""],""mechanical"":[""Power Steering"",""Towing Pkg""],""technology"":[""AM/FM Stereo"",""Bluetooth Wireless"",""CD/MP3 (Multi Disc)"",""Cruise Control"",""Hill Descent Control"",""Navigation System"",""Parking Sensors"",""harman/kardon Sound""]}",23,"**No need to ask if it's still available. If it's listed, it is still available** <br>Clean title<br>Backup Camera<br>CarPlay <br>Drives well. Only selling because I needed a larger vehicle.<br>All correspondences and transitions will be through this platform only!<br>**If it's still listed, it's still available**","[PREMIUM]",13,,,,,"[PREMIUM]"
"778766472","2026-05-25 21:16:31.109","2026-05-25 21:16:31.109","778766472","[PREMIUM]","5FNRL38676B452708",2006,"HONDA","Honda","ODYSSEY","Odyssey","EX-L","VANS","Used","Used 2006 Honda Odyssey EX-L",189900,"[PREMIUM]",,"Good","[PREMIUM]",2945,3945,"Green","GREEN","Beige","BEIGE","6CLDR","6-Cylinder","2 wheel drive - front","AUT","5-Speed Automatic","Automatic","G","Gasoline","Gas",20,28,3.5,true,28,false,false,false,false,false,false,false,"PREMIUM",,"[PREMIUM]","[PREMIUM]","[PREMIUM]",,"[PREMIUM]",,,263728,4.5,776,,"[""NO_SALVAGE_TITLE"",""ACCIDENTS_REPORTED"",""NO_ONE_OWNER""]","{""exterior"":[""Alloy Wheels"",""Rear Spoiler""],""interior"":[""Air Conditioning"",""Leather"",""Moon Roof"",""Power Door Locks"",""Power Seat"",""Power Sliding Doors"",""Power Windows"",""Tilt Wheel""],""safety"":[""ABS (4-Wheel)"",""Dual Air Bags"",""Side Air Bags"",""Traction Control""],""mechanical"":[""Power Steering""],""technology"":[""AM/FM Stereo"",""Backup Camera"",""CD/MP3 (Multi Disc)"",""Cruise Control""],""other"":[""Quad Seating (4 Buckets)"",""Rear""]}",21,"My 2006 Honda Odyssey EX-L has 189,900 miles and runs on a 3.5L V6 VTEC engine with automatic transmission. The exterior is green with beige leather interior.<br><br>Key features include:<br> Power sliding doors for easy access<br> Quad bucket seating with power adjustments<br> Backup camera for safer parking<br> Multi-disc CD/MP3 stereo system<br> Moon roof for extra light and air<br> Rear air conditioning to keep everyone comfortable<br> Alloy wheels<br><br>This minivan offers plenty of space for families or anyone needing extra cargo room. The leather seats and convenience features make longer trips more comfortable. Perfect for someone who needs reliable transportation with room for passengers and gear.<br><br>Chat me if you have any questions about the vehicle.","[PREMIUM]",7,,,,,"[PREMIUM]"
"780509505","2026-05-25 21:16:20.957","2026-05-25 21:16:20.957","780509505","[PREMIUM]","1D7HA18K86J159045",2006,"DODGE","Dodge","RAM1504WD","Ram 1500 Truck","ST","TRUCKS","Used","Used 2006 Dodge Ram 1500 Truck ST w/ V6 Value Group",265470,"[PREMIUM]",,"Great","[PREMIUM]",4135,4910,"Red","RED","Gray","GRAY","6CLDR","6-Cylinder","2 wheel drive - rear","AUT","4-Speed Automatic","Automatic","G","Gasoline","Gas",,,3.7,false,10,false,false,false,false,false,false,false,"PREMIUM",,"[PREMIUM]","[PREMIUM]","[PREMIUM]",,"[PREMIUM]",,,349191,4.5,2306,,"[""NO_SALVAGE_TITLE"",""NO_ACCIDENTS_REPORTED"",""NO_ONE_OWNER""]","{""exterior"":[""Bed Liner"",""Hard Tonneau Cover"",""Oversized Premium Wheels 20\""+"",""Running Boards""],""interior"":[""Air Conditioning"",""Power Door Locks"",""Power Windows"",""Tilt Wheel""],""safety"":[""ABS (4-Wheel)"",""Dual Air Bags""],""mechanical"":[""Power Steering"",""Towing Pkg""],""technology"":[""AM/FM Stereo"",""CD/MP3 (Single Disc)"",""Cassette"",""Cruise Control""]}",16,"My 2006 Dodge Ram 1500 Quad Cab has 265,470 miles and runs on a 3.7L V6 engine with automatic transmission. The red exterior and gray interior look sharp. It comes with useful features like a bed liner, hard tonneau cover, and towing package. The 20+ inch oversized wheels give it a nice appearance. Inside you'll find air conditioning, cruise control, power windows, and an AM/FM stereo with CD/MP3 player. The running boards make getting in and out easier. This truck has been reliable transportation and should serve someone well. Feel free to chat me with any questions.","[PREMIUM]",7,,,,,"[PREMIUM]"
"780472177","2026-05-25 21:16:20.953","2026-05-25 21:16:20.953","780472177","[PREMIUM]","JHLRD78596C054170",2006,"HONDA","Honda","CRV","CR-V","LX","SUV","Used","Used 2006 Honda CR-V LX",222000,"[PREMIUM]",,,"[PREMIUM]",2330,3480,"Gray","GRAY","Black","BLACK","4CLDR","4-Cylinder","4 wheel drive","AUT","5-Speed Automatic","Automatic","G","Gasoline","Gas",22,27,2.4,false,10,false,false,false,false,false,false,false,"PREMIUM",,"[PREMIUM]","[PREMIUM]","[PREMIUM]",,"[PREMIUM]",,,762,4.6,831,,"[""NO_SALVAGE_TITLE"",""ACCIDENTS_REPORTED"",""NO_ONE_OWNER""]","{""exterior"":[""Oversized Premium Wheels 20\""+""],""interior"":[""Air Conditioning"",""Power Door Locks"",""Power Windows"",""Tilt Wheel""],""safety"":[""ABS (4-Wheel)"",""Dual Air Bags"",""Side Air Bags"",""Stability Control"",""Traction Control""],""mechanical"":[""Power Steering""],""technology"":[""AM/FM Stereo"",""CD/MP3 (Single Disc)"",""Cassette"",""Cruise Control""]}",15,"Needs a new catalytic converter. Battery replaced in December 2025. Tow hitch. Registration good until end of June 2026/next month. Due for a smog check. Minor accident in 2010. Clean title. Normal wear and tear. Sold as is. Title on hand. Autotrader transaction or cash or cashier's check only.","[PREMIUM]",14,,,,,"[PREMIUM]"
"779934569","2026-05-25 21:15:40.828","2026-05-25 21:15:40.828","779934569","[PREMIUM]","13303T",2006,"SATURN","Saturn","VUE","Vue","AWD V6","SUV","Used","Used 2006 Saturn Vue AWD V6 w/ Chrome Pkg",108106,"[PREMIUM]",,"Great","[PREMIUM]",3700,4175,"Polar White","WHITE","Grey","GRAY","6CLDR","6-Cylinder","All wheel drive","AUT","5-Speed Automatic","Automatic","G","Gasoline","Gas",19,25,3.5,false,16,false,false,true,false,false,false,false,"PREMIUM",,"[PREMIUM]","[PREMIUM]","[PREMIUM]",,"[PREMIUM]",,,1473,4,1055,0,"[""NO_SALVAGE_TITLE"",""ACCIDENTS_REPORTED"",""NO_ONE_OWNER""]","{""exterior"":[""17\"" Alloy Wheels"",""Alloy wheels"",""Bumpers: body-color"",""Delay-off headlights"",""Fully automatic headlights"",""Power door mirrors"",""Rear window wiper""],""interior"":[""3-Spoke Leather-Wrapped Steering Wheel"",""Air Conditioning"",""Auto-dimming Rear-View mirror"",""Copernicus Cloth Seat Trim"",""Driver door bin"",""Driver vanity mirror"",""Driver's Seat Mounted Armrest"",""Front Bucket Seats"",""Front reading lights"",""Leather steering wheel"",""Passenger door bin"",""Passenger seat mounted armrest"",""Passenger vanity mirror"",""Power windows"",""Rear window defroster"",""Reclining Front Bucket Seats"",""Split folding rear seat"",""Steering wheel mounted audio controls"",""Tachometer"",""Tilt steering wheel"",""Variably intermittent wipers""],""safety"":[""ABS brakes"",""Dual front impact airbags"",""Occupant sensing airbag"",""Panic alarm"",""Security system""],""mechanical"":[""4.06 Axle Ratio"",""Four wheel independent suspension"",""Power steering"",""Speed-sensing steering""],""technology"":[""6 Speakers"",""AM/FM radio"",""CD player"",""Compass"",""Radio data system"",""Remote keyless entry"",""Speed control"",""Weather band radio""],""other"":[""Emergency communication system: OnStar"",""Front anti-roll bar"",""Illuminated entry"",""Outside temperature display"",""PRE AUCTION SPECIAL"",""Rear anti-roll bar""]}",51,"Wholesale Inventory Sold As-Is: These vehicles are offered from our wholesale/auction inventory and are sold as-is, without inspection or warranty. They have not been reconditioned and may require repairs. In-house inspections are not available due to liability reasons. Ideal for mechanically inclined buyers.<br><br>Recent Arrival! 2006 White Saturn VUE V6 3.5L V6 MPI SOHC 24V 5-Speed Automatic<br><br>This Saturn VUE has many features and is well equipped including.<br><br><br>DISCLAIMER: - PLEASE READ -<br><br>Sales Tax, License and title fees, and registration are in addition to the advertised price. Final price may differ based on program eligibility and residency requirements. Some rebates and discounts may not be eligible with special finance or GM finance promotions. You may contact a Serpentini Sales Associate for further questions prior to your visit or to confirm with us any details that may affect your purchase. ***OUT OF STATE RESIDENTS ARE RESPONSIBLE FOR THE PASSING/FAILING OF OTHER STATES INSPECTIONS. WE HAVE NO KNOWLEDGE OF OTHER STATES INSPECTION REQUIREMENTS. ****","[PREMIUM]",28,,,,,"[PREMIUM]"
"780877785","2026-05-25 21:15:40.820","2026-05-25 21:15:40.820","780877785","[PREMIUM]","15380AA",2006,"CHRY","Chrysler","PACIFICA","Pacifica","Touring","SUV","Used","Used 2006 Chrysler Pacifica Touring",182678,"[PREMIUM]",,"Great","[PREMIUM]",2590,3265,"Inferno Red Crystal Pearl","RED","Light Taupe","TAN","6CLDR","6-Cylinder","2 wheel drive - front","AUT","4-Speed Automatic","Automatic","G","Gasoline","Gas",17,23,3.5,true,5,false,true,false,false,false,false,false,"PREMIUM",,"[PREMIUM]","[PREMIUM]","[PREMIUM]",,"[PREMIUM]",,,376,4.2,872,0,"[""NO_SALVAGE_TITLE"",""NO_FRAME_DAMAGE"",""NO_FLOOD_WATER_DAMAGE"",""ACCIDENTS_REPORTED"",""NO_ONE_OWNER""]","{""exterior"":[""17\"" x 7.5\"" Aluminum Wheels"",""Adjustable Roof Rail Crossbars"",""Alloy wheels"",""Bodyside moldings"",""Delay-off headlights"",""Fog Lamps"",""Heated door mirrors"",""Power door mirrors"",""Rear Fascia Scuff Pad"",""Rear window wiper"",""Tonneau Cover""],""interior"":[""3rd row seats: split-bench"",""Air Conditioning"",""Cargo Net"",""Driver door bin"",""Driver vanity mirror"",""Driver's Seat Mounted Armrest"",""Front Bucket Seats"",""Front Center Armrest"",""Front dual zone A/C"",""Front reading lights"",""Leather Shift Knob"",""Leather steering wheel"",""Overhead console"",""Passenger door bin"",""Passenger seat mounted armrest"",""Passenger vanity mirror"",""Power Liftgate"",""Power Moonroof"",""Power driver seat"",""Power passenger seat"",""Power windows"",""Premium Cloth Low-Back Bucket Seats"",""Rear Seat Video System Prep."",""Rear air conditioning"",""Rear reading lights"",""Rear window defroster"",""Rear-Seat Video System"",""Steering wheel mounted audio controls"",""Tachometer"",""Tilt steering wheel"",""Trip computer"",""Variably intermittent wipers""],""safety"":[""ABS brakes"",""Dual front impact airbags"",""Knee airbag"",""Occupant sensing airbag"",""Panic alarm"",""Security system"",""Tire Pressure Monitoring System""],""mechanical"":[""4-Wheel Disc Brakes"",""Auto-leveling suspension"",""Four wheel independent suspension"",""Power steering""],""technology"":[""2nd Row Overhead 7\"" Video Screen"",""7 Speakers"",""AM/FM radio"",""Automatic temperature control"",""CD player"",""Call SIRIUS To Activate @ 888-539-7474"",""Compass"",""Garage door transmitter: Homelink"",""Remote keyless entry"",""SIRIUS Satellite Radio"",""Speed control""],""other"":[""*160 Point Inspection*"",""AM/FM Compact Disc w/Changer Control"",""Cargo Convenience Group"",""Front anti-roll bar"",""Illuminated entry"",""LOOKING FOR A SPECIFIC PRE OWNED CAR LET US HELP YOU FIND IT"",""MASTER MECHANIC 150 POINT INSPECTION"",""Manufacturer's Statement of Origin"",""Outside temperature display"",""PRICED BELOW JD POWER'S SUGGESTED RETAIL PRICE"",""Parksense Rear Back-Up System"",""Premium Leather Trimmed Bucket Seats"",""Quick Order Package 26P Spring Special"",""Rear anti-roll bar"",""Roof rack: rails only"",""Video Remote Control"",""WE WILL BRING THE CAR TO YOU"",""Wireless Headphones""]}",83,"2006 Chrysler Pacifica Touring in Inferno Red Crystal Pearl.<br>Touring Buy with confidence!","[PREMIUM]",3,,,,,"[PREMIUM]"
"780903401","2026-05-25 21:15:10.622","2026-05-25 21:15:10.622","780903401","[PREMIUM]","1FTPW12556FA90988",2006,"FORD","Ford","F150PICKUP","F150","Lariat","TRUCKS","Used","Used 2006 Ford F150 Lariat",276711,"[PREMIUM]",,"Great","[PREMIUM]",4335,5235,"Silver","SILVER","Charcoal","BLACK","8CLDR","8-Cylinder","2 wheel drive - rear","AUT","4-Speed Automatic","Automatic","G","Gasoline","Gas",15,19,5.4,true,5,false,true,false,false,false,false,false,"PREMIUM",,"[PREMIUM]","[PREMIUM]","[PREMIUM]",,"[PREMIUM]",,,348433,4.5,2566,,"[""NO_SALVAGE_TITLE"",""ACCIDENTS_REPORTED"",""NO_ONE_OWNER""]","{""exterior"":[""Alloy Wheels"",""Bed Liner"",""Running Boards""],""interior"":[""Air Conditioning"",""Leather"",""Power Door Locks"",""Power Seat"",""Power Windows"",""Tilt Wheel""],""safety"":[""ABS (4-Wheel)"",""Dual Air Bags""],""mechanical"":[""Power Steering"",""Towing Pkg""],""technology"":[""AM/FM Stereo"",""CD/MP3 (Single Disc)"",""Cassette"",""Cruise Control""]}",17,"FORD F150 SUPER PICK UP TRUCK. TITLE IN HAND. WAS TAKEN CARE OF AS A COMPANY TRUCK SO  RUNS GOOD. COMPANY IS JUST UPGRADING.<br><br>CALL ********** TO COME SEE TRUCK","[PREMIUM]",7,,,,,"[PREMIUM]"
"780728550","2026-05-25 21:15:00.431","2026-05-25 21:15:00.431","780728550","[PREMIUM]","ZT24597A1",2006,"HONDA","Honda","ODYSSEY","Odyssey","EX-L","VANS","Used","Used 2006 Honda Odyssey EX-L",246806,"[PREMIUM]",,"Good","[PREMIUM]",3015,4140,"Silver","SILVER",,,"6CLDR","6-Cylinder","2 wheel drive - front","AUT","5-Speed Automatic","Automatic","G","Gasoline","Gas",20,28,3.5,true,6,false,true,false,false,false,false,false,"PREMIUM",,"[PREMIUM]","[PREMIUM]","[PREMIUM]",,"[PREMIUM]",,,263728,4.5,776,0,"[""NO_SALVAGE_TITLE"",""NO_FRAME_DAMAGE"",""NO_FLOOD_WATER_DAMAGE"",""NO_ACCIDENTS_REPORTED"",""ONE_OWNER""]","{""exterior"":[""16\"" Alloy Wheels"",""Alloy wheels"",""Bodyside moldings"",""Bumpers: body-color"",""Delay-off headlights"",""Heated door mirrors"",""Power door mirrors"",""Rear window wiper"",""Spoiler""],""interior"":[""***HEATED SEATS***"",""***SUNROOF***"",""3rd row seats: split-bench"",""Air Conditioning"",""Driver door bin"",""Driver vanity mirror"",""Driver's Seat Mounted Armrest"",""Front Bucket Seats"",""Front dual zone A/C"",""Front reading lights"",""Heated Front Bucket Seats"",""Heated front seats"",""Leather Seat Trim"",""Leather Shift Knob"",""Leather steering wheel"",""Overhead console"",""Passenger door bin"",""Passenger seat mounted armrest"",""Passenger vanity mirror"",""Power driver seat"",""Power moonroof"",""Power windows"",""Rear air conditioning"",""Rear reading lights"",""Rear window defroster"",""Reclining 3rd row seat"",""Speed-Sensitive Wipers"",""Split folding rear seat"",""Steering wheel mounted audio controls"",""Tachometer"",""Tilt steering wheel"",""Variably intermittent wipers""],""safety"":[""ABS brakes"",""Brake assist"",""Dual front impact airbags"",""Dual front side impact airbags"",""Electronic Stability Control"",""Occupant sensing airbag"",""Overhead airbag"",""Panic alarm"",""Security system"",""Traction control""],""mechanical"":[""4-Wheel Disc Brakes"",""4.428 Axle Ratio"",""Four wheel independent suspension"",""Power steering"",""Speed-sensing steering""],""technology"":[""6 Speakers"",""AM/FM radio"",""Automatic temperature control"",""CD player"",""Garage door transmitter: HomeLink"",""Remote keyless entry"",""Speed control""],""other"":[""***AS IS***"",""***CLEAN AUTOCHECK***"",""***NON SMOKER***"",""***ONE OWNER***"",""AM/FM/XM Satellite Radio Ready Audio System"",""Front anti-roll bar"",""Illuminated entry"",""Outside temperature display"",""Roof rack: rails only""]}",72,"Recent Arrival! ***AS IS***, ***CLEAN AUTOCHECK***, ***HEATED SEATS***, ***NON SMOKER***, ***ONE OWNER***, ***SUNROOF***. Silver 2006 Honda Odyssey EX-L FWD 5-Speed Automatic with Overdrive 3.5L V6 SOHC i-VTEC 24V<br>20/28 City/Highway MPG<br>Awards:<br>* 2006 KBB.com Best Resale Value Awards<br>For more information, visit www.kbb.com. Kelley Blue Book is a registered trademark of Kelley Blue Book Co., Inc.<br>Where Customers Send Their Friends Since 1929!!!","[PREMIUM]",30,,,,,"[PREMIUM]"
"776966080","2026-05-25 21:14:50.309","2026-05-25 21:14:50.309","776966080","[PREMIUM]","T65003364",2006,"SCION","Scion","XA","xA",,"HATCH","Used","Used 2006 Scion xA",165311,"[PREMIUM]",,,"[PREMIUM]",2165,3040,"Silver","SILVER","Gray","GRAY","4CLDR","4-Cylinder","2 wheel drive - front",,,,"G","Gasoline","Gas",,,1.5,false,48,false,false,false,false,false,false,false,"PREMIUM",,"[PREMIUM]","[PREMIUM]","[PREMIUM]",,"[PREMIUM]",,,1469,4.8,325,0,"[""NO_SALVAGE_TITLE"",""NO_ACCIDENTS_REPORTED"",""NO_ONE_OWNER""]","{""exterior"":[""Cargo area tonneau cover"",""Multi-reflector halogen headlamps"",""P185/60R15 all-season tires"",""Rear wiper"",""Rocker panel extensions""],""interior"":[""60/40 split folding rear seat"",""Air conditioning"",""Amber instrument panel illumination"",""Cargo area under-floor storage"",""Center console"",""Digital clock"",""Driver & front passenger sunvisor w/vanity mirror"",""Intermittent windshield wipers"",""Pwr windows w/1-touch auto-down driver window"",""Rear window defogger"",""Sport front bucket seats"",""Tilt steering wheel w/mounted audio controls""],""safety"":[""3-across 3-point rear seat belts"",""Driver & front passenger 3-point seat belts w/pretensioners & force limiters"",""Driver & front passenger dual-stage airbags (SRS)"",""First-aid kit"",""Temporary spare tire""],""mechanical"":[""1.5L DOHC MPFI 16-valve I4 engine w/variable valve timing w/intelligence (VVT-i)"",""Front wheel drive"",""Front/rear stabilizer bar"",""Independent MacPherson strut front suspension"",""Pwr assisted rack & pinion steering"",""Pwr front vented disc/rear drum brakes"",""Torsion beam rear suspension""],""technology"":[""Roof-mounted antenna""],""other"":[""11.9 gallon fuel tank"",""CRS top tether anchor brackets & lower anchor latches"",""Chrome exhaust tip"",""Instrumentation-inc: speedometer- tachometer- trip meter"",""Pwr outside mirrors w/turn indicators""]}",35,"Visit MGM Auto Brokers  to see more pictures of this vehicle or call us at   today to schedule your test drive.","[PREMIUM]",50,,,,,"[PREMIUM]"
"780719096","2026-05-25 21:14:50.104","2026-05-25 21:14:50.104","780719096","[PREMIUM]","D8269A",2006,"FORD","Ford","FUSION","Fusion","SEL","SEDAN","Used","Used 2006 Ford Fusion SEL",146794,"[PREMIUM]",,"Good","[PREMIUM]",2265,3215,"Maroon","BURGUNDY",,,"6CLDR","6-Cylinder","2 wheel drive - front","AUT","6-Speed Automatic","Automatic","G","Gasoline","Gas",21,29,3,false,6,false,true,false,false,false,false,false,"PREMIUM",,"[PREMIUM]","[PREMIUM]","[PREMIUM]",,"[PREMIUM]",,,504,4.6,920,0,"[""NO_SALVAGE_TITLE"",""NO_FRAME_DAMAGE"",""NO_FLOOD_WATER_DAMAGE"",""NO_ACCIDENTS_REPORTED"",""NO_ONE_OWNER""]","{""exterior"":[""17\"" Machined Aluminum Wheels"",""Alloy wheels"",""Bodyside moldings"",""Bumpers: body-color"",""Front fog lights"",""Power door mirrors""],""interior"":[""Air Conditioning"",""Driver door bin"",""Driver vanity mirror"",""Front Bucket Seats"",""Front Center Armrest w/Storage"",""Front reading lights"",""Leather steering wheel"",""Passenger door bin"",""Passenger vanity mirror"",""Power driver seat"",""Power windows"",""Premium Cloth Front Bucket Seats"",""Rear seat center armrest"",""Rear window defroster"",""Speed-Sensitive Wipers"",""Split folding rear seat"",""Steering wheel mounted audio controls"",""Tachometer"",""Telescoping steering wheel"",""Tilt steering wheel"",""Trip computer"",""Variably intermittent wipers""],""safety"":[""Dual front impact airbags"",""Occupant sensing airbag"",""Panic alarm""],""mechanical"":[""4-Wheel Disc Brakes"",""Four wheel independent suspension"",""Power steering"",""Speed-sensing steering""],""technology"":[""6 Speakers"",""AM/FM radio"",""Automatic temperature control"",""CD player"",""Radio data system"",""Remote keyless entry"",""Speed control""],""other"":[""Front anti-roll bar"",""Illuminated entry"",""Outside temperature display"",""Rear anti-roll bar"",""Steering wheel mounted A/C controls""]}",47,"Duratec 3.0L V6, 6-Speed Automatic. Priced below KBB Fair Purchase Price!<br><br>21/29 City/Highway MPG<br>Maroon 2006 Ford Fusion 4D Sedan SEL FWD 6-Speed Automatic Duratec 3.0L V6<br><br>Springs Automotive Group offers our 30-day Exclusive Warranty to customers for peace of mind. 30 days or 1000 miles from date of purchase, whichever comes first. Vehicles 10 years or older OR vehicles with over 150,000 miles are not eligible. Vehicles priced under $10,000.00 are not eligible. $100.00 Deductible applies. Contractual Limit of Liability is $1500.00. Price excludes tax, tag and title, and any other applicable state or local fees. **$500 OFF CERTIFIED VEHICLES WITH AN ACTIVE MILITARY ID.**<br><br><br>Springs Automotive Group has over 450 vehicles to choose from and a selection that can t be beat! Whether you are looking for your first car, family car, or dream car, we have the ride that you re looking for!","[PREMIUM]",22,,,,,"[PREMIUM]"
"778102907","2026-05-25 21:14:50.099","2026-05-25 21:14:50.099","778102907","[PREMIUM]","KNADE123X66150474",2006,"KIA","Kia","RIO","Rio","LX","SEDAN","Used","Used 2006 Kia Rio LX",111628,"[PREMIUM]",,,"[PREMIUM]",1930,2480,"Blue","BLUE","Black","BLACK","4CLDR","4-Cylinder","2 wheel drive - front",,,,"G","Gasoline","Gas",,,1.6,false,36,false,false,false,false,false,false,false,"PREMIUM",,"[PREMIUM]","[PREMIUM]","[PREMIUM]",,"[PREMIUM]",,,917,4.3,215,,"[""NO_SALVAGE_TITLE"",""NO_ACCIDENTS_REPORTED"",""NO_ONE_OWNER""]","{""exterior"":[""Steel Wheels""],""interior"":[""Air Conditioning"",""Tilt Wheel""],""safety"":[""ABS (4-Wheel)"",""Dual Air Bags"",""Side Air Bags""],""mechanical"":[""Power Steering""],""technology"":[""AM/FM Stereo"",""CD/MP3 (Single Disc)"",""Cruise Control""],""other"":[""Premium Sound""]}",11,"This 2006 Kia Rio LX is in excellent condition with 111,628 miles. The blue exterior and black interior look great together. It has a reliable 1.6L 4-cylinder engine with automatic transmission that gets good gas mileage for daily driving.<br><br>Key features include:<br> Air conditioning and cruise control<br> Power steering with tilt wheel<br> AM/FM stereo with CD/MP3 player<br> Dual front and side airbags<br> ABS brakes for safety<br><br>The car runs smooth and handles well. Perfect for commuting or as a first car. Everything works as it should. Chat me if you have any questions about it.","[PREMIUM]",6,,,,,"[PREMIUM]"
"781052700","2026-05-25 21:14:29.966","2026-05-25 21:14:29.966","781052700","[PREMIUM]","3114290",2006,"VOLKS","Volkswagen","PASS","Passat","2.0T","SEDAN","Used","Used 2006 Volkswagen Passat 2.0T",156088,"[PREMIUM]",,,"[PREMIUM]",2620,3045,"Candy White","WHITE","Classic Gray","GRAY","4CLDR","4-Cylinder Turbo","2 wheel drive - front","AUT","6-Speed Automatic","Automatic","G","Gasoline","Gas",22,31,2,false,3,false,true,false,false,false,false,false,"PREMIUM",,"[PREMIUM]","[PREMIUM]","[PREMIUM]",,"[PREMIUM]",,,1714,4.1,542,1,"[""NO_SALVAGE_TITLE"",""NO_ACCIDENTS_REPORTED"",""NO_ONE_OWNER""]","{""exterior"":[""Bodyside moldings"",""Bumpers: body-color"",""Heated door mirrors"",""Power door mirrors"",""Turn signal indicator mirrors""],""interior"":[""Air Conditioning"",""Anti-whiplash front head restraints"",""Driver & Front Passenger Comfort Seats"",""Driver door bin"",""Driver vanity mirror"",""Front Bucket Seats"",""Front Center Armrest"",""Front reading lights"",""Leatherette Seat Trim"",""Overhead console"",""Passenger door bin"",""Passenger vanity mirror"",""Power windows"",""Rear seat center armrest"",""Rear window defroster"",""Split folding rear seat"",""Tachometer"",""Telescoping steering wheel"",""Tilt steering wheel"",""Trip computer"",""Variably intermittent wipers""],""safety"":[""ABS brakes"",""Brake assist"",""Dual front impact airbags"",""Dual front side impact airbags"",""Electronic Stability Control"",""Low tire pressure warning"",""Occupant sensing airbag"",""Overhead airbag"",""Panic alarm"",""Security system"",""Traction control""],""mechanical"":[""4-Wheel Disc Brakes"",""Four wheel independent suspension"",""Power steering"",""Speed-sensing steering""],""technology"":[""8 Speakers"",""AM/FM radio"",""AM/FM w/In-Dash Single CD Player"",""CD player"",""Compass"",""Remote keyless entry"",""Speed control""],""other"":[""Front anti-roll bar"",""Illuminated entry"",""Outside temperature display"",""Rear anti-roll bar""]}",52,"Discover the exceptional value and refined style of this 2006 Volkswagen Passat 2.0T. This well-maintained sedan offers a compelling blend of performance, comfort, and convenience that is sure to impress.<br><br>- Sleek Exterior Design: The Passat's elegant white exterior exudes a timeless sophistication that will turn heads wherever you go.<br><br>- Versatile and Spacious Interior: With seating for five and a generous cargo area, this Passat provides the flexibility to accommodate your evolving lifestyle needs.<br><br>- Impressive Performance: The turbocharged 2.0L I4 engine and 6-speed automatic transmission with Tiptronic deliver a spirited and responsive driving experience, while the front-wheel-drive configuration ensures confident handling.<br><br>- Comprehensive Feature Set: Enjoy the convenience of features like power windows, remote keyless entry, speed control, and a premium audio system with CD player. The Passat also offers a wealth of safety technologies, including ABS brakes, electronic stability control, and a comprehensive airbag system.<br><br>- Leatherette Seating: The Passat's premium leatherette upholstery provides a luxurious touch and enhanced comfort for all passengers.<br><br>This 2006 Volkswagen Passat 2.0T represents an exceptional value in the pre-owned market. Schedule a test drive today and experience the refined elegance and dynamic performance that this sedan has to offer.","[PREMIUM]",28,,,,,"[PREMIUM]"
"780015371","2026-05-25 21:14:19.779","2026-05-25 21:14:19.779","780015371","[PREMIUM]","5FNRL38846B102082",2006,"HONDA","Honda","ODYSSEY","Odyssey","Touring","VANS","Used","Used 2006 Honda Odyssey Touring",243098,"[PREMIUM]",,"Good","[PREMIUM]",3320,4270,"Silver","SILVER","Black","BLACK","6CLDR","6-Cylinder","2 wheel drive - front","AUT","5-Speed Automatic","Automatic","G","Gasoline","Gas",20,28,3.5,true,15,false,false,false,false,false,false,false,"PREMIUM",,"[PREMIUM]","[PREMIUM]","[PREMIUM]",,"[PREMIUM]",,,779,4.5,776,,"[""NO_SALVAGE_TITLE"",""NO_ACCIDENTS_REPORTED"",""NO_ONE_OWNER""]","{""exterior"":[""Alloy Wheels"",""Rear Spoiler"",""Roof Rack""],""interior"":[""Air Conditioning"",""Leather"",""Power Door Locks"",""Power Seat"",""Power Sliding Doors"",""Power Windows"",""Sun Roof (Sliding)"",""Tilt Wheel""],""safety"":[""ABS (4-Wheel)"",""Dual Air Bags"",""Side Air Bags"",""Traction Control""],""mechanical"":[""Power Steering""],""technology"":[""AM/FM Stereo"",""Backup Camera"",""CD/MP3 (Multi Disc)"",""Cruise Control"",""DVD System"",""Navigation System"",""Parking Sensors""],""other"":[""Premium Sound"",""Quad Seating (4 Buckets)"",""Rear""]}",26,"This 2006 Honda Odyssey Touring minivan is in good condition with 243,098 miles. Owned by a seasoned/elderly couple and used primarily for vacation trips.  It has a 3.5L V6 engine with automatic transmission. The silver exterior and black leather interior still look nice. See photos for some rust and flaws as are typical of a vehicle of this age.<br><br>Key features include:<br> Power sliding doors on both sides<br> Navigation system and backup camera<br> Quad bucket seating with power adjustments<br> Premium sound system with CD/MP3<br> Sliding sunroof<br> Rear air conditioning<br> Parking sensors<br> Alloy wheels<br> Two keys and electronic fob, plus aftermarket remote start (2 fobs)<br><br>The navigation system works well for road trips, and the backup camera makes parking easier. Both sliding doors operate smoothly, which is helpful when loading kids or groceries. The quad seating gives passengers more comfort than bench seats. Most vehicle maintenance was done at a local Honda dealership. New tires and front brakes in 2022, but hardly driven since.<br><br>Chat me if you have questions.","[PREMIUM]",20,,,,,"[PREMIUM]"
"779437383","2026-05-25 21:13:59.609","2026-05-25 21:13:59.609","779437383","[PREMIUM]","1HGCM66356A041895",2006,"HONDA","Honda","ACCORD","Accord","LX","SEDAN","Used","Used 2006 Honda Accord LX",145820,"[PREMIUM]",,,"[PREMIUM]",3005,4130,"Gray","GRAY","Gray","GRAY","6CLDR","6-Cylinder","2 wheel drive - front","AUT","5-Speed Automatic","Automatic","G","Gasoline","Gas",20,29,3,false,21,false,false,true,false,false,false,false,"PREMIUM",,"[PREMIUM]","[PREMIUM]","[PREMIUM]",,"[PREMIUM]",,,734,4.7,2331,,"[""NO_SALVAGE_TITLE"",""NO_ACCIDENTS_REPORTED"",""NO_ONE_OWNER""]","{""exterior"":[""Steel Wheels""],""interior"":[""Air Conditioning"",""Power Door Locks"",""Power Seat"",""Power Windows"",""Sun Roof (Sliding)"",""Tilt Wheel""],""safety"":[""ABS (4-Wheel)"",""Dual Air Bags"",""Side Air Bags""],""mechanical"":[""Power Steering""],""technology"":[""AM/FM Stereo"",""CD/MP3 (Single Disc)"",""Cruise Control""]}",14,"2006 Honda Accord LX  $5,680 | Single Owner | Tucson, AZ<br><br>Only selling because it was time for an upgrade  not because anything is wrong with it. This Accord has been a genuinely reliable one-owner car since it was purchased in Tucson, with no accidents and no open recalls. Carfax is available to review in person.<br><br>POWERTRAIN &amp; PERFORMANCE<br>Powered by Honda's proven V6 VTEC 3.0-liter engine with automatic transmission. At 145,820 miles it remains mechanically sound. The timing belt was replaced in 2021 and a full set of tires was installed in 2024. AC and heat both function perfectly.<br><br>COMFORT &amp; CONVENIENCE<br>Power driver's seat, power windows and door locks, sunroof, cruise control, and CD/MP3 stereo. Everything works as it should.<br><br>SAFETY<br>Dual front and side airbags, ABS brakes, clean accident history, and no open recalls.<br><br>CONDITION<br>Interior is remarkably clean  no cuts, tears, or burn marks, and never smoked in. Glass is clear and undamaged. The exterior has the normal nicks and dings you'd expect on a car this age, nothing significant enough to warrant panel replacement. The roof has mild sun fade typical of vehicles in the Tucson climate. Overall an honest, well-presented used car.<br><br>Great fit for a daily commuter, first-time buyer, or anyone who values reliability over flash. Test drive and inspection welcome.","[PREMIUM]",31,,,,,"[PREMIUM]"
"780970676","2026-05-25 21:13:49.402","2026-05-25 21:13:49.402","780970676","[PREMIUM]","43T2551C",2006,"GMC","GMC","15SIPU4WD","Sierra 1500","Denali","TRUCKS","Used","Used 2006 GMC Sierra 1500 Denali w/ Onstar Plus Package",143497,"[PREMIUM]",,"Great","[PREMIUM]",10190,11990,"Summit White","WHITE","Stone Gray","GRAY","8CLDR","8-Cylinder","All wheel drive","AUT","4-Speed Automatic","Automatic","G","Gasoline","Gas",13,17,6,true,4,false,true,false,false,false,false,false,"PREMIUM",,"[PREMIUM]","[PREMIUM]","[PREMIUM]",,"[PREMIUM]",,,348265,4.6,1659,0,"[""NO_SALVAGE_TITLE"",""NO_ACCIDENTS_REPORTED"",""NO_ONE_OWNER""]","{""exterior"":[""**TOW HITCH"",""17\"" x 7\"" Polished Cast Aluminum Wheels"",""Alloy wheels"",""Aluminized Stainless-Steel Muffler & Tailpipe"",""Auto-dimming door mirrors"",""Bodyside moldings"",""Bumpers: body-color"",""Delay-off headlights"",""Fully automatic headlights"",""Heated door mirrors"",""Power door mirrors"",""Rear step bumper"",""Skid Plate Package"",""Turn signal indicator mirrors""],""interior"":[""**LEATHER SEATS"",""10-Way Power Driver's Seat Adjuster"",""10-Way Power Front Passenger Seat Adjuster"",""Air Conditioning"",""Auto-dimming Rear-View mirror"",""Deluxe Overhead Console"",""Driver door bin"",""Driver vanity mirror"",""Driver's Seat Mounted Armrest"",""Electric Power Tilt-Sliding Sunroof w/Express-Open"",""Front Bucket Seats"",""Front dual zone A/C"",""Front reading lights"",""Heated front seats"",""Leather steering wheel"",""Memory seat"",""Nuance Leather Appointed Seat Trim"",""Overhead console"",""Passenger door bin"",""Passenger seat mounted armrest"",""Passenger vanity mirror"",""Power driver seat"",""Power passenger seat"",""Power windows"",""Rear reading lights"",""Rear seat center armrest"",""Rear window defroster"",""Split folding rear seat"",""Steering wheel mounted audio controls"",""Tachometer"",""Tilt steering wheel"",""Trip computer"",""Variably intermittent wipers"",""Voltmeter""],""safety"":[""ABS brakes"",""Dual front impact airbags"",""Occupant sensing airbag"",""Panic alarm"",""Security system""],""mechanical"":[""**TOW PACKAGE"",""4-Wheel Disc Brakes"",""4.10 Rear Axle Ratio"",""Front wheel independent suspension"",""Power steering""],""technology"":[""6 Speakers"",""AM/FM radio"",""Audio memory"",""Automatic temperature control"",""CD player"",""Cassette"",""Compass"",""ETR AM/FM Stereo w/CD & Cassette"",""Garage door transmitter: HomeLink"",""OnStar Plus Package"",""Radio data system"",""Rear audio controls"",""Remote CD player"",""Remote keyless entry"",""Speed control"",""XM Satellite Radio Sound System Feature""],""other"":[""**CLEAN CARFAX"",""**WHOLESALE PRICING"",""Emergency communication system: OnStar"",""Front Full-Feature Bucket Seats"",""Front License Plate Bracket"",""Front anti-roll bar"",""Illuminated entry"",""Outside temperature display"",""Preferred Equipment Group 5SA"",""Sierra Denali"",""Specially Tuned Suspension Package""]}",85,"**LEATHER SEATS, **TOW HITCH, **WHOLESALE PRICING, **TOW PACKAGE, **CLEAN CARFAX, Vortec 6.0L V8 SFI, 4-Speed Automatic HD with Overdrive, AWD. Clean CARFAX. Recent Arrival! Priced below KBB Fair Purchase Price!<br><br>Summit White 2006 GMC Sierra 1500 Denali 4D Crew Cab AWD 4-Speed Automatic HD with Overdrive Vortec 6.0L V8 SFI<br><br><br>Find out why our dealerships have won DealerRater.com DEALER OF THE YEAR a whopping 10 TIMES! Call, email, or live chat with one of our friendly sales professionals now to schedule your test drive! Prices shown do not include tax, title, registration and $599 service fees.","[PREMIUM]",20,,,,,"[PREMIUM]"
"777294857","2026-05-25 21:13:49.388","2026-05-25 21:13:49.388","777294857","[PREMIUM]","1HGCM65856A009039",2006,"HONDA","Honda","ACCORD","Accord","EX-L","SEDAN","Used","Used 2006 Honda Accord EX-L",175000,"[PREMIUM]",,,"[PREMIUM]",2655,4105,"Silver","SILVER","Black","BLACK","6CLDR","6-Cylinder","2 wheel drive - front","MAN","6-Speed Manual","Manual","G","Gasoline","Gas",21,30,3,true,45,false,false,false,false,false,false,false,"PREMIUM",,"[PREMIUM]","[PREMIUM]","[PREMIUM]",,"[PREMIUM]",,,263726,4.7,2331,,"[""NO_SALVAGE_TITLE"",""NO_ACCIDENTS_REPORTED"",""ONE_OWNER""]","{""exterior"":[""Alloy Wheels""],""interior"":[""Air Conditioning"",""Dual Power Seats"",""Leather"",""Moon Roof"",""Power Door Locks"",""Power Windows"",""Tilt Wheel""],""safety"":[""ABS (4-Wheel)"",""Dual Air Bags"",""Side Air Bags"",""Traction Control""],""mechanical"":[""Power Steering""],""technology"":[""AM/FM Stereo"",""CD/MP3 (Multi Disc)"",""Cassette"",""Cruise Control"",""Navigation System""]}",18,"So sad to sell this car purchased from Honda with 5,000 miles on it. This is a 6 speed manual( stick shift) V-6 2006 4 door Honda accord. Moon roof, black leather interior navigation and gets an amazing gas mileage, the most reliable car and fun to drive. The down side of this 20 year old accord? The a/c takes a very long time to go cool.power steering fliuid leaks, but fun to drive just needs to be warmed up on cold days or it's a little stiff, the power steering doesn't work- but drives fine with in cold weather can be hard to to turn out of tight parking spot until it's warmed up This is such a hard car to part with- we changed our minds but are deciding to part with it,  Any questions reach out. Clutch is fine a year ago new brakes and struts or sway bars? . Flexible on the price title in hand. All work has been done at Honda dealership, some rust seems to started see pics.  Most reliable car but just doesn't get driven anymore and need to go to someone who can appreciate it. ( serious inquires only!!please don't ). No accidents, navigation, leather seats looks great heated seats, well cared for, but also 20 years old:) navigation works also, truly a great car, 6 speed manual 4 door accord you won't find super rare! ( I have no been able to find another) the headliner you can see in the rear photo is started to fall serious inquiry only! I will not respond to fake inquiries! Please I will not text off the app, <br>","[PREMIUM]",11,,,,,"[PREMIUM]"
"778715893","2026-05-25 21:13:49.386","2026-05-25 21:13:49.386","778715893","[PREMIUM]","1GKET63M562214434",2006,"GMC","GMC","ENVOY","Envoy","Denali","SUV","Used","Used 2006 GMC Envoy Denali",163680,"[PREMIUM]",,,"[PREMIUM]",2020,3170,"Black","BLACK","Black","BLACK","8CLDR","8-Cylinder","4 wheel drive","AUT","4-Speed Automatic","Automatic","G","Gasoline","Gas",15,21,5.3,true,29,false,false,false,false,false,false,false,"PREMIUM",,"[PREMIUM]","[PREMIUM]","[PREMIUM]",,"[PREMIUM]",,,658,4.5,976,,"[""NO_SALVAGE_TITLE"",""ACCIDENTS_REPORTED"",""NO_ONE_OWNER""]","{""exterior"":[""Oversized Premium Wheels 20\""+"",""Roof Rack"",""Running Boards""],""interior"":[""Dual Power Seats"",""Leather"",""Moon Roof"",""Power Door Locks"",""Power Windows"",""Tilt Wheel""],""safety"":[""ABS (4-Wheel)"",""Dual Air Bags"",""Side Air Bags"",""StabiliTrak""],""mechanical"":[""Power Steering"",""Towing Pkg""],""technology"":[""AM/FM Stereo"",""CD/MP3 (Single Disc)"",""Cruise Control""]}",18,"This 2006 GMC Envoy Denali is in very good condition and ready for a new owner. Black exterior with matching black leather interior creates a sharp look. The 5.3L V8 engine paired with 4WD makes it capable for different driving needs.<br><br>Key features include:<br> Dual power leather seats for comfort<br> Moon roof for open-air driving  <br> 20+ inch premium wheels<br> Towing package for hauling needs<br> Running boards for easy entry<br> StabiliTrak for added stability<br> Multiple airbags for safety<br><br>The automatic transmission shifts smoothly and cruise control makes highway driving comfortable. Power windows, locks, and steering work as expected. AM/FM stereo with CD/MP3 player for entertainment.<br><br>Chat me if you have any questions about the Envoy.","[PREMIUM]",10,,,,,"[PREMIUM]"
"778676547","2026-05-25 21:13:29.183","2026-05-25 21:13:29.183","778676547","[PREMIUM]","W62191118",2006,"BUICK","Buick","RAINIER","Rainier","CXL","SUV","Used","Used 2006 Buick Rainier CXL",151767,"[PREMIUM]",,"Great","[PREMIUM]",1990,3165,"Deep Sapphire Metallic","BLUE","Gray","GRAY","6CLDR","6-Cylinder","All wheel drive","AUT","4-Speed Automatic","Automatic","G","Gasoline","Gas",15,21,4.2,true,30,false,false,true,false,false,false,false,"PREMIUM",,"[PREMIUM]","[PREMIUM]","[PREMIUM]",,"[PREMIUM]",,,106,4.4,207,1,"[""NO_SALVAGE_TITLE"",""ACCIDENTS_REPORTED"",""NO_ONE_OWNER""]","{""exterior"":[""17\"" x 7\"" 8-Spoke Custom Aluminum Wheels"",""17\"" x 7\"" High Polished Forged Aluminum Wheels"",""Alloy wheels"",""Bumpers: body-color"",""Delay-off headlights"",""Front fog lights"",""Fully automatic headlights"",""Heated door mirrors"",""Power door mirrors"",""Rear window wiper"",""Turn signal indicator mirrors""],""interior"":[""Air Conditioning"",""Auto-dimming Rear-View mirror"",""Convenience Net"",""Custom Perforated Leather Appointed Seat Trim"",""Driver & Front Passenger Heated Seats"",""Driver door bin"",""Driver vanity mirror"",""Electric Tilt-Sliding Power Sunroof"",""Front Bucket Seats"",""Front Center Armrest"",""Front Reclining Bucket Seats"",""Front dual zone A/C"",""Front reading lights"",""HVAC memory"",""Leather Shift Knob"",""Leather steering wheel"",""Memory seat"",""Overhead console"",""Passenger door bin"",""Passenger vanity mirror"",""Power driver seat"",""Power passenger seat"",""Power windows"",""Rear Cargo Shade"",""Rear Reversible Cargo Mat"",""Rear air conditioning"",""Rear reading lights"",""Rear window defroster"",""Split folding rear seat"",""Steering wheel mounted audio controls"",""Tachometer"",""Tilt steering wheel"",""Trip computer"",""Variably intermittent wipers"",""Voltmeter""],""safety"":[""ABS brakes"",""Dual front impact airbags"",""Electronic Stability Control"",""Occupant sensing airbag"",""Panic alarm"",""Security system"",""Traction control""],""mechanical"":[""3.73 Rear Axle Ratio"",""4-Wheel Disc Brakes"",""Auto-leveling suspension"",""Front wheel independent suspension"",""Power steering""],""technology"":[""6 Speakers"",""AM/FM radio"",""Automatic temperature control"",""Bose Premium Speaker Sound System"",""CD player"",""Cassette"",""Compass"",""ETR AM/FM Stereo w/CD/Cassette/Seek & Scan"",""Garage door transmitter: Homelink"",""Radio data system"",""Rain sensing wipers"",""Rear audio controls"",""Remote keyless entry"",""Speed control"",""XM Satellite Radio Sound System Feature""],""other"":[""Cargo Convenience Package"",""Chrome Assist Steps"",""Emergency communication system: OnStar"",""Front anti-roll bar"",""Illuminated entry"",""Luxury Package"",""Outside temperature display"",""Premium Smooth Ride Suspension Package"",""Rear anti-roll bar"",""Roof rack: rails only"",""Sun Sound & Entertainment Package w/CF5""]}",84,"Hudson Nissan of North Charlesrton now offers wholesale priced cars to the public before they are shipped off to auction. Hudson Wholesale These vehicles may not have been safety inspected nor have any reconditioning been performed. Hudson Wholesale vehicles are sold completely AS-IS. We do not offer financing on these vehicles. All Hudson Wholesale vehicles are priced well below market value for a direct wholesale price to the public. 2006 Buick Rainier CXL AWD Vortec 4200 4.2L I6 MPI DOHC Odometer is 2526 miles below market average!","[PREMIUM]",35,,,,,"[PREMIUM]"
"778477758","2026-05-25 21:13:29.161","2026-05-25 21:13:29.161","778477758","[PREMIUM]","KL1TD66646B578767",2006,"CHEV","Chevrolet","AVEO","Aveo","LS","HATCH","Used","Used 2006 Chevrolet Aveo LS",122340,"[PREMIUM]",,"Great","[PREMIUM]",2235,2585,"Red","RED","Black","BLACK","4CLDR","4-Cylinder","2 wheel drive - front","AUT","4-Speed Automatic","Automatic","G","Gasoline","Gas",,,1.6,false,32,false,false,false,false,false,false,false,"PREMIUM",,"[PREMIUM]","[PREMIUM]","[PREMIUM]",,"[PREMIUM]",,,146,3.7,823,,"[""NO_SALVAGE_TITLE"",""NO_ACCIDENTS_REPORTED"",""NO_ONE_OWNER""]","{""exterior"":[""Steel Wheels""],""interior"":[""Air Conditioning"",""Power Door Locks"",""Power Windows"",""Tilt Wheel""],""safety"":[""ABS (4-Wheel)"",""Dual Air Bags"",""Side Air Bags""],""mechanical"":[""Power Steering""],""technology"":[""AM/FM Stereo"",""Cruise Control""]}",11,"My 2006 Chevrolet Aveo LS hatchback has 122,340 miles and runs on a 1.6-liter automatic engine. The red exterior pairs nicely with black interior. This car offers good fuel economy (40 MPG)for daily commuting, new inspection.<br><br>Key features include:<br> Air conditioning and cruise control<br> Power windows and door locks  <br> Tilt steering wheel<br> AM/FM stereo<br> Dual front and side airbags<br> ABS brakes<br><br>The hatchback design provides extra cargo space compared to sedans, making it practical for groceries or weekend trips. The compact size makes parking easy in tight spots. No checks, no trades, cash only.<br><br>Feel free to chat me if you have any questions about the car.","[PREMIUM]",17,,,,,"[PREMIUM]"
"780230138","2026-05-25 21:13:29.157","2026-05-25 21:13:29.157","780230138","[PREMIUM]","WBABW53426PZ40767",2006,"BMW","BMW","330CI","330Ci","Convertible","CONVERT","Used","Used 2006 BMW 330Ci Convertible",198000,"[PREMIUM]",,,"[PREMIUM]",600,1515,"Red","RED","Black","BLACK","6CLDR","6-Cylinder","2 wheel drive - rear",,,,"G","Gasoline","Gas",,,3,true,12,false,false,false,false,false,false,false,"PREMIUM",,"[PREMIUM]","[PREMIUM]","[PREMIUM]",,"[PREMIUM]",,,40,4.5,1174,,"[""NO_SALVAGE_TITLE"",""ACCIDENTS_REPORTED"",""NO_ONE_OWNER""]","{""exterior"":[""Alloy Wheels"",""HID Headlamps""],""interior"":[""Air Conditioning"",""Dual Power Seats"",""Leather"",""Power Door Locks"",""Power Windows""],""safety"":[""ABS (4-Wheel)"",""Dual Air Bags"",""Side Air Bags"",""Stability Control"",""Traction Control""],""mechanical"":[""Power Steering""],""technology"":[""AM/FM Stereo"",""CD/MP3 (Single Disc)"",""Cruise Control"",""Harman Kardon Sound"",""Sirius Satellite""],""other"":[""Performance Pkg"",""Telescoping Wheel""]}",20,"Thank you for your interest. Buyer will need to purchase a new battery, and four new tires. Ideal car for anyone looking to refurbish a fun car. The car is being sold as is.","[PREMIUM]",15,,,,,"[PREMIUM]"
"780974344","2026-05-25 21:13:18.968","2026-05-25 21:13:18.968","780974344","[PREMIUM]","2HNYD18656H546846",2006,"ACURA","Acura","MDX","MDX","Touring","SUV","Used","Used 2006 Acura MDX Touring",173750,"[PREMIUM]",,,"[PREMIUM]",2460,3835,"Black","BLACK","Black","BLACK","6CLDR","6-Cylinder","4 wheel drive","AUT","5-Speed Automatic","Automatic","G","Gasoline","Gas",17,23,3.5,true,4,false,true,false,false,false,false,false,"PREMIUM",,"[PREMIUM]","[PREMIUM]","[PREMIUM]",,"[PREMIUM]",,,3,4.6,443,,"[""NO_SALVAGE_TITLE"",""ACCIDENTS_REPORTED"",""NO_ONE_OWNER""]","{""exterior"":[""Alloy Wheels"",""Roof Rack""],""interior"":[""Air Conditioning"",""Dual Power Seats"",""Leather"",""Moon Roof"",""Power Door Locks"",""Power Windows"",""Third Row Seat"",""Tilt Wheel""],""safety"":[""ABS (4-Wheel)"",""Dual Air Bags"",""Side Air Bags"",""Stability Control"",""Traction Control""],""mechanical"":[""Power Steering"",""Towing Pkg""],""technology"":[""AM/FM Stereo"",""Bluetooth Wireless"",""Bose Premium Sound"",""CD/MP3 (Multi Disc)"",""Cassette"",""Cruise Control"",""Navigation System""],""other"":[""Rear""]}",25,"Runs and drives well and A/C blows cold. Has a foldable 3rd row for up to 7 people or they fold flat to the floor for 5 people and more cargo space.<br><br>Mechanically is in decent shape for its age, had the timing belt, water pump, radiator, brakes/pads and engine mounts replaced a year ago. All lights/brights, windows, blinkers, heated seats work and the sunroof doesn't leak. Tires are only a year old and have a lot of tread left and it has been upgraded to a full size spare instead of a donut.<br><br>Exterior has cosmetic defects. Dents, dings, scratches and scrapes expected with a 20 year old car.<br><br>Good car if you just need something to get around in relatively cheaply.","[PREMIUM]",17,,,,,"[PREMIUM]"
"777120774","2026-05-25 21:13:18.964","2026-05-25 21:13:18.964","777120774","[PREMIUM]","4JGCB65E26A004273",2006,"MB","Mercedes-Benz","R350","R 350","4MATIC","SUV","Used","Used 2006 Mercedes-Benz R 350 4MATIC",101805,"[PREMIUM]",,,"[PREMIUM]",3030,4505,"Silver","SILVER","Beige","BEIGE","6CLDR","6-Cylinder","All wheel drive","AUT","7-Speed Automatic","Automatic","G","Gasoline","Gas",16,21,3.5,true,47,false,false,true,false,false,false,false,"PREMIUM",,"[PREMIUM]","[PREMIUM]","[PREMIUM]",,"[PREMIUM]",,,1178,4.1,199,,"[""NO_SALVAGE_TITLE"",""ACCIDENTS_REPORTED"",""NO_ONE_OWNER""]","{""exterior"":[""Alloy Wheels""],""interior"":[""Air Conditioning"",""Dual Power Seats"",""Leather"",""Moon Roof"",""Power Door Locks"",""Power Windows"",""Tilt Wheel""],""safety"":[""ABS (4-Wheel)"",""Dual Air Bags"",""F&R Side Air Bags"",""Stability Control"",""Traction Control""],""mechanical"":[""Power Steering""],""technology"":[""AM/FM Stereo"",""CD/MP3 (Single Disc)"",""Cruise Control"",""Hill Descent Control"",""Navigation System"",""harman/kardon Sound""],""other"":[""Power Liftgate Release""]}",21,"Clean title in hand, No accidents, great value, well maintained, new brakes.<br>Call me for a test drive.","[PREMIUM]",10,,,,,"[PREMIUM]"
"779416794","2026-05-25 21:13:18.958","2026-05-25 21:13:18.958","779416794","[PREMIUM]","JTHBN36F565039393",2006,"LEXUS","Lexus","LS430","LS 430",,"SEDAN","Used","Used 2006 Lexus LS 430",224500,"[PREMIUM]",,,"[PREMIUM]",2440,4490,"Gray","GRAY","Gray","GRAY","8CLDR","8-Cylinder","2 wheel drive - rear","AUT","6-Speed Automatic","Automatic","G","Gasoline","Gas",18,25,4.3,true,21,false,false,false,false,false,false,false,"PREMIUM",,"[PREMIUM]","[PREMIUM]","[PREMIUM]",,"[PREMIUM]",,,971,4.9,296,,"[""NO_SALVAGE_TITLE"",""NO_ACCIDENTS_REPORTED"",""NO_ONE_OWNER""]","{""exterior"":[""Alloy Wheels""],""interior"":[""Air Conditioning"",""Dual Power Seats"",""Leather"",""Moon Roof"",""Power Door Locks"",""Power Windows""],""safety"":[""ABS (4-Wheel)"",""Dual Air Bags"",""Side Air Bags"",""Stability Control"",""Traction Control""],""mechanical"":[""Power Steering""],""technology"":[""AM/FM Stereo"",""Backup Camera"",""CD/MP3 (Multi Disc)"",""Cassette"",""Cruise Control"",""Parking Sensors""],""other"":[""Telescoping Wheel""]}",20,"Good condition. AC is good, heater is good. Tires will be good if changed. Front and rear light good.","[PREMIUM]",18,,,,,"[PREMIUM]"
"779998961","2026-05-25 21:13:18.954","2026-05-25 21:13:18.954","779998961","[PREMIUM]","JF1GD79696G502997",2006,"SUB","Subaru","IMPWRX","Impreza WRX","TR","SEDAN","Used","Used 2006 Subaru Impreza WRX TR",213000,"[PREMIUM]",,,"[PREMIUM]",2660,3860,"Black","BLACK","Gray","GRAY","4CLDR","4-Cylinder Turbo","All wheel drive","MAN","5-Speed Manual","Manual","G","Gasoline","Gas",20,26,2.5,false,16,false,false,false,false,false,false,false,"PREMIUM",,"[PREMIUM]","[PREMIUM]","[PREMIUM]",,"[PREMIUM]",,,1485,4.7,905,,"[""NO_SALVAGE_TITLE"",""NO_ACCIDENTS_REPORTED"",""NO_ONE_OWNER""]","{""exterior"":[""Alloy Wheels""],""interior"":[""Air Conditioning"",""Power Door Locks"",""Power Windows"",""Tilt Wheel""],""safety"":[""ABS (4-Wheel)"",""Dual Air Bags"",""Side Air Bags""],""mechanical"":[""Power Steering""],""technology"":[""AM/FM Stereo"",""Cruise Control"",""Integrated Phone"",""Navigation System""],""other"":[""Premium Sound""]}",14,"Up for sale: 2006 Subaru Impreza WRX TR Sedan 4D. I'm the 2nd owner of this vehicle and I purchased it back in 2008 with only 15k miles. Now it's still running great with 213,000 miles on the clock and is in good condition. It's never been in an accident but has been backed into while parked on a couple occasions (those ********). Engine and drivetrain are in great shape but it could probably use some new shocks, or at least some new top hats and bushings. No mods other than the navigation system and always taken care of as a daily driver.<br><br>Key features:<br> Air conditioning and cruise control<br> Power windows and door locks<br> Premium sound system with AM/FM stereo<br> Navigation system and integrated phone<br> Dual and side air bags<br> ABS (4-wheel)<br> Alloy wheels<br><br>Price is lower than average for this model. Feel free to chat me if you have any questions about this good looking Subie.","[PREMIUM]",23,,,,,"[PREMIUM]"
"781071341","2026-05-25 21:13:08.783","2026-05-25 21:13:08.783","781071341","[PREMIUM]","4170417",2006,"CHEV","Chevrolet","CHEVSUB","Suburban","Z71","SUV","Used","Used 2006 Chevrolet Suburban Z71 w/ Z71 Preferred Equipment Group",236474,"[PREMIUM]",,"Great","[PREMIUM]",4930,5830,"Beige / Tan","BEIGE","Tan/Neutral","TAN","8CLDR","8-Cylinder","4 wheel drive","AUT","4-Speed Automatic","Automatic","F","Flexible Fuel","Gas",14,18,5.3,false,3,false,true,false,false,false,false,false,"PREMIUM",,"[PREMIUM]","[PREMIUM]","[PREMIUM]",,"[PREMIUM]",,,349133,4.7,798,0,"[""NO_SALVAGE_TITLE"",""NO_ACCIDENTS_REPORTED"",""NO_ONE_OWNER""]","{""exterior"":[""16\"" x 7\"" 6-Lug Cast Aluminum Wheels"",""Bumpers: chrome"",""Fully automatic headlights"",""Heated door mirrors"",""Power door mirrors"",""Rear window wiper""],""interior"":[""1-Piece Removable Rear 3rd Row Bench"",""Air Conditioning"",""Auto-dimming Rear-View mirror"",""Custom Cloth Seat Trim"",""Driver door bin"",""Driver vanity mirror"",""Front 40/20/40 Reclining Split-Bench Seat"",""Front Center Armrest w/Storage"",""Front dual zone A/C"",""Front reading lights"",""Leather steering wheel"",""Manual Tri-Zone Air Conditioning"",""Middle 60/40 Split-Folding Bench Seat"",""Overhead console"",""Passenger door bin"",""Passenger vanity mirror"",""Power driver seat"",""Power windows"",""Rear air conditioning"",""Rear reading lights"",""Rear seat center armrest"",""Rear window defroster"",""Split folding rear seat"",""Steering wheel mounted audio controls"",""Tachometer"",""Tilt steering wheel"",""Variably intermittent wipers"",""Voltmeter""],""safety"":[""ABS brakes"",""Dual front impact airbags"",""Electronic Stability Control"",""Low tire pressure warning"",""Occupant sensing airbag"",""Panic alarm"",""Security system"",""Traction control""],""mechanical"":[""3.42 Rear Axle Ratio"",""4-Wheel Disc Brakes"",""Front wheel independent suspension"",""Power steering""],""technology"":[""8 Speakers"",""AM/FM radio"",""CD player"",""Compass"",""Radio data system"",""Remote keyless entry"",""Speed control"",""Weather band radio""],""other"":[""Black Roof-Mounted Luggage Rack"",""Emergency communication system: OnStar"",""Front anti-roll bar"",""Heated Power Adjustable Foldaway Outside Rear-View Mirrors"",""Illuminated entry"",""Outside temperature display"",""Rear anti-roll bar"",""Roof rack: rails only""]}",62,"MEMORIAL SAVINGS HAPPENING @CORWIN CHRYSLER DODGE JEEP RAM OF FARGO!! WE HAVE SAVINGS ON ALL OF OUR PRE-OWNED VEHICLES AVAILABLE!! WE HAVE OUR LARGEST SELCTION OF VEHICLES IN ONE SINGLE LOCATION WE'VE HAD IN OVER A YEAR!! Recent Arrival! Priced below KBB Fair Purchase Price! Beige / Tan 2006 Chevrolet Suburban 1500 LS 4D Sport Utility 4WD Vortec 5.3L V8 SFI Flex Fuel Clean CARFAX.<br><br>This Chevrolet Suburban 1500 is well equipped and includes these key features and benefits.<br><br><br>Corwin is the largest Chrysler Dodge Jeep Ram dealer in the region! We have a huge selection of new &amp; used vehicles with financing options for everyone. Here at Corwin Chrysler Dodge Jeep Ram we're not only here to help you find your next car, we are your go-to source for all things automotive! Our expert dealership staff is here to help you with auto financing, car maintenance and repairs, or even finding the right parts for your next DIY project. Stop by our new and used car dealership in Fargo today and find out why folks keep coming back! We're here to help you get into the vehicle of your dreams and keep it running its best for many miles. Corwin Chrysler Dodge Jeep Ram 301 38th St S, Fargo, North Dakota CorwinChryslerDodge.com Corwin - Family Driven for Over 100 YearS.","[PREMIUM]",14,,,,,"[PREMIUM]"
"780952992","2026-05-25 21:13:08.768","2026-05-25 21:13:08.768","780952992","[PREMIUM]","JTEEP21A560179385",2006,"TOYOTA","Toyota","HIGHLANDER","Highlander","Sport","SUV","Used","Used 2006 Toyota Highlander Sport",272300,"[PREMIUM]",,,"[PREMIUM]",2020,3420,"Silver","SILVER","Gray","GRAY","6CLDR","6-Cylinder","4 wheel drive","AUT","5-Speed Automatic","Automatic","G","Gasoline","Gas",18,24,3.3,false,4,false,true,false,false,false,false,false,"PREMIUM",,"[PREMIUM]","[PREMIUM]","[PREMIUM]",,"[PREMIUM]",,,1621,4.7,924,,"[""NO_SALVAGE_TITLE"",""ACCIDENTS_REPORTED"",""ONE_OWNER""]","{""exterior"":[""Alloy Wheels"",""Roof Rack"",""Steel Wheels""],""interior"":[""Air Conditioning"",""Power Door Locks"",""Power Seat"",""Power Windows"",""Third Row Seat"",""Tilt Wheel""],""safety"":[""ABS (4-Wheel)"",""Dual Air Bags"",""F&R Side Air Bags"",""Stability Control"",""Traction Control""],""mechanical"":[""Power Steering""],""technology"":[""AM/FM Stereo"",""CD/MP3 (Single Disc)"",""Cassette"",""Cruise Control""],""other"":[""Rear""]}",20,"2006 V6 Highlander. 2 owners, my dad and I. 3 rows, 7 seatbelts. Needs tires and AC. Engine purrs. Looking for best offer.","[PREMIUM]",5,,,,,"[PREMIUM]"
"780401410","2026-05-25 21:13:08.767","2026-05-25 21:13:08.767","780401410","[PREMIUM]","2C3LA53G56H531235",2006,"CHRY","Chrysler","300","300","Touring","SEDAN","Used","Used 2006 Chrysler 300 Touring",147300,"[PREMIUM]",,,"[PREMIUM]",2745,3895,"Gray","GRAY","Beige","BEIGE","6CLDR","6-Cylinder","2 wheel drive - rear","AUT","5-Speed Automatic","Automatic","G","Gasoline","Gas",19,27,3.5,true,11,false,false,false,false,false,false,false,"PREMIUM",,"[PREMIUM]","[PREMIUM]","[PREMIUM]",,"[PREMIUM]",,,347928,4.5,968,,"[""NO_SALVAGE_TITLE"",""NO_ACCIDENTS_REPORTED"",""NO_ONE_OWNER""]","{""exterior"":[""Premium Wheels""],""interior"":[""Air Conditioning"",""Dual Power Seats"",""Leather"",""Moon Roof"",""Power Door Locks"",""Power Seat"",""Power Windows"",""Tilt Wheel""],""safety"":[""ABS (4-Wheel)"",""Dual Air Bags"",""Traction Control""],""mechanical"":[""Power Steering""],""technology"":[""AM/FM Stereo"",""CD/MP3 (Single Disc)"",""Cruise Control""],""other"":[""Limited"",""Premium Sound""]}",18,"2006 Chrysler 300 Limited | Graphite Metallic | Gray Leather | 147,300 mi | $4,499<br><br>Never in an accident. 100% stock, never modified. Runs and drives excellently, strong engine, smooth transmission, very comfy ride. New front and rear drum brakes within last two years. Interior in great shape. Passed CA SMOG 5/11/2026 (Star Auto Check, Culver City). New AC installed two years ago but is currently not working. Original Chrysler 300 grill, Android radio head unit replacement, and OEM lightbulbs for clusters included. Cash only. No trades. No low-ball offers. Test drive by appt  valid license required.<br><br>PROS:<br>- Clean title, zero accident history<br>- 3.5L V6 DOHC 24V  no warning lights, no smoke, no knocking<br>- 5-speed auto transmission  smooth, no slipping<br>- Front and rear drum brakes replaced within last two years<br>- Leather interior in great condition, especially rear seat<br>- Moonroof fully functional<br>- Front seat heaters and power adjustments working<br>- All four power windows working<br>- Chrome OEM wheels in immaculate shape<br>- CA SMOG passed 5/11/2026<br><br>KNOWN ISSUES:<br>- AC blows but not cold; new unit installed, still not fixed; diagnosis unknown<br>- Some AC panel lights burned out (OEM bulbs included)<br>- Small leather tear on driver seat, not ripped through (pictured)<br>- Driver visor cover damaged; visor still works<br>- Minor chips/scratches on rear bumper (pictured)<br>- Second key fob worn; metal blade still works<br><br>BONUS ITEMS:<br>- Bentley-style + standard factory grill both included<br>- New Android 13 9&quot; head unit (never installed): CarPlay, Android Auto, GPS, Bluetooth, WiFi, BACK UP CAMERA INCLUDED with support in unit: amazon.com/dp/B0D1FZG9G7<br>- OEM AC panel bulbs included","[PREMIUM]",24,,,,,"[PREMIUM]"
"779405335","2026-05-25 21:12:58.601","2026-05-25 21:12:58.601","779405335","[PREMIUM]","3241312",2006,"JEEP","Jeep","JEEPGRAND","Grand Cherokee","Laredo","SUV","Used","Used 2006 Jeep Grand Cherokee Laredo",151171,"[PREMIUM]",,"Great","[PREMIUM]",2925,4050,"Midnight Blue Pearlcoat","BLUE","Medium Slate Gray","GRAY","6CLDR","6-Cylinder","4 wheel drive","AUT","5-Speed Automatic","Automatic","G","Gasoline","Gas",17,21,3.7,false,22,false,false,true,false,false,false,false,"PREMIUM",,"[PREMIUM]","[PREMIUM]","[PREMIUM]",,"[PREMIUM]",,,893,4.2,1043,0,"[""NO_SALVAGE_TITLE"",""NO_ACCIDENTS_REPORTED"",""NO_ONE_OWNER""]","{""exterior"":[""17\"" x 7.5\"" Aluminum Wheels"",""Alloy wheels"",""Bodyside moldings"",""Bumpers: body-color"",""Delay-off headlights"",""Power door mirrors"",""Rear window wiper""],""interior"":[""Air Conditioning"",""Cloth Low-Back Bucket Seats"",""Driver door bin"",""Driver vanity mirror"",""Front Bucket Seats"",""Front Center Armrest"",""Front reading lights"",""Overhead console"",""Passenger door bin"",""Passenger vanity mirror"",""Power driver seat"",""Power windows"",""Rear reading lights"",""Rear seat center armrest"",""Rear window defroster"",""Speed-Sensitive Wipers"",""Split folding rear seat"",""Tachometer"",""Tilt steering wheel"",""Trip computer"",""Variably intermittent wipers""],""safety"":[""ABS brakes"",""Brake assist"",""Dual front impact airbags"",""Electronic Stability Control"",""Low tire pressure warning"",""Occupant sensing airbag"",""Panic alarm"",""Traction control""],""mechanical"":[""3.07 Axle Ratio"",""4-Wheel Disc Brakes"",""4x4 / 4 Wheel Drive / AWD"",""Front wheel independent suspension"",""Power steering""],""technology"":[""6 Speakers"",""AM/FM radio"",""CD player"",""Compass"",""Remote keyless entry"",""Speed control""],""other"":[""AM/FM Compact Disc w/Changer Control"",""Front anti-roll bar"",""Illuminated entry"",""Manufacturer's Statement of Origin"",""Normal Duty Suspension"",""Outside temperature display"",""Quick Order Package 26E"",""Rear anti-roll bar"",""Roof rack: rails only""]}",56,"Discover the versatility and capability of this 2006 Jeep Grand Cherokee Laredo. Boasting a rugged 4x4 drivetrain and a powerful 3.7L V6 engine, this Grand Cherokee is ready to tackle any adventure.<br><br>- 4x4 / 4 Wheel Drive / AWD<br>- Power driver seat<br>- Speed control<br>- Alloy wheels<br><br>This well-equipped Jeep offers a host of convenient features, including AM/FM radio, CD player, air conditioning, power windows, remote keyless entry, and more. The suspension and braking systems provide a confident, controlled ride both on and off the road.<br><br>With 151,171 miles, this Grand Cherokee has been well-maintained and is ready for many more miles of reliable service. The exterior Blue paint and clean interior create an inviting presence that is sure to turn heads.<br><br>Whether you're looking for a capable family hauler, an adventure-ready SUV, or a versatile all-around vehicle, this 2006 Jeep Grand Cherokee Laredo delivers. Visit our showroom today to experience its impressive capabilities for yourself.<br><br>We're conveniently located at 222 40th St. S. in Fargo and easy to reach at  . You can also browse current inventory and offers . Pricing and availability are subject to dealer verification.","[PREMIUM]",35,,,,,"[PREMIUM]"
"779903277","2026-05-25 21:12:58.576","2026-05-25 21:12:58.576","779903277","[PREMIUM]","5FNRL38446B459646",2006,"HONDA","Honda","ODYSSEY","Odyssey","EX","VANS","Used","Used 2006 Honda Odyssey EX",245283,"[PREMIUM]",,"Great","[PREMIUM]",2315,3090,"Gold","GOLD","Gray","GRAY","6CLDR","6-Cylinder","2 wheel drive - front","AUT","5-Speed Automatic","Automatic","G","Gasoline","Gas",19,25,3.5,false,17,false,false,true,false,false,false,false,"PREMIUM",,"[PREMIUM]","[PREMIUM]","[PREMIUM]",,"[PREMIUM]",,,772,4.5,776,,"[""NO_SALVAGE_TITLE"",""ACCIDENTS_REPORTED"",""NO_ONE_OWNER""]","{""exterior"":[""Roof Rack""],""interior"":[""Air Conditioning"",""Dual Power Seats"",""Power Door Locks"",""Power Sliding Door"",""Power Windows"",""Tilt Wheel""],""safety"":[""ABS (4-Wheel)"",""Dual Air Bags"",""Side Air Bags"",""Traction Control""],""mechanical"":[""Power Steering""],""technology"":[""AM/FM Stereo"",""CD/MP3 (Multi Disc)"",""Cruise Control""],""other"":[""Quad Seating (4 Buckets)"",""Rear""]}",17,"Vehicle runs typically for its age. Driver's side sliding door does not work. This vehicle will need brake work, transmission work and catalytic converter work within the next 12 months, possibly even to pass inspection. <br><br>Air conditioning, heat, audio, lights all work fine. <br><br>This van has tons of storage compartments, and with the seats folded down, can haul A LOT, even large pieces of furniture, appliances, lumber, bales of pine straw, etc.  <br><br>The center captain's chairs can be placed directly beside each other, to allow easier access to the back row. Or placed farther apart, to allow long items to be slid from back to front. These seats can also be removed entirely. The back row folds down flat into the trunk space. <br>The 2006 Odyssey has more built in storage space than the 2017. It has an in-floor storage compartment perfect for emergency supplies. The dividers can be removed from it to store a spare tire. There is a spare tire and a jack in a separate, closed storage space in the trunk. <br><br>Belonged to a non-smoking family for the past 12 years. <br><br>Fabric seats are not cold or hot on bare skin! <br><br>This would make a great learner vehicle for a new driver. The Honda Odyssey drives like a sedan- very responsive and smooth.","[PREMIUM]",32,,,,,"[PREMIUM]"
"780285815","2026-05-25 21:12:58.567","2026-05-25 21:12:58.567","780285815","[PREMIUM]","5GTDN136X68122571",2006,"AMGEN","HUMMER","H3","H3",,"SUV","Used","Used 2006 HUMMER H3",257000,"[PREMIUM]",,"Great","[PREMIUM]",3050,3900,"Black","BLACK","Tan","TAN","5CLDR","5-Cylinder","4 wheel drive","AUT","4-Speed Automatic","Automatic","G","Gasoline","Gas",,,3.5,true,12,false,false,false,false,false,false,false,"PREMIUM",,"[PREMIUM]","[PREMIUM]","[PREMIUM]",,"[PREMIUM]",,,792,4.6,511,,"[""NO_SALVAGE_TITLE"",""NO_ACCIDENTS_REPORTED"",""ONE_OWNER""]","{""exterior"":[""Premium Wheels"",""Roof Rack"",""Running Boards""],""interior"":[""Air Conditioning"",""Leather"",""Moon Roof"",""Power Door Locks"",""Power Windows"",""Tilt Wheel""],""safety"":[""ABS (4-Wheel)"",""Dual Air Bags"",""Traction Control""],""mechanical"":[""Power Steering""],""technology"":[""AM/FM Stereo"",""CD/MP3 (Single Disc)"",""Cruise Control"",""OnStar""],""other"":[""Luxury Pkg"",""Off-Road Suspension""]}",19,"The best care ever, ever!  I do not want to get rid of it but after a $6,500 transmission rehaul and main axle fix, the car decided to shut off randomly.  Brought to several people to review and their conclusion is it's an electrical issue.  If you have the time to research and fix this is a great car for you.  If not, it's a great car to part out.  $3,000 OBO.","[PREMIUM]",9,,,,,"[PREMIUM]"
"780976936","2026-05-25 21:12:58.563","2026-05-25 21:12:58.563","780976936","[PREMIUM]","5FNYF18406B013629",2006,"HONDA","Honda","PILOT","Pilot","EX","SUV","Used","Used 2006 Honda Pilot EX",166700,"[PREMIUM]",,,"[PREMIUM]",2325,3750,"Gray","GRAY","Gray","GRAY","6CLDR","6-Cylinder","4 wheel drive","AUT","5-Speed Automatic","Automatic","G","Gasoline","Gas",17,22,3.5,false,4,false,true,false,false,false,false,false,"PREMIUM",,"[PREMIUM]","[PREMIUM]","[PREMIUM]",,"[PREMIUM]",,,773,4.7,994,,"[""NO_SALVAGE_TITLE"",""ACCIDENTS_REPORTED"",""ONE_OWNER""]","{""exterior"":[""Alloy Wheels"",""Roof Rack""],""interior"":[""Air Conditioning"",""Power Door Locks"",""Power Seat"",""Power Windows"",""Third Row Seat"",""Tilt Wheel""],""safety"":[""ABS (4-Wheel)"",""Dual Air Bags"",""Side Air Bags"",""Stability Control"",""Traction Control""],""mechanical"":[""Power Steering"",""Towing Pkg""],""technology"":[""AM/FM Stereo"",""CD/MP3 (Multi Disc)"",""CD/MP3 (Single Disc)"",""Cruise Control""],""other"":[""Rear""]}",20,"Drivetrain: 4WD<br>     Trim: EX (Cloth seats)<br>     Owners: 1 (Original owner)<br>     Accidents: None<br><br>Maintenance &amp; Mechanical<br> Timing Belt: Replaced at 104,000 miles.<br> Rear shocks and sway bars replaced in March 2026. <br> New starter just installed. <br> Battery replaced one year ago.<br> Tires: Michelin tires with good tread remaining.<br><br>Interior &amp; Exterior Condition<br> Interior: 3 rows, seats up to 8. No rips or tears in upholstery.<br> Exterior: Paint has noticeable clear coat fading on the hood and roof (shown in photos).<br><br>Located in Levittown, NY. Clean NY title in hand. <br><br>Cash only - no exceptions.","[PREMIUM]",11,,,,,"[PREMIUM]"
"778582329","2026-05-25 21:12:48.387","2026-05-25 21:12:48.387","778582329","[PREMIUM]","JF1GG68666G818246",2006,"SUB","Subaru","IMPREZ","Impreza","Outback Sport Special Edition","WAGON","Used","Used 2006 Subaru Impreza Outback Sport Special Edition",147267,"[PREMIUM]",,,"[PREMIUM]",1180,2105,"Green","GREEN","Tan","TAN","4CLDR","4-Cylinder","All wheel drive","MAN","5-Speed Manual","Manual","G","Gasoline","Gas",22,29,2.5,false,31,false,false,false,false,false,false,false,"PREMIUM",,"[PREMIUM]","[PREMIUM]","[PREMIUM]",,"[PREMIUM]",,,350160,4.7,905,,"[""NO_SALVAGE_TITLE"",""ACCIDENTS_REPORTED"",""NO_ONE_OWNER""]","{""exterior"":[""Alloy Wheels"",""Rear Spoiler""],""interior"":[""Air Conditioning"",""Power Door Locks"",""Power Windows"",""Tilt Wheel""],""safety"":[""ABS (4-Wheel)"",""Dual Air Bags""],""mechanical"":[""Power Steering""],""technology"":[""AM/FM Stereo"",""CD/MP3 (Single Disc)"",""Cruise Control""]}",12,"This car is dependable! There is a sub woofer in the trunk. Some hail damage on the hood and it leaks a little oil. This car has had no engine issues in the 2 plus years we've had it.","[PREMIUM]",12,,,,,"[PREMIUM]"
"780875021","2026-05-25 21:12:38.204","2026-05-25 21:12:38.204","780875021","[PREMIUM]","5LMFU27596LJ27728",2006,"LINC","Lincoln","NAVIGA","Navigator","Luxury","SUV","Used","Used 2006 Lincoln Navigator Luxury",163350,"[PREMIUM]",,"Good","[PREMIUM]",2120,3845,"Black","BLACK","Black","BLACK","8CLDR","8-Cylinder","2 wheel drive - rear","AUT","6-Speed Automatic","Automatic","G","Gasoline","Gas",13,18,5.4,true,5,false,true,false,false,false,false,false,"PREMIUM",,"[PREMIUM]","[PREMIUM]","[PREMIUM]",,"[PREMIUM]",,,989,4.5,254,,"[""NO_SALVAGE_TITLE"",""ACCIDENTS_REPORTED"",""NO_ONE_OWNER""]","{""exterior"":[""Alloy Wheels"",""Roof Rack"",""Running Boards""],""interior"":[""Air Conditioning"",""Dual Power Seats"",""Leather"",""Moon Roof"",""Power Door Locks"",""Power Windows"",""Tilt Wheel""],""safety"":[""ABS (4-Wheel)"",""Dual Air Bags"",""F&R Side Air Bags"",""Stability Control""],""mechanical"":[""Power Steering"",""Towing Pkg""],""technology"":[""AM/FM Stereo"",""Audiophile Sound"",""CD/MP3 (Multi Disc)"",""Cruise Control"",""DVD System"",""Navigation System"",""Parking Sensors""],""other"":[""Elite Pkg""]}",24,"2006 Lincoln Navigator Luxury.  One Owner, no accidents, drives great. Normal wear and tear.","[PREMIUM]",9,,,,,"[PREMIUM]"
"781286880","2026-05-25 21:12:28.028","2026-05-25 21:12:28.028","781286880","[PREMIUM]","1FTYR11E86PA74842",2006,"FORD","Ford","RANGER","Ranger","XLT","TRUCKS","Used","Used 2006 Ford Ranger XLT",158750,"[PREMIUM]",,"Great","[PREMIUM]",5100,5875,"Red","RED","Black","BLACK","6CLDR","6-Cylinder","4 wheel drive",,,,"G","Gasoline","Gas",,,4,false,1,false,true,false,false,false,false,false,"PREMIUM",,"[PREMIUM]","[PREMIUM]","[PREMIUM]",,"[PREMIUM]",,,349506,4.4,1405,,"[""NO_SALVAGE_TITLE"",""NO_ACCIDENTS_REPORTED"",""ONE_OWNER""]","{""exterior"":[""Alloy Wheels"",""Bed Liner"",""Steel Wheels""],""interior"":[""Air Conditioning"",""Power Door Locks"",""Power Windows"",""Tilt Wheel""],""safety"":[""ABS (4-Wheel)"",""Dual Air Bags""],""mechanical"":[""Power Steering"",""Towing Pkg""],""technology"":[""AM/FM Stereo"",""CD/MP3 (Single Disc)"",""Cruise Control""]}",14,"Only one owner, it has it's flaws but is reliable. <br><br>For the last couple of years I have only used it to take in the trash or get lumber. The homemade lumber rack is big enough and strong enough to hold several 4' x 8', I also carried 16' decking when I rebuilt my deck.  It can also carry a couple of kayaks on the rack and a couple in the bed.<br><br>Honesty is the best policy and it does have its flaws:<br><br>-The Evaporative Emission Control (EVAP) system quit working years ago.<br><br>-I do have the tailgate, but took it off. It only latches when it wants to and will need a bit of work.<br><br>-The brakes need to be worked on sooner then later. <br><br>-The frame was reenforced by a welder several years and is very sturdy.<br><br>-The 4WD works fine however 4L going down a very steep hill with a load it clunks sometimes. <br><br>I am the only owner, there is no flood damage and it has never been in accident. I did try to do the proper maintenance but for the last couple of years I have hardly driven it.<br><br>The tires have less then five thousand miles on them.<br><br>It is a good, sturdy work truck that never really gave me any problems over the years.<br><br>Someone more mechanically inclined then I am can fix most of these things and it will be a good truck for a low price.","[PREMIUM]",10,,,,,"[PREMIUM]"
"780610611","2026-05-25 21:12:17.855","2026-05-25 21:12:17.855","780610611","[PREMIUM]","1HGCM568X6A013029",2006,"HONDA","Honda","ACCORD","Accord","EX-L","SEDAN","Used","Used 2006 Honda Accord EX-L",271900,"[PREMIUM]",,"Good","[PREMIUM]",1700,2900,"Black","BLACK","Beige","BEIGE","4CLDR","4-Cylinder","2 wheel drive - front","AUT","5-Speed Automatic","Automatic","G","Gasoline","Gas",24,34,2.4,true,9,false,false,false,false,false,false,false,"PREMIUM",,"[PREMIUM]","[PREMIUM]","[PREMIUM]",,"[PREMIUM]",,,263726,4.7,2331,,"[""NO_SALVAGE_TITLE"",""ACCIDENTS_REPORTED"",""NO_ONE_OWNER""]","{""exterior"":[""Alloy Wheels""],""interior"":[""Air Conditioning"",""Leather"",""Power Door Locks"",""Power Seat"",""Power Windows"",""Sun Roof (Sliding)"",""Tilt Wheel""],""safety"":[""ABS (4-Wheel)"",""Dual Air Bags"",""Side Air Bags"",""Traction Control""],""mechanical"":[""Power Steering""],""technology"":[""AM/FM Stereo"",""CD/MP3 (Multi Disc)"",""Cruise Control""]}",16,"This 2006 Honda Accord EX-L has been my daily driver with 271,900 miles on it. The black exterior with beige leather interior still looks sharp. <br><br>EX-L trim means you get the premium features - leather seats with power adjustment, sliding sunroof, and multi-disc  CD player.<br><br>Safety features include dual airbags, side airbags, ABS brakes, and traction control. The alloy wheels give it a nice appearance. <br>","[PREMIUM]",20,,,,,"[PREMIUM]"
"780002824","2026-05-25 21:12:17.853","2026-05-25 21:12:17.853","780002824","[PREMIUM]","JTMBD35V365020287",2006,"TOYOTA","Toyota","RAV4","RAV4","4WD","SUV","Used","Used 2006 Toyota RAV4 4WD",217410,"[PREMIUM]",,"Great","[PREMIUM]",4845,5570,"White","WHITE","Beige","BEIGE","4CLDR","4-Cylinder","4 wheel drive","AUT","4-Speed Automatic","Automatic","G","Gasoline","Gas",23,28,2.4,false,16,false,false,false,false,false,false,false,"PREMIUM",,"[PREMIUM]","[PREMIUM]","[PREMIUM]",,"[PREMIUM]",,,1634,4.4,803,,"[""NO_SALVAGE_TITLE"",""ACCIDENTS_REPORTED"",""NO_ONE_OWNER""]","{""exterior"":[""Steel Wheels""],""interior"":[""Air Conditioning"",""Power Door Locks"",""Power Windows"",""Tilt Wheel""],""safety"":[""ABS (4-Wheel)"",""Dual Air Bags"",""Stability Control"",""Traction Control""],""mechanical"":[""Power Steering""],""technology"":[""AM/FM Stereo"",""CD/MP3 (Single Disc)"",""Cruise Control""]}",13,"2006 Toyota RAV4 4WD  Reliable Daily Driver / Colorado SUV<br><br>Clean-title 2006 Toyota RAV4 4WD in good running condition with 217,410 miles. This has been a dependable vehicle and is ready for its next owner. Great option for a commuter, first car, winter vehicle, or affordable AWD SUV.<br><br>Recently replaced battery and tires. Vehicle was recently inspected and is mechanically solid overall. There is minor oil seepage consistent with age/mileage, but it runs and drives well.<br><br>Features Toyota's dependable 4WD system with excellent visibility, practical cargo space, and legendary RAV4 reliability.<br><br>Note: Tire pressure sensor light is on, which is common on older vehicles.<br><br>Clean title in hand.<br><br>Message with questions or to schedule a time to see it.","[PREMIUM]",19,,,,,"[PREMIUM]"
"780765464","2026-05-25 21:12:17.850","2026-05-25 21:12:17.850","780765464","[PREMIUM]","JTEEP21A560182075",2006,"TOYOTA","Toyota","HIGHLANDER","Highlander","4WD V6 w/ 3rd Row","SUV","Used","Used 2006 Toyota Highlander 4WD V6 w/ 3rd Row",227944,"[PREMIUM]",,"Great","[PREMIUM]",2460,3860,"Red","RED","Beige","BEIGE","6CLDR","6-Cylinder","4 wheel drive","AUT","5-Speed Automatic","Automatic","G","Gasoline","Gas",18,24,3.3,true,6,false,true,false,false,false,false,false,"PREMIUM",,"[PREMIUM]","[PREMIUM]","[PREMIUM]",,"[PREMIUM]",,,1621,4.7,924,,"[""NO_SALVAGE_TITLE"",""ACCIDENTS_REPORTED"",""NO_ONE_OWNER""]","{""exterior"":[""Alloy Wheels"",""Roof Rack""],""interior"":[""Air Conditioning"",""Dual Power Seats"",""Leather"",""Moon Roof"",""Power Door Locks"",""Power Windows"",""Third Row Seat"",""Tilt Wheel""],""safety"":[""ABS (4-Wheel)"",""Dual Air Bags"",""Stability Control"",""Traction Control""],""mechanical"":[""Power Steering"",""Towing Pkg""],""technology"":[""AM/FM Stereo"",""CD/MP3 (Single Disc)"",""Cruise Control"",""JBL Premium Sound""]}",20,"This 2006 Toyota Highlander Limited has been a reliable family vehicle with good condition throughout. The red exterior and beige leather interior provide a classic look. With 227,944 miles, it runs on a 3.3L V6 engine with AWD for various weather conditions.<br><br>Key features include:<br> Third row seating for extra passengers<br> JBL premium sound system with CD/MP3<br> Moon roof and power seats<br> Towing package and roof rack<br> ABS brakes with stability and traction control<br><br>The automatic transmission shifts smoothly, and the cruise control makes highway driving comfortable. All power windows and door locks work properly. This Highlander offers good space for families or anyone needing extra cargo capacity.<br><br>Chat me if you have any questions about the vehicle.","[PREMIUM]",14,,,,,"[PREMIUM]"
"781125387","2026-05-25 21:12:07.646","2026-05-25 21:12:07.646","781125387","[PREMIUM]","5GTDN136468154867",2006,"AMGEN","HUMMER","H3","H3",,"SUV","Used","Used 2006 HUMMER H3",224100,"[PREMIUM]",,"Good","[PREMIUM]",3380,4230,"Gold","GOLD","Tan","TAN","5CLDR","5-Cylinder","4 wheel drive","AUT","4-Speed Automatic","Automatic","G","Gasoline","Gas",,,3.5,false,3,false,true,false,false,false,false,false,"PREMIUM",,"[PREMIUM]","[PREMIUM]","[PREMIUM]",,"[PREMIUM]",,,792,4.6,511,,"[""NO_SALVAGE_TITLE"",""NO_ACCIDENTS_REPORTED"",""NO_ONE_OWNER""]","{""exterior"":[""Alloy Wheels"",""Roof Rack"",""Running Boards""],""interior"":[""Air Conditioning"",""Power Door Locks"",""Power Windows"",""Tilt Wheel""],""safety"":[""ABS (4-Wheel)"",""Dual Air Bags"",""Traction Control""],""mechanical"":[""Power Steering"",""Towing Pkg""],""technology"":[""AM/FM Stereo"",""Cruise Control"",""OnStar""],""other"":[""Grille Guard"",""Off-Road Suspension""]}",17,"2006 HUMMER H3 4WD - 224K Miles - Backup Camera - Android Touchscreen<br>Selling a 2006 HUMMER H3 4WD with 224,075 miles. This H3 has the classic HUMMER look with a beige/tan exterior, black accents, chrome trim, running boards, rear spare tire, roof rails, front brush guard, light bar, and aggressive tires.<br>The interior is black/tan with roomy seating, folding rear seats, and a good cargo area. It also has an upgraded Android touchscreen radio with backup camera, which is a nice upgrade over the factory setup.<br>Features include:<br>4WD<br>Automatic transmission<br>3.5L 5-cylinder engine<br>224,075 miles<br>Android touchscreen stereo<br>Backup camera<br>Front brush guard<br>Front light bar<br>Running boards<br>Roof rails<br>Rear spare tire<br>Tow hitch<br>Good cargo space<br>Aggressive tire setup<br>Overall, it presents well for the age and mileage. There is some visible surface rust underneath and around some frame/underbody areas, shown in the photos. Buyer is welcome to inspect before purchase.<br>Great option for someone looking for a rugged SUV, weekend vehicle, work vehicle, or something different from the usual boring crossover.<br>VIN: 5GTDN**********67<br>Serious buyers only. Message me to schedule a time to see it.","[PREMIUM]",15,,,,,"[PREMIUM]"
"779895206","2026-05-25 21:11:57.585","2026-05-25 21:11:57.585","779895206","[PREMIUM]","1HGCM66546A030789",2006,"HONDA","Honda","ACCORD","Accord","EX-L","SEDAN","Used","Used 2006 Honda Accord EX-L",190000,"[PREMIUM]",,"Great","[PREMIUM]",2555,3905,"Gray","GRAY","Beige","BEIGE","6CLDR","6-Cylinder","2 wheel drive - front","AUT","5-Speed Automatic","Automatic","G","Gasoline","Gas",20,29,3,true,17,false,false,true,false,false,false,false,"PREMIUM",,"[PREMIUM]","[PREMIUM]","[PREMIUM]",,"[PREMIUM]",,,263726,4.7,2331,,"[""NO_SALVAGE_TITLE"",""NO_ACCIDENTS_REPORTED"",""NO_ONE_OWNER""]","{""exterior"":[""Alloy Wheels""],""interior"":[""Air Conditioning"",""Dual Power Seats"",""Leather"",""Moon Roof"",""Power Door Locks"",""Power Seat"",""Power Windows"",""Tilt Wheel""],""safety"":[""ABS (4-Wheel)"",""Dual Air Bags"",""Side Air Bags"",""Traction Control""],""mechanical"":[""Power Steering""],""technology"":[""AM/FM Stereo"",""Cassette"",""Cruise Control""]}",17,"Great car! Runs Great Rebuilt transmission, New timing belt and kit ( water pump) new alternator. All good and clean drive like a dream<br>Sunroof does not open and ding on passenger side <br>Motivated seller, need to sell moving<br>Obo","[PREMIUM]",14,,,,,"[PREMIUM]"
"781028319","2026-05-25 21:11:47.299","2026-05-25 21:11:47.299","781028319","[PREMIUM]","YS3FH41U061015685",2006,"SAAB","Saab","9-3","9-3","Aero","SEDAN","Used","Used 2006 Saab 9-3 Aero",205665,"[PREMIUM]",,"Great","[PREMIUM]",915,1965,"Gray","GRAY","Tan","TAN","6CLDR","6-Cylinder Turbo","2 wheel drive - front","AUT","6-Speed Shiftable Automatic","Automatic","G","Gasoline","Gas",,,2.8,true,4,false,true,false,false,false,false,false,"PREMIUM",,"[PREMIUM]","[PREMIUM]","[PREMIUM]",,"[PREMIUM]",,,1446,4.4,648,,"[""NO_SALVAGE_TITLE"",""NO_ACCIDENTS_REPORTED"",""NO_ONE_OWNER""]","{""exterior"":[""Alloy Wheels""],""interior"":[""Dual Power Seats"",""Leather"",""Moon Roof"",""Power Door Locks"",""Power Windows"",""Tilt Wheel""],""safety"":[""ABS (4-Wheel)"",""Dual Air Bags"",""F&R Side Air Bags"",""Stability Control"",""Traction Control""],""mechanical"":[""Power Steering""],""technology"":[""Cruise Control""]}",14,"engine ok transmission ok passed inspection difficult to start sometimes.may have a electrical problem Tags are updated Car needs to be serviced and taking to a mechanic to see what its needs.","[PREMIUM]",6,,,,,"[PREMIUM]"
"780910797","2026-05-25 21:11:47.290","2026-05-25 21:11:47.290","780910797","[PREMIUM]","WAUAC48H26K010813",2006,"AUDI","Audi","A4","A4","1.8T","CONVERT","Used","Used 2006 Audi A4 1.8T",129000,"[PREMIUM]",,,"[PREMIUM]",1350,2625,"White","WHITE","Beige","BEIGE","4CLDR","4-Cylinder Turbo","2 wheel drive - front","AUT","Continuously Variable Automatic","Automatic","G","Gasoline","Gas",23,30,1.8,true,5,false,true,false,false,false,false,false,"PREMIUM",,"[PREMIUM]","[PREMIUM]","[PREMIUM]",,"[PREMIUM]",,,4,4.4,375,,"[""NO_SALVAGE_TITLE"",""ACCIDENTS_REPORTED"",""NO_ONE_OWNER""]","{""exterior"":[""Alloy Wheels""],""interior"":[""Air Conditioning"",""Dual Power Seats"",""Leather"",""Power Door Locks"",""Power Seat"",""Power Windows"",""Tilt Wheel""],""safety"":[""ABS (4-Wheel)"",""Dual Air Bags"",""Side Air Bags"",""Stability Control""],""mechanical"":[""Power Steering""],""technology"":[""AM/FM Stereo"",""Bluetooth Wireless"",""Cassette"",""Cruise Control""],""other"":[""Premium Sound""]}",18,"2006 Audi A4 Convertible  $3,500 (OBO)<br>Clean, fun summer car with a brandnew top and strong mechanicals. AWD + 1.8T = super reliable combo.<br><br> Highlights<br><br>* New convertible canvas top (2023)<br>* New highcapacity battery<br>* Tires ~1 year old<br>* Clean interior, nonsmoker<br>* Strong engine &amp; transmission<br>* AWD<br>* Great weekend/summer cruiser<br>* Full size spare tire<br><br> Full transparency<br><br>Automatic Convertible roof not working (however opens/closes manually - two original key included)<br> AC needs recharge<br> Minor scratches/dings<br> Glovebox not operational<br><br>Why it's a deal<br>New top alone was $$$  perfect for someone who wants a fun, cheap convertible with honest disclosures.<br><br>Mileage: 129k<br>Title: Clean<br>Location: Cortlandt / Hudson Valley<br><br>Message me if you are interested, please. The car is on my driveway and ready to be driven away. <br><br>This vehicle is being sold ASIS, with no warranty expressed or implied.<br><br>Buyer acknowledges:<br> Vehicle is used<br> Known issues have been disclosed<br> No returns or guarantees after purchase<br> Buyer is responsible for inspection and verification<br><br>A simple ASIS Bill of Sale will be provided at pickup.","[PREMIUM]",15,,,,,"[PREMIUM]"
"781276454","2026-05-25 21:11:16.965","2026-05-25 21:11:16.965","781276454","[PREMIUM]","JM1BK323761526401",2006,"MAZDA","MAZDA","MAZDA3","MAZDA3","s Grand Touring","SEDAN","Used","Used 2006 MAZDA MAZDA3 s Grand Touring",101150,"[PREMIUM]",,"Great","[PREMIUM]",3495,4270,"Red","RED","Black","BLACK","4CLDR","4-Cylinder","2 wheel drive - front","AUT","5-Speed Automatic","Automatic","G","Gasoline","Gas",25,31,2.3,true,1,false,true,false,false,false,false,false,"PREMIUM",,"[PREMIUM]","[PREMIUM]","[PREMIUM]",,"[PREMIUM]",,,1014,4.6,1292,,"[""NO_SALVAGE_TITLE"",""NO_ACCIDENTS_REPORTED"",""NO_ONE_OWNER""]","{""exterior"":[""Alloy Wheels"",""Rear Spoiler""],""interior"":[""Air Conditioning"",""Leather"",""Moon Roof"",""Power Door Locks"",""Power Windows"",""Sun Roof (Flip-Up)"",""Sun Roof (Sliding)"",""Tilt Wheel""],""safety"":[""ABS (4-Wheel)"",""Dual Air Bags"",""Side Air Bags""],""mechanical"":[""Power Steering""],""technology"":[""AM/FM Stereo"",""CD/MP3 (Single Disc)"",""Cruise Control""]}",17,"If ad is up, its available. Communication through this site only. Cash sales only. <br>We purchased car 2021 for kid to use for school and around town. <br>Been very reliable. Has heated seats and we had all windows tinted (tint world) and kept up on cars needs; Front struts/springs, ball joints, brake pads, rotors, flex hoses, oil and filter changes, etc.<br>Body has some rust, and some faded paint, rear windows only work from the rear doors (needs master controller @ driver?) small exhaust leak near cat, random check engine light (#2177, lean off idle) some sensors have been replaced but may be a lazy injector. When we add fuel conditioner, it goes for a while w/o light on.","[PREMIUM]",28,,,,,"[PREMIUM]"
"781306828","2026-05-25 21:11:16.755","2026-05-25 21:11:16.755","781306828","[PREMIUM]","JTEDW21A060012396",2006,"TOYOTA","Toyota","HIGHLANDER","Highlander","2WD Hybrid","SUV","Used","Used 2006 Toyota Highlander 2WD Hybrid",203000,"[PREMIUM]",,,"[PREMIUM]",,,"Gray","GRAY","Gray","GRAY","HYBRD","Hybrid","2 wheel drive - front","AUT","Continuously Variable Automatic","Automatic","B","Hybrid Gas/Electric","Hybrid: Gas/Electric",33,28,3.3,false,,false,true,false,false,false,false,false,"PREMIUM",,"[PREMIUM]","[PREMIUM]","[PREMIUM]",,"[PREMIUM]",,,,0,0,,"[""NO_SALVAGE_TITLE"",""NO_ACCIDENTS_REPORTED"",""ONE_OWNER""]","{""exterior"":[""Alloy Wheels"",""Roof Rack""],""interior"":[""Air Conditioning"",""Dual Power Seats"",""Power Door Locks"",""Power Seat"",""Power Windows"",""Third Row Seat"",""Tilt Wheel""],""safety"":[""ABS (4-Wheel)"",""Dual Air Bags"",""F&R Side Air Bags"",""Stability Control"",""Traction Control""],""mechanical"":[""Power Steering""],""technology"":[""AM/FM Stereo"",""CD/MP3 (Single Disc)"",""Cassette"",""Cruise Control""]}",19,"For Sale: 2006 Toyota Highlander Hybrid  Sport Utility 4D (FWD)<br><br>Location: Atlanta/Decatur, GA<br>Communicate Directly Text or Call **********<br><br>Well-maintained and in very good condition, this reliable SUV is a great choice for families or anyone needing extra space and comfort.<br><br>Single-owner vehicle with no accidents and a clean history. Just under 203,000 miles on the odometer.<br><br><br><br>Key Features:<br>Hybrid engine with CVT automatic transmission<br>Front-wheel drive<br>Third-row seating  perfect for larger families or extra cargo<br>Power (Driver) -adjustable upholstered seats  no rips or tears<br>Roof rack for added utility<br>Original gray exterior and matching gray interior<br>Safety &amp; Comfort:<br>Anti-lock brakes (ABS)<br>Stability control<br>Dual front airbags<br>Air conditioning<br>Cruise control<br>Power windows and locks<br>Condition:<br>Very good body condition<br>Minor cosmetic wear: slight wear on the front end and a small scratch on the rear bumper<br>All features and systems are in working order<br>Regular oil changes and maintenance<br>________________________________________<br>Text me with any questions or to schedule a viewing.<br><br>Communicate Directly WITH SELLER Text or Call **********","[PREMIUM]",16,,,,,"[PREMIUM]"
"780292065","2026-05-25 21:10:56.599","2026-05-25 21:10:56.599","780292065","[PREMIUM]","PP17873A",1998,"FORD","Ford","RANGER","Ranger","XLT","TRUCKS","Used","Used 1998 Ford Ranger XLT",130790,"[PREMIUM]",,,"[PREMIUM]",0,0,"Light Denim Blue","BLUE","Graphite","GRAY","6CLDR","6-Cylinder","2 wheel drive - rear",,,,"G","Gasoline","Gas",,,4,false,12,false,false,false,false,false,false,false,"STANDARD",,"[PREMIUM]","[PREMIUM]","[PREMIUM]",,"[PREMIUM]",,,,0,0,0,"[""NO_SALVAGE_TITLE"",""NO_FRAME_DAMAGE"",""NO_FLOOD_WATER_DAMAGE"",""NO_ACCIDENTS_REPORTED"",""NO_ONE_OWNER""]","{""exterior"":[""Bumpers: chrome"",""Rear step bumper""],""interior"":[""60/40 Split Cloth Bench Seat"",""Driver door bin"",""Front Center Armrest w/Storage"",""Front beverage holders"",""Front reading lights"",""Passenger door bin"",""Passenger vanity mirror"",""Split folding rear seat"",""Variably intermittent wipers"",""Voltmeter""],""safety"":[""ABS brakes"",""Dual front impact airbags"",""Passenger cancellable airbag""],""mechanical"":[""3.73 Axle Ratio"",""Front wheel independent suspension"",""Power steering""],""technology"":[""2 Speakers"",""AM/FM radio""],""other"":[""Front anti-roll bar"",""Illuminated entry"",""Optional Payload Package #1""]}",23,,"[PREMIUM]",,,,,,"[PREMIUM]"
"780647238","2026-05-25 21:10:56.590","2026-05-25 21:10:56.590","780647238","[PREMIUM]","JNKCV51E36M506900",2006,"INFIN","INFINITI","G35","G35","Sedan","SEDAN","Used","Used 2006 INFINITI G35 Sedan",104653,"[PREMIUM]",,"Great","[PREMIUM]",3395,4495,"Red","RED","Black","BLACK","6CLDR","6-Cylinder","2 wheel drive - rear","AUT","5-Speed Automatic","Automatic","G","Gasoline","Gas",18,25,3.5,true,8,false,false,false,false,false,false,false,"PREMIUM",,"[PREMIUM]","[PREMIUM]","[PREMIUM]",,"[PREMIUM]",,,831,4.7,909,,"[""NO_SALVAGE_TITLE"",""ACCIDENTS_REPORTED"",""NO_ONE_OWNER""]","{""exterior"":[""Alloy Wheels""],""interior"":[""Air Conditioning"",""Dual Power Seats"",""Leather"",""Power Door Locks"",""Power Windows""],""safety"":[""ABS (4-Wheel)"",""Dual Air Bags"",""Side Air Bags"",""Traction Control""],""mechanical"":[""Power Steering""],""technology"":[""AM/FM Stereo"",""CD/MP3 (Multi Disc)"",""Cruise Control""],""other"":[""Premium Pkg"",""Telescoping Wheel""]}",16,"Selling my 2006 Infinity G35. Cash only, No checks. I will not respond to is this available and you must come see the car in person before buying. Clean title and only 104k miles on it. Bought it used as a car to fix up and I am pretty sure I am the 3rd owner. Selling because I can't keep it in the spot it's in right now but if I can't get what I want for it than I will keep it. Body is in below fair condition but the interior is almost mint. Car runs and Drives perfectly engine and transmission is 100%. Minimal rust under the car non on the frame.  AC blows cold air all windows and locks work. A couple issues with the car in order for it to pass inspection but I don't have the time for it right now.<br><br>Message me for more info and issues with car. Will not give my number out.","[PREMIUM]",21,,,,,"[PREMIUM]"
"779730093","2026-05-25 21:10:56.580","2026-05-25 21:10:56.580","779730093","[PREMIUM]","067330W",1998,"HONDA","Honda","CIVIC","Civic","EX","COUPE","Used","Used 1998 Honda Civic EX",176709,"[PREMIUM]",,,"[PREMIUM]",0,0,,,,,"4CLDR","4-Cylinder","2 wheel drive - front","MAN","5-Speed Manual","Manual","G","Gasoline","Gas",30,35,1.6,false,18,false,false,false,false,false,false,false,"STANDARD",,"[PREMIUM]","[PREMIUM]","[PREMIUM]",,"[PREMIUM]",,,6613,4.6,1216,1,"[""NO_SALVAGE_TITLE"",""NO_ACCIDENTS_REPORTED"",""NO_ONE_OWNER""]","{""exterior"":[""Bodyside moldings"",""Bumpers: body-color"",""Power door mirrors""],""interior"":[""Air Conditioning"",""Driver door bin"",""Driver vanity mirror"",""Front Bucket Seats"",""Front Center Armrest w/Storage"",""Front beverage holders"",""Front reading lights"",""Passenger door bin"",""Passenger vanity mirror"",""Power moonroof"",""Power windows"",""Rear window defroster"",""Split folding rear seat"",""Tachometer"",""Tilt steering wheel""],""safety"":[""Dual front impact airbags""],""mechanical"":[""Four wheel independent suspension"",""Power steering""],""technology"":[""6 Speakers"",""AM/FM radio"",""Remote keyless entry"",""Speed control""],""other"":[""Front anti-roll bar""]}",26,"**Come see what everyone is talking about. Ask about our Serra Platinum Package**.<br><br>**Largest Certified Inventory in the State!**<br><br><br>6 Speakers, Air Conditioning, AM/FM radio, Bodyside moldings, Bumpers: body-color, Driver door bin, Driver vanity mirror, Dual front impact airbags, Four wheel independent suspension, Front anti-roll bar, Front Bucket Seats, Front Center Armrest w/Storage, Front reading lights, Passenger door bin, Passenger vanity mirror, Power door mirrors, Power moonroof, Power steering, Power windows, Rear window defroster, Remote keyless entry, Speed control, Split folding rear seat, Tachometer, Tilt steering wheel.<br><br>1998 Honda Civic EX FWD 5-Speed Manual 1.6L I4 SMPI","[PREMIUM]",,,,,,"[PREMIUM]"
"780108212","2026-05-25 21:10:46.438","2026-05-25 21:10:46.438","780108212","[PREMIUM]","14C668A",1998,"CHEV","Chevrolet","CHEV150","Silverado 1500","4x4 Extended Cab","TRUCKS","Used","Used 1998 Chevrolet Silverado 1500 4x4 Extended Cab w/ Preferred Equipment Group 2",187533,"[PREMIUM]",,,"[PREMIUM]",0,0,"Victory Red Metallic","RED","Gray","GRAY","8CLDR","8-Cylinder","4 wheel drive","AUT","4-Speed Automatic","Automatic","G","Gasoline","Gas",,,5.7,true,13,false,false,false,false,false,false,false,"STANDARD",,"[PREMIUM]","[PREMIUM]","[PREMIUM]",,"[PREMIUM]",,,6266,4.5,1683,0,"[""NO_SALVAGE_TITLE"",""NO_ACCIDENTS_REPORTED"",""NO_ONE_OWNER""]","{""exterior"":[""Aluminum Wheels"",""Bumpers: chrome"",""Chrome Deluxe Front Bumper w/Rub Strip"",""Chrome Rear Step Bumper"",""Rear step bumper"",""Trailer Hitch Platform""],""interior"":[""60/40 Reclining Split Bench Seat"",""Air Conditioning"",""Driver door bin"",""Electric Rear-Window Defogger"",""Front Floor Mats"",""Front reading lights"",""Leather Seat Trim"",""Passenger door bin"",""Passenger vanity mirror"",""Power Door Locks"",""Rear Floor Mats"",""Sliding Rear Window"",""Sport steering wheel"",""Tachometer"",""Variably intermittent wipers"",""Voltmeter""],""safety"":[""ABS brakes"",""Dual front impact airbags"",""Passenger cancellable airbag""],""mechanical"":[""3.73 Axle Ratio"",""Electronic Shift Transfer Case"",""Front wheel independent suspension"",""HD Auxiliary Transmission Cooling"",""Power steering"",""Speed-sensing steering""],""technology"":[""AM/FM radio"",""KEYLESS ENTRY"",""Remote Keyless Entry"",""Speed Control""],""other"":[""Comfort & Convenience Package"",""Convenience Group"",""Deep Tinted Solar-Ray Glass"",""Deluxe Front Appearance Package"",""FREE FIRST OIL CHANGE"",""Front License Plate Bracket"",""Front anti-roll bar"",""Locking Differential"",""Off-Road Package"",""PEG 1SB"",""Trailering Special Equip""]}",46,"1998 Chevrolet C/K 1500 Base Fleetside Victory Red Metallic 4WD 4.3L V6 SMPI 12V<br>Recent Arrival!<br><br>5.7L V8 with four-wheel drive and a 4-speed automatic transmission.<br>Tow hitch, tow hooks, and an electronic shift transfer case.<br>Off-road chassis package with skid plates, all-terrain front and rear tires, and a locking/limited-slip differential.<br>Keyless entry, power door locks, and air conditioning.<br>AM/FM radio with cassette and CD player.<br>Cruise control and an adjustable steering wheel.<br>Aluminum wheels and a conventional spare tire.<br>Privacy glass and Solar-Ray tinted glass.<br>Chrome front bumper and a chromed rear step bumper.<br>Black body-side molding with bright trim.<br>Front disc brakes with rear drum brakes and anti-lock brakes.<br>Daytime running lights plus driver and passenger airbags.<br>Extended Cab with a rear bench seat and split front bench seat.<br>Simulated leather steering wheel and front reading lamps.<br>Side window defoggers and intermittent wipers.<br>Swing-out rear quarter windows and a removable tailgate.<br>Front passenger assist handles, dual cupholders, and floor mats.<br>Passlock theft-deterrent security system.","[PREMIUM]",5,,,,,"[PREMIUM]"
"778626350","2026-05-25 21:10:36.280","2026-05-25 21:10:36.280","778626350","[PREMIUM]","367403",1998,"JEEP","Jeep","JEEPGRAND","Grand Cherokee","Laredo","SUV","Used","Used 1998 Jeep Grand Cherokee Laredo",240284,"[PREMIUM]",,,"[PREMIUM]",0,0,"White","WHITE","Gray","GRAY","6CLDR","6-Cylinder","4 wheel drive","AUT","4-Speed Automatic","Automatic","G","Gasoline","Gas",15,21,4,true,30,false,false,false,false,false,false,false,"FEATURED",,"[PREMIUM]","[PREMIUM]","[PREMIUM]",,"[PREMIUM]",,,6689,4.4,934,1,"[""NO_SALVAGE_TITLE"",""ACCIDENTS_REPORTED"",""NO_ONE_OWNER""]","{""exterior"":[""Alloy Wheels""],""interior"":[""Air Conditioning"",""Driver Multi-Adjustable Power Seat"",""Leather Seat"",""Power Door Locks"",""Power Windows"",""Rear Window Defogger"",""Tachometer"",""Tilt Steering""],""safety"":[""ABS Brakes"",""Child Safety Door Locks"",""Driver Airbag"",""Passenger Airbag""],""mechanical"":[""4WD/AWD""],""technology"":[""Cassette Player"",""Cruise Control""]}",16,"Buckle up and get ready to hit the road in this sleek 1998 White Jeep Grand Cherokee! This beauty not only looks sharp cruising down the street, but it also comes with a comprehensive Carfax report for full transparency and peace of mind. With its roomy interior, you can pack up all your friends and family for a weekend adventure or easily store all your gear for a solo road trip. The powerful engine will have you zooming past slowpokes on the highway, while the sturdy build ensures a smooth and safe ride. Equipped with dependable brakes and excellent handling, you can confidently navigate through city streets or take on off-road trails with ease. The smooth suspension makes for a comfortable ride, perfect for those long journeys ahead. So, whether you're looking for a reliable daily driver or a rugged outdoorsy companion, this 1998 White Jeep Grand Cherokee has got you covered. Come take it for a spin and see for yourself why this car is the perfect match for your next adventure! Visit Wildcat Used Cars LLC to shop our great deals. You can call   to schedule your test drive today.","[PREMIUM]",,,,,,"[PREMIUM]"
"781072203","2026-05-25 21:10:36.280","2026-05-25 21:10:36.280","781072203","[PREMIUM]","JM26101A",1998,"BMW","BMW","Z3","Z3","1.9","CONVERT","Used","Used 1998 BMW Z3 1.9",154939,"[PREMIUM]",,,"[PREMIUM]",0,0,"White","WHITE",,,"4CLDR","4-Cylinder","2 wheel drive - rear",,,,"G","Gasoline","Gas",,,1.9,false,3,false,true,false,false,false,false,false,"STANDARD",,"[PREMIUM]","[PREMIUM]","[PREMIUM]",,"[PREMIUM]",,,6191,4.8,296,0,"[""NO_SALVAGE_TITLE"",""ACCIDENTS_REPORTED"",""NO_ONE_OWNER""]","{""exterior"":[""Alloy wheels"",""Bumpers: body-color"",""Front fog lights"",""Power door mirrors""],""interior"":[""Air Conditioning"",""Driver door bin"",""Driver vanity mirror"",""Front Bucket Seats"",""Front beverage holders"",""Leather Shift Knob"",""Leather steering wheel"",""Passenger door bin"",""Passenger vanity mirror"",""Power driver seat"",""Power passenger seat"",""Power windows"",""Tachometer"",""Variably intermittent wipers""],""safety"":[""ABS brakes"",""Dual front impact airbags"",""Integrated roll-over protection"",""Traction control""],""mechanical"":[""4-Wheel Disc Brakes"",""Four wheel independent suspension"",""Power steering"",""Speed-sensing steering""],""technology"":[""8 Speakers"",""AM/FM radio"",""Cassette"",""Speed control""],""other"":[""Front anti-roll bar"",""Rear anti-roll bar""]}",32,"We make buying your next vehicle FAST, FUN, and HASSLE-FREE!, We deliver nationwide due to our low prices! Ask us for more info!.<br><br><br>Save THOUSANDS! We have the absolute BEST prices, BEST selection, and BEST service anywhere! Get WARRANTY FOR LIFE at zero additional charge on any vehicle we have with under 75,000 miles on it when you take it home! WOW!! We make buying your next vehicle FAST, FUN, and HASSLE-FREE! Our Professional Sales Consultants are the friendliest anywhere! We have financing for everyone that is fast and EASY! We will get you the best rate available for ALL types of credit! We also have an in-house financing department for challenged credit! We LOVE trades, all trades no matter what it is! Did you know we ship nationwide??! Now customers coast to coast can take advantage of our low prices! Ask us for more details! *** Advertised Price does not include Market Adjustment or dealer added options. White 1998 BMW Z3 1.9 RWD 5-Speed Manual 1.9L I4<br><br><br>Come see your friends today at Patriot CDJR in McAlester, OK! Visit our online  today!","[PREMIUM]",1,,,,,"[PREMIUM]"
"781269317","2026-05-25 21:10:36.269","2026-05-25 21:10:36.269","781269317","[PREMIUM]","A27489",1998,"FORD","Ford","F150PICKUP","F150","4x4 SuperCab","TRUCKS","Used","Used 1998 Ford F150 4x4 SuperCab",245000,"[PREMIUM]",,,"[PREMIUM]",0,0,,,,,"8CLDR","8-Cylinder","4 wheel drive",,,,"G","Gasoline","Gas",,,4.6,false,1,false,true,false,false,false,false,false,"STANDARD",,"[PREMIUM]","[PREMIUM]","[PREMIUM]",,"[PREMIUM]",,,6503,4.5,1110,0,"[""NO_SALVAGE_TITLE"",""NO_ACCIDENTS_REPORTED"",""NO_ONE_OWNER""]",,,"H &amp; H Backlot Special!!! This vehicle is sold as-is with no guarantees.<br>Find us at 5770 S. Highway 85-87 Colorado Springs, CO 80911 or 514 S. 8th St. Colorado Springs, CO 80905<br>Please visit our website (http://www.hhtiresautosales.com/inventory) and or call us at   or   for vehicle location.","[PREMIUM]",5,,,,,"[PREMIUM]"
"781120475","2026-05-25 21:10:36.260","2026-05-25 21:10:36.260","781120475","[PREMIUM]","52871426",1998,"CHEV","Chevrolet","CH3500PU","Silverado 3500","2WD Regular Cab","TRUCKS","Used","Used 1998 Chevrolet Silverado 3500 2WD Regular Cab",105897,"[PREMIUM]",,,"[PREMIUM]",0,0,"White","WHITE","Black","BLACK","8CLDR","8-Cylinder","2 wheel drive - rear","AUT","4-Speed Automatic","Automatic","G","Gasoline","Gas",,,5.7,false,3,false,true,false,false,false,false,false,"STANDARD",,"[PREMIUM]","[PREMIUM]","[PREMIUM]",,"[PREMIUM]",,,,0,0,0,"[""NO_SALVAGE_TITLE"",""NO_ACCIDENTS_REPORTED"",""NO_ONE_OWNER""]",,,"This 1998 Chevrolet Gmt-400 C3500 is located in Maryland - Waldorf and comes with a Clean Title. This vehicle is already competitively priced compared to similar listings on Autotrader. However, the price shown here is a Buy It Now option, which allows you to secure the vehicle immediately without waiting for the auction. If you are open to participating in the auction, you may have the opportunity to purchase this vehicle for less through bidding. NO DEALER LICENSE REQUIRED! Our inventory comes directly from auto auctions, giving you access to pricing that is a lot lower than traditional dealership listings. All purchases are completed through our website, where you can view full details, current bids, and auction activity. Register for free at https://www.salvagereseller.com to explore your options and potentially secure a better price.","[PREMIUM]",5,,,,,"[PREMIUM]"
"780500704","2026-05-25 21:10:16.094","2026-05-25 21:10:16.094","780500704","[PREMIUM]",,1998,"MB","Mercedes-Benz","E320","E 320","Sedan","SEDAN","Used","Used 1998 Mercedes-Benz E 320 Sedan",177938,"[PREMIUM]",,,"[PREMIUM]",0,0,"Black","BLACK","Black","BLACK","6CLDR","6-Cylinder","2 wheel drive - rear","AUT","5-Speed Automatic","Automatic","G","Gasoline","Gas",21,29,3.2,true,10,false,false,false,false,false,false,false,"FEATURED",,"[PREMIUM]","[PREMIUM]","[PREMIUM]",,"[PREMIUM]",,,6784,4.5,538,0,"[""NO_SALVAGE_TITLE"",""NO_ACCIDENTS_REPORTED"",""NO_ONE_OWNER""]","{""exterior"":[""Front Fog Lights"",""Side Mirrors - Heated"",""Wheels - Aluminum Alloy""],""interior"":[""Clock"",""Driver Seat Power Adjustments"",""Front Air Conditioning - Automatic Climate Control"",""Front Air Conditioning Zones - Dual"",""Front Seat Type - Bucket"",""Gauge - Tachometer"",""Memorized Settings - Passenger Seat"",""Passenger Seat Power Adjustments"",""Power Door Locks"",""Power Windows"",""Shift Knob Trim - Leather"",""Steering Wheel - Power Tilt And Telescopic"",""Steering Wheel Trim - Leather"",""Tinted Glass"",""Universal Remote Transmitter - Garage Door Opener"",""Upholstery - Leather"",""Window Defogger - Rear""],""safety"":[""Abs - 4-Wheel"",""Anti-Theft System - Alarm"",""Front Airbags - Dual"",""Side Airbags - Front"",""Traction Control""],""mechanical"":[""Limited Slip Differential - Rear"",""Power Brakes"",""Power Steering""],""technology"":[""Cassette"",""Cruise Control"",""Radio - Am/Fm""],""other"":[""Exterior Entry Lights - Approach Lamps"",""Front Wipers - Intermittent"",""Multi-Function Remote - Trunk Release"",""Rearview Mirror - Auto-Dimming"",""Side Mirror Adjustments - Power"",""Wheel Diameter - 16 Inch""]}",37,"Introducing the luxurious and timeless 1998 Mercedes-Benz E-Class E 320. This stunning vehicle exudes sophistication and elegance, making a statement wherever it goes. With its sleek exterior design and spacious interior, this car is perfect for both business and leisure.<br><br>Under the hood, you'll find a powerful 3.2 liter V6 engine that delivers effortless performance, making every drive a pleasure. The smooth handling and responsive steering make navigating through city streets or winding roads a breeze.<br><br>Step inside and experience the ultimate comfort and luxury. The plush leather seats, wood trim accents, and premium sound system create a first-class driving experience. The spacious cabin provides ample legroom and headroom for all passengers, ensuring a comfortable ride every time.<br><br>Equipped with advanced safety features such as anti-lock brakes, traction control, and airbags, the 1998 Mercedes-Benz E-Class E 320 prioritizes your safety and peace of mind. This car has been meticulously maintained and is in excellent condition, ready to impress even the most discerning buyer.<br><br>Don't miss your chance to own this timeless classic. Contact us today to schedule a test drive and see for yourself why the 1998 Mercedes-Benz E-Class E 320 is the epitome of luxury and performance. With its prestigious brand name and exceptional features, this car is sure to turn heads and elevate your driving experience. Don't wait, make it yours today.","[PREMIUM]",,,,,,"[PREMIUM]"
"781274598","2026-05-25 21:09:55.907","2026-05-25 21:09:55.907","781274598","[PREMIUM]","20207616",1998,"MB","Mercedes-Benz","SLK230","SLK 230",,"CONVERT","Used","Used 1998 Mercedes-Benz SLK 230",59529,"[PREMIUM]",,,"[PREMIUM]",0,0,"Silver","SILVER",,,"4CLDR","4-Cylinder Supercharged","2 wheel drive - rear","AUT","5-Speed Automatic","Automatic","G","Gasoline","Gas",22,30,2.3,true,1,false,true,false,false,false,false,false,"FEATURED",,"[PREMIUM]","[PREMIUM]","[PREMIUM]",,"[PREMIUM]",,,6804,4.6,190,0,"[""NO_SALVAGE_TITLE"",""NO_ACCIDENTS_REPORTED"",""NO_ONE_OWNER""]","{""exterior"":[""Alloy Wheels""],""interior"":[""Air Conditioning"",""Leather Seat"",""Power Door Locks"",""Power Windows"",""Rear Window Defogger"",""Tachometer""],""safety"":[""ABS Brakes"",""Driver Airbag"",""Front Side Airbag"",""Passenger Airbag""],""technology"":[""Cassette Player"",""Cruise Control""]}",13,"Visit Kenner AutoMax to shop our great deals. You can call us at   to schedule your test drive today, or feel free to text us at  .","[PREMIUM]",,,,,,"[PREMIUM]"
"780308983","2026-05-25 21:09:45.785","2026-05-25 21:09:45.785","780308983","[PREMIUM]","0865",1998,"MERC","Mercury","MERCGRAND","Grand Marquis","LS","SEDAN","Used","Used 1998 Mercury Grand Marquis LS",172441,"[PREMIUM]",,,"[PREMIUM]",0,0,"Champagne","TAN","Tan","TAN","8CLDR","8-Cylinder","2 wheel drive - rear","AUT","4-Speed Automatic","Automatic","G","Gasoline","Gas",17,24,4.6,false,12,false,false,false,false,false,false,false,"STANDARD",,"[PREMIUM]","[PREMIUM]","[PREMIUM]",,"[PREMIUM]",,,6809,4.7,657,0,"[""NO_SALVAGE_TITLE"",""NO_ACCIDENTS_REPORTED"",""NO_ONE_OWNER""]","{""exterior"":[""Headlights - Auto On/Off"",""Side Mirrors - Heated""],""interior"":[""Driver Seat Power Adjustments"",""Front Air Conditioning"",""Front Seat Type - Split-Bench"",""Power Door Locks"",""Power Windows"",""Steering Wheel - Tilt"",""Tinted Glass"",""Upholstery - Cloth"",""Window Defogger - Rear""],""safety"":[""Front Airbags - Dual""],""mechanical"":[""Power Brakes"",""Power Steering""],""technology"":[""Cassette"",""Cruise Control"",""Radio - Am/Fm""],""other"":[""Exterior Entry Lights - Approach Lamps"",""Front Wipers - Intermittent"",""Multi-Function Remote - Keyless Entry"",""Multi-Function Remote - Trunk Release"",""Side Mirror Adjustments - Power"",""Wheel Diameter - 16 Inch""]}",23,"WELCOME TO COME SEE!<br><br>NO HAGGLE PRICING JUST HONEST, UPFRONT DEALS<br><br>EVERY VEHICLE COMES WITH A COMPLIMENTARY CARFAX REPORT<br><br><br><br>WE DO NOT OFFER ANY FINANCING<br><br>ONLY CASH / DEBIT CARD / CREDIT CARD<br><br><br><br>1998 MERCURY GRAND MARQUIS LS<br><br>VIN: 2MEFM75W1WX700865<br><br>Body: SEDAN 4 DR<br><br>Engine: 4.6L V8 F<br><br>Drivetrain: RWD<br><br>Fuel: GASOLINE<br><br>CLEAN TITLE<br><br><br><br>A&amp;R AUTO SELLS CARS FOR WHOLESALE PRICES TO THE PUBLIC FOR OVER 25 YEARS<br><br>WELCOME TO COME SEE IT &amp; TEST DRIVE<br><br><br><br>Price(s) include(s) all costs to be paid by a consumer, except for licensing costs, registration fees, and taxes.<br><br><br><br>Dealership's Clerical fee of $295.00 which is subject to change without notice Is an addition cost not Included on vehicle price.<br><br><br><br>SALE PRICES MUST BE PRESENTED AT TIME OF PURCHASE<br><br>AFTER PURCHASE THEY WILL NOT BE VALIDATED<br><br>VEHICLE PRICES SUBJECT TO CHANGE AT ANY TIME<br><br>A &amp; R USED CARS INC OFFERS AFFORDABLE CARS &amp; TRUCKS SINCE 1998. WE ARE THE BEST CHOICE IF YOU HAVE NO CREDIT OR YOU DON'T WANT TO PAY CAR PAYMENTS. OWN YOUR CAR!<br><br><br><br>FORMS OF PAYMENT ACCEPTED ARE AS FOLLOWS:<br><br>-CASH<br><br>-DEBIT/CREDIT CARD ISSUED WITH PURCHASER'S NAME<br><br>-BANK WIRE<br><br>-CASHIERS OR BANK CHECK<br><br>-NO PERSONAL CHECKS<br><br>-NO MONEY ORDERS OF ANY KIND<br><br>-WE DO NOT DO ANY TYPE OF PAYMENT PLANS, LAYAWAYS OR FINANCING.<br><br><br><br>ALL CARS SOLD AS IS.<br><br><br><br>AFTER COMPLETION OF SALE THE CUSTOMER WILL BE RESPONSIBLE FOR ANY AND ALL REPAIRS. WARRANTIES ARE AVAILABLE ON SELECT VEHICLES THAT MEET THE WARRANTY COMPANY'S QUALIFICATIONS.<br><br><br><br>DISCLAIMER: A &amp; R Used Cars INC (Dealership) shall in no way be held liable for any errors or omissions to be found on this website. Any purchaser or prospective purchaser should independently verify with a salesperson the accuracy of all information listed on any &amp; all vehicles in questioned. Vehicles actual mileage will vary due to test drives. Actual equipment of this vehicle may differ. Contact A &amp; R Used Cars Inc by phone at   or by email at  A &amp; R Used Cars using the form on this page ; for more details and check on the availability of the vehicle before coming to visit us in person.<br><br><br><br>A&amp;R USED CARS INC (2) LOCATIONS<br><br>-1043 N DELSEA DRIVE, CLAYTON NJ 08312<br><br>-195 DELSEA DRIVE SOUTH, GLASSBORO NJ 08028<br><br><br><br>CALL","[PREMIUM]",5,,,,,"[PREMIUM]"
"780523100","2026-05-25 21:09:45.773","2026-05-25 21:09:45.773","780523100","[PREMIUM]",,1998,"TOYOTA","Toyota","CAMRY","Camry","LE","SEDAN","Used","Used 1998 Toyota Camry LE",126053,"[PREMIUM]",,,"[PREMIUM]",0,0,"Tan","TAN","Beige","BEIGE","4CLDR","4-Cylinder","2 wheel drive - front","AUT","4-Speed Automatic","Automatic","G","Gasoline","Gas",23,30,2.2,false,10,false,false,false,false,false,false,false,"STANDARD",,"[PREMIUM]","[PREMIUM]","[PREMIUM]",,"[PREMIUM]",,,7080,4.6,1118,0,"[""NO_SALVAGE_TITLE"",""NO_ACCIDENTS_REPORTED"",""NO_ONE_OWNER""]","{""interior"":[""Front Air Conditioning"",""Front Seat Type - Bucket"",""Gauge - Tachometer"",""Power Door Locks"",""Power Windows"",""Steering Wheel - Tilt"",""Tinted Glass"",""Upholstery - Cloth"",""Window Defogger - Rear""],""safety"":[""Abs - 4-Wheel"",""Front Airbags - Dual""],""mechanical"":[""Power Brakes"",""Power Steering""],""technology"":[""Cruise Control"",""Radio - Am/Fm""],""other"":[""Front Wipers - Intermittent"",""Multi-Function Remote - Trunk Release"",""Side Mirror Adjustments - Power"",""Wheel Diameter - 14 Inch""]}",19,"ENGINE:4 CYLINDER<br><br>TRANSMISSION: AUTOMATIC<br><br>BODY STYLE: 4 DOOR<br><br>MILES:126K<br><br>CARFAX CERTIFIED,, NEW VIRGINIA STATE INSPECTION, , CLEAN INSIDE AND OUTSIDE, AC POWER DOOR, POWER LOCK, POWER WINDOW, CRUISE CONTROL,EXCELLENT CAR FOR FIRST TIMER OR GOOD COMMUTER CAR, CD, WE ARE LOCATED IN ALEXANDRIA DOING BUSINESS SINCE 1996 WE ARE LOCATED IN FRONT OF GIANT FOOD STORE RIGHT BEHIND CVS PLEASE CALL BRUCE ANYTIME AT   VA DLR PROCESSING FEE IS $125<br><br>A&amp;B AUTO<br><br>ABAUTOCO.COM<br><br>3120 COLVIN ST<br><br>ALEX, VA 22314","[PREMIUM]",5,,,,,"[PREMIUM]"
"779455107","2026-05-25 21:09:35.576","2026-05-25 21:09:35.576","779455107","[PREMIUM]","49677246",1998,"CHEV","Chevrolet","CHEVSUB","Suburban","2WD","SUV","Used","Used 1998 Chevrolet Suburban 2WD w/ Preferred Equipment Group 2",291494,"[PREMIUM]",,,"[PREMIUM]",,,"Blue","BLUE","Black","BLACK","8CLDR","8-Cylinder","2 wheel drive - rear","AUT","4-Speed Automatic","Automatic","G","Gasoline","Gas",14,18,5.7,false,21,false,false,false,false,false,false,false,"FEATURED",,"[PREMIUM]","[PREMIUM]","[PREMIUM]",,"[PREMIUM]",,,,0,0,0,"[""SALVAGE_TITLE"",""NO_ONE_OWNER""]",,,"This 1998 Chevrolet Suburban C1500 is located in New York - Central Square and comes with a Salvage Title. This vehicle is already competitively priced compared to similar listings on Autotrader. However, the price shown here is a Buy It Now option, which allows you to secure the vehicle immediately without waiting for the auction. If you are open to participating in the auction, you may have the opportunity to purchase this vehicle for less through bidding. NO DEALER LICENSE REQUIRED! Our inventory comes directly from auto auctions, giving you access to pricing that is a lot lower than traditional dealership listings. All purchases are completed through our website, where you can view full details, current bids, and auction activity. Register for free at https://www.salvagereseller.com to explore your options and potentially secure a better price.","[PREMIUM]",17,,,,,"[PREMIUM]"
"780909117","2026-05-25 21:09:35.576","2026-05-25 21:09:35.576","780909117","[PREMIUM]","3911",1998,"FORD","Ford","F150PICKUP","F150","2WD SuperCab","TRUCKS","Used","Used 1998 Ford F150 2WD SuperCab",214409,"[PREMIUM]",,,"[PREMIUM]",0,0,"Mar","BURGUNDY",,,"8CLDR","8-Cylinder","2 wheel drive - rear",,,,"G","Gasoline","Gas",,,4.6,false,5,false,true,false,false,false,false,false,"STANDARD",,"[PREMIUM]","[PREMIUM]","[PREMIUM]",,"[PREMIUM]",,,6503,4.5,1110,0,"[""NO_SALVAGE_TITLE"",""ACCIDENTS_REPORTED"",""NO_ONE_OWNER""]","{""exterior"":[""Alloy Wheels"",""Bed Cover"",""Bed Liner"",""Power Mirrors"",""Receiver Hitch""],""interior"":[""Air Conditioning"",""Cloth Bucket Seats"",""Power Door Locks"",""Power Windows"",""Rear Bench Seat""],""mechanical"":[""4.6 Liter V8 Engine"",""Automatic Transmission""],""technology"":[""Am/Fm Stereo"",""Cruise Control""],""other"":[""Extended Cab"",""Fleet Side"",""Short Bed""]}",17,"1998 FORD F150 XLT EXTENDED CAB SHORTBED , call tbartrucks.com at   , 4.6 liter v8 engine , automatic transmission , amfmcd , air conditioning , cruise , tilt , power windows locks mirrors , cloth interior with front bucket seats and rear bench seat , carpet , privacy glass , receiver hitch , alloy wheels , bed cover , bedliner , call   or see all our  , CASH ONLY WE DO NOT FINANCE , please call ahead fro inspections","[PREMIUM]",5,,,,,"[PREMIUM]"
"780814088","2026-05-25 21:09:25.419","2026-05-25 21:09:25.419","780814088","[PREMIUM]","105502",1998,"FORD","Ford","F150PICKUP","F150","XL","TRUCKS","Used","Used 1998 Ford F150 XL",210191,"[PREMIUM]",,,"[PREMIUM]",0,0,"Black","BLACK","Black","BLACK","8CLDR","8-Cylinder","4 wheel drive","AUT","4-Speed Automatic","Automatic","G","Gasoline","Gas",,,5.4,false,5,false,true,false,false,false,false,false,"FEATURED",,"[PREMIUM]","[PREMIUM]","[PREMIUM]",,"[PREMIUM]",,,6503,4.5,1110,0,"[""NO_SALVAGE_TITLE"",""NO_ACCIDENTS_REPORTED"",""NO_ONE_OWNER""]",,,"This vehicle has received a full inspection. To see its video test drive, diagnostics, and tire depth, please visit https://www.remarketspace.com/vehicles/105502/1998-ford-f-150-sale-elk-river-minnesota<br><br>Why Buy From Remarket Space?<br><br>All the value of a marketplace. None of the hassle.<br><br>We built Remarket Space for people who want a better way to buy a used car.<br>No pressure, no guessing, and no endless back-and-forth. Just real vehicles, real inspections, and full transparency so you can shop with confidence and make an offer that works for you.<br><br>- 10,000+ cars sold | 4.6/5 Google rating<br>- Independent, unbiased inspection on every vehicle<br>- Free VIN-based vehicle history report included<br>- Every vehicle is electronically checked for hidden issues<br>- Full condition disclosure down to tire tread depth<br>- Video test drives and detailed walkarounds<br>- Make an offer that fits your budget<br>- 100% online purchase with no dealership pressure<br><br>Buy with the confidence of bringing your own mechanic without the risk of peer-to-peer marketplaces.<br><br>Each vehicle's advertised price is a &quot;Buy Now&quot; price. Vehicles may be purchased for less than this price at auction. Additional fees apply at checkout. For full pricing about vehicle fees based on the vehicle's selling price ( a minimum of $338 through admin, delivery, and buyer premium fees), visit: https://www.remarketspace.com/buyer-premium-fees<br><br>Why Buy From Remarket Space?<br><br>All the value of a marketplace. None of the hassle.<br><br>We built Remarket Space for people who want a better way to buy a used car.<br>No pressure, no guessing, and no endless back-and-forth. Just real vehicles, real inspections, and full transparency so you can shop with confidence and make an offer that works for you.<br><br>- 10,000+ cars sold | 4.6/5 Google rating<br>- Independent, unbiased inspection on every vehicle<br>- Free VIN-based vehicle history report included<br>- Every vehicle is electronically checked for hidden issues<br>- Full condition disclosure down to tire tread depth<br>- Video test drives and detailed walkarounds<br>- Make an offer that fits your budget<br>- 100% online purchase with no dealership pressure<br><br>Buy with the confidence of bringing your own mechanic without the risk of peer-to-peer marketplaces.<br><br>Each vehicle's advertised price is a &quot;Buy Now&quot; price. Vehicles may be purchased for less than this price at auction. Additional fees apply at checkout. For full pricing about vehicle fees based on the vehicle's selling price ( a minimum of $338 through admin, delivery, and buyer premium fees), visit: https://www.remarketspace.com/buyer-premium-fees<br><br>Why Buy From Remarket Space?<br><br>All the value of a marketplace. None of the hassle.<br><br>We built Remarket Space for people who want a better way to buy a used car.<br>No pressure, no guessing, and no endless back-and-forth. Just real vehicles, real inspections, and full transparency so you can shop with confidence and make an offer that works for you.<br><br>- 10,000+ cars sold | 4.6/5 Google rating<br>- Independent, unbiased inspection on every vehicle<br>- Free VIN-based vehicle history report included<br>- Every vehicle is electronically checked for hidden issues<br>- Full condition disclosure down to tire tread depth<br>- Video test drives and detailed walkarounds<br>- Make an offer that fits your budget<br>- 100% online purchase with no dealership pressure<br><br>Buy with the confidence of bringing your own mechanic without the risk of peer-to-peer marketplaces.<br><br>Each vehicle's advertised price is a &quot;Buy Now&quot; price. Vehicles may be purchased for less than this price at auction. Additional fees apply at checkout. For full pricing about vehicle fees based on the vehicle's selling price ( a minimum of $338 through a","[PREMIUM]",41,,,,,"[PREMIUM]"
"778079060","2026-05-25 21:09:25.404","2026-05-25 21:09:25.404","778079060","[PREMIUM]","271404G",1998,"DODGE","Dodge","GRANDCARAV","Grand Caravan","SE","VANS","Used","Used 1998 Dodge Grand Caravan SE",310121,"[PREMIUM]",,,"[PREMIUM]",0,0,"Blue","BLUE","Mist Gray","GRAY","6CLDR","6-Cylinder","2 wheel drive - front","AUT","4-Speed Automatic","Automatic","F","Flexible Fuel","Gas",19,26,3.3,false,36,false,false,true,false,false,false,false,"FEATURED",,"[PREMIUM]","[PREMIUM]","[PREMIUM]",,"[PREMIUM]",,,6418,4,384,1,"[""NO_SALVAGE_TITLE"",""NO_ACCIDENTS_REPORTED"",""NO_ONE_OWNER""]","{""exterior"":[""Bodyside moldings"",""Power door mirrors"",""Rear window wiper"",""Spoiler""],""interior"":[""3rd row seats: bench"",""Cloth High-Back Bucket Seats"",""Driver vanity mirror"",""Driver's Seat Mounted Armrest"",""Front Bucket Seats"",""Front reading lights"",""Passenger seat mounted armrest"",""Passenger vanity mirror"",""Tachometer"",""Tilt steering wheel"",""Variably intermittent wipers""],""safety"":[""ABS brakes"",""Dual front impact airbags""],""mechanical"":[""Front wheel independent suspension"",""Power steering""],""technology"":[""4 Speakers"",""AM/FM radio"",""Cassette"",""Speed control""],""other"":[""Front anti-roll bar""]}",24,"Mechanic's Special: Bring a trailer! Cash only<br><br><br>Blue 1998 Dodge Grand Caravan SE FWD 4-Speed Automatic 3.3L V6 FFV<br><br>Recent Arrival!","[PREMIUM]",9,,,,,"[PREMIUM]"
"776936574","2026-05-25 21:09:25.403","2026-05-25 21:09:25.403","776936574","[PREMIUM]","ZC135304B",1998,"FORD","Ford","F150PICKUP","F150","XLT","TRUCKS","Used","Used 1998 Ford F150 XLT",218289,"[PREMIUM]",,,"[PREMIUM]",0,0,"Tan","TAN","Tan","TAN","6CLDR","6-Cylinder","2 wheel drive - rear",,,,"G","Gasoline","Gas",,,4.2,false,48,false,false,false,false,false,false,false,"FEATURED",,"[PREMIUM]","[PREMIUM]","[PREMIUM]",,"[PREMIUM]",,,6493,4.5,1108,0,"[""NO_SALVAGE_TITLE"",""NO_ACCIDENTS_REPORTED"",""NO_ONE_OWNER""]","{""exterior"":[""Bodyside moldings"",""Bumpers: chrome"",""Chrome Rear Step Bumper"",""Rear step bumper"",""XLT Door Trim Panels w/Lower Carpet""],""interior"":[""40/60 Split Bench w/Driver's Lumbar"",""Color-Keyed Carpeting"",""Driver door bin"",""Front Center Armrest w/Storage"",""Front reading lights"",""Passenger door bin"",""Passenger vanity mirror"",""Power Door Locks"",""Power Windows"",""Power windows"",""Speed Dependent Interval Wipers"",""Tachometer"",""Variably intermittent wipers"",""Voltmeter""],""safety"":[""ABS brakes"",""Dual front impact airbags"",""Passenger cancellable airbag""],""mechanical"":[""Front wheel independent suspension"",""Power steering""],""technology"":[""4 Speakers"",""AM/FM radio""],""other"":[""Delayed Accessory Power"",""Door Curb Lights"",""Front anti-roll bar"",""Pickup Box Security Group"",""Power Convenience Group""]}",31,"This 1998 Ford F-150 XLT is a rugged and capable pickup that's ready to take on any task. With its 4.2L V6 engine, 5-speed manual transmission, and rear-wheel drive, this F-150 delivers a responsive and efficient driving experience. Boasting an impressive 15 city/20 highway MPG, it's a practical choice for both work and play.<br><br>- ABS brakes<br>- Power Convenience Group<br>- Power Windows<br>- Chrome Rear Step Bumper<br>- Color-Keyed Carpeting<br>- Pickup Box Security Group<br>- Dual Front Impact Airbags<br>- Front Center Armrest with Storage<br><br>This F-150 XLT is built to handle whatever comes its way. The rugged exterior features chrome bumpers and bodyside moldings, giving it a bold, confident appearance. Inside, the well-appointed cabin offers a range of convenient features, including power windows, tachometer, and voltmeter, ensuring a comfortable and connected driving experience.<br><br>The XLT trim level adds an extra touch of refinement, with features like the Power Convenience Group, 40/60 Split Bench Seat, and Speed Dependent Interval Wipers. This truck is more than just a workhorse it's a versatile companion that can adapt to your lifestyle.<br><br>Whether you're tackling tough jobs or enjoying weekend adventures, this 1998 Ford F-150 XLT is ready to take you there. With its proven reliability, capable performance, and thoughtful amenities, it's a smart choice for those seeking a dependable and well-equipped pickup. Visit our showroom today and experience the power and versatility of this impressive F-150 for yourself.","[PREMIUM]",13,,,,,"[PREMIUM]"
"780615943","2026-05-25 21:09:15.239","2026-05-25 21:09:15.239","780615943","[PREMIUM]",,1998,"DODGE","Dodge","DAKOTA","Dakota","Sport","TRUCKS","Used","Used 1998 Dodge Dakota Sport",75630,"[PREMIUM]",,,"[PREMIUM]",0,0,"Blue","BLUE","Gray","GRAY","4CLDR","4-Cylinder","2 wheel drive - rear","MAN","5-Speed Manual","Manual","G","Gasoline","Gas",16,22,2.5,false,9,false,false,false,false,false,false,false,"FEATURED",,"[PREMIUM]","[PREMIUM]","[PREMIUM]",,"[PREMIUM]",,,6401,4.3,1462,1,"[""NO_SALVAGE_TITLE"",""ACCIDENTS_REPORTED"",""NO_ONE_OWNER""]","{""exterior"":[""Wheels - Aluminum Alloy""],""interior"":[""Front Seat Type - Split-Bench"",""Gauge - Tachometer"",""Tinted Glass"",""Upholstery - Cloth""],""safety"":[""Front Airbags - Dual""],""mechanical"":[""Power Brakes"",""Power Steering""],""technology"":[""Cassette"",""Radio - Am/Fm""],""other"":[""Abs - Rear"",""Front Wipers - Intermittent"",""Special Graphics"",""Wheel Diameter - 15 Inch""]}",14,"*AVAILABLE FOR VIEWING BY APPOINTMENT ONLY** CALL  <br><br>5-SPEED MANUAL TRANSMISSION*** RUST FREE SOUTHERN DRIVEN TRUCK*** LOW MILES** CLEAN TITLE, BODY HAS FADED PAINT DUE TO AGE AND DRIVEN IN HOT CLIMATE** HEATER DOES NOT WORK** RUNS, DRIVES AND SHIFTS SMOOTH** WE SHIP NATIONWIDE** FOR DETAILS CALL","[PREMIUM]",40,,,,,"[PREMIUM]"
"781249895","2026-05-25 21:09:15.232","2026-05-25 21:09:15.232","781249895","[PREMIUM]","A15668",1998,"FORD","Ford","RANGER","Ranger","XL","TRUCKS","Used","Used 1998 Ford Ranger XL",155095,"[PREMIUM]",,,"[PREMIUM]",0,0,"Oxford White Clearcoat","WHITE","Tan","TAN","6CLDR","6-Cylinder","2 wheel drive - rear",,,,"G","Gasoline","Gas",,,3,false,1,false,true,false,false,false,false,false,"FEATURED",,"[PREMIUM]","[PREMIUM]","[PREMIUM]",,"[PREMIUM]",,,6498,4.3,779,0,"[""NO_SALVAGE_TITLE"",""NO_ACCIDENTS_REPORTED"",""ONE_OWNER""]","{""other"":[""... View all the options on our Website at: www.cheapcashcars.com""]}",1,"5 SPEED/AC / ONE OWNER / METICULOUSLY TAKEN CARE OF!! / LOOKS RUNS AND DRIVES LIKE NEW / A MUST SEE !! ***SAVE $300.00 OFF ADVERTISED TOTAL PRICE*** AD MUST BE PRINTED OUT AND PRESENTED TO SALESMAN AT TIME OF SALE TO RECEIVE DISCOUNT REDUCED DOWN PAYMENTS AVAILABLE DEPENDING ON YOUR JOB TIME...ASK YOUR SALESMAN FOR QUALIFICATIONS We FINANCE anybody starting as low as $500 down!!! YOUR JOB IS YOUR CREDIT!!!!! We have financing plans for everyone whether you have Bad Credit Bankruptcy Slow pay repo's child support garnishments or just No credit at All! We Can Help!!! Buy-Here Pay Here available with low down payments and affordable monthly payments starting at $300 per month. With low Down Payments ... Easy Credit Approval ... Low Monthly or Bi-Weekly Payments. Affordable Auto Credit is the place for you. TRADE-INS WELCOME Please call us at   to schedule a test drive today or visit . **************************NO REASONABLE CASH OFFER REFUSED********************** -- INSTALLED FEATURES: Front airbags: dual Radio: AM/FM ABS: rear Power brakes Power steering Exterior entry lights: approach lamps Front seat type: split-bench Upholstery: vinyl Wheels: steel Front wipers: intermittent... Read the full description on our Website at: www.cheapcashcars.com","[PREMIUM]",5,,,,,"[PREMIUM]"
"778572286","2026-05-25 21:09:15.224","2026-05-25 21:09:15.224","778572286","[PREMIUM]",,1998,"CHEV","Chevrolet","CHEV150","Silverado 1500","4x4 Extended Cab","TRUCKS","Used","Used 1998 Chevrolet Silverado 1500 4x4 Extended Cab w/ Comfort & Convenience Pkg",136000,"[PREMIUM]",,,"[PREMIUM]",0,0,"Red","RED","Tan","TAN","8CLDR","8-Cylinder","4 wheel drive","AUT","4-Speed Automatic","Automatic","G","Gasoline","Gas",,,5,false,31,false,false,false,false,false,false,false,"FEATURED",,"[PREMIUM]","[PREMIUM]","[PREMIUM]",,"[PREMIUM]",,,6266,4.5,1682,0,"[""NO_SALVAGE_TITLE"",""ACCIDENTS_REPORTED"",""NO_ONE_OWNER""]","{""interior"":[""Front Seat Type - Split-Bench"",""Gauge - Tachometer"",""Upholstery - Vinyl""],""safety"":[""Abs - 4-Wheel"",""Daytime Running Lights"",""Front Airbags - Dual""],""mechanical"":[""Power Brakes"",""Power Steering""],""technology"":[""Radio - Am/Fm""],""other"":[""Front Wipers - Intermittent"",""Wheel Diameter - 16 Inch""]}",11,"Just arrived this good running and driving PA inspected Chevy Silverado 4x4. If you need a good running old truck that does what it's supposed to, you just found it. It's priced to sell fast. Don't miss it.","[PREMIUM]",34,,,,,"[PREMIUM]"
"778261422","2026-05-25 21:08:55.047","2026-05-25 21:08:55.047","778261422","[PREMIUM]",,1998,"FORD","Ford","ESCO","Escort",,"COUPE","Used","Used 1998 Ford Escort",62668,"[PREMIUM]",,,"[PREMIUM]",0,0,"Gold","GOLD","Tan","TAN","4CLDR","4-Cylinder","2 wheel drive - front",,,,"G","Gasoline","Gas",,,2,false,34,false,false,true,false,false,false,false,"FEATURED",,"[PREMIUM]","[PREMIUM]","[PREMIUM]",,"[PREMIUM]",,,6453,4.1,845,0,"[""NO_SALVAGE_TITLE"",""NO_ACCIDENTS_REPORTED"",""NO_ONE_OWNER""]","{""interior"":[""Center Console"",""Front Seat Type - Bucket"",""Gauge - Tachometer"",""Upholstery - Cloth""],""safety"":[""Front Airbags - Dual""],""mechanical"":[""Power Brakes"",""Power Steering""],""technology"":[""Radio - Am/Fm""],""other"":[""Front Wipers - Intermittent"",""Wheel Diameter - 14 Inch""]}",10,"Introducing the 1998 Ford Escort ZX2 Cool, the perfect blend of style and performance. This sleek and sporty vehicle is guaranteed to turn heads with its bold design and dynamic curves. But it's not just about looks the Escort ZX2 Cool also packs a punch under the hood.<br><br>Equipped with a powerful 2.0L engine, this car delivers impressive acceleration and smooth handling. And with its efficient fuel economy, you'll be cruising down the road with ease and saving money at the pump. Plus, the spacious interior offers plenty of room for both passengers and cargo, making it the ideal choice for daily commutes and weekend adventures.<br><br>But what truly sets the 1998 Ford Escort ZX2 Cool apart is its cool factor. The unique &quot;Cool&quot; package adds extra flair with features like a rear spoiler, fog lights, and sporty alloy wheels. You'll feel like a true trendsetter behind the wheel of this car.<br><br>Don't miss out on your chance to own this iconic vehicle. Visit our dealership today and take the 1998 Ford Escort ZX2 Cool for a test drive. With its winning combination of style, performance, and value, it's sure to be a hit with anyone looking for a reliable and stylish ride. Don't wait come experience the coolness for yourself!","[PREMIUM]",14,,,,,"[PREMIUM]"
"779436597","2026-05-25 21:08:45.008","2026-05-25 21:08:45.008","779436597","[PREMIUM]",,1998,"GMC","GMC","SAFARIGMC","Safari","Passenger","VANS","Used","Used 1998 GMC Safari Passenger",242855,"[PREMIUM]",,,"[PREMIUM]",0,0,"Cadet Blue","BLUE","Gray","GRAY","6CLDR","6-Cylinder","2 wheel drive - rear","AUT","4-Speed Automatic","Automatic","G","Gasoline","Gas",16,20,4.3,false,21,false,false,false,false,false,false,false,"FEATURED",,"[PREMIUM]","[PREMIUM]","[PREMIUM]",,"[PREMIUM]",,,6563,4.3,161,1,"[""NO_SALVAGE_TITLE"",""NO_ACCIDENTS_REPORTED"",""NO_ONE_OWNER""]","{""exterior"":[""Wheels - Steel""],""interior"":[""Front Air Conditioning"",""Front Seat Type - Bucket"",""Gauge - Tachometer"",""Overhead Console - Front"",""Power Door Locks"",""Power Windows"",""Rear Privacy Glass"",""Rear Seat Type - Bench"",""Steering Wheel - Tilt"",""Third Row Seat Type - Bench"",""Upholstery - Cloth""],""safety"":[""Abs - 4-Wheel"",""Daytime Running Lights"",""Front Airbags - Dual""],""mechanical"":[""Power Brakes"",""Power Steering""],""technology"":[""Cassette"",""Cruise Control"",""Radio - Am/Fm""],""other"":[""Exterior Entry Lights - Approach Lamps"",""Front Wipers - Intermittent"",""Oem Roof Height - Undefined"",""Wheel Diameter - 15 Inch""]}",24,"Introducing the 1998 GMC Safari SLX, a rugged and reliable van built to tackle any task. This spacious vehicle boasts a powerful 4.3-liter V6 engine, perfect for hauling heavy loads or navigating through tough terrain. With its sleek exterior design and spacious interior, the Safari SLX is both practical and stylish.<br><br>Step inside and you'll discover a comfortable and well-appointed cabin, complete with plush seating and modern amenities. The roomy interior can comfortably accommodate up to 8 passengers, making it the perfect choice for large families or businesses in need of a reliable transportation solution.<br><br>But that's not all, the GMC Safari SLX also offers plenty of storage space, making it ideal for transporting equipment or supplies. And with its impressive towing capacity, you'll have no trouble hauling trailers, boats, or other heavy loads.<br><br>This 1998 model has been meticulously maintained and is ready for its next adventure. Don't miss your chance to own this reliable and versatile van. Come take a test drive and experience the power and performance of the GMC Safari SLX today. Extra space, extra power, extra value - the 1998 GMC Safari SLX has it all.","[PREMIUM]",12,,,,,"[PREMIUM]"
"780892068","2026-05-25 21:08:44.882","2026-05-25 21:08:44.882","780892068","[PREMIUM]",,1998,"JEEP","Jeep","JEEPGRAND","Grand Cherokee","Laredo","SUV","Used","Used 1998 Jeep Grand Cherokee Laredo",162000,"[PREMIUM]",,,"[PREMIUM]",0,0,"Red","RED","Gray","GRAY","6CLDR","6-Cylinder","4 wheel drive","AUT","4-Speed Automatic","Automatic","G","Gasoline","Gas",15,21,4,false,5,false,true,false,false,false,false,false,"FEATURED",,"[PREMIUM]","[PREMIUM]","[PREMIUM]",,"[PREMIUM]",,,6689,4.4,934,0,"[""NO_SALVAGE_TITLE"",""NO_ACCIDENTS_REPORTED"",""NO_ONE_OWNER""]","{""exterior"":[""Rear Wiper"",""Wheels - Aluminum Alloy""],""interior"":[""Center Console"",""Front Air Conditioning"",""Front Seat Type - Bucket"",""Gauge - Tachometer"",""Power Door Locks"",""Power Windows"",""Steering Wheel - Tilt"",""Steering Wheel Trim - Leather"",""Tinted Glass"",""Upholstery - Cloth"",""Window Defogger - Rear""],""safety"":[""Abs - 4-Wheel"",""Front Airbags - Dual""],""mechanical"":[""4wd Type - Part Time"",""Power Brakes"",""Power Steering""],""technology"":[""Cassette"",""Cruise Control"",""Radio - Am/Fm""],""other"":[""Exterior Entry Lights - Approach Lamps"",""Front Wipers - Intermittent"",""Multi-Function Remote - Keyless Entry"",""Roof Rack Crossbars - Black"",""Side Mirror Adjustments - Power"",""Wheel Diameter - 15 Inch""]}",27,"1998 Jeep Grand Cherokee. 4.0L 6 Cyl. 4WD. Runs and drives great. Clean inside and out. Emissions exempt and safety checked. *Been in Business at the Same Location for the Last 40 Years! Member of the CT Better Business Bureau, Former founding director and member of the Used Car Dealer Association. You can buy with confidence. Vehicles are registered in our office. All vehicles have been safety checked, emissions tested, and ready for sale. Father and Son Owned, Super Friendly Staff, and Great Reputation! Conveniently Located within 2 Miles of Exit 23 on I84 in Waterbury, CT!<br><br>Ernies Inc.<br><br>24 Meriden Rd.<br><br>Waterbury, CT 06705<br><br>Mon-Fri 9-5<br><br>Sat-Sun 10-4<br><br>Call Us!<br><br>Fran's Cell  <br><br>Frank's Cell  <br><br>Shop:","[PREMIUM]",13,,,,,"[PREMIUM]"
"778653657","2026-05-25 21:08:44.869","2026-05-25 21:08:44.869","778653657","[PREMIUM]",,1998,"MAZDA","MAZDA","B-SERIES","B-Series Pickup","2WD Cab Plus B2500","TRUCKS","Used","Used 1998 MAZDA B-Series Pickup 2WD Cab Plus B2500",159000,"[PREMIUM]",,,"[PREMIUM]",0,0,"Gray","GRAY","Gray","GRAY","4CLDR","4-Cylinder","2 wheel drive - rear","MAN","Manual","Manual","G","Gasoline","Gas",22,27,2.5,false,30,false,false,false,false,false,false,false,"FEATURED",,"[PREMIUM]","[PREMIUM]","[PREMIUM]",,"[PREMIUM]",,,6748,4.4,254,0,"[""NO_SALVAGE_TITLE"",""ACCIDENTS_REPORTED"",""NO_ONE_OWNER""]","{""exterior"":[""Alloy Wheels"",""Bedliner""],""safety"":[""Anti-Lock Brakes""]}",3,"5spd stick shift grey/gry cloth 2.5 4cyl 1 owner low miles cold ac and heat bedliner new tires&amp;brakes this is a very solid truck that runs excellent gets great gas mileage and is ready for work or play serious buyers only please bring cash only no lookers dreamers tire kickers are time wasters no cash dont call","[PREMIUM]",14,,,,,"[PREMIUM]"
"780486251","2026-05-25 21:08:38.627","2026-05-25 21:08:38.627","780486251","[PREMIUM]","U7327B",1998,"FORD","Ford","EXPEDI","Expedition","XLT","SUV","Used","Used 1998 Ford Expedition XLT",204736,"[PREMIUM]",,,"[PREMIUM]",0,0,"White","WHITE",,,"8CLDR","8-Cylinder","2 wheel drive - rear","AUT","4-Speed Automatic","Automatic","G","Gasoline","Gas",14,19,4.6,true,10,false,false,false,false,false,false,false,"PREMIUM",,"[PREMIUM]","[PREMIUM]","[PREMIUM]",,"[PREMIUM]",,,,0,0,0,"[""NO_SALVAGE_TITLE"",""NO_FRAME_DAMAGE"",""NO_FLOOD_WATER_DAMAGE"",""NO_ACCIDENTS_REPORTED"",""NO_ONE_OWNER""]","{""exterior"":[""Bodyside moldings"",""Bumpers: chrome"",""Cast Aluminum Wheels"",""Power door mirrors"",""Rear window wiper"",""Roof rack""],""interior"":[""Air Conditioning"",""Driver door bin"",""Front reading lights"",""Leather Captain's Chairs w/Console"",""Passenger door bin"",""Passenger vanity mirror"",""Power windows"",""Rear seat center armrest"",""Rear window defroster"",""Split folding rear seat"",""Tachometer"",""Tilt steering wheel"",""Variably intermittent wipers"",""Voltmeter""],""safety"":[""ABS brakes"",""Dual front impact airbags"",""Panic alarm""],""mechanical"":[""4-Wheel Disc Brakes"",""Front wheel independent suspension"",""Power steering"",""Speed-sensing steering""],""technology"":[""4 Speakers"",""AM/FM radio"",""Cassette"",""Remote keyless entry"",""Speed Control""],""other"":[""Front anti-roll bar"",""Illuminated entry"",""Popular Equipment Group"",""Premium Electronic AM/FM Stereo/Cassette"",""Rear anti-roll bar""]}",37,"Come and check out all of our New and Used Inventory @ ConPaulos.com or give us a call @  .<br><br>White 1998 Ford Expedition XLT RWD 4-Speed Automatic with Overdrive 4.6L V8 SEFI<br><br>Recent Arrival!","[PREMIUM]",,,,,,"[PREMIUM]"
"778635986","2026-05-25 21:08:38.626","2026-05-25 21:08:38.626","778635986","[PREMIUM]","149751AH",1998,"FORD","Ford","EXPLOR","Explorer","Sport","SUV","Used","Used 1998 Ford Explorer Sport",153747,"[PREMIUM]",,,"[PREMIUM]",0,0,"Oxford White Clearcoat","WHITE","Medium Graphite","GRAY","6CLDR","6-Cylinder","2 wheel drive - rear","AUT","5-Speed Automatic","Automatic","G","Gasoline","Gas",,,4,false,30,false,false,false,false,false,false,false,"PREMIUM",,"[PREMIUM]","[PREMIUM]","[PREMIUM]",,"[PREMIUM]",,,6487,4.3,1206,0,"[""NO_SALVAGE_TITLE"",""ACCIDENTS_REPORTED"",""ONE_OWNER""]","{""exterior"":[""Alloy wheels"",""Bodyside moldings"",""Deep Dish Cast Aluminum Wheels"",""Power door mirrors""],""interior"":[""Air Conditioning"",""Driver vanity mirror"",""Front Bucket Seats"",""Front reading lights"",""Knitted Vinyl Bucket Seats"",""Passenger vanity mirror"",""Power windows"",""Split folding rear seat"",""Tachometer"",""Variably intermittent wipers"",""Voltmeter""],""safety"":[""ABS brakes"",""Dual front impact airbags""],""mechanical"":[""3.27 Axle Ratio"",""4-Wheel Disc Brakes"",""Front wheel independent suspension"",""Power steering""],""technology"":[""4 Speakers"",""AM/FM radio"",""Cassette""],""other"":[""AM/FM Stereo w/Cassette & Clock"",""Front anti-roll bar"",""Illuminated entry"",""Rear anti-roll bar""]}",28,"Oxford White Clearcoat 1998 Ford Explorer Sport RWD 5-Speed Automatic with Overdrive 4.0L V6 SOHC","[PREMIUM]",17,,,,,"[PREMIUM]"
"780916860","2026-05-25 21:08:34.713","2026-05-25 21:08:34.713","780916860","[PREMIUM]",,1998,"MB","Mercedes-Benz","E320","E 320","Sedan","SEDAN","Used","Used 1998 Mercedes-Benz E 320 Sedan",297740,"[PREMIUM]",,,"[PREMIUM]",0,0,"Black","BLACK","Black","BLACK","6CLDR","6-Cylinder","2 wheel drive - rear","AUT","5-Speed Automatic","Automatic","G","Gasoline","Gas",21,29,3.2,true,5,false,true,false,false,false,false,false,"FEATURED",,"[PREMIUM]","[PREMIUM]","[PREMIUM]",,"[PREMIUM]",,,6784,4.5,538,0,"[""NO_SALVAGE_TITLE"",""ACCIDENTS_REPORTED"",""NO_ONE_OWNER""]","{""exterior"":[""Front Fog Lights"",""Side Mirrors - Heated"",""Wheels - Aluminum Alloy""],""interior"":[""Clock"",""Driver Seat Power Adjustments"",""Front Air Conditioning"",""Front Air Conditioning - Automatic Climate Control"",""Front Air Conditioning Zones - Dual"",""Front Seat Type - Bucket"",""Gauge - Tachometer"",""Memorized Settings - Driver Seat"",""Memorized Settings - Passenger Seat"",""Passenger Seat Power Adjustments"",""Power Door Locks"",""Power Moonroof"",""Power Windows"",""Shift Knob Trim - Leather"",""Steering Wheel - Power Tilt And Telescopic"",""Steering Wheel Trim - Leather"",""Tinted Glass"",""Universal Remote Transmitter - Garage Door Opener"",""Upholstery - Leather"",""Window Defogger - Rear""],""safety"":[""Abs - 4-Wheel"",""Anti-Theft System - Alarm"",""Front Airbags - Dual"",""Side Airbags - Front"",""Traction Control""],""mechanical"":[""Limited Slip Differential - Rear"",""Power Brakes"",""Power Steering""],""technology"":[""Cassette"",""Compact Disc Changer"",""Cruise Control"",""Radio - Am/Fm""],""other"":[""Exterior Entry Lights - Approach Lamps"",""Front Wipers - Intermittent"",""Multi-Function Remote - Keyless Entry"",""Multi-Function Remote - Trunk Release"",""Rearview Mirror - Auto-Dimming"",""Side Mirror Adjustments - Power"",""Side Mirrors - Auto-Dimming"",""Wheel Diameter - 16 Inch""]}",43,"CASH PRICE - NO Financing Available &amp; NO Dealer Fees charged!! Actual price, no add-on fees. -- 1998 Mercedes E320 with a clean title. Runs good, transmission shifts as it should and A/C is ice cold. The radio and all power features work. This is a great deal for someone that needs a good running car. Interior of this Benz looks amazing, with only minimal wear visible.<br><br>It does have some dents and dings on the body, as visible from pictures posted and the sunroof does not open.<br><br>Call or text   with any questions.","[PREMIUM]",57,,,,,"[PREMIUM]"
"781249893","2026-05-25 21:08:15.836","2026-05-25 21:08:15.836","781249893","[PREMIUM]","A15662",1998,"TOYOTA","Toyota","AVALON","Avalon","XLS","SEDAN","Used","Used 1998 Toyota Avalon XLS",191200,"[PREMIUM]",,,"[PREMIUM]",0,0,"Vintage Rose Metallic","SILVER","Brown","BROWN","6CLDR","6-Cylinder","2 wheel drive - front","AUT","4-Speed Automatic","Automatic","G","Gasoline","Gas",21,30,3,false,1,false,true,false,false,false,false,false,"FEATURED",,"[PREMIUM]","[PREMIUM]","[PREMIUM]",,"[PREMIUM]",,,7070,4.8,342,0,"[""NO_SALVAGE_TITLE"",""ACCIDENTS_REPORTED"",""NO_ONE_OWNER""]","{""other"":[""... View all the options on our Website at: www.cheapcashcars.com""]}",1,"AUTO/AIR / FULL POWER / LEATHER / SUNROOF AND MUCH MUCH MORE / LOOKS RUNS AND DRIVES LIKE GREAT / A MUST SEE!! ***SAVE $300.00 OFF ADVERTISED TOTAL PRICE*** AD MUST BE PRINTED OUT AND PRESENTED TO SALESMAN AT TIME OF SALE TO RECEIVE DISCOUNT REDUCED DOWN PAYMENTS AVAILABLE DEPENDING ON YOUR JOB TIME...ASK YOUR SALESMAN FOR QUALIFICATIONS We FINANCE anybody starting as low as $500 down!!! YOUR JOB IS YOUR CREDIT!!!!! We have financing plans for everyone whether you have Bad Credit Bankruptcy Slow pay repo's child support garnishments or just No credit at All! We Can Help!!! Buy-Here Pay Here available with low down payments and affordable monthly payments starting at $300 per month. With low Down Payments ... Easy Credit Approval ... Low Monthly or Bi-Weekly Payments. Affordable Auto Credit is the place for you. TRADE-INS WELCOME Please call us at   to schedule a test drive today or visit . **************************NO REASONABLE CASH OFFER REFUSED********************** -- INSTALLED FEATURES: Front air conditioning Front airbags: dual Side airbags: front Antenna type: power Cassette Radio: AM/FM ABS: 4-wheel Power brakes Cruise control Multi-function remote: trunk release Power steering Steering wheel: tilt Gauge: tachometer Exterior entry lights: approach lamps Side mirror adjustments: power Front seat type: bucket Upholstery: cloth Power door locks Front wipers: intermittent Power windows Tinted glass Window defogger: rear... Read the full description on our Website at: www.cheapcashcars.com","[PREMIUM]",12,,,,,"[PREMIUM]"
"780818751","2026-05-25 21:08:15.829","2026-05-25 21:08:15.829","780818751","[PREMIUM]","618025",1998,"CHEV","Chevrolet","CHEV150","Silverado 1500","4x4 Extended Cab","TRUCKS","Used","Used 1998 Chevrolet Silverado 1500 4x4 Extended Cab w/ Preferred Equipment Group 2",160600,"[PREMIUM]",,,"[PREMIUM]",0,0,"Light Pewter Metallic","SILVER","Gray","GRAY","8CLDR","8-Cylinder","4 wheel drive","AUT","4-Speed Automatic","Automatic","G","Gasoline","Gas",,,5.7,false,5,false,true,false,false,false,false,false,"FEATURED",,"[PREMIUM]","[PREMIUM]","[PREMIUM]",,"[PREMIUM]",,,6266,4.5,1683,0,"[""NO_SALVAGE_TITLE"",""NO_FRAME_DAMAGE"",""NO_FLOOD_WATER_DAMAGE"",""NO_ACCIDENTS_REPORTED"",""NO_ONE_OWNER""]","{""exterior"":[""Bumpers: chrome"",""Rear step bumper""],""interior"":[""Driver door bin"",""Front reading lights"",""Passenger door bin"",""Passenger vanity mirror"",""Sport steering wheel"",""Tachometer"",""Variably Intermittent Wipers"",""Voltmeter""],""safety"":[""ABS brakes"",""Dual front impact airbags"",""Passenger cancellable airbag""],""mechanical"":[""Front wheel independent suspension"",""Power steering"",""Speed-sensing steering""],""technology"":[""4 Speakers"",""AM/FM radio""],""other"":[""Fleetside Body Code"",""Front anti-roll bar""]}",20,"Pre -Auction Vehicle. These are vehicles that are typically flawed in some way. They are typically higher mileage, older, lower-priced vehicles. They are generally vehicles that we would otherwise wholesale to a small dealer or independent lot. They fall outside of our Risk Free vehicle guidelines but we have found that our customers have requested that we make these vehicles available as 2nd cars, college cars, kid's cars or other basic transportation to the public for retail sale. Some general guidelines:<br><br>-basic oil change and safety inspection, we encourage you to have your own inspection done by a 3rd party if you so choose<br><br>-they are priced with consideration of condition and possible repairs needed<br><br>-they are sold without a warranty<br><br>-they are offered for a limited time only-3-4 weeks<br><br>-they are sold 100% AS-IS<br><br>-they are also sold with our best price on the windshield<br><br>While there is always some risk in purchasing these types of vehicles, we feel that there is also a great opportunity for you the consumer to get a great deal. Eide Chrysler pre-owned vehicles come standard with one key. If we received more than one key from the previous owner, we include them. Additional keys, as well as dealer-installed accessories, may be purchased at the time of sale.","[PREMIUM]",17,,,,,"[PREMIUM]"
"780935117","2026-05-25 21:08:07.582","2026-05-25 21:08:07.582","780935117","[PREMIUM]","26-424",1998,"CHEV","Chevrolet","CAV","Cavalier","Coupe","COUPE","Used","Used 1998 Chevrolet Cavalier Coupe w/ Preferred Equipment Group 1",52553,"[PREMIUM]",,,"[PREMIUM]",0,0,"Red","RED",,,"4CLDR","4-Cylinder","2 wheel drive - front","AUT","3-Speed Automatic","Automatic","G","Gasoline","Gas",,,2.2,false,4,false,true,false,false,false,false,false,"FEATURED",,"[PREMIUM]","[PREMIUM]","[PREMIUM]",,"[PREMIUM]",,,6219,4.2,1744,0,"[""NO_SALVAGE_TITLE"",""NO_ACCIDENTS_REPORTED"",""NO_ONE_OWNER""]","{""safety"":[""All Wheel ABS"",""Daytime Running Lights"",""Dual Front Air Bag""],""mechanical"":[""Power Steering""],""technology"":[""AM/FM"",""AM/FM CD"",""AM/FM Cassette""],""other"":[""Active Belts"",""Available""]}",9,"Headers Auto Sales always has 100 cars for $3,500 or less and 50 cars for $2,000 or less. Headers also has a huge selection of quality used vehicles from $5,000 to $15,000. We offer easy financing for all credit situations, bad credit financing is NO PROBLEM! That is what makes us the best place in michiana to buy your next pre owned car, truck or SUV. Check out all of our  or stop in and see us at 1530 E McKinley Ave. Mishawaka, Indiana. Visit Headers Auto Sales  to see more pictures of this vehicle or call us at   today to schedule your test drive.","[PREMIUM]",12,,,,,"[PREMIUM]"
"780655302","2026-05-25 21:07:24.038","2026-05-25 21:07:24.038","780655302","[PREMIUM]","T26223B",1998,"BUICK","Buick","CENT","Century","Custom","SEDAN","Used","Used 1998 Buick Century Custom",102097,"[PREMIUM]",,,"[PREMIUM]",0,0,"Bordeaux Red Pearl","RED","Bordeaux Red","RED","6CLDR","6-Cylinder","2 wheel drive - front","AUT","4-Speed Automatic","Automatic","G","Gasoline","Gas",20,29,3.1,false,8,false,false,false,false,false,false,false,"PREMIUM",,"[PREMIUM]","[PREMIUM]","[PREMIUM]",,"[PREMIUM]",,,6196,4.4,577,1,"[""NO_SALVAGE_TITLE"",""NO_ACCIDENTS_REPORTED"",""NO_ONE_OWNER""]","{""exterior"":[""Bodyside moldings"",""Bumpers: body-color"",""Delay-off headlights"",""Fully automatic headlights""],""interior"":[""55/45 Split Bench Seat"",""6-Way Power Driver Seat"",""Air Conditioning"",""Driver door bin"",""Driver vanity mirror"",""Dual Zone Air Conditioning"",""Front Center Armrest w/Storage"",""Passenger door bin"",""Passenger vanity mirror"",""Power windows"",""Rear seat center armrest"",""Rear window defroster"",""Tilt steering wheel"",""Trunk Convenience Net"",""Variably intermittent wipers""],""safety"":[""ABS brakes"",""Dual front impact airbags"",""Panic alarm""],""mechanical"":[""Four wheel independent suspension"",""Power steering""],""technology"":[""4 Speakers"",""AM/FM radio"",""Electronic Cruise Control"",""Remote keyless entry""],""other"":[""Front Carpet Savers"",""Front License Plate Bracket"",""Front anti-roll bar"",""Illuminated entry"",""Rear Carpet Savers"",""Rear anti-roll bar""]}",34,"THIS VEHICLE IS BEING OFFERED FOR SALE PRIOR TO AUCTION IMPORTANT NOTICE<br>This vehicle does NOT meet retail standards and is being offered as a wholesale unit.<br>VEHICLE CONDITION<br>May have mechanical, electrical, structural, or cosmetic defects Known and unknown issues may exist<br>May not pass state inspection<br>Has NOT been reconditioned NO INSPECTION / BUYER RESPONSIBILITY<br>This vehicle has not been inspected by the dealership<br>Buyer is required to have the vehicle inspected by a third-party mechanic BEFORE purchase<br>Buyer assumes FULL responsibility for all repairs after delivery NO WARRANTY AS-IS SALE THIS VEHICLE IS SOLD 100% AS-IS<br>No warranty expressed or implied<br>No dealer guarantee<br>No return policy<br>No exchange FINAL SALE Buyer accepts this vehicle WITH ALL FAULTS and assumes all responsibility after delivery.<br><br>ALL SALES ARE FINAL.","[PREMIUM]",27,,,,,"[PREMIUM]"
"778685264","2026-05-25 21:07:03.872","2026-05-25 21:07:03.872","778685264","[PREMIUM]","615049",1998,"TOYOTA","Toyota","CAMRY","Camry","LE","SEDAN","Used","Used 1998 Toyota Camry LE",247553,"[PREMIUM]",,,"[PREMIUM]",0,0,"Cashmere Beige Metallic","BEIGE","Tan/Brown","UNAVAIL","4CLDR","4-Cylinder","2 wheel drive - front","AUT","4-Speed Automatic","Automatic","G","Gasoline","Gas",23,30,2.2,true,30,false,false,false,false,false,false,false,"PREMIUM",,"[PREMIUM]","[PREMIUM]","[PREMIUM]",,"[PREMIUM]",,,7080,4.6,1118,0,"[""NO_SALVAGE_TITLE"",""NO_FRAME_DAMAGE"",""NO_FLOOD_WATER_DAMAGE"",""ACCIDENTS_REPORTED"",""NO_ONE_OWNER""]","{""exterior"":[""Bodyside moldings"",""Bumpers: body-color"",""Power door mirrors""],""interior"":[""Air Conditioning"",""Driver door bin"",""Driver vanity mirror"",""Front Bucket Seats"",""Front Center Armrest w/Storage"",""Overhead console"",""Passenger door bin"",""Passenger vanity mirror"",""Power windows"",""Rear seat center armrest"",""Rear window defroster"",""Split folding rear seat"",""Tachometer"",""Tilt steering wheel"",""Variably intermittent wipers""],""safety"":[""ABS brakes"",""Dual front impact airbags""],""mechanical"":[""Four wheel independent suspension"",""Power steering"",""Speed-sensing steering""],""technology"":[""4 Speakers"",""AM/FM radio"",""Cassette"",""Speed control""],""other"":[""Front anti-roll bar"",""Rear anti-roll bar""]}",29,"1998 Toyota Camry LE***Leather Seats***Satellite Radio***FWD***2.2L I4 16V***Cashmere Beige Metallic***<br><br>Pre -Auction Vehicle. These are vehicles that are typically flawed in some way. They are typically higher mileage, older, lower-priced vehicles. They are generally vehicles that we would otherwise wholesale to a small dealer or independent lot. They fall outside of our Risk Free vehicle guidelines but we have found that our customers have requested that we make these vehicles available as 2nd cars, college cars, kid's cars or other basic transportation to the public for retail sale. Some general guidelines:<br><br>-basic oil change and safety inspection, we encourage you to have your own inspection done by a 3rd party if you so choose<br><br>-they are priced with consideration of condition and possible repairs needed<br><br>-they are sold without a warranty<br><br>-they are offered for a limited time only-3-4 weeks<br><br>-they are sold 100% AS-IS<br><br>-they are also sold with our best price on the windshield<br><br>While there is always some risk in purchasing these types of vehicles, we feel that there is also a great opportunity for you the consumer to get a great deal. Eide Chevrolet pre-owned vehicles come standard with one key. If we received more than one key from the previous owner, we include them. Additional keys, as well as dealer-installed accessories, may be purchased at the time of sale.","[PREMIUM]",33,,,,,"[PREMIUM]"
"780789066","2026-05-25 21:07:03.866","2026-05-25 21:07:03.866","780789066","[PREMIUM]","179553",1998,"DODGE","Dodge","DURANG","Durango","4WD","SUV","Used","Used 1998 Dodge Durango 4WD",125291,"[PREMIUM]",,,"[PREMIUM]",0,0,"Purple","PURPLE","Gray","GRAY","8CLDR","8-Cylinder","4 wheel drive","AUT","4-Speed Automatic","Automatic","G","Gasoline","Gas",13,17,5.2,true,6,false,true,false,false,false,false,false,"PREMIUM",,"[PREMIUM]","[PREMIUM]","[PREMIUM]",,"[PREMIUM]",,,6413,4.3,1011,0,"[""NO_SALVAGE_TITLE"",""NO_ACCIDENTS_REPORTED"",""NO_ONE_OWNER""]","{""interior"":[""Leather Seats"",""Tachometer: Tachometer""],""other"":[""12V power outlets: 1 12V power outlet"",""ABS Brakes: Rear wheel antilock (ABS) brakes"",""Air conditioning: Yes"",""Antenna: Fixed audio antenna"",""Armrests front center: Front seat center armrest"",""Armrests front storage: Front seat armrest storage"",""Basic warranty: 36 month/36 000 miles"",""Battery charge warning: Battery charge warning"",""Beverage holders: Front beverage holders"",""Body panels: Fully galvanized steel body panels"",""Brake type: Front disc and rear drum brakes"",""Bumpers front: Body-colored front bumper"",""Bumpers rear: Argent rear bumper"",""Cargo floor type: Carpet cargo area floor"",""Cargo light: Cargo area light"",""Cargo tie downs: Cargo area tie downs"",""Cassette: Cassette player"",""Climate control: Manual climate control"",""Clock: Digital clock"",""Concealed cargo storage: Cargo area concealed storage"",""Corrosion perforation warranty: 60 month/100 000 miles"",""Day/Night rearview mirror: Day/Night rearview mirror"",""Door handle material: Black door handles"",""Door locks: Manual door locks"",""Door mirror style: Black door mirrors"",""Door mirror type: Standard style side mirrors"",""Door mirrors: Power door mirrors"",""Door trim insert: Vinyl door trim insert"",""Driver seat direction: Driver seat with 4-way directional controls"",""Engine/electric motor temperature gauge: Engine/electric motor temperature gauge"",""First-row windows: Manual first-row windows"",""Floor coverage: Full floor coverage"",""Floor covering: Full carpet floor covering"",""Front head restraints: Fixed front seat head restraints"",""Front impact airbag driver: Driver front impact airbag"",""Front impact airbag passenger: Cancellable front passenger air bag"",""Front seat upholstery: Cloth front seat upholstery"",""Front seatback upholstery: Vinyl front seatback upholstery"",""Glove box: Locking glove box"",""Grille style: Chrome grille"",""Headlight type: Reflector headlights"",""Headlights on reminder: Headlights on reminder"",""Headlights: Halogen headlights"",""Headliner coverage: Full headliner coverage"",""Headliner material: Cloth headliner material"",""Height adjustable seatbelts: Front and rear height adjustable seatbelts"",""High mount stop light: High mounted center stop light"",""Instrumentation display: Analog instrumentation display"",""Key in vehicle warning: Key in vehicle warning"",""Low level warnings: Low level warning for fuel and washer fluid"",""Manual passenger seat controls: Passenger seat manual reclining and fore/aft control"",""Number of airbags: 2 airbags"",""Number of doors: 4 doors"",""Oil pressure gauge: Oil pressure gauge"",""Oil pressure warning: Oil pressure warning"",""Passenger doors rear left: Conventional left rear passenger door"",""Passenger doors rear right: Conventional right rear passenger door"",""Passenger seat direction: Front passenger seat with 4-way directional controls"",""Powertrain warranty: 36 month/36 000 miles"",""R>"",""Rear bumper step: Rear bumper step"",""Rear cargo door: Liftgate rear cargo door"",""Rear head restraints: Fixed rear head restraints"",""Rear seat direction: Front facing rear seat"",""Rear under seat ducts: Rear under seat climate control ducts"",""Rear window defroster: Rear window defroster"",""Rear window trim: Black rear window trim"",""Rear windshield wipers: Rear windshield wipers"",""Rear windshield: Fixed rear windshield"",""Roadside warranty: 36 month/36 000 miles"",""Roof rack: Full roof rack"",""Seatback storage pockets: 2 seatback storage pockets"",""Second-row windows: Manual second-row windows"",""Seek scan: Seek scan"",""Spare tire location: Spare tire mounted underneath the vehicle"",""Spare tire: Full-size spare tire with steel wheel"",""Speakers number: 4 speakers"",""Speakers: Standard grade speakers"",""Sport steering wheel: Sport steering wheel"",""Steering wheel material: Urethane steering wheel"",""Third-row windows: Fixed third-row windows"",""Tinted windows: Deep tinted windows"",""Trip odometer: Trip odometer"",""Trunk lid trim: Carpet trunk lid trim"",""Trunk warning: Rear cargo ajar warning""]}",87,"Fresh oil change. 3rd row seats. New AC compressor. Current emissions. Everything works perfectly. Clean!<br>- 4WD/AWD<br>- Air Conditioning<br>- Alloy Wheels<br>- AM/FM Stereo<br>- Automatic Transmission<br>- Cassette Player<br>- CD Audio<br>- Cruise Control<br>- Leather Seats<br>- Power Locks<br>- Power Mirrors<br>- Power Seat(s)<br>- Power Windows<br>- Rear Defroster<br>- Third Row Seat<br><br>Disclaimer: Prices do not include dealer handling of $499, government fees and taxes, any finance charges, any electronic filing charge and any emission testing charge. We update our website inventory frequently, but our inventory changes with recent sales. Mileage may change slightly due to test drives. We are not responsible for any errors or omissions on this page. Please feel free to call us before you visit.","[PREMIUM]",31,,,,,"[PREMIUM]"
"778234673","2026-05-25 21:07:03.849","2026-05-25 21:07:03.849","778234673","[PREMIUM]","WDBFA67F7WF162555",1998,"MB","Mercedes-Benz","SL500","SL 500",,"CONVERT","Used","Used 1998 Mercedes-Benz SL 500",144899,"[PREMIUM]",,,"[PREMIUM]",,,"White","WHITE","Tan","TAN","8CLDR","8-Cylinder","2 wheel drive - rear","AUT","5-Speed Automatic","Automatic","G","Gasoline","Gas",16,23,5,true,34,false,false,false,false,false,false,false,"PREMIUM",,"[PREMIUM]","[PREMIUM]","[PREMIUM]",,"[PREMIUM]",,,6802,4.7,169,,"[""NO_SALVAGE_TITLE"",""NO_ACCIDENTS_REPORTED"",""NO_ONE_OWNER""]","{""exterior"":[""Alloy Wheels""],""interior"":[""Air Conditioning"",""Dual Power Seats"",""Leather"",""Power Door Locks"",""Power Windows""],""safety"":[""ABS (4-Wheel)"",""Dual Air Bags"",""F&R Side Air Bags"",""Traction Control""],""mechanical"":[""Power Steering""],""technology"":[""AM/FM Stereo"",""Bose Premium Sound"",""Cassette"",""Cruise Control"",""Integrated Phone""],""other"":[""Sport Pkg"",""Telescoping Wheel""]}",18,"Beautiful 1998 Mercedes-Benz SL500 in white with tan interior. A timeless luxury roadster with strong mechanical history and extensive service records.<br><br>Key Highlights:<br><br>V8 engine  runs strong<br>Transmission replaced (documented)<br>Front tie rod ends replaced ( suspension work)<br>All 4 convertible top actuators replaced (big ticket repair done)<br>144,899 miles<br>Brand new tan soft top (recently replaced to match interior)<br>Removable hardtop INCLUDED + storage rack<br>Tinted windows<br>Well-maintained Georgia car<br><br>Condition:<br><br>Mechanically solid and well cared for<br>Interior shows wear and could use upholstery attention (reflected in price)<br><br>Extras:<br><br>Full service records included<br><br>Perfect for a weekend cruiser or a classic Mercedes enthusiast looking for a well-sorted car to enjoy.<br><br>Clean title. Ready to drive.","[PREMIUM]",11,,,,,"[PREMIUM]"
"779947089","2026-05-25 21:06:53.626","2026-05-25 21:06:53.626","779947089","[PREMIUM]","PMSS657A",1998,"FORD","Ford","TAURUS","Taurus","SE","SEDAN","Used","Used 1998 Ford Taurus SE",72151,"[PREMIUM]",,,"[PREMIUM]",0,0,"White","WHITE",,,"6CLDR","6-Cylinder","2 wheel drive - front","AUT","4-Speed Automatic","Automatic","G","Gasoline","Gas",19,28,3,false,16,false,false,false,false,false,false,false,"PREMIUM",,"[PREMIUM]","[PREMIUM]","[PREMIUM]",,"[PREMIUM]",,,6467,4,560,0,"[""NO_SALVAGE_TITLE"",""NO_ACCIDENTS_REPORTED"",""NO_ONE_OWNER""]","{""exterior"":[""Bodyside moldings"",""Bumpers: body-color"",""Power door mirrors""],""interior"":[""Air Conditioning"",""Driver vanity mirror"",""Front Center Armrest w/Storage"",""Passenger vanity mirror"",""Power windows"",""Rear seat center armrest"",""Rear window defroster"",""Split folding rear seat"",""Tachometer"",""Tilt steering wheel"",""Variably intermittent wipers""],""safety"":[""Dual front impact airbags"",""Panic alarm""],""mechanical"":[""Four wheel independent suspension"",""Power steering"",""Speed-sensing steering""],""technology"":[""6 Speakers"",""AM/FM radio"",""Cassette"",""Remote keyless entry"",""Speed control""],""other"":[""**LOCAL TRADE**"",""FUN"",""Front anti-roll bar"",""Illuminated entry"",""Our financing is EASY! We have an in-house financing department that will help get you APPROVED!"",""Rear anti-roll bar"",""We LOVE trades! We will trade for just about anything"",""We deliver nationwide due to our low prices! Ask us for more info!"",""We make buying your next vehicle FAST"",""and HASSLE-FREE!"",""and give you TOP DOLLAR!""]}",35,"**LOCAL TRADE**, Our financing is EASY! We have an in-house financing department that will help get you APPROVED!, We LOVE trades! We will trade for just about anything, and give you TOP DOLLAR!, We make buying your next vehicle FAST, FUN, and HASSLE-FREE!, We deliver nationwide due to our low prices! Ask us for more info!, 6 Speakers, Air Conditioning, AM/FM radio, Bodyside moldings, Bumpers: body-color, Cassette, Driver vanity mirror, Dual front impact airbags, Four wheel independent suspension, Front anti-roll bar, Front Center Armrest w/Storage, Illuminated entry, Panic alarm, Passenger vanity mirror, Power door mirrors, Power steering, Power windows, Rear anti-roll bar, Rear seat center armrest, Rear window defroster, Remote keyless entry, Speed control, Speed-sensing steering, Split folding rear seat, Tachometer, Tilt steering wheel, Variably intermittent wipers.<br><br><br>Save THOUSANDS! We have the absolute BEST prices, BEST selection, and BEST service anywhere! Get WARRANTY FOR LIFE at zero additional charge on any vehicle we have with under 75,000 miles on it when you take it home! WOW!! We make buying your next vehicle FAST, FUN, and HASSLE-FREE! Our Professional Sales Consultants are the friendliest anywhere! We have financing for everyone that is fast and EASY! We will get you the best rate available for ALL types of credit! We also have an in-house financing department for challenged credit! We LOVE trades, all trades no matter what it is! Did you know we ship nationwide??! Now customers coast to coast can take advantage of our low prices! Ask us for more details! *** Advertised Price does not include Market Adjustment or dealer added options. White 1998 Ford Taurus SE FWD 4-Speed Automatic 3.0L V6 24V<br><br><br>Come see your friends today at Patriot CDJR in McAlester, OK! Visit our online  today!","[PREMIUM]",3,,,,,"[PREMIUM]"
"779973741","2026-05-25 21:06:53.622","2026-05-25 21:06:53.622","779973741","[PREMIUM]","2S3TC02C3W6400888",1998,"SUZUKI","Suzuki","SIDE","Sidekick","JS","SUV","Used","Used 1998 Suzuki Sidekick JS",168692,"[PREMIUM]",,,"[PREMIUM]",,,"Burgundy","BURGUNDY","Charcoal","BLACK","4CLDR","4-Cylinder","2 wheel drive - rear",,,,"G","Gasoline","Gas",,,1.6,false,16,false,false,false,false,false,false,false,"PREMIUM",,"[PREMIUM]","[PREMIUM]","[PREMIUM]",,"[PREMIUM]",,,7057,4.3,94,,"[""NO_SALVAGE_TITLE"",""NO_ACCIDENTS_REPORTED"",""NO_ONE_OWNER""]","{""exterior"":[""Steel Wheels""],""interior"":[""Air Conditioning""],""safety"":[""ABS (4-Wheel)"",""Dual Air Bags""],""technology"":[""AM/FM Stereo"",""CD/MP3 (Single Disc)""]}",6,"My 1998 Suzuki Sidekick with 168,692 miles is in good condition. This convertible has a burgundy exterior with charcoal interior. It runs on a 1.6-liter 4-cylinder engine with automatic transmission and 2WD.<br><br>$4000.00 OBO<br><br>I have owned this vehicle since 2004.<br><br>Recent service done and many new parts!  Receipts provided for work done.<br><br>Will need a new top and tires soon.  <br><br>Does also have a bikini top that goes over the front seats.<br><br>Key features include:<br> Convertible top for open-air driving<br> Air conditioning - working but needs recharge.<br> AM/FM stereo with CD player<br> Dual airbags for safety<br> 4-wheel ABS braking system<br><br>This compact SUV offers a fun driving experience with the option to drop the top. Perfect for someone looking for an affordable convertible that's practical for everyday use. The automatic transmission makes it easy to drive around town.<br><br>Let me know if you have any questions or want to schedule a time to see this Sidekick.","[PREMIUM]",13,,,,,"[PREMIUM]"
"781142825","2026-05-25 21:06:53.615","2026-05-25 21:06:53.615","781142825","[PREMIUM]","4T3ZF13CXWU017183",1998,"TOYOTA","Toyota","SIENNA","Sienna","LE","VANS","Used","Used 1998 Toyota Sienna LE",241000,"[PREMIUM]",,,"[PREMIUM]",,,"Red","RED","Gray","GRAY","6CLDR","6-Cylinder","2 wheel drive - front","AUT","4-Speed Automatic","Automatic","G","Gasoline","Gas",18,24,3,true,2,false,true,false,false,false,false,false,"PREMIUM",,"[PREMIUM]","[PREMIUM]","[PREMIUM]",,"[PREMIUM]",,,7107,4.5,429,,"[""NO_SALVAGE_TITLE"",""ACCIDENTS_REPORTED"",""NO_ONE_OWNER""]","{""exterior"":[""Roof Rack"",""Steel Wheels""],""interior"":[""Air Conditioning"",""Leather"",""Power Door Locks"",""Power Windows"",""Tilt Wheel""],""safety"":[""ABS (4-Wheel)"",""Dual Air Bags""],""mechanical"":[""Power Steering""],""technology"":[""AM/FM Stereo"",""CD/MP3 (Single Disc)"",""Cruise Control""],""other"":[""Rear"",""Second Sliding Door""]}",15,"For sale: 1998 Toyota Sienna LE in red with a gray interior. 241,000 miles. In good condition.<br><br>- 3.0L V6 automatic engine with front-wheel drive, engine runs very smoothly<br>- 2 owners. We have driven it since 2007.<br>- Front and rear air conditioning  nice and cold<br>- 4-wheel ABS brakes<br>- Cruise control, power windows, and power door locks<br>- Single disc CD/MP3 player and cassette deck<br>- Manual adjust driver's seat and tilt steering wheel<br><br>It's 28 years old. Repairs/maintenance needed:<br>- Driver door latch<br>- Battery near end of life<br>- Oil change<br>- 2 front tires near end of life<br>","[PREMIUM]",17,,,,,"[PREMIUM]"
"781239547","2026-05-25 21:06:23.425","2026-05-25 21:06:23.425","781239547","[PREMIUM]","4JGAB54E7WA035540",1998,"MB","Mercedes-Benz","ML320","ML 320","4MATIC","SUV","Used","Used 1998 Mercedes-Benz ML 320 4MATIC",85720,"[PREMIUM]",,,"[PREMIUM]",,,"Black","BLACK","Tan","TAN","6CLDR","6-Cylinder","4 wheel drive","AUT","5-Speed Automatic","Automatic","G","Gasoline","Gas",17,21,3.2,true,2,false,true,false,false,false,false,false,"PREMIUM",,"[PREMIUM]","[PREMIUM]","[PREMIUM]",,"[PREMIUM]",,,6806,4.1,422,,"[""NO_SALVAGE_TITLE"",""NO_ACCIDENTS_REPORTED"",""NO_ONE_OWNER""]","{""exterior"":[""Alloy Wheels"",""Roof Rack""],""interior"":[""Air Conditioning"",""Leather"",""Moon Roof"",""Power Door Locks"",""Power Windows"",""Tilt Wheel""],""safety"":[""ABS (4-Wheel)"",""Dual Air Bags"",""Side Air Bags"",""Traction Control""],""mechanical"":[""Power Steering"",""Towing Pkg""],""technology"":[""AM/FM Stereo"",""Cassette"",""Cruise Control""]}",17,"85k miles Engine's great, drives straight, needs 3 power window motors and the paint job.","[PREMIUM]",10,,,,,"[PREMIUM]"
"778337088","2026-05-25 21:06:03.277","2026-05-25 21:06:03.277","778337088","[PREMIUM]","193367",1988,"JEEP","Jeep","GRWAG","Grand Wagoneer",,"SUV","Used","Used 1988 Jeep Grand Wagoneer",90000,"[PREMIUM]",,,"[PREMIUM]",0,0,"White","WHITE","Tan","TAN","8CLDR","8-Cylinder","4 wheel drive","AUT","3-Speed Automatic","Automatic","G","Gasoline","Gas",,,5.9,false,33,false,false,false,false,false,false,false,"FEATURED",,"[PREMIUM]","[PREMIUM]","[PREMIUM]",,"[PREMIUM]",,,,0,0,0,"[""SALVAGE_TITLE"",""NO_ONE_OWNER""]",,,"Wagoneer restoration project. Low miles. Rare sunroof option. No rust. Great driver project.. Wagoneer restoration project. Low miles. Rare sunroof option. No rust. Great driver project..","[PREMIUM]",1,,,,,"[PREMIUM]"
"781224384","2026-05-25 21:06:03.272","2026-05-25 21:06:03.272","781224384","[PREMIUM]","1FMRU18W2WLC38364",1998,"FORD","Ford","EXPEDI","Expedition","4WD","SUV","Used","Used 1998 Ford Expedition 4WD",183663,"[PREMIUM]",,,"[PREMIUM]",,,"Red","RED","Tan","TAN","8CLDR","8-Cylinder","4 wheel drive","AUT","4-Speed Automatic","Automatic","G","Gasoline","Gas",13,18,4.6,true,2,false,true,false,false,false,false,false,"PREMIUM",,"[PREMIUM]","[PREMIUM]","[PREMIUM]",,"[PREMIUM]",,,6481,4.5,832,,"[""NO_SALVAGE_TITLE"",""NO_ACCIDENTS_REPORTED"",""ONE_OWNER""]","{""exterior"":[""Alloy Wheels"",""Oversized Premium Wheels 20\""+"",""Roof Rack"",""Running Boards""],""interior"":[""Air Conditioning"",""Leather"",""Power Door Locks"",""Power Seat"",""Power Windows"",""Third Row Seat"",""Tilt Wheel""],""safety"":[""ABS (4-Wheel)"",""Dual Air Bags""],""mechanical"":[""Power Steering""],""technology"":[""AM/FM Stereo"",""Cassette"",""Cruise Control""],""other"":[""Eddie Bauer"",""Grille Guard"",""Rear""]}",20,"1998 Ford Expedition, 4.6L, 4WD, Eddie Bauer trim, leather seats, 3rd row seat, front hood shield, runs like new, all oil changes with synthetic oil. 183,600 miles, original owner. Complete coverage with WeatherTech floor mats. Almost new tires (40,000+ miles remaining). AC runs and easily passes smog check.","[PREMIUM]",8,,,,,"[PREMIUM]"
"779185329","2026-05-25 21:05:53.114","2026-05-25 21:05:53.114","779185329","[PREMIUM]","D963659A",1993,"MERC","Mercury","SABLE","Sable","GS","WAGON","Used","Used 1993 Mercury Sable GS",93683,"[PREMIUM]",,,"[PREMIUM]",0,0,"White","WHITE","Gray","GRAY","6CLDR","6-Cylinder","2 wheel drive - front","AUT","4-Speed Automatic","Automatic","G","Gasoline","Gas",,,3.8,false,24,false,false,false,false,false,false,false,"FEATURED",,"[PREMIUM]","[PREMIUM]","[PREMIUM]",,"[PREMIUM]",,,10840,3.9,72,0,"[""NO_SALVAGE_TITLE"",""NO_ACCIDENTS_REPORTED"",""NO_ONE_OWNER""]","{""exterior"":[""Bodyside moldings"",""Bumpers: body-color"",""Power door mirrors"",""Roof rack""],""interior"":[""Air Conditioning"",""Driver vanity mirror"",""Front Center Armrest"",""Passenger vanity mirror"",""Split folding rear seat"",""Tachometer""],""safety"":[""Dual front impact airbags""],""technology"":[""4 Speakers"",""AM/FM radio"",""Cassette""],""other"":[""Inspected and reconditioned"",""Local trade in"",""Service records available""]}",17,"4 Speakers, Air Conditioning, AM/FM radio, Bodyside moldings, Bumpers: body-color, Cassette, Driver vanity mirror, Dual front impact airbags, Front Center Armrest, Passenger vanity mirror, Power door mirrors, Roof rack, Split folding rear seat, Tachometer.<br><br><br>White 1993 Mercury Sable GS 4-Speed Automatic 3.0L V6 SMPI 12V OHV","[PREMIUM]",1,,,,,"[PREMIUM]"
"778870216","2026-05-25 21:05:42.963","2026-05-25 21:05:42.963","778870216","[PREMIUM]","51387716",1993,"MB","Mercedes-Benz","190E","190 E","2.3","SEDAN","Used","Used 1993 Mercedes-Benz 190 E 2.3",143997,"[PREMIUM]",,,"[PREMIUM]",,,"Gold","GOLD","Black","BLACK","4CLDR","4-Cylinder","2 wheel drive - rear",,,,"G","Gasoline","Gas",,,2.3,false,27,false,false,false,false,false,false,false,"STANDARD",,"[PREMIUM]","[PREMIUM]","[PREMIUM]",,"[PREMIUM]",,,,0,0,0,"[""NO_SALVAGE_TITLE"",""ACCIDENTS_REPORTED"",""NO_ONE_OWNER""]",,,"This 1993 Mercedes-Benz 190 e 2.3 is located in California - Antelope and comes with a Clean Title. This vehicle is already competitively priced compared to similar listings on Autotrader. However, the price shown here is a Buy It Now option, which allows you to secure the vehicle immediately without waiting for the auction. If you are open to participating in the auction, you may have the opportunity to purchase this vehicle for less through bidding. NO DEALER LICENSE REQUIRED! Our inventory comes directly from auto auctions, giving you access to pricing that is a lot lower than traditional dealership listings. All purchases are completed through our website, where you can view full details, current bids, and auction activity. Register for free at https://www.salvagereseller.com to explore your options and potentially secure a better price.","[PREMIUM]",5,,,,,"[PREMIUM]"
"778870402","2026-05-25 21:05:32.820","2026-05-25 21:05:32.820","778870402","[PREMIUM]","50524306",1993,"CHEV","Chevrolet","CHEV150","Silverado 1500","2WD Extended Cab","TRUCKS","Used","Used 1993 Chevrolet Silverado 1500 2WD Extended Cab",252382,"[PREMIUM]",,,"[PREMIUM]",0,0,"Brown","BROWN","Black","BLACK","8CLDR","8-Cylinder","2 wheel drive - rear","MAN","5-Speed Manual","Manual","G","Gasoline","Gas",,,5.7,false,27,false,false,false,false,false,false,false,"STANDARD",,"[PREMIUM]","[PREMIUM]","[PREMIUM]",,"[PREMIUM]",,,10060,4.5,1683,0,"[""NO_SALVAGE_TITLE"",""ACCIDENTS_REPORTED"",""NO_ONE_OWNER""]",,,"This 1993 Chevrolet Gmt-400 C1500 is located in Arizona - Tucson and comes with a Clean Title. This vehicle is already competitively priced compared to similar listings on Autotrader. However, the price shown here is a Buy It Now option, which allows you to secure the vehicle immediately without waiting for the auction. If you are open to participating in the auction, you may have the opportunity to purchase this vehicle for less through bidding. NO DEALER LICENSE REQUIRED! Our inventory comes directly from auto auctions, giving you access to pricing that is a lot lower than traditional dealership listings. All purchases are completed through our website, where you can view full details, current bids, and auction activity. Register for free at https://www.salvagereseller.com to explore your options and potentially secure a better price.","[PREMIUM]",5,,,,,"[PREMIUM]"
"776596873","2026-05-25 21:05:12.694","2026-05-25 21:05:12.694","776596873","[PREMIUM]","221274",1993,"PONT","Pontiac","FBIRD","Firebird","Coupe","COUPE","Used","Used 1993 Pontiac Firebird Coupe",94359,"[PREMIUM]",,,"[PREMIUM]",0,0,"Red","RED","Black","BLACK","6CLDR","6-Cylinder","2 wheel drive - rear",,,,"G","Gasoline","Gas",,,3.4,false,53,false,false,false,false,false,false,false,"STANDARD",,"[PREMIUM]","[PREMIUM]","[PREMIUM]",,"[PREMIUM]",,,11074,4.6,167,0,"[""NO_SALVAGE_TITLE"",""NO_ACCIDENTS_REPORTED"",""ONE_OWNER""]","{""exterior"":[""Body-color one-piece resilient endura front panel/bumper"",""Center high-mounted stop lamp"",""Dent/ding/rust resistant composite body panels"",""Endura rear bumper"",""High-pressure compact spare tire (T125/70D15) mounted on 15\""\"" x 4\""\"" steel wheel"",""Pwr upper vent system""],""interior"":[""4-spoke sport tilt steering wheel"",""Black-finished door handles/key lock cyls"",""Cargo area carpeting"",""Cloth headliner w/foam backing"",""Cut-pile carpeting"",""Dual covered visor vanity mirrors"",""Folding rear seat"",""Full length front console integral w/instrument panel"",""Side window defoggers""],""safety"":[""Front/rear manual lap/shoulder safety belts""],""mechanical"":[""3.23 rear axle ratio"",""Pwr rack & pinion steering"",""Rear wheel drive"",""Short/long arm front suspension"",""Torque arm/track bar rear suspension""],""technology"":[""Black finished stationary antenna"",""High-energy radio-interference-suppression ignition""],""other"":[""1-piece multi-colored tail lamp lens w/amber turn signal lens"",""15.5 gallon fuel tank"",""2-way manual adjustable passenger seat"",""Aero rear deck spoiler"",""Back-up lights"",""Basecoat/clearcoat paint"",""Cigar lighter"",""Composite doors/fenders/fascia"",""Day/night rearview mirror w/reading lamps"",""Delco Freedom II battery"",""Driver/passenger side Supplemental Inflatable Restraint System (SIR)"",""Dual horns"",""EZ-Kool solar-controlled tinted glass"",""Elect concealed rectangular quartz halogen headlamps"",""Energy-absorbing steering column/instrument panel/front seat back tops"",""Front air dam"",""GM computer command control"",""Gas-charged deCarbon monotube shocks"",""Gauges-inc: 115 MPH speedometer- tachometer- trip odometer"",""Glovebox w/lock/light"",""Hi-Tech 16\""\"" x 7.5\""\"" machine-faced aluminum wheels w/gray ports"",""Hood louvers"",""Inside hood release"",""Low oil level monitor & warning"",""Multi-function control lever-inc: intermittent wiper control"",""Passenger-guard door locks"",""Remote hatch release"",""Ride & handling suspension"",""Safety glass-inc: laminated windshield- tempered side/rear windows"",""Safety interlocking door latches"",""Self-adjusting parking brake"",""Stainless steel exhaust system w/polished tips"",""Tone generator warning-inc: safety belts/headlamp-on/key-in ignition"",""Wraparound tinted liftback glass w/strut supports""]}",57,"Visit Auto Gallery of Chicago to shop our great deals. You can call   to schedule your test drive today.","[PREMIUM]",5,,,,,"[PREMIUM]"
"778136847","2026-05-25 21:04:52.509","2026-05-25 21:04:52.509","778136847","[PREMIUM]","ut1811",1993,"CHEV","Chevrolet","CHEVSUB","Suburban","4WD","SUV","Used","Used 1993 Chevrolet Suburban 4WD",234875,"[PREMIUM]",,,"[PREMIUM]",0,0,"Red/Silver","RED","Red","RED","8CLDR","8-Cylinder","4 wheel drive","AUT","4-Speed Automatic","Automatic","G","Gasoline","Gas",,,5.7,false,35,false,false,false,false,false,false,false,"PREMIUM",,"[PREMIUM]","[PREMIUM]","[PREMIUM]",,"[PREMIUM]",,,10173,4.6,463,0,"[""NO_SALVAGE_TITLE"",""ACCIDENTS_REPORTED"",""NO_ONE_OWNER""]","{""exterior"":[""Front Bumper Color - Chrome"",""Rear Bumper Color - Chrome"",""Wheels - Steel""],""interior"":[""Front Seat Type - Bench"",""Tinted Glass"",""Upholstery - Vinyl""],""safety"":[""Abs - 4-Wheel""],""mechanical"":[""Power Brakes"",""Power Steering""],""technology"":[""Radio - Am""],""other"":[""Front Wipers - Intermittent"",""Wheel Diameter - 15 Inch""]}",12,"great running local trade!! loaded,p.seat,alloy wheels with deep aggressive rubber,two tone paint,3rd row seat,tr tow package and more....great hunting /work truck with lots of room....clean title and spare keys with zero extra fees!! priced to sell!! call/text sales at  .","[PREMIUM]",17,,,,,"[PREMIUM]"
"777607794","2026-05-25 21:04:52.501","2026-05-25 21:04:52.501","777607794","[PREMIUM]","024401",1993,"MIT","Mitsubishi","3000GT","3000GT","SL","COUPE","Used","Used 1993 Mitsubishi 3000GT SL",293217,"[PREMIUM]",,,"[PREMIUM]",0,0,"White","WHITE","Black","BLACK","6CLDR","6-Cylinder","2 wheel drive - front",,,,"G","Gasoline","Gas",,,3,false,41,false,false,false,false,false,false,false,"FEATURED",,"[PREMIUM]","[PREMIUM]","[PREMIUM]",,"[PREMIUM]",,,10863,4.6,92,0,"[""NO_SALVAGE_TITLE"",""NO_ACCIDENTS_REPORTED"",""NO_ONE_OWNER""]","{""interior"":[""Air Conditioning"",""Power Locks"",""Power Windows"",""Tilt Wheel""],""safety"":[""All Wheel ABS"",""Driver Front Air Bag""],""mechanical"":[""Power Steering""],""technology"":[""AM/FM CD"",""AM/FM Cassette""],""other"":[""Passenger Active Belts""]}",10,"RARE RARE RARE<br>MANUAL<br><br>2 OWNER<br>ZERO ACCIDENTS<br><br>CLEAN CARFAX<br><br>STRONG MOTOR AND TRANSMISSION<br>COLD AC<br><br>OIL CHANGE DONE RECENTLY<br>","[PREMIUM]",21,,,,,"[PREMIUM]"
"779558760","2026-05-25 21:04:52.500","2026-05-25 21:04:52.500","779558760","[PREMIUM]","51680536",1993,"CAD","Cadillac","ELDO","Eldorado",,"COUPE","Used","Used 1993 Cadillac Eldorado",83824,"[PREMIUM]",,,"[PREMIUM]",,,"Blue","BLUE","Black","BLACK","8CLDR","8-Cylinder","2 wheel drive - front","AUT","4-Speed Automatic","Automatic","G","Gasoline","Gas",,,4.9,false,20,false,false,false,false,false,false,false,"FEATURED",,"[PREMIUM]","[PREMIUM]","[PREMIUM]",,"[PREMIUM]",,,,0,0,0,"[""NO_SALVAGE_TITLE"",""NO_ACCIDENTS_REPORTED"",""NO_ONE_OWNER""]",,,"This 1993 Cadillac Eldorado Touring is located in Arizona - Tucson and comes with a Clean Title. This vehicle is already competitively priced compared to similar listings on Autotrader. However, the price shown here is a Buy It Now option, which allows you to secure the vehicle immediately without waiting for the auction. If you are open to participating in the auction, you may have the opportunity to purchase this vehicle for less through bidding. NO DEALER LICENSE REQUIRED! Our inventory comes directly from auto auctions, giving you access to pricing that is a lot lower than traditional dealership listings. All purchases are completed through our website, where you can view full details, current bids, and auction activity. Register for free at https://www.salvagereseller.com to explore your options and potentially secure a better price.","[PREMIUM]",16,,,,,"[PREMIUM]"
"778103776","2026-05-25 21:04:52.499","2026-05-25 21:04:52.499","778103776","[PREMIUM]","PC659181",1993,"JEEP","Jeep","JEEPGRAND","Grand Cherokee","Limited","SUV","Used","Used 1993 Jeep Grand Cherokee Limited",221266,"[PREMIUM]",,,"[PREMIUM]",0,0,,,,,"6CLDR","6-Cylinder","4 wheel drive","AUT","4-Speed Automatic","Automatic","G","Gasoline","Gas",,,4,true,36,false,false,true,false,false,false,false,"FEATURED",,"[PREMIUM]","[PREMIUM]","[PREMIUM]",,"[PREMIUM]",,,10701,4.4,934,1,"[""NO_SALVAGE_TITLE"",""ACCIDENTS_REPORTED"",""NO_ONE_OWNER""]","{""exterior"":[""Alloy Wheels"",""Roof Rack""],""interior"":[""Air Conditioning"",""Dual Power Seats"",""Power Door Locks"",""Power Windows"",""Tilt Wheel""],""safety"":[""ABS (4-Wheel)""],""mechanical"":[""Automatic"",""Power Steering""],""technology"":[""AM/FM Stereo"",""Cassette"",""Cruise Control""],""other"":[""6-Cyl 4.0 Liter (Ltd)"",""CS1061""]}",15,"This vehicle may qualify for our ALL NEW Guaranteed Credit Approval program! All credit 100% approved (terms vary)!!!<br>We have finance options for both good and bad credit. Apply here:<br><br>www.discountautosaleslhc.com/apply-online<br><br>All of our vehicles come with a 3 month warranty (certain exceptions may apply) and we have no hidden dealer fees!!<br>Call Or Come See Us on the South Side of Lake Havasu Today!<br><br>Discount Auto Sales - 3189 Maricopa Ave, Lake Havasu City, AZ 86406 (next to Dairy Queen)<br> (DEAL)","[PREMIUM]",9,,,,,"[PREMIUM]"
"778364182","2026-05-25 21:04:42.324","2026-05-25 21:04:42.324","778364182","[PREMIUM]","PNA11929",1993,"FORD","Ford","F350","F350","2WD Regular Cab","TRUCKS","Used","Used 1993 Ford F350 2WD Regular Cab",160001,"[PREMIUM]",,,"[PREMIUM]",0,0,"White","WHITE","Gray","GRAY","8CLDR","8-Cylinder","2 wheel drive - rear",,,,"G","Gasoline","Gas",,,5.8,false,33,false,false,false,false,false,false,false,"PREMIUM",,"[PREMIUM]","[PREMIUM]","[PREMIUM]",,"[PREMIUM]",,,,0,0,0,"[""NO_SALVAGE_TITLE"",""NO_ACCIDENTS_REPORTED"",""NO_ONE_OWNER""]","{""exterior"":[""Bumpers: chrome""],""interior"":[""Voltmeter""],""safety"":[""ABS brakes""],""mechanical"":[""Power steering""],""technology"":[""AM/FM radio""],""other"":[""All books & keys (when applicable)""]}",6,"Priced below KBB Fair Purchase Price! Clean CARFAX. All books &amp; keys (when applicable).<br>1993 Ford F-350 Custom White 5.8L V8 EFI RWD<br><br><br>** Let Ford of Kendall be your #1 choice for your next Pre-owned vehicle. At Ford of Kendall we take pride in everything we do and strive to not only to be the best Florida dealership but to be the best in the nation. CARFAX-Certified, Trades welcomed, Financing Available. All Pre-owned vehicles are offered with 162-point inspection, and CARFAX vehicle report. Before you sell your trade let one of our Sales consultants offer you the most for your car without the hassle. And whether you are looking for a Lincoln, Honda, Mercedes-Benz, Toyota, Ford, Hyundai, Lexus or BMW, we will have what you want and if we don't, we will find it for you. Call us today! Call or see dealer for details. Valid only to internet customers who provide printed offer. Not valid in conjunction with any other offer. Price is subject to change without notice.**","[PREMIUM]",22,,,,,"[PREMIUM]"
"779585487","2026-05-25 21:04:42.309","2026-05-25 21:04:42.309","779585487","[PREMIUM]","60534",1993,"BUICK","Buick","PARK","Park Avenue",,"SEDAN","Used","Used 1993 Buick Park Avenue",146798,"[PREMIUM]",,,"[PREMIUM]",0,0,"Red","RED",,,"6CLDR","6-Cylinder","2 wheel drive - front","AUT","4-Speed Automatic","Automatic","G","Gasoline","Gas",,,3.8,false,19,false,false,false,false,false,false,false,"PREMIUM",,"[PREMIUM]","[PREMIUM]","[PREMIUM]",,"[PREMIUM]",,,9951,4.4,149,0,"[""NO_SALVAGE_TITLE"",""ACCIDENTS_REPORTED"",""ONE_OWNER""]","{""exterior"":[""Alloy wheels"",""Bodyside moldings"",""Pin stripe"",""Power door mirrors""],""interior"":[""Air Conditioning"",""Front Center Armrest w/Storage"",""Front reading lights"",""Overhead console"",""Passenger vanity mirror"",""Power driver seat"",""Power windows"",""Rear reading lights"",""Rear seat center armrest"",""Rear window defroster"",""Tilt steering wheel"",""Variably intermittent wipers""],""safety"":[""ABS brakes""],""mechanical"":[""Auto-leveling suspension"",""Power steering""],""technology"":[""4 Speakers"",""AM/FM radio"",""Cassette"",""Speed control""]}",23,"1993 Buick Park Avenue Red FWD 4-Speed Automatic 3.8L V6 SMPI 12V","[PREMIUM]",28,,,,,"[PREMIUM]"
"780080161","2026-05-25 21:04:42.299","2026-05-25 21:04:42.299","780080161","[PREMIUM]","77106051",1993,"DODGE","Dodge","DAKOTA","Dakota","2WD Club Cab","TRUCKS","Used","Used 1993 Dodge Dakota 2WD Club Cab",201225,"[PREMIUM]",,,"[PREMIUM]",0,0,"Black","BLACK","Olive","UNAVAIL","6CLDR","6-Cylinder","2 wheel drive - rear",,,,"G","Gasoline","Gas",,,3.9,false,14,false,false,false,false,false,false,false,"PREMIUM",,"[PREMIUM]","[PREMIUM]","[PREMIUM]",,"[PREMIUM]",,,10274,4.4,362,0,"[""NO_SALVAGE_TITLE"",""ACCIDENTS_REPORTED"",""NO_ONE_OWNER""]","{""interior"":[""Front Center Armrest"",""Split folding rear seat"",""Voltmeter""],""safety"":[""ABS brakes""],""technology"":[""2 Speakers"",""AM/FM radio""],""other"":[""Front anti-roll bar""]}",7,"Get ready for the road ahead with this dependable pre-owned vehicle, newly arrived at Corwin Public Wholesale! Perfect for winter adventures, daily commuting, or weekend getaways. Located at 217 38th St S, Fargo.<br><br><br>Black 1993 Dodge Dakota Club Cab RWD 2.5L I4 8V www.corwinwholesale.com , Family Driven for over 100 Years! Excellent selection of Used Vehicles!","[PREMIUM]",27,,,,,"[PREMIUM]"
"781283106","2026-05-25 21:04:12.240","2026-05-25 21:04:12.240","781283106","[PREMIUM]","804381",2019,"HYUND","Hyundai","SONATA","Sonata","SE","SEDAN","Used","Used 2019 Hyundai Sonata SE w/ Cargo Package",89733,"[PREMIUM]",,,"[PREMIUM]",9560,10910,"Quartz White Pearl","WHITE","Beige","BEIGE","4CLDR","4-Cylinder","2 wheel drive - front","AUT","6-Speed Automatic","Automatic","G","Gasoline","Gas",26,35,2.4,false,1,false,true,false,false,false,false,false,"STANDARD",,"[PREMIUM]","[PREMIUM]","[PREMIUM]",,"[PREMIUM]",,,438155,4.2,214,1,"[""SALVAGE_TITLE"",""ACCIDENTS_REPORTED"",""NO_ONE_OWNER""]","{""interior"":[""Cargo Net"",""Carpeted Floor Mats"",""Reversible Cargo Tray"",""Trunk Hook"",""Yes Essentials Premium Cloth Seating Surfaces""],""other"":[""Beige"",""Cargo Package"",""Mud Guards"",""Option Group 01"",""Quartz White Pearl"",""Safety Package""]}",11,,"[PREMIUM]",5,,,,,"[PREMIUM]"
"778752255","2026-05-25 21:04:12.108","2026-05-25 21:04:12.108","778752255","[PREMIUM]","1G4BN5372PR417735",1993,"BUICK","Buick","BUICKROAD","Roadmaster","Sedan","SEDAN","Used","Used 1993 Buick Roadmaster Sedan",89166,"[PREMIUM]",,,"[PREMIUM]",,,"Burgundy","BURGUNDY","Burgundy","BURGUNDY","8CLDR","8-Cylinder","2 wheel drive - rear","AUT","4-Speed Automatic","Automatic","G","Gasoline","Gas",,,5.7,false,28,false,false,false,false,false,false,false,"PREMIUM",,"[PREMIUM]","[PREMIUM]","[PREMIUM]",,"[PREMIUM]",,,9962,4.8,139,,"[""NO_SALVAGE_TITLE"",""NO_ACCIDENTS_REPORTED"",""NO_ONE_OWNER""]","{""exterior"":[""Premium Wheels""],""interior"":[""Air Conditioning"",""Power Door Locks"",""Power Windows""],""mechanical"":[""Power Steering""],""technology"":[""AM/FM Stereo""]}",6,"1993 Buick Roadmaster Limited. 4 Door Sedan. 5.7L V8 Engine. Automatic Transmission, RWD. 1 Owner. Well, maintained.","[PREMIUM]",18,,,,,"[PREMIUM]"
"780656651","2026-05-25 21:04:12.105","2026-05-25 21:04:12.105","780656651","[PREMIUM]","1J4GZ58S9PC104657",1993,"JEEP","Jeep","JEEPGRAND","Grand Cherokee","Laredo","SUV","Used","Used 1993 Jeep Grand Cherokee Laredo",260000,"[PREMIUM]",,,"[PREMIUM]",,,"Red","RED","Tan","TAN","6CLDR","6-Cylinder","4 wheel drive",,,,"G","Gasoline","Gas",,,4,false,8,false,false,false,false,false,false,false,"PREMIUM",,"[PREMIUM]","[PREMIUM]","[PREMIUM]",,"[PREMIUM]",,,10692,4.4,934,,"[""NO_SALVAGE_TITLE"",""NO_ACCIDENTS_REPORTED"",""NO_ONE_OWNER""]","{""exterior"":[""Alloy Wheels"",""Oversize Off-Road Tires"",""Roof Rack""],""interior"":[""Air Conditioning"",""Power Door Locks"",""Power Windows"",""Tilt Wheel""],""safety"":[""ABS (4-Wheel)""],""mechanical"":[""Power Steering""],""technology"":[""Cruise Control""]}",10,"PROJECT CAR<br>NOT REGISTERED<br>MUST BE TOWED<br><br>Was my project car, and Has a lot of love put into it. hardly used 1-ton steering, newer suspension, axels, tires, lifted, brand new radio in box needing install.<br><br>Transmission went out, and I never took it in afterwards. I just got married and need to part ways with it","[PREMIUM]",8,,,,,"[PREMIUM]"
"778459141","2026-05-25 21:04:12.099","2026-05-25 21:04:12.099","778459141","[PREMIUM]","1G1JC5449P7151757",1993,"CHEV","Chevrolet","CAV","Cavalier","Sedan","SEDAN","Used","Used 1993 Chevrolet Cavalier Sedan",178000,"[PREMIUM]",,,"[PREMIUM]",,,"White","WHITE","Blue","BLUE","4CLDR","4-Cylinder","2 wheel drive - front",,,,"G","Gasoline","Gas",,,2.2,false,32,false,false,false,false,false,false,false,"PREMIUM",,"[PREMIUM]","[PREMIUM]","[PREMIUM]",,"[PREMIUM]",,,,0,0,,"[""NO_SALVAGE_TITLE"",""NO_ACCIDENTS_REPORTED"",""ONE_OWNER""]","{""exterior"":[""Alloy Wheels""],""interior"":[""Air Conditioning"",""Power Door Locks"",""Tilt Wheel""],""mechanical"":[""Power Steering""],""technology"":[""AM/FM Stereo""]}",6,"Runs good excellent gas mileage no leaks 1 owner no dents no accidents","[PREMIUM]",4,,,,,"[PREMIUM]"
"781019907","2026-05-25 21:04:12.092","2026-05-25 21:04:12.092","781019907","[PREMIUM]","CRd-321928",2019,"KIA","Kia","OPTIMA","Optima","S","SEDAN","Used","Used 2019 Kia Optima S",149475,"[PREMIUM]",,,"[PREMIUM]",8280,9680,"Grey","GRAY","Black","BLACK","4CLDR","4-Cylinder","2 wheel drive - front","AUT","6-Speed Automatic","Automatic","G","Gasoline","Gas",24,33,2.4,false,4,false,true,false,false,false,false,false,"STANDARD",,"[PREMIUM]","[PREMIUM]","[PREMIUM]",,"[PREMIUM]",,,438254,4,92,1,"[""SALVAGE_TITLE"",""ACCIDENTS_REPORTED"",""NO_ONE_OWNER""]","{""exterior"":[""Alloy Wheels"",""Fog Lights"",""Rear Spoiler""],""interior"":[""Air Conditioning"",""Power Door Locks"",""Power Seat"",""Power Windows"",""Push Button Start""],""safety"":[""ABS (4-Wheel)"",""Alarm System"",""Blind-Spot Collision Warning"",""Daytime Running Lights"",""Dual Air Bags"",""Electronic Stability Control"",""F&R Head Curtain Air Bags"",""Knee Air Bags"",""Lane Departure Warning System"",""Side Air Bags"",""Traction Control""],""mechanical"":[""4-Cyl 2.4 Liter"",""Automatic 6-Spd w/H-Matic"",""FWD""],""technology"":[""AM/FM Stereo"",""Backup Camera"",""Bluetooth Wireless"",""CD/MP3 (Single Disc)"",""Cruise Control"",""Hill Start Assist Control"",""Keyless Entry"",""Park Assist"",""SiriusXM Satellite""],""other"":[""Tilt & Telescoping Wheel""]}",32,,"[PREMIUM]",5,,,,,"[PREMIUM]"
"780087450","2026-05-25 21:04:01.933","2026-05-25 21:04:01.933","780087450","[PREMIUM]","52199756",2019,"FIAT","FIAT","FIAT124SPI","124 Spider","Lusso","CONVERT","Used","Used 2019 FIAT 124 Spider Lusso",123133,"[PREMIUM]",,,"[PREMIUM]",10870,12270,"Charcoal","CHARCOAL","Black","BLACK","4CLDR","4-Cylinder Turbo","2 wheel drive - rear","AUT","6-Speed Automatic","Automatic","G","Gasoline","Gas",,,1.4,true,14,false,false,false,false,false,false,false,"STANDARD",,"[PREMIUM]","[PREMIUM]","[PREMIUM]",,"[PREMIUM]",,,436912,4.9,41,1,"[""NO_SALVAGE_TITLE"",""ACCIDENTS_REPORTED"",""NO_ONE_OWNER""]","{""exterior"":[""Heated mirrors""],""interior"":[""Air conditioning"",""Steering wheel controls""],""safety"":[""Anti-lock brakes"",""Blind spot monitor"",""Brake assist"",""Child seat anchors"",""Lane departure warning""],""mechanical"":[""Power steering""],""technology"":[""Backup camera"",""Bluetooth hands-free"",""CD player"",""Cruise control"",""Keyless entry"",""Keyless start"",""Satellite radio"",""Touchscreen"",""USB input""],""other"":[""Android Auto"",""Apple CarPlay"",""Premium audio"",""Tire pressure system""]}",22,"This 2019 Fiat 124 Spider Classica is located in Arizona - Tucson and comes with a Clean Title. This vehicle is already competitively priced compared to similar listings on Autotrader. However, the price shown here is a Buy It Now option, which allows you to secure the vehicle immediately without waiting for the auction. If you are open to participating in the auction, you may have the opportunity to purchase this vehicle for less through bidding. NO DEALER LICENSE REQUIRED! Our inventory comes directly from auto auctions, giving you access to pricing that is a lot lower than traditional dealership listings. All purchases are completed through our website, where you can view full details, current bids, and auction activity. Register for free at https://www.salvagereseller.com to explore your options and potentially secure a better price.","[PREMIUM]",5,,,,,"[PREMIUM]"
"779793370","2026-05-25 21:04:01.923","2026-05-25 21:04:01.923","779793370","[PREMIUM]","51424806",2019,"SUB","Subaru","SUBASCENT","Ascent","Limited","SUV","Used","Used 2019 Subaru Ascent Limited",175106,"[PREMIUM]",,,"[PREMIUM]",,,"Blue","BLUE","Black","BLACK","4CLDR","4-Cylinder Turbo","All wheel drive","AUT","Continuously Variable Automatic","Automatic","G","Gasoline","Gas",20,26,2.4,true,18,false,false,false,false,false,false,false,"STANDARD",,"[PREMIUM]","[PREMIUM]","[PREMIUM]",,"[PREMIUM]",,,,0,0,0,"[""NO_SALVAGE_TITLE"",""NO_ACCIDENTS_REPORTED"",""NO_ONE_OWNER""]","{""exterior"":[""Heated mirrors""],""interior"":[""Air conditioning"",""Steering wheel controls""],""safety"":[""Anti-lock brakes"",""Blind spot monitor"",""Brake assist"",""Child seat anchors"",""Lane departure warning""],""mechanical"":[""Power steering""],""technology"":[""Backup camera"",""Bluetooth hands-free"",""CD player"",""Cruise control"",""Keyless entry"",""Keyless start"",""Satellite radio"",""Touchscreen"",""USB input""],""other"":[""Android Auto"",""Apple CarPlay"",""Premium audio"",""Tire pressure system""]}",22,"This 2019 Subaru Ascent Limited is located in Colorado - Denver and comes with a Clean Title. This vehicle is already competitively priced compared to similar listings on Autotrader. However, the price shown here is a Buy It Now option, which allows you to secure the vehicle immediately without waiting for the auction. If you are open to participating in the auction, you may have the opportunity to purchase this vehicle for less through bidding. NO DEALER LICENSE REQUIRED! Our inventory comes directly from auto auctions, giving you access to pricing that is a lot lower than traditional dealership listings. All purchases are completed through our website, where you can view full details, current bids, and auction activity. Register for free at https://www.salvagereseller.com to explore your options and potentially secure a better price.","[PREMIUM]",5,,,,,"[PREMIUM]"
"778470328","2026-05-25 21:03:51.763","2026-05-25 21:03:51.763","778470328","[PREMIUM]","49947776",2019,"KIA","Kia","SORENTO","Sorento","EX","SUV","Used","Used 2019 Kia Sorento EX w/ EX Touring Package",146372,"[PREMIUM]",,,"[PREMIUM]",6570,9120,"Black","BLACK","Black","BLACK","6CLDR","6-Cylinder","2 wheel drive - front","AUT","8-Speed Automatic","Automatic","G","Gasoline","Gas",19,26,3.3,true,32,false,false,true,false,false,false,false,"STANDARD",,"[PREMIUM]","[PREMIUM]","[PREMIUM]",,"[PREMIUM]",,,434887,4.2,146,0,"[""NO_SALVAGE_TITLE"",""NO_ACCIDENTS_REPORTED"",""NO_ONE_OWNER""]","{""exterior"":[""Heated mirrors""],""interior"":[""Air conditioning"",""Steering wheel controls""],""safety"":[""Anti-lock brakes"",""Blind spot monitor"",""Brake assist"",""Child seat anchors"",""Lane departure warning""],""mechanical"":[""Power steering""],""technology"":[""Backup camera"",""Bluetooth hands-free"",""CD player"",""Cruise control"",""Keyless entry"",""Keyless start"",""Satellite radio"",""Touchscreen"",""USB input""],""other"":[""Android Auto"",""Apple CarPlay"",""Premium audio"",""Tire pressure system""]}",22,"This 2019 KIA Sorento ex V6 is located in Florida - Riverview and comes with a Clean Title. This vehicle is already competitively priced compared to similar listings on Autotrader. However, the price shown here is a Buy It Now option, which allows you to secure the vehicle immediately without waiting for the auction. If you are open to participating in the auction, you may have the opportunity to purchase this vehicle for less through bidding. NO DEALER LICENSE REQUIRED! Our inventory comes directly from auto auctions, giving you access to pricing that is a lot lower than traditional dealership listings. All purchases are completed through our website, where you can view full details, current bids, and auction activity. Register for free at https://www.salvagereseller.com to explore your options and potentially secure a better price.","[PREMIUM]",5,,,,,"[PREMIUM]"
"777011339","2026-05-25 21:03:51.761","2026-05-25 21:03:51.761","777011339","[PREMIUM]","46878006",2019,"FORD","Ford","FUSION","Fusion","SE","SEDAN","Used","Used 2019 Ford Fusion SE",198564,"[PREMIUM]",,,"[PREMIUM]",3130,5280,"Gray","GRAY","Black","BLACK","HYBRD","Hybrid","2 wheel drive - front","AUT","Continuously Variable Automatic","Automatic","B","Hybrid Gas/Electric","Hybrid: Gas/Electric",43,41,2,false,48,false,false,false,false,false,false,false,"STANDARD",,"[PREMIUM]","[PREMIUM]","[PREMIUM]",,"[PREMIUM]",,,438721,4.4,436,0,"[""SALVAGE_TITLE"",""ACCIDENTS_REPORTED"",""NO_ONE_OWNER""]","{""exterior"":[""Heated mirrors""],""interior"":[""Air conditioning"",""Steering wheel controls""],""safety"":[""Anti-lock brakes"",""Blind spot monitor"",""Brake assist"",""Child seat anchors"",""Lane departure warning""],""mechanical"":[""Power steering""],""technology"":[""Backup camera"",""Bluetooth hands-free"",""CD player"",""Cruise control"",""Keyless entry"",""Keyless start"",""Satellite radio"",""Touchscreen"",""USB input""],""other"":[""Android Auto"",""Apple CarPlay"",""Premium audio"",""Tire pressure system""]}",22,"This 2019 Ford Fusion se is located in New York - Marlboro and comes with a Clean Title. This vehicle is already competitively priced compared to similar listings on Autotrader. However, the price shown here is a Buy It Now option, which allows you to secure the vehicle immediately without waiting for the auction. If you are open to participating in the auction, you may have the opportunity to purchase this vehicle for less through bidding. NO DEALER LICENSE REQUIRED! Our inventory comes directly from auto auctions, giving you access to pricing that is a lot lower than traditional dealership listings. All purchases are completed through our website, where you can view full details, current bids, and auction activity. Register for free at https://www.salvagereseller.com to explore your options and potentially secure a better price.","[PREMIUM]",5,,,,,"[PREMIUM]"
"780099353","2026-05-25 21:03:51.755","2026-05-25 21:03:51.755","780099353","[PREMIUM]","50544876",2019,"NISSAN","Nissan","PATH","Pathfinder","SV","SUV","Used","Used 2019 Nissan Pathfinder SV",144052,"[PREMIUM]",,,"[PREMIUM]",5990,7990,"White","WHITE","Black","BLACK","6CLDR","6-Cylinder","2 wheel drive - front","AUT","Continuously Variable Automatic","Automatic","G","Gasoline","Gas",20,27,3.5,false,13,false,false,false,false,false,false,false,"STANDARD",,"[PREMIUM]","[PREMIUM]","[PREMIUM]",,"[PREMIUM]",,,439626,3.9,221,0,"[""NO_SALVAGE_TITLE"",""ACCIDENTS_REPORTED"",""NO_ONE_OWNER""]","{""exterior"":[""Heated mirrors""],""interior"":[""Air conditioning"",""Steering wheel controls""],""safety"":[""Anti-lock brakes"",""Blind spot monitor"",""Brake assist"",""Child seat anchors"",""Lane departure warning""],""mechanical"":[""Power steering""],""technology"":[""Backup camera"",""Bluetooth hands-free"",""CD player"",""Cruise control"",""Keyless entry"",""Keyless start"",""Satellite radio"",""Touchscreen"",""USB input""],""other"":[""Android Auto"",""Apple CarPlay"",""Premium audio"",""Tire pressure system""]}",22,"This 2019 Nissan Pathfinder sv is located in Alabama - Hueytown and comes with a Clean Title. This vehicle is already competitively priced compared to similar listings on Autotrader. However, the price shown here is a Buy It Now option, which allows you to secure the vehicle immediately without waiting for the auction. If you are open to participating in the auction, you may have the opportunity to purchase this vehicle for less through bidding. NO DEALER LICENSE REQUIRED! Our inventory comes directly from auto auctions, giving you access to pricing that is a lot lower than traditional dealership listings. All purchases are completed through our website, where you can view full details, current bids, and auction activity. Register for free at https://www.salvagereseller.com to explore your options and potentially secure a better price.","[PREMIUM]",5,,,,,"[PREMIUM]"
"777808319","2026-05-25 21:03:41.592","2026-05-25 21:03:41.592","777808319","[PREMIUM]","49101216",2019,"DODGE","Dodge","GRANDCARAV","Grand Caravan","SE","VANS","Used","Used 2019 Dodge Grand Caravan SE w/ UConnect Hands-Free Group",379971,"[PREMIUM]",,,"[PREMIUM]",600,860,"White","WHITE","Black","BLACK","6CLDR","6-Cylinder","2 wheel drive - front","AUT","6-Speed Automatic","Automatic","F","Flexible Fuel","Gas",17,25,3.6,false,39,false,false,false,false,false,false,false,"STANDARD",,"[PREMIUM]","[PREMIUM]","[PREMIUM]",,"[PREMIUM]",,,438245,3.7,427,0,"[""NO_SALVAGE_TITLE"",""NO_ACCIDENTS_REPORTED"",""NO_ONE_OWNER""]","{""exterior"":[""Heated mirrors""],""interior"":[""Air conditioning"",""Steering wheel controls""],""safety"":[""Anti-lock brakes"",""Blind spot monitor"",""Brake assist"",""Child seat anchors"",""Lane departure warning""],""mechanical"":[""Power steering""],""technology"":[""Backup camera"",""Bluetooth hands-free"",""CD player"",""Cruise control"",""Keyless entry"",""Keyless start"",""Satellite radio"",""Touchscreen"",""USB input""],""other"":[""Android Auto"",""Apple CarPlay"",""Premium audio"",""Tire pressure system""]}",22,"This 2019 Dodge Grand Caravan se is located in North Carolina - Mebane and comes with a Clean Title. This vehicle is already competitively priced compared to similar listings on Autotrader. However, the price shown here is a Buy It Now option, which allows you to secure the vehicle immediately without waiting for the auction. If you are open to participating in the auction, you may have the opportunity to purchase this vehicle for less through bidding. NO DEALER LICENSE REQUIRED! Our inventory comes directly from auto auctions, giving you access to pricing that is a lot lower than traditional dealership listings. All purchases are completed through our website, where you can view full details, current bids, and auction activity. Register for free at https://www.salvagereseller.com to explore your options and potentially secure a better price.","[PREMIUM]",5,,,,,"[PREMIUM]"
"778660546","2026-05-25 21:03:41.578","2026-05-25 21:03:41.578","778660546","[PREMIUM]","50773946",2019,"HYUND","Hyundai","ELANTR","Elantra","SE","SEDAN","Used","Used 2019 Hyundai Elantra SE w/ Cargo Package",128498,"[PREMIUM]",,,"[PREMIUM]",7400,8650,"Gray","GRAY","Black","BLACK","4CLDR","4-Cylinder","2 wheel drive - front","AUT","6-Speed Automatic","Automatic","G","Gasoline","Gas",29,38,2,false,30,false,false,false,false,false,false,false,"STANDARD",,"[PREMIUM]","[PREMIUM]","[PREMIUM]",,"[PREMIUM]",,,438556,4,135,1,"[""SALVAGE_TITLE"",""NO_ONE_OWNER""]","{""exterior"":[""Heated mirrors""],""interior"":[""Air conditioning"",""Steering wheel controls""],""safety"":[""Anti-lock brakes"",""Blind spot monitor"",""Brake assist"",""Child seat anchors"",""Lane departure warning""],""mechanical"":[""Power steering""],""technology"":[""Backup camera"",""Bluetooth hands-free"",""CD player"",""Cruise control"",""Keyless entry"",""Keyless start"",""Satellite radio"",""Touchscreen"",""USB input""],""other"":[""Android Auto"",""Apple CarPlay"",""Premium audio"",""Tire pressure system""]}",22,"This 2019 Hyundai Elantra se is located in California - Rancho Cucamonga and comes with a Salvage Title. This vehicle is already competitively priced compared to similar listings on Autotrader. However, the price shown here is a Buy It Now option, which allows you to secure the vehicle immediately without waiting for the auction. If you are open to participating in the auction, you may have the opportunity to purchase this vehicle for less through bidding. NO DEALER LICENSE REQUIRED! Our inventory comes directly from auto auctions, giving you access to pricing that is a lot lower than traditional dealership listings. All purchases are completed through our website, where you can view full details, current bids, and auction activity. Register for free at https://www.salvagereseller.com to explore your options and potentially secure a better price.","[PREMIUM]",5,,,,,"[PREMIUM]"
"778589291","2026-05-25 21:03:31.422","2026-05-25 21:03:31.422","778589291","[PREMIUM]","50425716",2019,"TOYOTA","Toyota","CAMRY","Camry","LE","SEDAN","Used","Used 2019 Toyota Camry LE",198067,"[PREMIUM]",,,"[PREMIUM]",6630,8430,"Silver","SILVER","Black","BLACK","4CLDR","4-Cylinder","2 wheel drive - front","AUT","8-Speed Automatic","Automatic","G","Gasoline","Gas",,,2.5,false,31,false,false,true,false,false,false,false,"STANDARD",,"[PREMIUM]","[PREMIUM]","[PREMIUM]",,"[PREMIUM]",,,438837,3.9,346,0,"[""NO_SALVAGE_TITLE"",""ACCIDENTS_REPORTED"",""NO_ONE_OWNER""]","{""exterior"":[""Heated mirrors""],""interior"":[""Air conditioning"",""Steering wheel controls""],""safety"":[""Anti-lock brakes"",""Blind spot monitor"",""Brake assist"",""Child seat anchors"",""Lane departure warning""],""mechanical"":[""Power steering""],""technology"":[""Backup camera"",""Bluetooth hands-free"",""CD player"",""Cruise control"",""Keyless entry"",""Keyless start"",""Satellite radio"",""Touchscreen"",""USB input""],""other"":[""Android Auto"",""Apple CarPlay"",""Premium audio"",""Tire pressure system""]}",22,"This 2019 Toyota Camry le is located in South Carolina - Spartanburg and comes with a Clean Title. This vehicle is already competitively priced compared to similar listings on Autotrader. However, the price shown here is a Buy It Now option, which allows you to secure the vehicle immediately without waiting for the auction. If you are open to participating in the auction, you may have the opportunity to purchase this vehicle for less through bidding. NO DEALER LICENSE REQUIRED! Our inventory comes directly from auto auctions, giving you access to pricing that is a lot lower than traditional dealership listings. All purchases are completed through our website, where you can view full details, current bids, and auction activity. Register for free at https://www.salvagereseller.com to explore your options and potentially secure a better price.","[PREMIUM]",5,,,,,"[PREMIUM]"
"777011408","2026-05-25 21:03:11.278","2026-05-25 21:03:11.278","777011408","[PREMIUM]","46959776",2019,"RAM","RAM","RMPROMAST","ProMaster","3500","VANS","Used","Used 2019 RAM ProMaster 3500",199936,"[PREMIUM]",,,"[PREMIUM]",11730,14530,"Blue","BLUE","Black","BLACK","6CLDR","6-Cylinder","2 wheel drive - front","AUT","6-Speed Automatic","Automatic","G","Gasoline","Gas",,,3.6,false,48,false,false,true,false,false,false,false,"STANDARD",,"[PREMIUM]","[PREMIUM]","[PREMIUM]",,"[PREMIUM]",,,443306,3,30,1,"[""NO_SALVAGE_TITLE"",""ACCIDENTS_REPORTED"",""NO_ONE_OWNER""]","{""exterior"":[""Heated mirrors""],""interior"":[""Air conditioning"",""Steering wheel controls""],""safety"":[""Anti-lock brakes"",""Blind spot monitor"",""Brake assist"",""Child seat anchors"",""Lane departure warning""],""mechanical"":[""Power steering""],""technology"":[""Backup camera"",""Bluetooth hands-free"",""CD player"",""Cruise control"",""Keyless entry"",""Keyless start"",""Satellite radio"",""Touchscreen"",""USB input""],""other"":[""Android Auto"",""Apple CarPlay"",""Premium audio"",""Tire pressure system""]}",22,"This 2019 Dodge Ram Promaster 3500 Delivery van is located in New Jersey - Glassboro and comes with a Clean Title. This vehicle is already competitively priced compared to similar listings on Autotrader. However, the price shown here is a Buy It Now option, which allows you to secure the vehicle immediately without waiting for the auction. If you are open to participating in the auction, you may have the opportunity to purchase this vehicle for less through bidding. NO DEALER LICENSE REQUIRED! Our inventory comes directly from auto auctions, giving you access to pricing that is a lot lower than traditional dealership listings. All purchases are completed through our website, where you can view full details, current bids, and auction activity. Register for free at https://www.salvagereseller.com to explore your options and potentially secure a better price.","[PREMIUM]",5,,,,,"[PREMIUM]"
"778141624","2026-05-25 21:03:11.273","2026-05-25 21:03:11.273","778141624","[PREMIUM]","48595096",2019,"RAM","RAM","RMPROMAST","ProMaster","3500","VANS","Used","Used 2019 RAM ProMaster 3500",118639,"[PREMIUM]",,,"[PREMIUM]",19830,22630,"Blue","BLUE","Black","BLACK","6CLDR","6-Cylinder","2 wheel drive - front","AUT","6-Speed Automatic","Automatic","G","Gasoline","Gas",,,3.6,false,35,false,false,true,false,false,false,false,"STANDARD",,"[PREMIUM]","[PREMIUM]","[PREMIUM]",,"[PREMIUM]",,,443306,3,30,1,"[""NO_SALVAGE_TITLE"",""ACCIDENTS_REPORTED"",""ONE_OWNER""]","{""exterior"":[""Heated mirrors""],""interior"":[""Air conditioning"",""Steering wheel controls""],""safety"":[""Anti-lock brakes"",""Blind spot monitor"",""Brake assist"",""Child seat anchors"",""Lane departure warning""],""mechanical"":[""Power steering""],""technology"":[""Backup camera"",""Bluetooth hands-free"",""CD player"",""Cruise control"",""Keyless entry"",""Keyless start"",""Satellite radio"",""Touchscreen"",""USB input""],""other"":[""Android Auto"",""Apple CarPlay"",""Premium audio"",""Tire pressure system""]}",22,"This 2019 Dodge Ram Promaster 3500 Delivery van is located in Maryland - Baltimore and comes with a Clean Title. This vehicle is already competitively priced compared to similar listings on Autotrader. However, the price shown here is a Buy It Now option, which allows you to secure the vehicle immediately without waiting for the auction. If you are open to participating in the auction, you may have the opportunity to purchase this vehicle for less through bidding. NO DEALER LICENSE REQUIRED! Our inventory comes directly from auto auctions, giving you access to pricing that is a lot lower than traditional dealership listings. All purchases are completed through our website, where you can view full details, current bids, and auction activity. Register for free at https://www.salvagereseller.com to explore your options and potentially secure a better price.","[PREMIUM]",5,,,,,"[PREMIUM]"
"778761387","2026-05-25 21:03:11.272","2026-05-25 21:03:11.272","778761387","[PREMIUM]","50313006",2019,"HYUND","Hyundai","SANTAFE","Santa Fe","SE","SUV","Used","Used 2019 Hyundai Santa Fe SE",202129,"[PREMIUM]",,,"[PREMIUM]",5780,7630,"Gray","GRAY","Black","BLACK","4CLDR","4-Cylinder","2 wheel drive - front","AUT","8-Speed Automatic","Automatic","G","Gasoline","Gas",22,29,2.4,false,28,false,false,true,false,false,false,false,"STANDARD",,"[PREMIUM]","[PREMIUM]","[PREMIUM]",,"[PREMIUM]",,,436457,4.4,113,1,"[""NO_SALVAGE_TITLE"",""ACCIDENTS_REPORTED"",""NO_ONE_OWNER""]","{""exterior"":[""Heated mirrors""],""interior"":[""Air conditioning"",""Steering wheel controls""],""safety"":[""Anti-lock brakes"",""Blind spot monitor"",""Brake assist"",""Child seat anchors"",""Lane departure warning""],""mechanical"":[""Power steering""],""technology"":[""Backup camera"",""Bluetooth hands-free"",""CD player"",""Cruise control"",""Keyless entry"",""Keyless start"",""Satellite radio"",""Touchscreen"",""USB input""],""other"":[""Android Auto"",""Apple CarPlay"",""Premium audio"",""Tire pressure system""]}",22,"This 2019 Hyundai Santa fe se is located in Florida - Orlando and comes with a Clean Title. This vehicle is already competitively priced compared to similar listings on Autotrader. However, the price shown here is a Buy It Now option, which allows you to secure the vehicle immediately without waiting for the auction. If you are open to participating in the auction, you may have the opportunity to purchase this vehicle for less through bidding. NO DEALER LICENSE REQUIRED! Our inventory comes directly from auto auctions, giving you access to pricing that is a lot lower than traditional dealership listings. All purchases are completed through our website, where you can view full details, current bids, and auction activity. Register for free at https://www.salvagereseller.com to explore your options and potentially secure a better price.","[PREMIUM]",5,,,,,"[PREMIUM]"
"780533945","2026-05-25 21:03:01.121","2026-05-25 21:03:01.121","780533945","[PREMIUM]","72543875",2019,"NISSAN","Nissan","SENTRA","Sentra","S","SEDAN","Used","Used 2019 Nissan Sentra S",134667,"[PREMIUM]",,,"[PREMIUM]",,,"Black","BLACK","Black","BLACK","4CLDR","4-Cylinder","2 wheel drive - front","AUT","Continuously Variable Automatic","Automatic","G","Gasoline","Gas",29,37,1.8,false,9,false,false,true,false,false,false,false,"STANDARD",,"[PREMIUM]","[PREMIUM]","[PREMIUM]",,"[PREMIUM]",,,,0,0,0,"[""NO_SALVAGE_TITLE"",""NO_ACCIDENTS_REPORTED"",""NO_ONE_OWNER""]","{""exterior"":[""Heated mirrors""],""interior"":[""Air conditioning"",""Steering wheel controls""],""safety"":[""Anti-lock brakes"",""Blind spot monitor"",""Brake assist"",""Child seat anchors"",""Lane departure warning""],""mechanical"":[""Power steering""],""technology"":[""Backup camera"",""Bluetooth hands-free"",""CD player"",""Cruise control"",""Keyless entry"",""Keyless start"",""Satellite radio"",""Touchscreen"",""USB input""],""other"":[""Android Auto"",""Apple CarPlay"",""Premium audio"",""Tire pressure system""]}",22,"This 2019 Nissan Sentra s is located in Maryland - Waldorf and comes with a Clean Title. This vehicle is already competitively priced compared to similar listings on Autotrader. However, the price shown here is a Buy It Now option, which allows you to secure the vehicle immediately without waiting for the auction. If you are open to participating in the auction, you may have the opportunity to purchase this vehicle for less through bidding. NO DEALER LICENSE REQUIRED! Our inventory comes directly from auto auctions, giving you access to pricing that is a lot lower than traditional dealership listings. All purchases are completed through our website, where you can view full details, current bids, and auction activity. Register for free at https://www.salvagereseller.com to explore your options and potentially secure a better price.","[PREMIUM]",5,,,,,"[PREMIUM]"
"777732757","2026-05-25 21:03:01.109","2026-05-25 21:03:01.109","777732757","[PREMIUM]","865894",2019,"NISSAN","Nissan","VERSA","Versa","SV","SEDAN","Used","Used 2019 Nissan Versa SV",139314,"[PREMIUM]",,,"[PREMIUM]",6040,6940,"White","WHITE","Black","BLACK","4CLDR","4-Cylinder","2 wheel drive - front","AUT","Continuously Variable Automatic","Automatic","G","Gasoline","Gas",31,39,1.6,false,40,false,false,true,false,false,false,false,"STANDARD",,"[PREMIUM]","[PREMIUM]","[PREMIUM]",,"[PREMIUM]",,,438607,3.8,326,0,"[""NO_SALVAGE_TITLE"",""ACCIDENTS_REPORTED"",""NO_ONE_OWNER""]","{""exterior"":[""Steel Wheels""],""interior"":[""Air Conditioning"",""Power Door Locks"",""Power Trunk Release"",""Power Windows"",""Tilt Wheel""],""safety"":[""ABS (4-Wheel)"",""Dual Air Bags"",""F&R Head Curtain Air Bags"",""Side Air Bags"",""Traction Control"",""Vehicle Dynamic Control""],""mechanical"":[""4-Cyl 1.6 Liter"",""Automatic CVT w/Xtronic"",""FWD"",""Power Steering""],""technology"":[""AM/FM Stereo"",""Backup Camera"",""Bluetooth Wireless"",""Cruise Control"",""Keyless Entry""]}",21,"*At Autorevolution of Gastonia, we pride ourselves on offering an exceptional car-buying experience with a wide selection of high-quality used vehicles. Our dealership is dedicated to providing customers with reliable, affordable options, ensuring that every vehicle on our lot meets rigorous standards of excellence. Whether you're looking for a sporty sedan, a rugged SUV, or a family-friendly minivan, we have a diverse inventory to suit your needs and preferences. Our knowledgeable team is here to guide you through the process, offering personalized assistance and competitive pricing to help you find the perfect car. At Autorevolution of Gastonia, we're committed to making your car-buying journey smooth, transparent, and enjoyable.*","[PREMIUM]",5,,,,,"[PREMIUM]"
"781283130","2026-05-25 21:02:40.954","2026-05-25 21:02:40.954","781283130","[PREMIUM]","108828",2019,"CHEV","Chevrolet","MALI","Malibu","LT","SEDAN","Used","Used 2019 Chevrolet Malibu LT",110292,"[PREMIUM]",,,"[PREMIUM]",9300,11300,"Silver Ice Metallic","SILVER","Jet Black","BLACK","4CLDR","4-Cylinder Turbo","2 wheel drive - front","AUT","Continuously Variable Automatic","Automatic","G","Gasoline","Gas",29,36,1.5,false,1,false,true,false,false,false,false,false,"STANDARD",,"[PREMIUM]","[PREMIUM]","[PREMIUM]",,"[PREMIUM]",,,438487,3.9,154,0,"[""NO_SALVAGE_TITLE"",""ACCIDENTS_REPORTED"",""NO_ONE_OWNER""]","{""exterior"":[""Silver Ice Metallic""],""interior"":[""Front Bucket"",""Heated Seats"",""Premium Cloth Seat Trim""],""mechanical"":[""1.5L Turbo Dohc 4-Cylinder Di"",""Continuously Variable (Cvt)""],""technology"":[""8'' Diagonal Color Touchscreen"",""Am/Fm Stereo."",""Audio System"",""Keyless Start"",""Telematics""],""other"":[""Chevrolet Infotainment 3 System"",""Emissions"",""Engine"",""Federal Requirements"",""Jet Black"",""Lt Preferred Equipment Group"",""Multi-Zone Climate Package"",""Preferred Package"",""Safety Package"",""Seats"",""Transmission""]}",22,"Hollywood AutoMax Finance Everyone with No Credit Check! Conveniently located in Hollywood, FL, we proudly serve customers across Miami, Fort Lauderdale, and all of South Florida. Everyone is approved No credit check required In-house financing options designed for all credit backgrounds Fast, friendly service with zero pressure Top dollar paid when you trade in or sell your car often more than national estimates! Exclusive Benefits When You Finance With Us: Up to 4 Years of Labor Warranty Enjoy extended coverage with peace of mind Free Basic Maintenance No-cost oil changes and more in our on-site service center Drive Today, No Credit Needed Simple and fast approval process Whether you're upgrading your current vehicle or buying your first, Hollywood AutoMax is here to help you every step of the way. Call now at   or visit www.flautomax.com to schedule your test drive today. Hollywood AutoMax Making Car Buying Easy, Affordable, and Hassle-Free.","[PREMIUM]",5,,,,,"[PREMIUM]"
"780985328","2026-05-25 21:02:30.773","2026-05-25 21:02:30.773","780985328","[PREMIUM]","50744376",2019,"FORD","Ford","EDGE","Edge","Titanium","SUV","Used","Used 2019 Ford Edge Titanium",187527,"[PREMIUM]",,,"[PREMIUM]",,,"Black","BLACK","Black","BLACK","4CLDR","4-Cylinder Turbo","2 wheel drive - front","AUT","8-Speed Automatic","Automatic","G","Gasoline","Gas",22,29,2,true,4,false,true,false,false,false,false,false,"STANDARD",,"[PREMIUM]","[PREMIUM]","[PREMIUM]",,"[PREMIUM]",,,,0,0,0,"[""NO_SALVAGE_TITLE"",""NO_ACCIDENTS_REPORTED"",""NO_ONE_OWNER""]","{""exterior"":[""Heated mirrors""],""interior"":[""Air conditioning"",""Steering wheel controls""],""safety"":[""Anti-lock brakes"",""Blind spot monitor"",""Brake assist"",""Child seat anchors"",""Lane departure warning""],""mechanical"":[""Power steering""],""technology"":[""Backup camera"",""Bluetooth hands-free"",""CD player"",""Cruise control"",""Keyless entry"",""Keyless start"",""Satellite radio"",""Touchscreen"",""USB input""],""other"":[""Android Auto"",""Apple CarPlay"",""Premium audio"",""Tire pressure system""]}",22,"This 2019 Ford Edge Titanium is located in South Carolina - Harleyville and comes with a Clean Title. This vehicle is already competitively priced compared to similar listings on Autotrader. However, the price shown here is a Buy It Now option, which allows you to secure the vehicle immediately without waiting for the auction. If you are open to participating in the auction, you may have the opportunity to purchase this vehicle for less through bidding. NO DEALER LICENSE REQUIRED! Our inventory comes directly from auto auctions, giving you access to pricing that is a lot lower than traditional dealership listings. All purchases are completed through our website, where you can view full details, current bids, and auction activity. Register for free at https://www.salvagereseller.com to explore your options and potentially secure a better price.","[PREMIUM]",5,,,,,"[PREMIUM]"
"780669239","2026-05-25 21:02:30.765","2026-05-25 21:02:30.765","780669239","[PREMIUM]","47461646",2019,"TOYOTA","Toyota","CAMRY","Camry","LE","SEDAN","Used","Used 2019 Toyota Camry LE",263100,"[PREMIUM]",,"Good","[PREMIUM]",3460,5260,"Gray","GRAY","Black","BLACK","4CLDR","4-Cylinder","2 wheel drive - front","AUT","8-Speed Automatic","Automatic","G","Gasoline","Gas",,,2.5,false,7,false,false,false,false,false,false,false,"STANDARD",,"[PREMIUM]","[PREMIUM]","[PREMIUM]",,"[PREMIUM]",,,438837,3.9,346,0,"[""NO_SALVAGE_TITLE"",""NO_ACCIDENTS_REPORTED"",""NO_ONE_OWNER""]","{""exterior"":[""Heated mirrors""],""interior"":[""Air conditioning"",""Steering wheel controls""],""safety"":[""Anti-lock brakes"",""Blind spot monitor"",""Brake assist"",""Child seat anchors"",""Lane departure warning""],""mechanical"":[""Power steering""],""technology"":[""Backup camera"",""Bluetooth hands-free"",""CD player"",""Cruise control"",""Keyless entry"",""Keyless start"",""Satellite radio"",""Touchscreen"",""USB input""],""other"":[""Android Auto"",""Apple CarPlay"",""Premium audio"",""Tire pressure system""]}",22,"This 2019 Toyota Camry le is located in Michigan - Davison and comes with a Clean Title. This vehicle is already competitively priced compared to similar listings on Autotrader. However, the price shown here is a Buy It Now option, which allows you to secure the vehicle immediately without waiting for the auction. If you are open to participating in the auction, you may have the opportunity to purchase this vehicle for less through bidding. NO DEALER LICENSE REQUIRED! Our inventory comes directly from auto auctions, giving you access to pricing that is a lot lower than traditional dealership listings. All purchases are completed through our website, where you can view full details, current bids, and auction activity. Register for free at https://www.salvagereseller.com to explore your options and potentially secure a better price.","[PREMIUM]",5,,,,,"[PREMIUM]"
"780795475","2026-05-25 21:02:30.761","2026-05-25 21:02:30.761","780795475","[PREMIUM]","51186006",2019,"MIT","Mitsubishi","OUTLANDER","Outlander","SE","SUV","Used","Used 2019 Mitsubishi Outlander SE",196379,"[PREMIUM]",,,"[PREMIUM]",,,"Red","RED","Black","BLACK","4CLDR","4-Cylinder","2 wheel drive - front","AUT","Continuously Variable Automatic","Automatic","G","Gasoline","Gas",25,30,2.4,false,6,false,true,false,false,false,false,false,"STANDARD",,"[PREMIUM]","[PREMIUM]","[PREMIUM]",,"[PREMIUM]",,,,0,0,0,"[""NO_SALVAGE_TITLE"",""ACCIDENTS_REPORTED"",""ONE_OWNER""]","{""exterior"":[""Heated mirrors""],""interior"":[""Air conditioning"",""Steering wheel controls""],""safety"":[""Anti-lock brakes"",""Blind spot monitor"",""Brake assist"",""Child seat anchors"",""Lane departure warning""],""mechanical"":[""Power steering""],""technology"":[""Backup camera"",""Bluetooth hands-free"",""CD player"",""Cruise control"",""Keyless entry"",""Keyless start"",""Satellite radio"",""Touchscreen"",""USB input""],""other"":[""Android Auto"",""Apple CarPlay"",""Premium audio"",""Tire pressure system""]}",22,"This 2019 Mitsubishi Outlander se is located in Texas - San Antonio and comes with a Clean Title. This vehicle is already competitively priced compared to similar listings on Autotrader. However, the price shown here is a Buy It Now option, which allows you to secure the vehicle immediately without waiting for the auction. If you are open to participating in the auction, you may have the opportunity to purchase this vehicle for less through bidding. NO DEALER LICENSE REQUIRED! Our inventory comes directly from auto auctions, giving you access to pricing that is a lot lower than traditional dealership listings. All purchases are completed through our website, where you can view full details, current bids, and auction activity. Register for free at https://www.salvagereseller.com to explore your options and potentially secure a better price.","[PREMIUM]",5,,,,,"[PREMIUM]"
"776257436","2026-05-25 21:02:30.746","2026-05-25 21:02:30.746","776257436","[PREMIUM]","47249826",2019,"FORD","Ford","ESCAPE","Escape","SE","SUV","Used","Used 2019 Ford Escape SE",94724,"[PREMIUM]",,,"[PREMIUM]",9920,11770,"Gray","GRAY","Black","BLACK","4CLDR","4-Cylinder Turbo","4 wheel drive","AUT","6-Speed Automatic","Automatic","G","Gasoline","Gas",22,28,1.5,false,56,false,false,false,false,false,false,false,"STANDARD",,"[PREMIUM]","[PREMIUM]","[PREMIUM]",,"[PREMIUM]",,,439751,4.3,1032,1,"[""SALVAGE_TITLE"",""ACCIDENTS_REPORTED"",""NO_ONE_OWNER""]","{""exterior"":[""Heated mirrors""],""interior"":[""Air conditioning"",""Steering wheel controls""],""safety"":[""Anti-lock brakes"",""Blind spot monitor"",""Brake assist"",""Child seat anchors"",""Lane departure warning""],""mechanical"":[""Power steering""],""technology"":[""Backup camera"",""Bluetooth hands-free"",""CD player"",""Cruise control"",""Keyless entry"",""Keyless start"",""Satellite radio"",""Touchscreen"",""USB input""],""other"":[""Android Auto"",""Apple CarPlay"",""Premium audio"",""Tire pressure system""]}",22,"This 2019 Ford Escape se is located in New York - Central Square and comes with a Salvage Title. This vehicle is already competitively priced compared to similar listings on Autotrader. However, the price shown here is a Buy It Now option, which allows you to secure the vehicle immediately without waiting for the auction. If you are open to participating in the auction, you may have the opportunity to purchase this vehicle for less through bidding. NO DEALER LICENSE REQUIRED! Our inventory comes directly from auto auctions, giving you access to pricing that is a lot lower than traditional dealership listings. All purchases are completed through our website, where you can view full details, current bids, and auction activity. Register for free at https://www.salvagereseller.com to explore your options and potentially secure a better price.","[PREMIUM]",5,,,,,"[PREMIUM]"
"780795472","2026-05-25 21:02:30.744","2026-05-25 21:02:30.744","780795472","[PREMIUM]","50818506",2019,"MIT","Mitsubishi","OUTLANDSPT","Outlander Sport","ES","SUV","Used","Used 2019 Mitsubishi Outlander Sport ES",171986,"[PREMIUM]",,,"[PREMIUM]",,,"Red","RED","Black","BLACK","4CLDR","4-Cylinder","4 wheel drive","AUT","Continuously Variable Automatic","Automatic","G","Gasoline","Gas",23,29,2,false,6,false,true,false,false,false,false,false,"STANDARD",,"[PREMIUM]","[PREMIUM]","[PREMIUM]",,"[PREMIUM]",,,,0,0,1,"[""NO_SALVAGE_TITLE"",""NO_ACCIDENTS_REPORTED"",""NO_ONE_OWNER""]","{""exterior"":[""Heated mirrors""],""interior"":[""Air conditioning"",""Steering wheel controls""],""safety"":[""Anti-lock brakes"",""Blind spot monitor"",""Brake assist"",""Child seat anchors"",""Lane departure warning""],""mechanical"":[""Power steering""],""technology"":[""Backup camera"",""Bluetooth hands-free"",""CD player"",""Cruise control"",""Keyless entry"",""Keyless start"",""Satellite radio"",""Touchscreen"",""USB input""],""other"":[""Android Auto"",""Apple CarPlay"",""Premium audio"",""Tire pressure system""]}",22,"This 2019 Mitsubishi Outlander Sport es is located in Utah - Magna and comes with a Clean Title. This vehicle is already competitively priced compared to similar listings on Autotrader. However, the price shown here is a Buy It Now option, which allows you to secure the vehicle immediately without waiting for the auction. If you are open to participating in the auction, you may have the opportunity to purchase this vehicle for less through bidding. NO DEALER LICENSE REQUIRED! Our inventory comes directly from auto auctions, giving you access to pricing that is a lot lower than traditional dealership listings. All purchases are completed through our website, where you can view full details, current bids, and auction activity. Register for free at https://www.salvagereseller.com to explore your options and potentially secure a better price.","[PREMIUM]",5,,,,,"[PREMIUM]"
"780909808","2026-05-25 21:02:20.563","2026-05-25 21:02:20.563","780909808","[PREMIUM]","53850386",2019,"KIA","Kia","SOUL","Soul",,"HATCH","Used","Used 2019 Kia Soul",106336,"[PREMIUM]",,,"[PREMIUM]",,,"Silver","SILVER","Black","BLACK","4CLDR","4-Cylinder","2 wheel drive - front","AUT","6-Speed Automatic","Automatic","G","Gasoline","Gas",26,31,1.6,false,5,false,true,false,false,false,false,false,"STANDARD",,"[PREMIUM]","[PREMIUM]","[PREMIUM]",,"[PREMIUM]",,,,0,0,1,"[""NO_SALVAGE_TITLE"",""ACCIDENTS_REPORTED"",""ONE_OWNER""]","{""exterior"":[""Heated mirrors""],""interior"":[""Air conditioning"",""Steering wheel controls""],""safety"":[""Anti-lock brakes"",""Blind spot monitor"",""Brake assist"",""Child seat anchors"",""Lane departure warning""],""mechanical"":[""Power steering""],""technology"":[""Backup camera"",""Bluetooth hands-free"",""CD player"",""Cruise control"",""Keyless entry"",""Keyless start"",""Satellite radio"",""Touchscreen"",""USB input""],""other"":[""Android Auto"",""Apple CarPlay"",""Premium audio"",""Tire pressure system""]}",22,"This 2019 KIA Soul Base is located in Utah - Magna and comes with a Clean Title. This vehicle is already competitively priced compared to similar listings on Autotrader. However, the price shown here is a Buy It Now option, which allows you to secure the vehicle immediately without waiting for the auction. If you are open to participating in the auction, you may have the opportunity to purchase this vehicle for less through bidding. NO DEALER LICENSE REQUIRED! Our inventory comes directly from auto auctions, giving you access to pricing that is a lot lower than traditional dealership listings. All purchases are completed through our website, where you can view full details, current bids, and auction activity. Register for free at https://www.salvagereseller.com to explore your options and potentially secure a better price.","[PREMIUM]",5,,,,,"[PREMIUM]"
"779904642","2026-05-25 21:02:20.560","2026-05-25 21:02:20.560","779904642","[PREMIUM]","51330076",2019,"HYUND","Hyundai","TUCSON","Tucson","Value","SUV","Used","Used 2019 Hyundai Tucson Value",72210,"[PREMIUM]",,,"[PREMIUM]",12710,14360,"White","WHITE","Black","BLACK","4CLDR","4-Cylinder","2 wheel drive - front","AUT","6-Speed Automatic","Automatic","G","Gasoline","Gas",23,30,2,false,17,true,false,true,false,false,false,false,"STANDARD",,"[PREMIUM]","[PREMIUM]","[PREMIUM]",,"[PREMIUM]",,,439531,4,143,0,"[""NO_SALVAGE_TITLE"",""ACCIDENTS_REPORTED"",""ONE_OWNER""]","{""exterior"":[""Heated mirrors""],""interior"":[""Air conditioning"",""Steering wheel controls""],""safety"":[""Anti-lock brakes"",""Blind spot monitor"",""Brake assist"",""Child seat anchors"",""Lane departure warning""],""mechanical"":[""Power steering""],""technology"":[""Backup camera"",""Bluetooth hands-free"",""CD player"",""Cruise control"",""Keyless entry"",""Keyless start"",""Satellite radio"",""Touchscreen"",""USB input""],""other"":[""Android Auto"",""Apple CarPlay"",""Premium audio"",""Tire pressure system""]}",22,"This 2019 Hyundai Tucson Value is located in Wisconsin - Appleton and comes with a Clean Title. This vehicle is already competitively priced compared to similar listings on Autotrader. However, the price shown here is a Buy It Now option, which allows you to secure the vehicle immediately without waiting for the auction. If you are open to participating in the auction, you may have the opportunity to purchase this vehicle for less through bidding. NO DEALER LICENSE REQUIRED! Our inventory comes directly from auto auctions, giving you access to pricing that is a lot lower than traditional dealership listings. All purchases are completed through our website, where you can view full details, current bids, and auction activity. Register for free at https://www.salvagereseller.com to explore your options and potentially secure a better price.","[PREMIUM]",5,,,,,"[PREMIUM]"
"780516232","2026-05-25 21:02:20.559","2026-05-25 21:02:20.559","780516232","[PREMIUM]","53826476",2019,"MIT","Mitsubishi","OUTLANDER","Outlander","AWD","SUV","Used","Used 2019 Mitsubishi Outlander AWD",130466,"[PREMIUM]",,"Great","[PREMIUM]",7410,8960,"White","WHITE","Black","BLACK","4CLDR","4-Cylinder","4 wheel drive","AUT","Continuously Variable Automatic","Automatic","G","Gasoline","Gas",24,29,2.4,false,10,false,false,false,false,false,false,false,"STANDARD",,"[PREMIUM]","[PREMIUM]","[PREMIUM]",,"[PREMIUM]",,,436657,4,166,0,"[""NO_SALVAGE_TITLE"",""ACCIDENTS_REPORTED"",""ONE_OWNER""]","{""exterior"":[""Heated mirrors""],""interior"":[""Air conditioning"",""Steering wheel controls""],""safety"":[""Anti-lock brakes"",""Blind spot monitor"",""Brake assist"",""Child seat anchors"",""Lane departure warning""],""mechanical"":[""Power steering""],""technology"":[""Backup camera"",""Bluetooth hands-free"",""CD player"",""Cruise control"",""Keyless entry"",""Keyless start"",""Satellite radio"",""Touchscreen"",""USB input""],""other"":[""Android Auto"",""Apple CarPlay"",""Premium audio"",""Tire pressure system""]}",22,"This 2019 Mitsubishi Outlander se is located in New York - Central Square and comes with a Clean Title. This vehicle is already competitively priced compared to similar listings on Autotrader. However, the price shown here is a Buy It Now option, which allows you to secure the vehicle immediately without waiting for the auction. If you are open to participating in the auction, you may have the opportunity to purchase this vehicle for less through bidding. NO DEALER LICENSE REQUIRED! Our inventory comes directly from auto auctions, giving you access to pricing that is a lot lower than traditional dealership listings. All purchases are completed through our website, where you can view full details, current bids, and auction activity. Register for free at https://www.salvagereseller.com to explore your options and potentially secure a better price.","[PREMIUM]",5,,,,,"[PREMIUM]"
"778589379","2026-05-25 21:02:20.557","2026-05-25 21:02:20.557","778589379","[PREMIUM]","49937416",2019,"KIA","Kia","KIANIRO","Niro","LX","SUV","Used","Used 2019 Kia Niro LX",158830,"[PREMIUM]",,"Great","[PREMIUM]",4960,6860,"White","WHITE","Black","BLACK","HYBRD","Hybrid","2 wheel drive - front","AUT","6-Speed Automatic","Automatic","B","Hybrid Gas/Electric","Hybrid: Gas/Electric",51,46,1.6,false,31,false,false,false,false,false,false,false,"STANDARD",,"[PREMIUM]","[PREMIUM]","[PREMIUM]",,"[PREMIUM]",,,439772,4.6,88,1,"[""NO_SALVAGE_TITLE"",""NO_ACCIDENTS_REPORTED"",""NO_ONE_OWNER""]","{""exterior"":[""Heated mirrors""],""interior"":[""Air conditioning"",""Steering wheel controls""],""safety"":[""Anti-lock brakes"",""Blind spot monitor"",""Brake assist"",""Child seat anchors"",""Lane departure warning""],""mechanical"":[""Power steering""],""technology"":[""Backup camera"",""Bluetooth hands-free"",""CD player"",""Cruise control"",""Keyless entry"",""Keyless start"",""Satellite radio"",""Touchscreen"",""USB input""],""other"":[""Android Auto"",""Apple CarPlay"",""Premium audio"",""Tire pressure system""]}",22,"This 2019 KIA Niro lx is located in Illinois - Elgin and comes with a Clean Title. This vehicle is already competitively priced compared to similar listings on Autotrader. However, the price shown here is a Buy It Now option, which allows you to secure the vehicle immediately without waiting for the auction. If you are open to participating in the auction, you may have the opportunity to purchase this vehicle for less through bidding. NO DEALER LICENSE REQUIRED! Our inventory comes directly from auto auctions, giving you access to pricing that is a lot lower than traditional dealership listings. All purchases are completed through our website, where you can view full details, current bids, and auction activity. Register for free at https://www.salvagereseller.com to explore your options and potentially secure a better price.","[PREMIUM]",5,,,,,"[PREMIUM]"
"778589152","2026-05-25 21:02:20.556","2026-05-25 21:02:20.556","778589152","[PREMIUM]","47208856",2019,"KIA","Kia","KIANIRO","Niro","LX","SUV","Used","Used 2019 Kia Niro LX",143509,"[PREMIUM]",,"Great","[PREMIUM]",5760,7660,"White","WHITE","Black","BLACK","HYBRD","Hybrid","2 wheel drive - front","AUT","6-Speed Automatic","Automatic","B","Hybrid Gas/Electric","Hybrid: Gas/Electric",51,46,1.6,false,31,false,false,false,false,false,false,false,"STANDARD",,"[PREMIUM]","[PREMIUM]","[PREMIUM]",,"[PREMIUM]",,,439772,4.6,88,1,"[""NO_SALVAGE_TITLE"",""NO_ACCIDENTS_REPORTED"",""NO_ONE_OWNER""]","{""exterior"":[""Heated mirrors""],""interior"":[""Air conditioning"",""Steering wheel controls""],""safety"":[""Anti-lock brakes"",""Blind spot monitor"",""Brake assist"",""Child seat anchors"",""Lane departure warning""],""mechanical"":[""Power steering""],""technology"":[""Backup camera"",""Bluetooth hands-free"",""CD player"",""Cruise control"",""Keyless entry"",""Keyless start"",""Satellite radio"",""Touchscreen"",""USB input""],""other"":[""Android Auto"",""Apple CarPlay"",""Premium audio"",""Tire pressure system""]}",22,"This 2019 KIA Niro lx is located in California - Rancho Cucamonga and comes with a Clean Title. This vehicle is already competitively priced compared to similar listings on Autotrader. However, the price shown here is a Buy It Now option, which allows you to secure the vehicle immediately without waiting for the auction. If you are open to participating in the auction, you may have the opportunity to purchase this vehicle for less through bidding. NO DEALER LICENSE REQUIRED! Our inventory comes directly from auto auctions, giving you access to pricing that is a lot lower than traditional dealership listings. All purchases are completed through our website, where you can view full details, current bids, and auction activity. Register for free at https://www.salvagereseller.com to explore your options and potentially secure a better price.","[PREMIUM]",5,,,,,"[PREMIUM]"
"779680699","2026-05-25 21:02:20.549","2026-05-25 21:02:20.549","779680699","[PREMIUM]","50590246",2019,"CHRY","Chrysler","PACIFICA","Pacifica","Touring-L","VANS","Used","Used 2019 Chrysler Pacifica Touring-L",145067,"[PREMIUM]",,"Great","[PREMIUM]",8800,11150,"Black","BLACK","Black","BLACK","6CLDR","6-Cylinder","2 wheel drive - front","AUT","9-Speed Automatic","Automatic","G","Gasoline","Gas",19,28,3.6,true,19,false,false,false,false,false,false,false,"STANDARD",,"[PREMIUM]","[PREMIUM]","[PREMIUM]",,"[PREMIUM]",,,470611,4.1,97,0,"[""NO_SALVAGE_TITLE"",""NO_ACCIDENTS_REPORTED"",""ONE_OWNER""]","{""exterior"":[""Heated mirrors""],""interior"":[""Air conditioning"",""Steering wheel controls""],""safety"":[""Anti-lock brakes"",""Blind spot monitor"",""Brake assist"",""Child seat anchors"",""Lane departure warning""],""mechanical"":[""Power steering""],""technology"":[""Backup camera"",""Bluetooth hands-free"",""CD player"",""Cruise control"",""Keyless entry"",""Keyless start"",""Satellite radio"",""Touchscreen"",""USB input""],""other"":[""Android Auto"",""Apple CarPlay"",""Premium audio"",""Tire pressure system""]}",22,"This 2019 Chrysler Pacifica Touring l is located in Georgia - Byron and comes with a Clean Title. This vehicle is already competitively priced compared to similar listings on Autotrader. However, the price shown here is a Buy It Now option, which allows you to secure the vehicle immediately without waiting for the auction. If you are open to participating in the auction, you may have the opportunity to purchase this vehicle for less through bidding. NO DEALER LICENSE REQUIRED! Our inventory comes directly from auto auctions, giving you access to pricing that is a lot lower than traditional dealership listings. All purchases are completed through our website, where you can view full details, current bids, and auction activity. Register for free at https://www.salvagereseller.com to explore your options and potentially secure a better price.","[PREMIUM]",5,,,,,"[PREMIUM]"
"778141681","2026-05-25 21:02:10.305","2026-05-25 21:02:10.305","778141681","[PREMIUM]","49511696",2019,"JEEP","Jeep","CHER","Cherokee","Limited","SUV","Used","Used 2019 Jeep Cherokee Limited",219441,"[PREMIUM]",,"Great","[PREMIUM]",5860,7660,"Black","BLACK","Black","BLACK","4CLDR","4-Cylinder","2 wheel drive - front","AUT","9-Speed Automatic","Automatic","G","Gasoline","Gas",22,31,2.4,true,35,false,false,false,false,false,false,false,"STANDARD",,"[PREMIUM]","[PREMIUM]","[PREMIUM]",,"[PREMIUM]",,,434320,3.8,413,0,"[""NO_SALVAGE_TITLE"",""ACCIDENTS_REPORTED"",""NO_ONE_OWNER""]","{""exterior"":[""Heated mirrors""],""interior"":[""Air conditioning"",""Steering wheel controls""],""safety"":[""Anti-lock brakes"",""Blind spot monitor"",""Brake assist"",""Child seat anchors"",""Lane departure warning""],""mechanical"":[""Power steering""],""technology"":[""Backup camera"",""Bluetooth hands-free"",""CD player"",""Cruise control"",""Keyless entry"",""Keyless start"",""Satellite radio"",""Touchscreen"",""USB input""],""other"":[""Android Auto"",""Apple CarPlay"",""Premium audio"",""Tire pressure system""]}",22,"This 2019 Jeep Cherokee Limited is located in North Carolina - Lumberton and comes with a Clean Title. This vehicle is already competitively priced compared to similar listings on Autotrader. However, the price shown here is a Buy It Now option, which allows you to secure the vehicle immediately without waiting for the auction. If you are open to participating in the auction, you may have the opportunity to purchase this vehicle for less through bidding. NO DEALER LICENSE REQUIRED! Our inventory comes directly from auto auctions, giving you access to pricing that is a lot lower than traditional dealership listings. All purchases are completed through our website, where you can view full details, current bids, and auction activity. Register for free at https://www.salvagereseller.com to explore your options and potentially secure a better price.","[PREMIUM]",5,,,,,"[PREMIUM]"
"777338826","2026-05-25 21:02:10.303","2026-05-25 21:02:10.303","777338826","[PREMIUM]","48035336",2019,"HYUND","Hyundai","TUCSON","Tucson","SE","SUV","Used","Used 2019 Hyundai Tucson SE",157966,"[PREMIUM]",,"Great","[PREMIUM]",7480,8980,"Red","RED","Black","BLACK","4CLDR","4-Cylinder","2 wheel drive - front","AUT","6-Speed Automatic","Automatic","G","Gasoline","Gas",23,30,2,false,45,false,false,false,false,false,false,false,"STANDARD",,"[PREMIUM]","[PREMIUM]","[PREMIUM]",,"[PREMIUM]",,,439558,4,143,1,"[""NO_SALVAGE_TITLE"",""ACCIDENTS_REPORTED"",""NO_ONE_OWNER""]","{""exterior"":[""Heated mirrors""],""interior"":[""Air conditioning"",""Steering wheel controls""],""safety"":[""Anti-lock brakes"",""Blind spot monitor"",""Brake assist"",""Child seat anchors"",""Lane departure warning""],""mechanical"":[""Power steering""],""technology"":[""Backup camera"",""Bluetooth hands-free"",""CD player"",""Cruise control"",""Keyless entry"",""Keyless start"",""Satellite radio"",""Touchscreen"",""USB input""],""other"":[""Android Auto"",""Apple CarPlay"",""Premium audio"",""Tire pressure system""]}",22,"This 2019 Hyundai Tucson se is located in Texas - Longview and comes with a Clean Title. This vehicle is already competitively priced compared to similar listings on Autotrader. However, the price shown here is a Buy It Now option, which allows you to secure the vehicle immediately without waiting for the auction. If you are open to participating in the auction, you may have the opportunity to purchase this vehicle for less through bidding. NO DEALER LICENSE REQUIRED! Our inventory comes directly from auto auctions, giving you access to pricing that is a lot lower than traditional dealership listings. All purchases are completed through our website, where you can view full details, current bids, and auction activity. Register for free at https://www.salvagereseller.com to explore your options and potentially secure a better price.","[PREMIUM]",5,,,,,"[PREMIUM]"
"779672097","2026-05-25 21:02:10.303","2026-05-25 21:02:10.303","779672097","[PREMIUM]","79055345",2019,"FORD","Ford","ESCAPE","Escape","SE","SUV","Used","Used 2019 Ford Escape SE",129287,"[PREMIUM]",,"Great","[PREMIUM]",6000,7850,"Red","RED","Black","BLACK","4CLDR","4-Cylinder Turbo","4 wheel drive","AUT","6-Speed Automatic","Automatic","G","Gasoline","Gas",22,28,2,false,19,false,false,false,false,false,false,false,"STANDARD",,"[PREMIUM]","[PREMIUM]","[PREMIUM]",,"[PREMIUM]",,,439751,4.3,1032,0,"[""NO_SALVAGE_TITLE"",""ACCIDENTS_REPORTED"",""NO_ONE_OWNER""]","{""exterior"":[""Heated mirrors""],""interior"":[""Air conditioning"",""Steering wheel controls""],""safety"":[""Anti-lock brakes"",""Blind spot monitor"",""Brake assist"",""Child seat anchors"",""Lane departure warning""],""mechanical"":[""Power steering""],""technology"":[""Backup camera"",""Bluetooth hands-free"",""CD player"",""Cruise control"",""Keyless entry"",""Keyless start"",""Satellite radio"",""Touchscreen"",""USB input""],""other"":[""Android Auto"",""Apple CarPlay"",""Premium audio"",""Tire pressure system""]}",22,"This 2019 Ford Escape se is located in North Carolina - Mebane and comes with a Clean Title. This vehicle is already competitively priced compared to similar listings on Autotrader. However, the price shown here is a Buy It Now option, which allows you to secure the vehicle immediately without waiting for the auction. If you are open to participating in the auction, you may have the opportunity to purchase this vehicle for less through bidding. NO DEALER LICENSE REQUIRED! Our inventory comes directly from auto auctions, giving you access to pricing that is a lot lower than traditional dealership listings. All purchases are completed through our website, where you can view full details, current bids, and auction activity. Register for free at https://www.salvagereseller.com to explore your options and potentially secure a better price.","[PREMIUM]",5,,,,,"[PREMIUM]"
"780695153","2026-05-25 21:01:50.246","2026-05-25 21:01:50.246","780695153","[PREMIUM]","53531426",2019,"JAG","Jaguar","JAGXE","XE","S","SEDAN","Used","Used 2019 Jaguar XE S",128962,"[PREMIUM]",,"Great","[PREMIUM]",9690,12490,"White","WHITE","Black","BLACK","6CLDR","6-Cylinder Supercharged","2 wheel drive - rear","AUT","8-Speed Automatic","Automatic","G","Gasoline","Gas",21,30,3,true,7,false,false,false,false,false,false,false,"STANDARD",,"[PREMIUM]","[PREMIUM]","[PREMIUM]",,"[PREMIUM]",,,443049,4.6,24,1,"[""NO_SALVAGE_TITLE"",""NO_ACCIDENTS_REPORTED"",""ONE_OWNER""]","{""exterior"":[""Heated mirrors""],""interior"":[""Air conditioning"",""Steering wheel controls""],""safety"":[""Anti-lock brakes"",""Blind spot monitor"",""Brake assist"",""Child seat anchors"",""Lane departure warning""],""mechanical"":[""Power steering""],""technology"":[""Backup camera"",""Bluetooth hands-free"",""CD player"",""Cruise control"",""Keyless entry"",""Keyless start"",""Satellite radio"",""Touchscreen"",""USB input""],""other"":[""Android Auto"",""Apple CarPlay"",""Premium audio"",""Tire pressure system""]}",22,"This 2019 Jaguar Xe s is located in South Carolina - Spartanburg and comes with a Clean Title. This vehicle is already competitively priced compared to similar listings on Autotrader. However, the price shown here is a Buy It Now option, which allows you to secure the vehicle immediately without waiting for the auction. If you are open to participating in the auction, you may have the opportunity to purchase this vehicle for less through bidding. NO DEALER LICENSE REQUIRED! Our inventory comes directly from auto auctions, giving you access to pricing that is a lot lower than traditional dealership listings. All purchases are completed through our website, where you can view full details, current bids, and auction activity. Register for free at https://www.salvagereseller.com to explore your options and potentially secure a better price.","[PREMIUM]",5,,,,,"[PREMIUM]"
"779681089","2026-05-25 21:01:50.119","2026-05-25 21:01:50.119","779681089","[PREMIUM]","51168526",2019,"JEEP","Jeep","CHER","Cherokee","Latitude","SUV","Used","Used 2019 Jeep Cherokee Latitude w/ Popular Appearance Group",161382,"[PREMIUM]",,"Great","[PREMIUM]",7110,8560,"White","WHITE","Black","BLACK","4CLDR","4-Cylinder","2 wheel drive - front","AUT","9-Speed Automatic","Automatic","G","Gasoline","Gas",22,31,2.4,false,19,false,false,false,false,false,false,false,"STANDARD",,"[PREMIUM]","[PREMIUM]","[PREMIUM]",,"[PREMIUM]",,,434317,3.8,413,0,"[""NO_SALVAGE_TITLE"",""NO_ACCIDENTS_REPORTED"",""NO_ONE_OWNER""]","{""exterior"":[""Heated mirrors""],""interior"":[""Air conditioning"",""Steering wheel controls""],""safety"":[""Anti-lock brakes"",""Blind spot monitor"",""Brake assist"",""Child seat anchors"",""Lane departure warning""],""mechanical"":[""Power steering""],""technology"":[""Backup camera"",""Bluetooth hands-free"",""CD player"",""Cruise control"",""Keyless entry"",""Keyless start"",""Satellite radio"",""Touchscreen"",""USB input""],""other"":[""Android Auto"",""Apple CarPlay"",""Premium audio"",""Tire pressure system""]}",22,"This 2019 Jeep Cherokee Latitude is located in Texas - Wilmer and comes with a Clean Title. This vehicle is already competitively priced compared to similar listings on Autotrader. However, the price shown here is a Buy It Now option, which allows you to secure the vehicle immediately without waiting for the auction. If you are open to participating in the auction, you may have the opportunity to purchase this vehicle for less through bidding. NO DEALER LICENSE REQUIRED! Our inventory comes directly from auto auctions, giving you access to pricing that is a lot lower than traditional dealership listings. All purchases are completed through our website, where you can view full details, current bids, and auction activity. Register for free at https://www.salvagereseller.com to explore your options and potentially secure a better price.","[PREMIUM]",5,,,,,"[PREMIUM]"
"780534461","2026-05-25 21:01:39.972","2026-05-25 21:01:39.972","780534461","[PREMIUM]","95458755",2019,"FORD","Ford","ESCAPE","Escape","SE","SUV","Used","Used 2019 Ford Escape SE",138991,"[PREMIUM]",,"Great","[PREMIUM]",5500,7250,"Gray","GRAY","Black","BLACK","4CLDR","4-Cylinder Turbo","2 wheel drive - front","AUT","6-Speed Automatic","Automatic","G","Gasoline","Gas",23,30,1.5,false,9,false,false,false,false,false,false,false,"STANDARD",,"[PREMIUM]","[PREMIUM]","[PREMIUM]",,"[PREMIUM]",,,439751,4.3,1032,0,"[""NO_SALVAGE_TITLE"",""ACCIDENTS_REPORTED"",""NO_ONE_OWNER""]","{""exterior"":[""Heated mirrors""],""interior"":[""Air conditioning"",""Steering wheel controls""],""safety"":[""Anti-lock brakes"",""Blind spot monitor"",""Brake assist"",""Child seat anchors"",""Lane departure warning""],""mechanical"":[""Power steering""],""technology"":[""Backup camera"",""Bluetooth hands-free"",""CD player"",""Cruise control"",""Keyless entry"",""Keyless start"",""Satellite radio"",""Touchscreen"",""USB input""],""other"":[""Android Auto"",""Apple CarPlay"",""Premium audio"",""Tire pressure system""]}",22,"This 2019 Ford Escape se is located in California - Sacramento and comes with a Clean Title. This vehicle is already competitively priced compared to similar listings on Autotrader. However, the price shown here is a Buy It Now option, which allows you to secure the vehicle immediately without waiting for the auction. If you are open to participating in the auction, you may have the opportunity to purchase this vehicle for less through bidding. NO DEALER LICENSE REQUIRED! Our inventory comes directly from auto auctions, giving you access to pricing that is a lot lower than traditional dealership listings. All purchases are completed through our website, where you can view full details, current bids, and auction activity. Register for free at https://www.salvagereseller.com to explore your options and potentially secure a better price.","[PREMIUM]",5,,,,,"[PREMIUM]"
"780396157","2026-05-25 21:01:39.834","2026-05-25 21:01:39.834","780396157","[PREMIUM]","53540846",2019,"DODGE","Dodge","GRANDCARAV","Grand Caravan","SXT","VANS","Used","Used 2019 Dodge Grand Caravan SXT",139988,"[PREMIUM]",,"Great","[PREMIUM]",7470,9520,"Gray","GRAY","Black","BLACK","6CLDR","6-Cylinder","2 wheel drive - front","AUT","6-Speed Automatic","Automatic","F","Flexible Fuel","Gas",17,25,3.6,true,11,false,false,false,false,false,false,false,"STANDARD",,"[PREMIUM]","[PREMIUM]","[PREMIUM]",,"[PREMIUM]",,,438231,3.7,427,0,"[""NO_SALVAGE_TITLE"",""NO_ACCIDENTS_REPORTED"",""NO_ONE_OWNER""]","{""exterior"":[""Heated mirrors""],""interior"":[""Air conditioning"",""Steering wheel controls""],""safety"":[""Anti-lock brakes"",""Blind spot monitor"",""Brake assist"",""Child seat anchors"",""Lane departure warning""],""mechanical"":[""Power steering""],""technology"":[""Backup camera"",""Bluetooth hands-free"",""CD player"",""Cruise control"",""Keyless entry"",""Keyless start"",""Satellite radio"",""Touchscreen"",""USB input""],""other"":[""Android Auto"",""Apple CarPlay"",""Premium audio"",""Tire pressure system""]}",22,"This 2019 Dodge Grand Caravan sxt is located in Pennsylvania - Chalfont and comes with a Clean Title. This vehicle is already competitively priced compared to similar listings on Autotrader. However, the price shown here is a Buy It Now option, which allows you to secure the vehicle immediately without waiting for the auction. If you are open to participating in the auction, you may have the opportunity to purchase this vehicle for less through bidding. NO DEALER LICENSE REQUIRED! Our inventory comes directly from auto auctions, giving you access to pricing that is a lot lower than traditional dealership listings. All purchases are completed through our website, where you can view full details, current bids, and auction activity. Register for free at https://www.salvagereseller.com to explore your options and potentially secure a better price.","[PREMIUM]",5,,,,,"[PREMIUM]"
"778074879","2026-05-25 21:01:39.826","2026-05-25 21:01:39.826","778074879","[PREMIUM]","77852695",2019,"KIA","Kia","SOUL","Soul","!","HATCH","Used","Used 2019 Kia Soul ! w/ Technology Package",117174,"[PREMIUM]",,"Great","[PREMIUM]",6910,8610,"Black","BLACK","Black","BLACK","4CLDR","4-Cylinder Turbo","2 wheel drive - front","AUT","7-Speed Automatic","Automatic","G","Gasoline","Gas",26,31,1.6,true,36,false,false,false,false,false,false,false,"STANDARD",,"[PREMIUM]","[PREMIUM]","[PREMIUM]",,"[PREMIUM]",,,436934,4.5,274,1,"[""NO_SALVAGE_TITLE"",""NO_ACCIDENTS_REPORTED"",""NO_ONE_OWNER""]","{""exterior"":[""Heated mirrors""],""interior"":[""Air conditioning"",""Steering wheel controls""],""safety"":[""Anti-lock brakes"",""Blind spot monitor"",""Brake assist"",""Child seat anchors"",""Lane departure warning""],""mechanical"":[""Power steering""],""technology"":[""Backup camera"",""Bluetooth hands-free"",""CD player"",""Cruise control"",""Keyless entry"",""Keyless start"",""Satellite radio"",""Touchscreen"",""USB input""],""other"":[""Android Auto"",""Apple CarPlay"",""Premium audio"",""Tire pressure system""]}",22,"This 2019 KIA Soul is located in Ohio - Moraine and comes with a Clean Title. This vehicle is already competitively priced compared to similar listings on Autotrader. However, the price shown here is a Buy It Now option, which allows you to secure the vehicle immediately without waiting for the auction. If you are open to participating in the auction, you may have the opportunity to purchase this vehicle for less through bidding. NO DEALER LICENSE REQUIRED! Our inventory comes directly from auto auctions, giving you access to pricing that is a lot lower than traditional dealership listings. All purchases are completed through our website, where you can view full details, current bids, and auction activity. Register for free at https://www.salvagereseller.com to explore your options and potentially secure a better price.","[PREMIUM]",5,,,,,"[PREMIUM]"
"780795477","2026-05-25 21:01:29.690","2026-05-25 21:01:29.690","780795477","[PREMIUM]","53955266",2019,"MIT","Mitsubishi","OUTLANDER","Outlander","ES","SUV","Used","Used 2019 Mitsubishi Outlander ES",218846,"[PREMIUM]",,,"[PREMIUM]",,,"Red","RED","Black","BLACK","4CLDR","4-Cylinder","2 wheel drive - front","AUT","Continuously Variable Automatic","Automatic","G","Gasoline","Gas",25,30,2.4,false,6,false,true,false,false,false,false,false,"STANDARD",,"[PREMIUM]","[PREMIUM]","[PREMIUM]",,"[PREMIUM]",,,,0,0,0,"[""NO_SALVAGE_TITLE"",""ACCIDENTS_REPORTED"",""ONE_OWNER""]","{""exterior"":[""Heated mirrors""],""interior"":[""Air conditioning"",""Steering wheel controls""],""safety"":[""Anti-lock brakes"",""Blind spot monitor"",""Brake assist"",""Child seat anchors"",""Lane departure warning""],""mechanical"":[""Power steering""],""technology"":[""Backup camera"",""Bluetooth hands-free"",""CD player"",""Cruise control"",""Keyless entry"",""Keyless start"",""Satellite radio"",""Touchscreen"",""USB input""],""other"":[""Android Auto"",""Apple CarPlay"",""Premium audio"",""Tire pressure system""]}",22,"This 2019 Mitsubishi Outlander es is located in Texas - Haslet and comes with a Clean Title. This vehicle is already competitively priced compared to similar listings on Autotrader. However, the price shown here is a Buy It Now option, which allows you to secure the vehicle immediately without waiting for the auction. If you are open to participating in the auction, you may have the opportunity to purchase this vehicle for less through bidding. NO DEALER LICENSE REQUIRED! Our inventory comes directly from auto auctions, giving you access to pricing that is a lot lower than traditional dealership listings. All purchases are completed through our website, where you can view full details, current bids, and auction activity. Register for free at https://www.salvagereseller.com to explore your options and potentially secure a better price.","[PREMIUM]",5,,,,,"[PREMIUM]"
"778870322","2026-05-25 21:01:29.686","2026-05-25 21:01:29.686","778870322","[PREMIUM]","53306256",2019,"CHEV","Chevrolet","CHEXP2500","Express 2500","Extended","VANS","Used","Used 2019 Chevrolet Express 2500 Extended",305378,"[PREMIUM]",,"Great","[PREMIUM]",2660,5110,"Black","BLACK","Black","BLACK","6CLDR","6-Cylinder","2 wheel drive - rear","AUT","8-Speed Automatic","Automatic","G","Gasoline","Gas",,,4.3,false,27,false,false,false,false,false,false,false,"STANDARD",,"[PREMIUM]","[PREMIUM]","[PREMIUM]",,"[PREMIUM]",,,442455,4.2,290,0,"[""NO_SALVAGE_TITLE"",""NO_ACCIDENTS_REPORTED"",""ONE_OWNER""]","{""exterior"":[""Heated mirrors""],""interior"":[""Air conditioning"",""Steering wheel controls""],""safety"":[""Anti-lock brakes"",""Blind spot monitor"",""Brake assist"",""Child seat anchors"",""Lane departure warning""],""mechanical"":[""Power steering""],""technology"":[""Backup camera"",""Bluetooth hands-free"",""CD player"",""Cruise control"",""Keyless entry"",""Keyless start"",""Satellite radio"",""Touchscreen"",""USB input""],""other"":[""Android Auto"",""Apple CarPlay"",""Premium audio"",""Tire pressure system""]}",22,"This 2019 Chevrolet 2019 Chevy Express G2500-r&amp;d-pri Fleet-ck eng on is located in Kentucky - Lexington and comes with a Clean Title. This vehicle is already competitively priced compared to similar listings on Autotrader. However, the price shown here is a Buy It Now option, which allows you to secure the vehicle immediately without waiting for the auction. If you are open to participating in the auction, you may have the opportunity to purchase this vehicle for less through bidding. NO DEALER LICENSE REQUIRED! Our inventory comes directly from auto auctions, giving you access to pricing that is a lot lower than traditional dealership listings. All purchases are completed through our website, where you can view full details, current bids, and auction activity. Register for free at https://www.salvagereseller.com to explore your options and potentially secure a better price.","[PREMIUM]",5,,,,,"[PREMIUM]"
"779442122","2026-05-25 21:01:19.501","2026-05-25 21:01:19.501","779442122","[PREMIUM]","52201456",2019,"FORD","Ford","ESCAPE","Escape","SE","SUV","Used","Used 2019 Ford Escape SE",107217,"[PREMIUM]",,"Great","[PREMIUM]",8360,10210,"Silver","SILVER","Black","BLACK","4CLDR","4-Cylinder Turbo","4 wheel drive","AUT","6-Speed Automatic","Automatic","G","Gasoline","Gas",22,28,1.5,false,21,false,false,false,false,false,false,false,"STANDARD",,"[PREMIUM]","[PREMIUM]","[PREMIUM]",,"[PREMIUM]",,,439751,4.3,1032,0,"[""NO_SALVAGE_TITLE"",""NO_ACCIDENTS_REPORTED"",""NO_ONE_OWNER""]","{""exterior"":[""Heated mirrors""],""interior"":[""Air conditioning"",""Steering wheel controls""],""safety"":[""Anti-lock brakes"",""Blind spot monitor"",""Brake assist"",""Child seat anchors"",""Lane departure warning""],""mechanical"":[""Power steering""],""technology"":[""Backup camera"",""Bluetooth hands-free"",""CD player"",""Cruise control"",""Keyless entry"",""Keyless start"",""Satellite radio"",""Touchscreen"",""USB input""],""other"":[""Android Auto"",""Apple CarPlay"",""Premium audio"",""Tire pressure system""]}",22,"This 2019 Ford Escape se is located in Ohio - Northfield and comes with a Clean Title. This vehicle is already competitively priced compared to similar listings on Autotrader. However, the price shown here is a Buy It Now option, which allows you to secure the vehicle immediately without waiting for the auction. If you are open to participating in the auction, you may have the opportunity to purchase this vehicle for less through bidding. NO DEALER LICENSE REQUIRED! Our inventory comes directly from auto auctions, giving you access to pricing that is a lot lower than traditional dealership listings. All purchases are completed through our website, where you can view full details, current bids, and auction activity. Register for free at https://www.salvagereseller.com to explore your options and potentially secure a better price.","[PREMIUM]",5,,,,,"[PREMIUM]"
"780406250","2026-05-25 21:01:09.366","2026-05-25 21:01:09.366","780406250","[PREMIUM]","53706396",2019,"JEEP","Jeep","CHER","Cherokee","Latitude Plus","SUV","Used","Used 2019 Jeep Cherokee Latitude Plus",181795,"[PREMIUM]",,"Great","[PREMIUM]",6880,8880,"Black","BLACK","Black","BLACK","4CLDR","4-Cylinder","4 wheel drive","AUT","9-Speed Automatic","Automatic","G","Gasoline","Gas",21,29,2.4,false,11,false,false,false,false,false,false,false,"STANDARD",,"[PREMIUM]","[PREMIUM]","[PREMIUM]",,"[PREMIUM]",,,434318,3.8,413,0,"[""NO_SALVAGE_TITLE"",""NO_ACCIDENTS_REPORTED"",""NO_ONE_OWNER""]","{""exterior"":[""Heated mirrors""],""interior"":[""Air conditioning"",""Steering wheel controls""],""safety"":[""Anti-lock brakes"",""Blind spot monitor"",""Brake assist"",""Child seat anchors"",""Lane departure warning""],""mechanical"":[""Power steering""],""technology"":[""Backup camera"",""Bluetooth hands-free"",""CD player"",""Cruise control"",""Keyless entry"",""Keyless start"",""Satellite radio"",""Touchscreen"",""USB input""],""other"":[""Android Auto"",""Apple CarPlay"",""Premium audio"",""Tire pressure system""]}",22,"This 2019 Jeep Cherokee Latitude Plus is located in Tennessee - Memphis and comes with a Clean Title. This vehicle is already competitively priced compared to similar listings on Autotrader. However, the price shown here is a Buy It Now option, which allows you to secure the vehicle immediately without waiting for the auction. If you are open to participating in the auction, you may have the opportunity to purchase this vehicle for less through bidding. NO DEALER LICENSE REQUIRED! Our inventory comes directly from auto auctions, giving you access to pricing that is a lot lower than traditional dealership listings. All purchases are completed through our website, where you can view full details, current bids, and auction activity. Register for free at https://www.salvagereseller.com to explore your options and potentially secure a better price.","[PREMIUM]",5,,,,,"[PREMIUM]"
"776257086","2026-05-25 21:00:59.234","2026-05-25 21:00:59.234","776257086","[PREMIUM]","46297416",2019,"HYUND","Hyundai","ELANTR","Elantra","SEL","SEDAN","Used","Used 2019 Hyundai Elantra SEL",175809,"[PREMIUM]",,"Great","[PREMIUM]",6350,7600,"Blue","BLUE","Black","BLACK","4CLDR","4-Cylinder","2 wheel drive - front","AUT","6-Speed Automatic","Automatic","G","Gasoline","Gas",28,37,2,false,56,false,false,false,false,false,false,false,"STANDARD",,"[PREMIUM]","[PREMIUM]","[PREMIUM]",,"[PREMIUM]",,,438553,4,135,1,"[""NO_SALVAGE_TITLE"",""NO_ACCIDENTS_REPORTED"",""NO_ONE_OWNER""]","{""exterior"":[""Heated mirrors""],""interior"":[""Air conditioning"",""Steering wheel controls""],""safety"":[""Anti-lock brakes"",""Blind spot monitor"",""Brake assist"",""Child seat anchors"",""Lane departure warning""],""mechanical"":[""Power steering""],""technology"":[""Backup camera"",""Bluetooth hands-free"",""CD player"",""Cruise control"",""Keyless entry"",""Keyless start"",""Satellite radio"",""Touchscreen"",""USB input""],""other"":[""Android Auto"",""Apple CarPlay"",""Premium audio"",""Tire pressure system""]}",22,"This 2019 Hyundai Elantra sel is located in California - Fresno and comes with a Clean Title. This vehicle is already competitively priced compared to similar listings on Autotrader. However, the price shown here is a Buy It Now option, which allows you to secure the vehicle immediately without waiting for the auction. If you are open to participating in the auction, you may have the opportunity to purchase this vehicle for less through bidding. NO DEALER LICENSE REQUIRED! Our inventory comes directly from auto auctions, giving you access to pricing that is a lot lower than traditional dealership listings. All purchases are completed through our website, where you can view full details, current bids, and auction activity. Register for free at https://www.salvagereseller.com to explore your options and potentially secure a better price.","[PREMIUM]",5,,,,,"[PREMIUM]"
"780087399","2026-05-25 21:00:59.233","2026-05-25 21:00:59.233","780087399","[PREMIUM]","95951775",2019,"DODGE","Dodge","GRANDCARAV","Grand Caravan","SXT","VANS","Used","Used 2019 Dodge Grand Caravan SXT",233806,"[PREMIUM]",,"Great","[PREMIUM]",3120,5170,"Black","BLACK","Black","BLACK","6CLDR","6-Cylinder","2 wheel drive - front","AUT","6-Speed Automatic","Automatic","F","Flexible Fuel","Gas",17,25,3.6,true,14,false,false,false,false,false,false,false,"STANDARD",,"[PREMIUM]","[PREMIUM]","[PREMIUM]",,"[PREMIUM]",,,438231,3.7,427,0,"[""NO_SALVAGE_TITLE"",""ACCIDENTS_REPORTED"",""NO_ONE_OWNER""]","{""exterior"":[""Heated mirrors""],""interior"":[""Air conditioning"",""Steering wheel controls""],""safety"":[""Anti-lock brakes"",""Blind spot monitor"",""Brake assist"",""Child seat anchors"",""Lane departure warning""],""mechanical"":[""Power steering""],""technology"":[""Backup camera"",""Bluetooth hands-free"",""CD player"",""Cruise control"",""Keyless entry"",""Keyless start"",""Satellite radio"",""Touchscreen"",""USB input""],""other"":[""Android Auto"",""Apple CarPlay"",""Premium audio"",""Tire pressure system""]}",22,"This 2019 Dodge Grand Caravan sxt is located in Nebraska - Greenwood and comes with a Clean Title. This vehicle is already competitively priced compared to similar listings on Autotrader. However, the price shown here is a Buy It Now option, which allows you to secure the vehicle immediately without waiting for the auction. If you are open to participating in the auction, you may have the opportunity to purchase this vehicle for less through bidding. NO DEALER LICENSE REQUIRED! Our inventory comes directly from auto auctions, giving you access to pricing that is a lot lower than traditional dealership listings. All purchases are completed through our website, where you can view full details, current bids, and auction activity. Register for free at https://www.salvagereseller.com to explore your options and potentially secure a better price.","[PREMIUM]",5,,,,,"[PREMIUM]"
"780087242","2026-05-25 21:00:59.226","2026-05-25 21:00:59.226","780087242","[PREMIUM]","51370606",2019,"FORD","Ford","FUSION","Fusion","SE","SEDAN","Used","Used 2019 Ford Fusion SE",156427,"[PREMIUM]",,"Great","[PREMIUM]",5210,6910,"White","WHITE","Black","BLACK","4CLDR","4-Cylinder Turbo","2 wheel drive - front","AUT","6-Speed Automatic","Automatic","G","Gasoline","Gas",23,34,1.5,false,14,false,false,false,false,false,false,false,"STANDARD",,"[PREMIUM]","[PREMIUM]","[PREMIUM]",,"[PREMIUM]",,,438725,4.4,436,0,"[""NO_SALVAGE_TITLE"",""NO_ACCIDENTS_REPORTED"",""NO_ONE_OWNER""]","{""exterior"":[""Heated mirrors""],""interior"":[""Air conditioning"",""Steering wheel controls""],""safety"":[""Anti-lock brakes"",""Blind spot monitor"",""Brake assist"",""Child seat anchors"",""Lane departure warning""],""mechanical"":[""Power steering""],""technology"":[""Backup camera"",""Bluetooth hands-free"",""CD player"",""Cruise control"",""Keyless entry"",""Keyless start"",""Satellite radio"",""Touchscreen"",""USB input""],""other"":[""Android Auto"",""Apple CarPlay"",""Premium audio"",""Tire pressure system""]}",22,"This 2019 Ford Fusion se is located in Alabama - Hueytown and comes with a Clean Title. This vehicle is already competitively priced compared to similar listings on Autotrader. However, the price shown here is a Buy It Now option, which allows you to secure the vehicle immediately without waiting for the auction. If you are open to participating in the auction, you may have the opportunity to purchase this vehicle for less through bidding. NO DEALER LICENSE REQUIRED! Our inventory comes directly from auto auctions, giving you access to pricing that is a lot lower than traditional dealership listings. All purchases are completed through our website, where you can view full details, current bids, and auction activity. Register for free at https://www.salvagereseller.com to explore your options and potentially secure a better price.","[PREMIUM]",5,,,,,"[PREMIUM]"
"779793043","2026-05-25 21:00:49.053","2026-05-25 21:00:49.053","779793043","[PREMIUM]","52830736",2019,"NISSAN","Nissan","VERSA","Versa","SV","SEDAN","Used","Used 2019 Nissan Versa SV",114024,"[PREMIUM]",,"Great","[PREMIUM]",6170,7070,"White","WHITE","Black","BLACK","4CLDR","4-Cylinder","2 wheel drive - front","AUT","Continuously Variable Automatic","Automatic","G","Gasoline","Gas",31,39,1.6,false,18,false,false,false,false,false,false,false,"STANDARD",,"[PREMIUM]","[PREMIUM]","[PREMIUM]",,"[PREMIUM]",,,438607,3.8,326,0,"[""NO_SALVAGE_TITLE"",""NO_ACCIDENTS_REPORTED"",""NO_ONE_OWNER""]","{""exterior"":[""Heated mirrors""],""interior"":[""Air conditioning"",""Steering wheel controls""],""safety"":[""Anti-lock brakes"",""Blind spot monitor"",""Brake assist"",""Child seat anchors"",""Lane departure warning""],""mechanical"":[""Power steering""],""technology"":[""Backup camera"",""Bluetooth hands-free"",""CD player"",""Cruise control"",""Keyless entry"",""Keyless start"",""Satellite radio"",""Touchscreen"",""USB input""],""other"":[""Android Auto"",""Apple CarPlay"",""Premium audio"",""Tire pressure system""]}",22,"This 2019 Nissan Versa sv is located in Colorado - Denver and comes with a Clean Title. This vehicle is already competitively priced compared to similar listings on Autotrader. However, the price shown here is a Buy It Now option, which allows you to secure the vehicle immediately without waiting for the auction. If you are open to participating in the auction, you may have the opportunity to purchase this vehicle for less through bidding. NO DEALER LICENSE REQUIRED! Our inventory comes directly from auto auctions, giving you access to pricing that is a lot lower than traditional dealership listings. All purchases are completed through our website, where you can view full details, current bids, and auction activity. Register for free at https://www.salvagereseller.com to explore your options and potentially secure a better price.","[PREMIUM]",5,,,,,"[PREMIUM]"
"780396248","2026-05-25 21:00:38.890","2026-05-25 21:00:38.890","780396248","[PREMIUM]","50792376",2019,"DODGE","Dodge","JOURNEY","Journey","SE","SUV","Used","Used 2019 Dodge Journey SE w/ Premium Group",206486,"[PREMIUM]",,"Great","[PREMIUM]",2700,4300,"Red","RED","Black","BLACK","4CLDR","4-Cylinder","2 wheel drive - front","AUT","4-Speed Automatic","Automatic","G","Gasoline","Gas",19,25,2.4,false,11,false,false,false,false,false,false,false,"STANDARD",,"[PREMIUM]","[PREMIUM]","[PREMIUM]",,"[PREMIUM]",,,441197,3.7,571,1,"[""NO_SALVAGE_TITLE"",""NO_ACCIDENTS_REPORTED"",""NO_ONE_OWNER""]","{""exterior"":[""Heated mirrors""],""interior"":[""Air conditioning"",""Steering wheel controls""],""safety"":[""Anti-lock brakes"",""Blind spot monitor"",""Brake assist"",""Child seat anchors"",""Lane departure warning""],""mechanical"":[""Power steering""],""technology"":[""Backup camera"",""Bluetooth hands-free"",""CD player"",""Cruise control"",""Keyless entry"",""Keyless start"",""Satellite radio"",""Touchscreen"",""USB input""],""other"":[""Android Auto"",""Apple CarPlay"",""Premium audio"",""Tire pressure system""]}",22,"This 2019 Dodge Journey se is located in Florida - Jacksonville and comes with a Clean Title. This vehicle is already competitively priced compared to similar listings on Autotrader. However, the price shown here is a Buy It Now option, which allows you to secure the vehicle immediately without waiting for the auction. If you are open to participating in the auction, you may have the opportunity to purchase this vehicle for less through bidding. NO DEALER LICENSE REQUIRED! Our inventory comes directly from auto auctions, giving you access to pricing that is a lot lower than traditional dealership listings. All purchases are completed through our website, where you can view full details, current bids, and auction activity. Register for free at https://www.salvagereseller.com to explore your options and potentially secure a better price.","[PREMIUM]",5,,,,,"[PREMIUM]"
"780545045","2026-05-25 21:00:28.736","2026-05-25 21:00:28.736","780545045","[PREMIUM]","PT2951",2019,"FORD","Ford","FORDF550","F550","4x4 Regular Cab Super Duty","TRUCKS","Used","Used 2019 Ford F550 4x4 Regular Cab Super Duty",167669,"[PREMIUM]",,,"[PREMIUM]",0,0,"Oxford White","WHITE","Medium Earth Gray","GRAY","10CLDR","10-Cylinder","4 wheel drive","AUT","6-Speed Automatic","Automatic","G","Gasoline","Gas",,,6.8,false,5,false,true,false,false,false,false,false,"FEATURED",,"[PREMIUM]","[PREMIUM]","[PREMIUM]",,"[PREMIUM]",,,435835,0,0,0,"[""NO_SALVAGE_TITLE"",""NO_FRAME_DAMAGE"",""NO_FLOOD_WATER_DAMAGE"",""ACCIDENTS_REPORTED"",""ONE_OWNER""]","{""exterior"":[""Delay-off headlights"",""Fully automatic headlights""],""interior"":[""Air Conditioning"",""Cloth 40/20/40 Split Bench Seat"",""Front Center Armrest w/Storage"",""Front beverage holders"",""Front reading lights"",""Passenger vanity mirror"",""Privacy Glass"",""Tachometer"",""Telescoping steering wheel"",""Tilt steering wheel"",""Trip computer"",""Variably intermittent wipers""],""safety"":[""ABS brakes"",""Brake assist"",""Dual front impact airbags"",""Dual front side impact airbags"",""Overhead airbag"",""Passenger cancellable airbag"",""Traction control""],""mechanical"":[""4-Wheel Disc Brakes"",""4.88 Axle Ratio"",""Power steering""],""technology"":[""Radio: AM/FM Stereo/MP3 Player"",""SYNC Communications & Entertainment System"",""SiriusXM Satellite Radio""],""other"":[""000 lbs Payload Package"",""Dual rear wheels"",""Front anti-roll bar"",""GVWR: 18"",""Outside temperature display"",""Rear anti-roll bar"",""Wheels: 19.5\"" Argent Painted Steel""]}",34,"Oxford White 2019 Ford F-550SD XL DRW 4WD TorqShift 6-Speed Automatic V10 4WD.<br><br>Welcome to the family! Recent Arrival!","[PREMIUM]",,,,,,"[PREMIUM]"
"776031618","2026-05-25 21:00:28.721","2026-05-25 21:00:28.721","776031618","[PREMIUM]","101436",2019,"NISSAN","Nissan","PATH","Pathfinder","S","SUV","Used","Used 2019 Nissan Pathfinder S",152064,"[PREMIUM]",,"Great","[PREMIUM]",5680,7730,"White","WHITE","Black","BLACK","6CLDR","6-Cylinder","2 wheel drive - front","AUT","Continuously Variable Automatic","Automatic","G","Gasoline","Gas",20,27,3.5,false,59,false,false,false,false,false,false,false,"STANDARD",,"[PREMIUM]","[PREMIUM]","[PREMIUM]",,"[PREMIUM]",,,439546,3.9,221,0,"[""NO_SALVAGE_TITLE"",""ACCIDENTS_REPORTED"",""NO_ONE_OWNER""]","{""interior"":[""Air Conditioning"",""Power Locks"",""Power Windows"",""Tilt Wheel""],""safety"":[""Alarm"",""All Wheel ABS"",""Daytime Running Lights"",""Dual Front Airbags""],""mechanical"":[""Power Steering""],""technology"":[""AM/FM CD/MP3"",""Immobilizer"",""Keyless Entry""],""other"":[""Active Belts"",""Passenger Sensor"",""Satellite""]}",15,"More <br><br>For more information, and to check availability please call","[PREMIUM]",5,,,,,"[PREMIUM]"
"781283085","2026-05-25 21:00:18.568","2026-05-25 21:00:18.568","781283085","[PREMIUM]","209125",2019,"NISSAN","Nissan","ALTIMA","Altima","2.5 SR","SEDAN","Used","Used 2019 Nissan Altima 2.5 SR",103244,"[PREMIUM]",,,"[PREMIUM]",10500,12750,"Gun Metallic","GRAY","Sport","UNAVAIL","4CLDR","4-Cylinder","2 wheel drive - front","AUT","Continuously Variable Automatic","Automatic","G","Gasoline","Gas",27,37,2.5,false,1,false,true,false,false,false,false,false,"STANDARD",,"[PREMIUM]","[PREMIUM]","[PREMIUM]",,"[PREMIUM]",,,438838,4.1,59,0,"[""NO_SALVAGE_TITLE"",""ACCIDENTS_REPORTED"",""NO_ONE_OWNER""]","{""exterior"":[""Gun Metallic""],""interior"":[""L93 Sr Floor Mats/Trunk Mat/Hideaway Nets"",""Lighting Package""],""mechanical"":[""C03 50 State Emissions""],""technology"":[""Keyless Start""],""other"":[""Safety Package"",""Sport"",""Sport Seat Trim""]}",8,"Hollywood AutoMax Finance Everyone with No Credit Check!<br><br>Conveniently located in Hollywood, FL, we proudly serve customers across Miami, Fort Lauderdale, and all of South Florida.<br>Everyone is approved No credit check required<br>In-house financing options designed for all credit backgrounds<br>Fast, friendly service with zero pressure<br>Top dollar paid when you trade in or sell your car often more than national estimates!<br><br><br><br><br>Exclusive Benefits When You Finance With Us:<br>Up to 4 Years of Labor Warranty Enjoy extended coverage with peace of mind<br>Free Basic Maintenance No-cost oil changes and more in our on-site service center<br>Drive Today, No Credit Needed Simple and fast approval process<br><br><br><br><br><br><br>Whether you're upgrading your current vehicle or buying your first, Hollywood AutoMax is here to help you every step of the way.<br>Call now at   or visit www.flautomax.com to schedule your test drive today.<br>Hollywood AutoMax Making Car Buying Easy, Affordable, and Hassle-Free.<br><br>Looking for guaranteed approval? AutoMax offers Buy Here Pay Here financing with no credit check and down payments starting at $1,000 for Florida residents. Visit our Google Business page to see reviews, directions, and today s specials before this vehicle is gone.<br><br>Looking for guaranteed approval? AutoMax offers Buy Here Pay Here financing with no credit check and down payments starting at $1,000 for Florida residents. Visit our Google Business page to see reviews, directions, and today s specials before this vehicle is gone.","[PREMIUM]",5,,,,,"[PREMIUM]"
"777338927","2026-05-25 21:00:18.566","2026-05-25 21:00:18.566","777338927","[PREMIUM]","48876846",2019,"FORD","Ford","F150PICKUP","F150","XL","TRUCKS","Used","Used 2019 Ford F150 XL w/ Trailer Tow Package",162796,"[PREMIUM]",,"Great","[PREMIUM]",11041,12941,"White","WHITE","Black","BLACK","8CLDR","8-Cylinder","2 wheel drive - rear","AUT","10-Speed Automatic","Automatic","F","Flexible Fuel","Gas",19,25,5,false,45,false,false,true,false,false,false,false,"STANDARD",,"[PREMIUM]","[PREMIUM]","[PREMIUM]",,"[PREMIUM]",,,441872,4.4,314,0,"[""NO_SALVAGE_TITLE"",""ACCIDENTS_REPORTED"",""NO_ONE_OWNER""]","{""exterior"":[""Heated mirrors""],""interior"":[""Air conditioning"",""Steering wheel controls""],""safety"":[""Anti-lock brakes"",""Blind spot monitor"",""Brake assist"",""Child seat anchors"",""Lane departure warning""],""mechanical"":[""Power steering""],""technology"":[""Backup camera"",""Bluetooth hands-free"",""CD player"",""Cruise control"",""Keyless entry"",""Keyless start"",""Satellite radio"",""Touchscreen"",""USB input""],""other"":[""Android Auto"",""Apple CarPlay"",""Premium audio"",""Tire pressure system""]}",22,"This 2019 Ford F150 Super cab is located in Tennessee - Madisonville and comes with a Clean Title. This vehicle is already competitively priced compared to similar listings on Autotrader. However, the price shown here is a Buy It Now option, which allows you to secure the vehicle immediately without waiting for the auction. If you are open to participating in the auction, you may have the opportunity to purchase this vehicle for less through bidding. NO DEALER LICENSE REQUIRED! Our inventory comes directly from auto auctions, giving you access to pricing that is a lot lower than traditional dealership listings. All purchases are completed through our website, where you can view full details, current bids, and auction activity. Register for free at https://www.salvagereseller.com to explore your options and potentially secure a better price.","[PREMIUM]",5,,,,,"[PREMIUM]"
"779895554","2026-05-25 20:59:58.388","2026-05-25 20:59:58.388","779895554","[PREMIUM]","50606786",2019,"JEEP","Jeep","JEEPGRAND","Grand Cherokee","Limited","SUV","Used","Used 2019 Jeep Grand Cherokee Limited",139957,"[PREMIUM]",,"Great","[PREMIUM]",10510,12560,"Burgundy","BURGUNDY","Black","BLACK","6CLDR","6-Cylinder","4 wheel drive","AUT","8-Speed Automatic","Automatic","G","Gasoline","Gas",18,25,3.6,true,17,false,false,true,false,false,false,false,"STANDARD",,"[PREMIUM]","[PREMIUM]","[PREMIUM]",,"[PREMIUM]",,,439140,4.3,587,1,"[""NO_SALVAGE_TITLE"",""ACCIDENTS_REPORTED"",""ONE_OWNER""]","{""exterior"":[""Heated mirrors""],""interior"":[""Air conditioning"",""Steering wheel controls""],""safety"":[""Anti-lock brakes"",""Blind spot monitor"",""Brake assist"",""Child seat anchors"",""Lane departure warning""],""mechanical"":[""Power steering""],""technology"":[""Backup camera"",""Bluetooth hands-free"",""CD player"",""Cruise control"",""Keyless entry"",""Keyless start"",""Satellite radio"",""Touchscreen"",""USB input""],""other"":[""Android Auto"",""Apple CarPlay"",""Premium audio"",""Tire pressure system""]}",22,"This 2019 Jeep Grand Cherokee Limited is located in Utah - Magna and comes with a Clean Title. This vehicle is already competitively priced compared to similar listings on Autotrader. However, the price shown here is a Buy It Now option, which allows you to secure the vehicle immediately without waiting for the auction. If you are open to participating in the auction, you may have the opportunity to purchase this vehicle for less through bidding. NO DEALER LICENSE REQUIRED! Our inventory comes directly from auto auctions, giving you access to pricing that is a lot lower than traditional dealership listings. All purchases are completed through our website, where you can view full details, current bids, and auction activity. Register for free at https://www.salvagereseller.com to explore your options and potentially secure a better price.","[PREMIUM]",5,,,,,"[PREMIUM]"
"779101089","2026-05-25 20:59:28.136","2026-05-25 20:59:28.136","779101089","[PREMIUM]","51806126",2019,"RAM","RAM","RM1500","1500","Classic SLT","TRUCKS","Used","Used 2019 RAM 1500 Classic SLT",287944,"[PREMIUM]",,"Great","[PREMIUM]",3379,5879,"Silver","SILVER","Black","BLACK","8CLDR","8-Cylinder","2 wheel drive - rear","AUT","8-Speed Automatic","Automatic","G","Gasoline","Gas",,,5.7,false,25,false,false,true,false,false,false,false,"STANDARD",,"[PREMIUM]","[PREMIUM]","[PREMIUM]",,"[PREMIUM]",,,439625,4.6,532,0,"[""NO_SALVAGE_TITLE"",""ACCIDENTS_REPORTED"",""ONE_OWNER""]","{""exterior"":[""Heated mirrors""],""interior"":[""Air conditioning"",""Steering wheel controls""],""safety"":[""Anti-lock brakes"",""Blind spot monitor"",""Brake assist"",""Child seat anchors"",""Lane departure warning""],""mechanical"":[""Power steering""],""technology"":[""Backup camera"",""Bluetooth hands-free"",""CD player"",""Cruise control"",""Keyless entry"",""Keyless start"",""Satellite radio"",""Touchscreen"",""USB input""],""other"":[""Android Auto"",""Apple CarPlay"",""Premium audio"",""Tire pressure system""]}",22,"This 2019 Dodge Ram 1500 Classic slt is located in Florida - Riverview and comes with a Clean Title. This vehicle is already competitively priced compared to similar listings on Autotrader. However, the price shown here is a Buy It Now option, which allows you to secure the vehicle immediately without waiting for the auction. If you are open to participating in the auction, you may have the opportunity to purchase this vehicle for less through bidding. NO DEALER LICENSE REQUIRED! Our inventory comes directly from auto auctions, giving you access to pricing that is a lot lower than traditional dealership listings. All purchases are completed through our website, where you can view full details, current bids, and auction activity. Register for free at https://www.salvagereseller.com to explore your options and potentially secure a better price.","[PREMIUM]",5,,,,,"[PREMIUM]"
"778244355","2026-05-25 20:59:28.130","2026-05-25 20:59:28.130","778244355","[PREMIUM]","49713376",2019,"JEEP","Jeep","JEEPGRAND","Grand Cherokee","Laredo","SUV","Used","Used 2019 Jeep Grand Cherokee Laredo",172095,"[PREMIUM]",,"Great","[PREMIUM]",8270,10120,"White","WHITE","Black","BLACK","6CLDR","6-Cylinder","4 wheel drive","AUT","8-Speed Automatic","Automatic","G","Gasoline","Gas",18,25,3.6,false,34,false,false,true,false,false,false,false,"STANDARD",,"[PREMIUM]","[PREMIUM]","[PREMIUM]",,"[PREMIUM]",,,439121,4.3,587,1,"[""NO_SALVAGE_TITLE"",""ACCIDENTS_REPORTED"",""NO_ONE_OWNER""]","{""exterior"":[""Heated mirrors""],""interior"":[""Air conditioning"",""Steering wheel controls""],""safety"":[""Anti-lock brakes"",""Blind spot monitor"",""Brake assist"",""Child seat anchors"",""Lane departure warning""],""mechanical"":[""Power steering""],""technology"":[""Backup camera"",""Bluetooth hands-free"",""CD player"",""Cruise control"",""Keyless entry"",""Keyless start"",""Satellite radio"",""Touchscreen"",""USB input""],""other"":[""Android Auto"",""Apple CarPlay"",""Premium audio"",""Tire pressure system""]}",22,"This 2019 Jeep Grand Cherokee Laredo is located in Maryland - Baltimore and comes with a Clean Title. This vehicle is already competitively priced compared to similar listings on Autotrader. However, the price shown here is a Buy It Now option, which allows you to secure the vehicle immediately without waiting for the auction. If you are open to participating in the auction, you may have the opportunity to purchase this vehicle for less through bidding. NO DEALER LICENSE REQUIRED! Our inventory comes directly from auto auctions, giving you access to pricing that is a lot lower than traditional dealership listings. All purchases are completed through our website, where you can view full details, current bids, and auction activity. Register for free at https://www.salvagereseller.com to explore your options and potentially secure a better price.","[PREMIUM]",5,,,,,"[PREMIUM]"
"779442406","2026-05-25 20:59:28.130","2026-05-25 20:59:28.130","779442406","[PREMIUM]","53659656",2019,"RAM","RAM","RMPROMAST","ProMaster","2500","VANS","Used","Used 2019 RAM ProMaster 2500",234193,"[PREMIUM]",,"Great","[PREMIUM]",8420,10370,"White","WHITE","Black","BLACK","6CLDR","6-Cylinder","2 wheel drive - front","AUT","6-Speed Automatic","Automatic","G","Gasoline","Gas",,,3.6,false,21,false,false,true,false,false,false,false,"STANDARD",,"[PREMIUM]","[PREMIUM]","[PREMIUM]",,"[PREMIUM]",,,443298,3,30,1,"[""NO_SALVAGE_TITLE"",""NO_ACCIDENTS_REPORTED"",""ONE_OWNER""]","{""exterior"":[""Heated mirrors""],""interior"":[""Air conditioning"",""Steering wheel controls""],""safety"":[""Anti-lock brakes"",""Blind spot monitor"",""Brake assist"",""Child seat anchors"",""Lane departure warning""],""mechanical"":[""Power steering""],""technology"":[""Backup camera"",""Bluetooth hands-free"",""CD player"",""Cruise control"",""Keyless entry"",""Keyless start"",""Satellite radio"",""Touchscreen"",""USB input""],""other"":[""Android Auto"",""Apple CarPlay"",""Premium audio"",""Tire pressure system""]}",22,"This 2019 Dodge Ram Promaster 2 High is located in Florida - Riverview and comes with a Clean Title. This vehicle is already competitively priced compared to similar listings on Autotrader. However, the price shown here is a Buy It Now option, which allows you to secure the vehicle immediately without waiting for the auction. If you are open to participating in the auction, you may have the opportunity to purchase this vehicle for less through bidding. NO DEALER LICENSE REQUIRED! Our inventory comes directly from auto auctions, giving you access to pricing that is a lot lower than traditional dealership listings. All purchases are completed through our website, where you can view full details, current bids, and auction activity. Register for free at https://www.salvagereseller.com to explore your options and potentially secure a better price.","[PREMIUM]",5,,,,,"[PREMIUM]"
"779214506","2026-05-25 20:59:28.128","2026-05-25 20:59:28.128","779214506","[PREMIUM]","42056016",2019,"MIT","Mitsubishi","OUTLANDSPT","Outlander Sport","FWD","SUV","Used","Used 2019 Mitsubishi Outlander Sport FWD",220333,"[PREMIUM]",,"Great","[PREMIUM]",5037,6187,"Red","RED","Black","BLACK","4CLDR","4-Cylinder","2 wheel drive - front",,,,"G","Gasoline","Gas",,,2,false,23,false,false,true,false,false,false,false,"STANDARD",,"[PREMIUM]","[PREMIUM]","[PREMIUM]",,"[PREMIUM]",,,438467,3.9,156,0,"[""NO_SALVAGE_TITLE"",""ACCIDENTS_REPORTED"",""ONE_OWNER""]","{""exterior"":[""Heated mirrors""],""interior"":[""Air conditioning"",""Steering wheel controls""],""safety"":[""Anti-lock brakes"",""Blind spot monitor"",""Brake assist"",""Child seat anchors"",""Lane departure warning""],""mechanical"":[""Power steering""],""technology"":[""Backup camera"",""Bluetooth hands-free"",""CD player"",""Cruise control"",""Keyless entry"",""Keyless start"",""Satellite radio"",""Touchscreen"",""USB input""],""other"":[""Android Auto"",""Apple CarPlay"",""Premium audio"",""Tire pressure system""]}",22,"This 2019 Mitsubishi Outlander Sport es is located in South Carolina - Gaston and comes with a Clean Title. This vehicle is already competitively priced compared to similar listings on Autotrader. However, the price shown here is a Buy It Now option, which allows you to secure the vehicle immediately without waiting for the auction. If you are open to participating in the auction, you may have the opportunity to purchase this vehicle for less through bidding. NO DEALER LICENSE REQUIRED! Our inventory comes directly from auto auctions, giving you access to pricing that is a lot lower than traditional dealership listings. All purchases are completed through our website, where you can view full details, current bids, and auction activity. Register for free at https://www.salvagereseller.com to explore your options and potentially secure a better price.","[PREMIUM]",5,,,,,"[PREMIUM]"
"778876752","2026-05-25 20:59:28.124","2026-05-25 20:59:28.124","778876752","[PREMIUM]","48349956",2019,"GMC","GMC","GMCSAV2500","Savana 2500",,"VANS","Used","Used 2019 GMC Savana 2500 w/ Driver Convenience Package",168849,"[PREMIUM]",,"Great","[PREMIUM]",9260,10910,"White","WHITE","Black","BLACK","8CLDR","8-Cylinder","2 wheel drive - rear","AUT","6-Speed Automatic","Automatic","F","Flexible Fuel","Gas",,,6,false,27,false,false,true,false,false,false,false,"STANDARD",,"[PREMIUM]","[PREMIUM]","[PREMIUM]",,"[PREMIUM]",,,447543,4.3,57,0,"[""NO_SALVAGE_TITLE"",""ACCIDENTS_REPORTED"",""NO_ONE_OWNER""]","{""exterior"":[""Heated mirrors""],""interior"":[""Air conditioning"",""Steering wheel controls""],""safety"":[""Anti-lock brakes"",""Blind spot monitor"",""Brake assist"",""Child seat anchors"",""Lane departure warning""],""mechanical"":[""Power steering""],""technology"":[""Backup camera"",""Bluetooth hands-free"",""CD player"",""Cruise control"",""Keyless entry"",""Keyless start"",""Satellite radio"",""Touchscreen"",""USB input""],""other"":[""Android Auto"",""Apple CarPlay"",""Premium audio"",""Tire pressure system""]}",22,"This 2019 GMC Savana G2 is located in Maryland - Baltimore and comes with a Clean Title. This vehicle is already competitively priced compared to similar listings on Autotrader. However, the price shown here is a Buy It Now option, which allows you to secure the vehicle immediately without waiting for the auction. If you are open to participating in the auction, you may have the opportunity to purchase this vehicle for less through bidding. NO DEALER LICENSE REQUIRED! Our inventory comes directly from auto auctions, giving you access to pricing that is a lot lower than traditional dealership listings. All purchases are completed through our website, where you can view full details, current bids, and auction activity. Register for free at https://www.salvagereseller.com to explore your options and potentially secure a better price.","[PREMIUM]",5,,,,,"[PREMIUM]"
"779559009","2026-05-25 20:59:17.888","2026-05-25 20:59:17.888","779559009","[PREMIUM]","52267006",2019,"JEEP","Jeep","CHER","Cherokee","Limited","SUV","Used","Used 2019 Jeep Cherokee Limited w/ Luxury Group",144486,"[PREMIUM]",,"Great","[PREMIUM]",8420,10170,"Green","GREEN","Black","BLACK","4CLDR","4-Cylinder Turbo","4 wheel drive","AUT","9-Speed Automatic","Automatic","G","Gasoline","Gas",19,27,2,true,20,false,false,true,false,false,false,false,"STANDARD",,"[PREMIUM]","[PREMIUM]","[PREMIUM]",,"[PREMIUM]",,,434320,3.8,413,0,"[""NO_SALVAGE_TITLE"",""NO_ACCIDENTS_REPORTED"",""NO_ONE_OWNER""]","{""exterior"":[""Heated mirrors""],""interior"":[""Air conditioning"",""Steering wheel controls""],""safety"":[""Anti-lock brakes"",""Blind spot monitor"",""Brake assist"",""Child seat anchors"",""Lane departure warning""],""mechanical"":[""Power steering""],""technology"":[""Backup camera"",""Bluetooth hands-free"",""CD player"",""Cruise control"",""Keyless entry"",""Keyless start"",""Satellite radio"",""Touchscreen"",""USB input""],""other"":[""Android Auto"",""Apple CarPlay"",""Premium audio"",""Tire pressure system""]}",22,"This 2019 Jeep Cherokee Limited is located in Wisconsin - Appleton and comes with a Clean Title. This vehicle is already competitively priced compared to similar listings on Autotrader. However, the price shown here is a Buy It Now option, which allows you to secure the vehicle immediately without waiting for the auction. If you are open to participating in the auction, you may have the opportunity to purchase this vehicle for less through bidding. NO DEALER LICENSE REQUIRED! Our inventory comes directly from auto auctions, giving you access to pricing that is a lot lower than traditional dealership listings. All purchases are completed through our website, where you can view full details, current bids, and auction activity. Register for free at https://www.salvagereseller.com to explore your options and potentially secure a better price.","[PREMIUM]",5,,,,,"[PREMIUM]"
"779214699","2026-05-25 20:59:17.884","2026-05-25 20:59:17.884","779214699","[PREMIUM]","74804635",2019,"CHEV","Chevrolet","SPARK","Spark","LS","HATCH","Used","Used 2019 Chevrolet Spark LS",180425,"[PREMIUM]",,"Great","[PREMIUM]",3010,4160,"Silver","SILVER","Black","BLACK","4CLDR","4-Cylinder","2 wheel drive - front","AUT","Continuously Variable Automatic","Automatic","G","Gasoline","Gas",30,38,1.4,false,23,false,false,true,false,false,false,false,"STANDARD",,"[PREMIUM]","[PREMIUM]","[PREMIUM]",,"[PREMIUM]",,,439545,4.2,64,0,"[""NO_SALVAGE_TITLE"",""NO_ACCIDENTS_REPORTED"",""ONE_OWNER""]","{""exterior"":[""Heated mirrors""],""interior"":[""Air conditioning"",""Steering wheel controls""],""safety"":[""Anti-lock brakes"",""Blind spot monitor"",""Brake assist"",""Child seat anchors"",""Lane departure warning""],""mechanical"":[""Power steering""],""technology"":[""Backup camera"",""Bluetooth hands-free"",""CD player"",""Cruise control"",""Keyless entry"",""Keyless start"",""Satellite radio"",""Touchscreen"",""USB input""],""other"":[""Android Auto"",""Apple CarPlay"",""Premium audio"",""Tire pressure system""]}",22,"This 2019 Chevrolet Spark ls is located in Texas - Houston and comes with a Clean Title. This vehicle is already competitively priced compared to similar listings on Autotrader. However, the price shown here is a Buy It Now option, which allows you to secure the vehicle immediately without waiting for the auction. If you are open to participating in the auction, you may have the opportunity to purchase this vehicle for less through bidding. NO DEALER LICENSE REQUIRED! Our inventory comes directly from auto auctions, giving you access to pricing that is a lot lower than traditional dealership listings. All purchases are completed through our website, where you can view full details, current bids, and auction activity. Register for free at https://www.salvagereseller.com to explore your options and potentially secure a better price.","[PREMIUM]",5,,,,,"[PREMIUM]"
"779868321","2026-05-25 20:59:07.671","2026-05-25 20:59:07.671","779868321","[PREMIUM]","51169066",2019,"KIA","Kia","SORENTO","Sorento","L","SUV","Used","Used 2019 Kia Sorento L",153521,"[PREMIUM]",,"Great","[PREMIUM]",6960,8360,"Black","BLACK","Black","BLACK","4CLDR","4-Cylinder","2 wheel drive - front","AUT","6-Speed Automatic","Automatic","G","Gasoline","Gas",22,29,2.4,false,17,false,false,true,false,false,false,false,"STANDARD",,"[PREMIUM]","[PREMIUM]","[PREMIUM]",,"[PREMIUM]",,,434885,4.2,146,1,"[""NO_SALVAGE_TITLE"",""NO_ACCIDENTS_REPORTED"",""NO_ONE_OWNER""]","{""exterior"":[""Heated mirrors""],""interior"":[""Air conditioning"",""Steering wheel controls""],""safety"":[""Anti-lock brakes"",""Blind spot monitor"",""Brake assist"",""Child seat anchors"",""Lane departure warning""],""mechanical"":[""Power steering""],""technology"":[""Backup camera"",""Bluetooth hands-free"",""CD player"",""Cruise control"",""Keyless entry"",""Keyless start"",""Satellite radio"",""Touchscreen"",""USB input""],""other"":[""Android Auto"",""Apple CarPlay"",""Premium audio"",""Tire pressure system""]}",22,"This 2019 KIA Sorento l is located in Tennessee - Madisonville and comes with a Clean Title. This vehicle is already competitively priced compared to similar listings on Autotrader. However, the price shown here is a Buy It Now option, which allows you to secure the vehicle immediately without waiting for the auction. If you are open to participating in the auction, you may have the opportunity to purchase this vehicle for less through bidding. NO DEALER LICENSE REQUIRED! Our inventory comes directly from auto auctions, giving you access to pricing that is a lot lower than traditional dealership listings. All purchases are completed through our website, where you can view full details, current bids, and auction activity. Register for free at https://www.salvagereseller.com to explore your options and potentially secure a better price.","[PREMIUM]",5,,,,,"[PREMIUM]"
"780055784","2026-05-25 20:59:07.649","2026-05-25 20:59:07.649","780055784","[PREMIUM]","98393265",2019,"HYUND","Hyundai","ELANTR","Elantra","SE","SEDAN","Used","Used 2019 Hyundai Elantra SE w/ Cargo Package",197841,"[PREMIUM]",,"Great","[PREMIUM]",5670,6920,"White","WHITE","Black","BLACK","4CLDR","4-Cylinder","2 wheel drive - front","AUT","6-Speed Automatic","Automatic","G","Gasoline","Gas",29,38,2,false,14,false,false,true,false,false,false,false,"STANDARD",,"[PREMIUM]","[PREMIUM]","[PREMIUM]",,"[PREMIUM]",,,438556,4,135,1,"[""NO_SALVAGE_TITLE"",""NO_ACCIDENTS_REPORTED"",""ONE_OWNER""]","{""exterior"":[""Heated mirrors""],""interior"":[""Air conditioning"",""Steering wheel controls""],""safety"":[""Anti-lock brakes"",""Blind spot monitor"",""Brake assist"",""Child seat anchors"",""Lane departure warning""],""mechanical"":[""Power steering""],""technology"":[""Backup camera"",""Bluetooth hands-free"",""CD player"",""Cruise control"",""Keyless entry"",""Keyless start"",""Satellite radio"",""Touchscreen"",""USB input""],""other"":[""Android Auto"",""Apple CarPlay"",""Premium audio"",""Tire pressure system""]}",22,"This 2019 Hyundai Elantra se is located in California - Rancho Cucamonga and comes with a Clean Title. This vehicle is already competitively priced compared to similar listings on Autotrader. However, the price shown here is a Buy It Now option, which allows you to secure the vehicle immediately without waiting for the auction. If you are open to participating in the auction, you may have the opportunity to purchase this vehicle for less through bidding. NO DEALER LICENSE REQUIRED! Our inventory comes directly from auto auctions, giving you access to pricing that is a lot lower than traditional dealership listings. All purchases are completed through our website, where you can view full details, current bids, and auction activity. Register for free at https://www.salvagereseller.com to explore your options and potentially secure a better price.","[PREMIUM]",5,,,,,"[PREMIUM]"
"780184398","2026-05-25 20:58:57.273","2026-05-25 20:58:57.273","780184398","[PREMIUM]","51552566",2019,"KIA","Kia","SORENTO","Sorento","FWD V6","SUV","Used","Used 2019 Kia Sorento FWD V6",164255,"[PREMIUM]",,"Great","[PREMIUM]",5010,7010,"Black","BLACK","Black","BLACK","6CLDR","6-Cylinder","2 wheel drive - front","AUT","8-Speed Automatic","Automatic","G","Gasoline","Gas",19,26,3.3,false,13,false,false,true,false,false,false,false,"STANDARD",,"[PREMIUM]","[PREMIUM]","[PREMIUM]",,"[PREMIUM]",,,434886,4.2,146,0,"[""NO_SALVAGE_TITLE"",""NO_ACCIDENTS_REPORTED"",""NO_ONE_OWNER""]","{""exterior"":[""Heated mirrors""],""interior"":[""Air conditioning"",""Steering wheel controls""],""safety"":[""Anti-lock brakes"",""Blind spot monitor"",""Brake assist"",""Child seat anchors"",""Lane departure warning""],""mechanical"":[""Power steering""],""technology"":[""Backup camera"",""Bluetooth hands-free"",""CD player"",""Cruise control"",""Keyless entry"",""Keyless start"",""Satellite radio"",""Touchscreen"",""USB input""],""other"":[""Android Auto"",""Apple CarPlay"",""Premium audio"",""Tire pressure system""]}",22,"This 2019 KIA Sorento lx V6 is located in California - Los Angeles and comes with a Clean Title. This vehicle is already competitively priced compared to similar listings on Autotrader. However, the price shown here is a Buy It Now option, which allows you to secure the vehicle immediately without waiting for the auction. If you are open to participating in the auction, you may have the opportunity to purchase this vehicle for less through bidding. NO DEALER LICENSE REQUIRED! Our inventory comes directly from auto auctions, giving you access to pricing that is a lot lower than traditional dealership listings. All purchases are completed through our website, where you can view full details, current bids, and auction activity. Register for free at https://www.salvagereseller.com to explore your options and potentially secure a better price.","[PREMIUM]",5,,,,,"[PREMIUM]"
"780302521","2026-05-25 20:58:57.266","2026-05-25 20:58:57.266","780302521","[PREMIUM]","53567976",2019,"NISSAN","Nissan","PATH","Pathfinder","S","SUV","Used","Used 2019 Nissan Pathfinder S",118107,"[PREMIUM]",,"Great","[PREMIUM]",8730,10830,"Blue","BLUE","Black","BLACK","6CLDR","6-Cylinder","4 wheel drive","AUT","Continuously Variable Automatic","Automatic","G","Gasoline","Gas",19,26,3.5,false,12,false,false,true,false,false,false,false,"STANDARD",,"[PREMIUM]","[PREMIUM]","[PREMIUM]",,"[PREMIUM]",,,439546,3.9,221,0,"[""NO_SALVAGE_TITLE"",""NO_ACCIDENTS_REPORTED"",""ONE_OWNER""]","{""exterior"":[""Heated mirrors""],""interior"":[""Air conditioning"",""Steering wheel controls""],""safety"":[""Anti-lock brakes"",""Blind spot monitor"",""Brake assist"",""Child seat anchors"",""Lane departure warning""],""mechanical"":[""Power steering""],""technology"":[""Backup camera"",""Bluetooth hands-free"",""CD player"",""Cruise control"",""Keyless entry"",""Keyless start"",""Satellite radio"",""Touchscreen"",""USB input""],""other"":[""Android Auto"",""Apple CarPlay"",""Premium audio"",""Tire pressure system""]}",22,"This 2019 Nissan Pathfinder s is located in Pennsylvania - West Mifflin and comes with a Clean Title. This vehicle is already competitively priced compared to similar listings on Autotrader. However, the price shown here is a Buy It Now option, which allows you to secure the vehicle immediately without waiting for the auction. If you are open to participating in the auction, you may have the opportunity to purchase this vehicle for less through bidding. NO DEALER LICENSE REQUIRED! Our inventory comes directly from auto auctions, giving you access to pricing that is a lot lower than traditional dealership listings. All purchases are completed through our website, where you can view full details, current bids, and auction activity. Register for free at https://www.salvagereseller.com to explore your options and potentially secure a better price.","[PREMIUM]",5,,,,,"[PREMIUM]"
"779424988","2026-05-25 20:58:57.256","2026-05-25 20:58:57.256","779424988","[PREMIUM]","52230996",2019,"CHEV","Chevrolet","EQUINOX","Equinox","LT","SUV","Used","Used 2019 Chevrolet Equinox LT",190784,"[PREMIUM]",,"Great","[PREMIUM]",4630,6730,"Gray","GRAY","Black","BLACK","4CLDR","4-Cylinder Turbo","All wheel drive","AUT","6-Speed Automatic","Automatic","G","Gasoline","Gas",25,30,1.5,false,21,false,false,true,false,false,false,false,"STANDARD",,"[PREMIUM]","[PREMIUM]","[PREMIUM]",,"[PREMIUM]",,,436730,3.9,152,0,"[""NO_SALVAGE_TITLE"",""NO_ACCIDENTS_REPORTED"",""NO_ONE_OWNER""]","{""exterior"":[""Heated mirrors""],""interior"":[""Air conditioning"",""Steering wheel controls""],""safety"":[""Anti-lock brakes"",""Blind spot monitor"",""Brake assist"",""Child seat anchors"",""Lane departure warning""],""mechanical"":[""Power steering""],""technology"":[""Backup camera"",""Bluetooth hands-free"",""CD player"",""Cruise control"",""Keyless entry"",""Keyless start"",""Satellite radio"",""Touchscreen"",""USB input""],""other"":[""Android Auto"",""Apple CarPlay"",""Premium audio"",""Tire pressure system""]}",22,"This 2019 Chevrolet Equinox lt is located in Texas - Grand Prairie and comes with a Clean Title. This vehicle is already competitively priced compared to similar listings on Autotrader. However, the price shown here is a Buy It Now option, which allows you to secure the vehicle immediately without waiting for the auction. If you are open to participating in the auction, you may have the opportunity to purchase this vehicle for less through bidding. NO DEALER LICENSE REQUIRED! Our inventory comes directly from auto auctions, giving you access to pricing that is a lot lower than traditional dealership listings. All purchases are completed through our website, where you can view full details, current bids, and auction activity. Register for free at https://www.salvagereseller.com to explore your options and potentially secure a better price.","[PREMIUM]",5,,,,,"[PREMIUM]"
